,Year,Brand,Model,Fuel Type,Transmission,Engine Capacity,Kms Driven,No. of Owners,Location,Price
0,2016,Maruti,Maruti Alto K10 VXI,Petrol,MANUAL,,"8,628",1st,Ahmedabad,"3,37,599"
1,2020,Maruti,Maruti New  Wagon-R VXI 1.0,Petrol,MANUAL,,"3,606",1st,Ahmedabad,"5,52,044"
2,2018,Maruti,Maruti Swift VXI AMT,Petrol,AUTOMATIC,,"60,151",1st,Ahmedabad,"5,86,099"
3,2019,Maruti,Maruti Swift VXI,Petrol,MANUAL,,"46,468",2nd,Ahmedabad,"5,69,599"
4,2019,Mahindra,Mahindra XUV500 W7 FWD,Diesel,MANUAL,,"57,949",1st,Ahmedabad,"10,52,349"
5,2017,Toyota,Toyota Etios Liva GD,Diesel,MANUAL,,"58,318",1st,Ahmedabad,"4,52,299"
6,2016,Volvo,Volvo V40 Cross Country T4,Petrol,MOMENTUM,,"21,635",1st,Ahmedabad,"14,16,499"
7,2019,Maruti,Maruti Swift VXI,Petrol,MANUAL,,"37,731",2nd,Ahmedabad,"5,77,699"
8,2015,Hyundai,Hyundai i10 SPORTZ 1.1 IRDE2,Petrol,MANUAL,,"17,028",2nd,Ahmedabad,"3,94,999"
9,2021,Mahindra,Mahindra XUV 3OO 1.2 W6,Petrol,MT,,"9,747",1st,Ahmedabad,"10,28,399"
10,2019,Mahindra,Mahindra XUV500 W11 AT,Diesel,AUTOMATIC,,"21,093",1st,Ahmedabad,"16,37,999"
11,2021,Tata,Tata Safari XT 2.0 KRYOTEC,Diesel,MANUAL,,"11,570",1st,Ahmedabad,"18,57,199"
12,2022,Tata,Tata NEXON XZ+ (HS) 1.5,Diesel,RTQ,,829,1st,Ahmedabad,"12,26,299"
13,2018,Mahindra,Mahindra XUV500 W9,Diesel,MANUAL,,"47,681",2nd,Ahmedabad,"11,22,899"
14,2021,Maruti,Maruti Vitara Brezza VXI,Petrol,MANUAL,,"6,871",1st,Ahmedabad,"9,02,399"
15,2020,Volkswagen,Volkswagen Polo GT TSI AT 1.0,Petrol,AUTOMATIC,,"8,615",2nd,Ahmedabad,"9,25,099"
16,2021,Mahindra,Mahindra Thar LX PETROL AT 4WD,Petrol,AUTOMATIC,,"1,254",1st,Ahmedabad,"15,99,999"
17,2020,Mahindra,Mahindra XUV500 W7 FWD,Diesel,MANUAL,,"18,613",1st,Ahmedabad,"13,09,699"
18,2021,Maruti,Maruti Baleno ZETA 1.2 K12 CVT,Petrol,AUTOMATIC,,"3,476",1st,Ahmedabad,"9,44,899"
19,2020,Maruti,Maruti Swift VXI,Petrol,MANUAL,,"17,457",1st,Ahmedabad,"6,94,399"
20,2021,Renault,Renault Kwid 1.0 RXT Opt,Petrol,MANUAL,,"13,485",1st,Ahmedabad,"4,84,699"
21,2021,Renault,Renault Kiger RXZ AMT 1.0 DUAL,Petrol,TONE,,"4,310",1st,Ahmedabad,"7,93,699"
22,2019,Renault,Renault Kwid RXL,Petrol,MANUAL,,"34,565",1st,Ahmedabad,"4,17,899"
23,2020,KIA,KIA SELTOS HTK PLUS 1.5 DIESEL,Diesel,MANUAL,,"53,297",1st,Ahmedabad,"12,72,699"
24,2017,Maruti,Maruti Baleno DELTA 1.2 K12,Petrol,MANUAL,,"62,052",2nd,Ahmedabad,"4,95,199"
25,2020,Maruti,Maruti Alto LXI,Petrol,MANUAL,,"11,641",1st,Ahmedabad,"3,40,999"
26,2020,Hyundai,Hyundai AURA SX+ AT 1.2CRDI,Diesel,AUTOMATIC,,"32,917",1st,Ahmedabad,"9,93,199"
27,2014,Ford,Ford Ecosport 1.5AMBIENTE TI VCT,Petrol,MANUAL,,"57,259",2nd,Ahmedabad,"4,40,599"
28,2019,Maruti,Maruti Alto 800 LXI,Petrol,MANUAL,,"59,415",1st,Ahmedabad,"2,92,599"
29,2020,KIA,KIA SELTOS HTK PLUS 1.5 PETROL,Petrol,MANUAL,,"20,268",1st,Ahmedabad,"11,52,999"
30,2017,Maruti,Maruti Baleno DELTA DDIS 190,Diesel,MANUAL,,"1,15,329",1st,Ahmedabad,"5,06,699"
31,2017,Skoda,Skoda Octavia 1.8 TSI STYLE PLUS AT,Petrol,AUTOMATIC,,"64,348",2nd,Ahmedabad,"12,33,199"
32,2015,Maruti,Maruti Alto K10 VXI,Petrol,MANUAL,,"20,331",1st,Ahmedabad,"3,07,399"
33,2014,Maruti,Maruti Swift VXI,Petrol,MANUAL,,"80,474",1st,Ahmedabad,"4,29,499"
34,2019,Renault,Renault Kwid RXL,Petrol,MANUAL,,"21,520",1st,Ahmedabad,"3,78,899"
35,2021,Maruti,Maruti Celerio ZXI,Petrol,MANUAL,,"21,607",2nd,Ahmedabad,"5,10,299"
36,2017,Hyundai,Hyundai Elite i20 Magna Executive 1.2,Petrol,MANUAL,,"43,773",2nd,Ahmedabad,"5,37,999"
37,2020,MG,MG HECTOR SHARP DCT PETROL,Petrol,AUTOMATIC,,"8,775",1st,Ahmedabad,"15,87,399"
38,2021,Maruti,Maruti New  Wagon-R LXI CNG 1.0 L,Petrol,MANUAL,,"22,123",1st,Ahmedabad,"5,79,199"
39,2017,Hyundai,Hyundai Grand i10 SPORTZ 1.2 KAPPA VTVT,Petrol,MANUAL,,"64,076",1st,Ahmedabad,"4,62,899"
40,2020,MG,MG HECTOR SHARP DCT PETROL,Petrol,AUTOMATIC,,"10,658",1st,Ahmedabad,"16,69,999"
41,2018,Maruti,Maruti Celerio X Zxi,Petrol,MANUAL,,"19,022",1st,Ahmedabad,"4,91,699"
42,2020,Maruti,Maruti Swift ZXI+,Petrol,MANUAL,,"33,302",2nd,Ahmedabad,"6,89,199"
43,2018,Jeep,Jeep Compass 2.0 LONGITUDE (O),Diesel,MANUAL,,"62,264",2nd,Ahmedabad,"12,50,799"
44,2017,Maruti,Maruti Alto 800 VXI,Petrol,MANUAL,,"15,751",2nd,Ahmedabad,"3,03,399"
45,2020,Maruti,Maruti New  Wagon-R LXI 1.0 L,Petrol,MANUAL,,"47,101",1st,Ahmedabad,"4,92,399"
46,2020,Ford,Ford Ecosport 1.5TITANIUM TDCI,Diesel,MANUAL,,"19,654",2nd,Ahmedabad,"9,97,399"
47,2016,Maruti,Maruti Baleno DELTA 1.2 K12,Petrol,MANUAL,,"90,873",1st,Ahmedabad,"5,00,999"
48,2019,Jeep,Jeep Compass SPORT PLUS PETROL,Petrol,MANUAL,,"10,631",1st,Ahmedabad,"13,94,599"
49,2020,Maruti,Maruti New  Wagon-R VXI 1.0,Petrol,MANUAL,,"6,648",2nd,Ahmedabad,"5,51,499"
50,2021,Datsun,Datsun Redi Go T (O),Petrol,MANUAL,,"2,631",1st,Ahmedabad,"4,71,999"
51,2019,Hyundai,Hyundai NEW SANTRO 1.1 SPORTS AMT,Petrol,AUTOMATIC,,"3,412",1st,Ahmedabad,"5,91,499"
52,2018,Hyundai,Hyundai Grand i10 MAGNA 1.2 VTVT,Petrol,MANUAL,,"41,807",1st,Ahmedabad,"4,90,699"
53,2021,Hyundai,Hyundai AURA SX+ AT 1.2CRDI,Diesel,AUTOMATIC,,"30,412",1st,Ahmedabad,"9,33,599"
54,2016,Maruti,Maruti Vitara Brezza ZDI PLUS DUAL TONE,Diesel,MANUAL,,"1,50,367",1st,Ahmedabad,"6,61,799"
55,2021,Hyundai,Hyundai GRAND I10 NIOS SPORTZ PETROL,Petrol,MANUAL,,"35,494",1st,Ahmedabad,"6,86,299"
56,2017,Maruti,Maruti Dzire VXI,Petrol,MANUAL,,"8,386",2nd,Ahmedabad,"6,46,099"
57,2021,Maruti,Maruti Alto LXI,Petrol,MANUAL,,"2,468",1st,Ahmedabad,"4,08,099"
58,2019,Maruti,Maruti New  Wagon-R ZXI 1.2,Petrol,MANUAL,,"20,659",1st,Ahmedabad,"5,37,699"
59,2021,Mahindra,Mahindra Thar LX PETROL AT 4WD,Petrol,AUTOMATIC,,"3,919",1st,Ahmedabad,"15,99,999"
60,2020,Tata,Tata ALTROZ XT,Petrol,1.2,,"19,660",1st,Ahmedabad,"7,40,999"
61,2018,Maruti,Maruti Dzire VXI,Petrol,MANUAL,,"16,250",1st,Ahmedabad,"6,76,699"
62,2021,Renault,Renault Kiger RXZ 1.0 TURBO,Petrol,MT,,"40,364",1st,Ahmedabad,"8,42,199"
63,2020,Volkswagen,Volkswagen T-ROC PETROL,Petrol,AUTOMATIC,,"33,632",1st,Ahmedabad,"20,17,299"
64,2020,Hyundai,Hyundai GRAND I10 NIOS SPORTZ PETROL,Petrol,MANUAL,,"30,484",1st,Ahmedabad,"6,80,799"
65,2021,Maruti,Maruti Eeco 5 STR WITH AC PLUSHTR,Petrol,MANUAL,,"11,549",1st,Ahmedabad,"5,31,399"
66,2019,Ford,Ford Ecosport 1.5TITANIUM TDCI,Diesel,MANUAL,,"24,194",1st,Ahmedabad,"8,53,899"
67,2016,Honda,Honda Amaze 1.2 SMT I VTEC,Petrol,MANUAL,,"47,577",1st,Ahmedabad,"5,46,099"
68,2021,Maruti,Maruti Eeco 5 STR WITH AC PLUSHTR,Petrol,MANUAL,,"7,616",1st,Ahmedabad,"5,31,399"
69,2020,Hyundai,Hyundai Creta 1.5 SX (O),Diesel,MANUAL,,"20,912",1st,Ahmedabad,"17,17,949"
70,2017,Maruti,Maruti Vitara Brezza VDI,Diesel,MANUAL,,"47,828",1st,Ahmedabad,"6,63,199"
71,2015,Hyundai,Hyundai Elite i20 SPORTZ 1.2,Petrol,MANUAL,,"32,880",1st,Ahmedabad,"5,23,599"
72,2020,MG,MG HECTOR SHARP DCT PETROL,Petrol,AUTOMATIC,,"38,544",1st,Ahmedabad,"15,39,499"
73,2018,Hyundai,Hyundai Grand i10 SPORTZ 1.2 KAPPA VTVT,Petrol,MANUAL,,"15,059",1st,Ahmedabad,"5,84,099"
74,2018,Hyundai,Hyundai Creta 1.6 SX (O) CRDI,Diesel,MANUAL,,"72,292",1st,Ahmedabad,"11,21,999"
75,2017,Hyundai,Hyundai Grand i10 MAGNA 1.2 VTVT,Petrol,MANUAL,,"16,222",2nd,Ahmedabad,"5,20,199"
76,2020,Maruti,Maruti Baleno ZETA 1.2 K12,Petrol,MANUAL,,"9,215",1st,Ahmedabad,"7,05,399"
77,2021,Maruti,Maruti Baleno DELTA 1.2 K12,Petrol,MANUAL,,"2,576",1st,Ahmedabad,"7,33,099"
78,2021,Maruti,Maruti Eeco 5 STR WITH AC PLUSHTR,Petrol,MANUAL,,"25,884",1st,Ahmedabad,"5,28,399"
79,2019,Tata,Tata Harrier XM 2.0L Kryotec,Diesel,MANUAL,,"56,911",1st,Ahmedabad,"13,99,199"
80,2019,Maruti,Maruti New  Wagon-R VXI 1.2L,Petrol,MANUAL,,"36,082",1st,Ahmedabad,"5,37,499"
81,2020,Maruti,Maruti Celerio ZXI AMT,Petrol,AUTOMATIC,,"30,044",1st,Ahmedabad,"5,74,499"
82,2016,Hyundai,Hyundai Grand i10 MAGNA 1.2 KAPPA VTVT,Petrol,MANUAL,,"73,248",1st,Ahmedabad,"4,29,299"
83,2019,Maruti,Maruti New  Wagon-R VXI 1.2L,Petrol,MANUAL,,"41,424",1st,Ahmedabad,"5,39,299"
84,2015,Honda,Honda City VX CVT PETROL,Petrol,AUTOMATIC,,"60,401",2nd,Ahmedabad,"6,96,599"
85,2021,Mahindra,Mahindra Thar LX  4WD AT CONVERTIBLE,Petrol,AUTOMATIC,,"5,836",1st,Ahmedabad,"15,99,199"
86,2019,Hyundai,Hyundai Verna 1.6 SX VTVT,Petrol,MANUAL,,"6,032",2nd,Ahmedabad,"9,67,699"
87,2020,Hyundai,Hyundai VENUE S MT 1.2 KAPPA,Petrol,MANUAL,,"45,678",1st,Ahmedabad,"8,73,999"
88,2016,Maruti,Maruti Vitara Brezza VDI OPT,Diesel,MANUAL,,"62,519",1st,Ahmedabad,"7,10,699"
89,2020,Maruti,Maruti New  Wagon-R VXI 1.2L,Petrol,MANUAL,,"29,817",1st,Ahmedabad,"5,65,499"
90,2018,Maruti,Maruti Swift ZXI+,Petrol,MANUAL,,"34,778",1st,Ahmedabad,"6,62,099"
91,2020,Maruti,Maruti Celerio ZXI,Petrol,MANUAL,,"58,542",1st,Ahmedabad,"4,83,899"
92,2018,Maruti,Maruti Celerio X Zxi,Petrol,MANUAL,,"79,119",1st,Ahmedabad,"4,33,699"
93,2018,Honda,Honda City ZX CVT,Petrol,AUTOMATIC,,"11,527",1st,Ahmedabad,"12,40,199"
94,2020,Honda,Honda Civic VX CVT i-VTEC,Petrol,AUTOMATIC,,"41,812",1st,Ahmedabad,"14,47,299"
95,2021,Tata,Tata PUNCH CREATIVE  iRA PACK,Petrol,AMT,,"30,867",1st,Ahmedabad,"7,92,499"
96,2017,Hyundai,Hyundai Elite i20 1.4 CRDI ASTA (O),Diesel,MANUAL,,"37,621",3rd,Ahmedabad,"6,81,999"
97,2017,Hyundai,Hyundai Grand i10 MAGNA 1.2 KAPPA VTVT,Petrol,MANUAL,,"49,328",1st,Ahmedabad,"4,67,499"
98,2018,Maruti,Maruti Baleno SIGMA 1.2 K12,Petrol,MANUAL,,"53,497",1st,Ahmedabad,"5,07,699"
99,2019,Hyundai,Hyundai NEW SANTRO SPORTZ 1.1,Petrol,MANUAL,,"15,157",1st,Ahmedabad,"5,16,499"
100,2020,MG,MG HECTOR SHARP DCT PETROL,Petrol,AUTOMATIC,,"23,249",1st,Ahmedabad,"15,30,449"
101,2017,Skoda,Skoda Rapid AMBITION 1.6 MPFI MT,Petrol,MANUAL,,"84,135",1st,Ahmedabad,"5,99,399"
102,2020,Renault,Renault Kwid 1.0 CLIMBER OPT,Petrol,MANUAL,,"19,935",1st,Ahmedabad,"4,87,199"
103,2018,Maruti,Maruti Celerio ZXI,Petrol,MANUAL,,"55,723",1st,Ahmedabad,"5,00,299"
104,2021,Hyundai,Hyundai Verna SX DIESEL MT,Diesel,MANUAL,,"50,781",1st,Ahmedabad,"13,10,499"
105,2017,Maruti,Maruti Wagon R 1.0 VXI,Petrol,MANUAL,,"16,506",2nd,Ahmedabad,"4,51,599"
106,2019,Hyundai,Hyundai Creta 1.6 VTVT SX AUTO,Petrol,AUTOMATIC,,"9,821",2nd,Ahmedabad,"13,66,499"
107,2018,Maruti,Maruti Vitara Brezza ZDI,Diesel,MANUAL,,"55,534",2nd,Ahmedabad,"8,02,399"
108,2017,Hyundai,Hyundai Grand i10 MAGNA 1.2 KAPPA VTVT,Petrol,MANUAL,,"51,864",1st,Ahmedabad,"4,70,599"
109,2020,MG,MG HECTOR SHARP DCT PETROL,Petrol,AUTOMATIC,,"17,194",1st,Ahmedabad,"15,99,299"
110,2019,Hyundai,Hyundai Grand i10 SPORTZ O 1.2,Petrol,MANUAL,,"20,968",1st,Ahmedabad,"5,75,128"
111,2019,Honda,Honda Amaze 1.2 SMT I VTEC,Petrol,MANUAL,,"38,008",1st,Ahmedabad,"6,39,499"
112,2020,Maruti,Maruti S PRESSO VXI,Petrol,MANUAL,,"10,298",1st,Ahmedabad,"4,33,599"
113,2018,Hyundai,Hyundai Grand i10 SPORTZ 1.2 KAPPA VTVT,Petrol,MANUAL,,"19,774",1st,Ahmedabad,"5,82,399"
114,2018,Maruti,Maruti Alto 800 LXI,Petrol,MANUAL,,"36,127",1st,Ahmedabad,"2,95,899"
115,2019,Honda,Honda Amaze 1.2 V MT I-VTEC,Petrol,MANUAL,,"44,758",3rd,Ahmedabad,"6,69,099"
116,2021,Mahindra,Mahindra Thar LX PETROL HT 4WD,Petrol,AT,,"6,823",1st,Ahmedabad,"15,99,999"
117,2021,Tata,Tata Harrier XT 2.0L Kryotec,Diesel,MANUAL,,"29,672",1st,Ahmedabad,"16,83,399"
118,2020,Ford,Ford Ecosport 1.5TITANIUM TDCI,Diesel,MANUAL,,"52,061",1st,Ahmedabad,"9,88,799"
119,2020,MG,MG HECTOR SHARP DCT PETROL,Petrol,AUTOMATIC,,"17,633",1st,Ahmedabad,"15,81,099"
120,2019,Jeep,Jeep Compass 2.0 LIMITED,Diesel,MANUAL,,"60,953",1st,Ahmedabad,"13,82,399"
121,2018,Hyundai,Hyundai Verna 1.6 CRDI SX + AT,Diesel,AUTOMATIC,,"66,035",1st,Ahmedabad,"9,97,099"
122,2020,Hyundai,Hyundai Creta SX PETROL MT,Petrol,MANUAL,,"8,387",1st,Ahmedabad,"13,75,399"
123,2020,Volkswagen,Volkswagen Polo HIGH LINE PLUS 1.0,Petrol,MANUAL,,"40,631",1st,Ahmedabad,"8,00,399"
124,2017,Hyundai,Hyundai Xcent E PLUS,Petrol,MANUAL,,"43,598",1st,Ahmedabad,"5,37,099"
125,2019,Honda,Honda City VX MT PETROL,Petrol,MANUAL,,"58,764",2nd,Ahmedabad,"8,69,299"
126,2015,Hyundai,Hyundai Xcent S 1.2 OPT,Petrol,MANUAL,,"42,466",1st,Ahmedabad,"4,80,299"
127,2021,MG,MG HECTOR PLUS SUPER HYBRID 1.5,Petrol,7STR,,"22,172",1st,Ahmedabad,"15,79,499"
128,2021,MG,MG HECTOR SHARP 2.0 DIESEL,Diesel,MANUAL,,"8,358",1st,Ahmedabad,"19,91,199"
129,2020,Maruti,Maruti S PRESSO VXI PLUS,Petrol,MANUAL,,"8,455",2nd,Ahmedabad,"4,61,399"
130,2015,Hyundai,Hyundai Xcent SX 1.2 OPT,Petrol,MANUAL,,"52,861",1st,Ahmedabad,"4,83,699"
131,2019,Hyundai,Hyundai Verna 1.6 SX (O) CRDI MT,Diesel,MANUAL,,"87,401",2nd,Ahmedabad,"9,87,399"
132,2020,Hyundai,Hyundai VENUE SX 1.0 GDI IMT,Petrol,MANUAL,,"14,284",2nd,Ahmedabad,"10,37,999"
133,2016,Honda,Honda City V MT PETROL,Petrol,MANUAL,,"72,385",1st,Ahmedabad,"6,91,199"
134,2020,Maruti,Maruti Vitara Brezza ZXI +,Petrol,MANUAL,,"25,433",1st,Ahmedabad,"9,12,349"
135,2020,MG,MG HECTOR SHARP DCT PETROL,Petrol,AUTOMATIC,,"19,455",1st,Ahmedabad,"16,02,149"
136,2020,MG,MG HECTOR SHARP DCT PETROL,Petrol,AUTOMATIC,,"32,501",1st,Ahmedabad,"15,70,899"
137,2019,Ford,Ford Ecosport 1.5TITANIUM TDCI,Diesel,MANUAL,,"64,590",1st,Ahmedabad,"8,24,899"
138,2020,Maruti,Maruti Dzire VXI,Petrol,MANUAL,,"20,010",1st,Ahmedabad,"6,84,599"
139,2018,Maruti,Maruti Alto 800 LXI,Petrol,MANUAL,,"60,557",1st,Ahmedabad,"2,94,899"
140,2021,MG,MG HECTOR SHARP HYBRID 1.5 DUAL,Petrol,TONE,,"15,145",1st,Ahmedabad,"16,41,899"
141,2019,Maruti,Maruti Baleno DELTA 1.2 K12,Petrol,MANUAL,,"21,952",1st,Ahmedabad,"6,34,799"
142,2019,Maruti,Maruti Baleno DELTA 1.2 K12,Petrol,MANUAL,,"20,480",1st,Ahmedabad,"6,39,199"
143,2020,Hyundai,Hyundai GRAND I10 NIOS SPORTZ PETROL,Petrol,MANUAL,,"20,133",1st,Ahmedabad,"6,80,799"
144,2020,Hyundai,Hyundai NEW I20 ASTA (O) 1.5 CRDI,Diesel,MT,,"21,102",1st,Ahmedabad,"9,97,999"
145,2021,Maruti,Maruti Vitara Brezza ZXI+ AT SHVS,Petrol,AUTOMATIC,,"14,564",1st,Ahmedabad,"12,19,299"
146,2021,Honda,Honda Amaze 1.2 V CVT I VTEC,Petrol,AUTOMATIC,,"27,136",1st,Ahmedabad,"8,64,499"
147,2020,Volkswagen,Volkswagen Polo GT TSI AT 1.0,Petrol,AUTOMATIC,,"40,342",1st,Ahmedabad,"8,37,899"
148,2017,Honda,Honda Jazz VX  1.2,Petrol,MANUAL,,"29,548",1st,Ahmedabad,"6,15,099"
149,2018,Maruti,Maruti Baleno DELTA 1.2 K12,Petrol,MANUAL,,"67,352",1st,Ahmedabad,"5,65,099"
150,2019,Maruti,Maruti Dzire VXI,Petrol,MANUAL,,"21,039",1st,Ahmedabad,"6,93,599"
151,2018,Jeep,Jeep Compass 2.0 LONGITUDE (O),Diesel,MANUAL,,"50,777",1st,Ahmedabad,"12,01,099"
152,2019,KIA,KIA SELTOS HTK 1.5 PETROL,Petrol,MANUAL,,"19,788",1st,Ahmedabad,"10,95,149"
153,2018,Maruti,Maruti Wagon R 1.0 VXI,Petrol,MANUAL,,"35,650",2nd,Ahmedabad,"4,26,399"
154,2019,Hyundai,Hyundai New Elantra SX PETROL AT,Petrol,AUTOMATIC,,"31,995",1st,Ahmedabad,"14,93,099"
155,2021,Hyundai,Hyundai VENUE 1.0 TURBO GDI SX+ AT,Petrol,AUTOMATIC,,"3,404",1st,Ahmedabad,"12,14,499"
156,2021,Maruti,Maruti Baleno DELTA 1.2 K12,Petrol,MANUAL,,"21,571",1st,Ahmedabad,"6,90,999"
157,2020,Hyundai,Hyundai Creta SX (O) DIESEL AT,Diesel,AUTOMATIC,,"64,230",1st,Ahmedabad,"16,00,099"
158,2020,Maruti,Maruti S PRESSO VXI,Petrol,MANUAL,,"18,872",1st,Ahmedabad,"4,07,699"
159,2021,Honda,Honda City VX CVT PETROL,Petrol,AUTOMATIC,,"20,666",1st,Ahmedabad,"13,29,599"
160,2020,Hyundai,Hyundai NEW I20 Asta 1.0 GDI Turbo,Petrol,IMT,,"6,901",1st,Ahmedabad,"8,66,699"
161,2021,Maruti,Maruti Alto LXI,Petrol,MANUAL,,"20,790",1st,Ahmedabad,"3,83,599"
162,2019,Maruti,Maruti Dzire VXI,Petrol,MANUAL,,"20,850",1st,Ahmedabad,"6,91,299"
163,2019,KIA,KIA SELTOS GTX+ 1.4 MT,Petrol,MANUAL,,"71,654",1st,Ahmedabad,"14,29,899"
164,2019,MG,MG HECTOR SHARP 2.0 DIESEL,Diesel,MANUAL,,"40,962",1st,Ahmedabad,"16,90,999"
165,2020,Maruti,Maruti Alto VXI,Petrol,MANUAL,,"8,706",1st,Ahmedabad,"4,02,099"
166,2019,Honda,Honda Civic VX CVT i-VTEC,Petrol,AUTOMATIC,,"26,322",1st,Ahmedabad,"13,02,599"
167,2018,Honda,Honda Jazz 1.2 V MT,Petrol,MANUAL,,"24,497",1st,Ahmedabad,"6,62,899"
168,2020,Hyundai,Hyundai NEW I20 ASTA (O) 1.2,Petrol,MT,,"9,663",1st,Ahmedabad,"8,81,499"
169,2018,Honda,Honda City SV MT EDGE EDITION PETROL,Petrol,MANUAL,,"76,316",2nd,Ahmedabad,"8,14,399"
170,2015,Volkswagen,Volkswagen Vento HIGHLINE PETROL,Petrol,MANUAL,,"70,950",2nd,Ahmedabad,"5,58,499"
171,2016,Hyundai,Hyundai i20 Active 1.2 S,Petrol,MANUAL,,"54,883",2nd,Ahmedabad,"5,72,399"
172,2021,Tata,Tata ALTROZ XZ+ 1.2 RTN DARK,Petrol,EDITION,,"9,402",1st,Ahmedabad,"8,51,699"
173,2017,Ford,Ford Ecosport 1.5 TITANIUMTDCI OPT,Diesel,MANUAL,,"59,888",2nd,Ahmedabad,"7,18,899"
174,2021,Tata,Tata ALTROZ XZ 1.5,Diesel,RTQ,,"31,798",1st,Ahmedabad,"9,16,799"
175,2017,Hyundai,Hyundai Verna 1.6 SX VTVT,Petrol,MANUAL,,"88,909",2nd,Ahmedabad,"7,58,499"
176,2019,Hyundai,Hyundai Grand i10 1.2 KAPPA SPORTZ (O),Petrol,MANUAL,,"12,538",1st,Ahmedabad,"5,86,999"
177,2018,Hyundai,Hyundai Creta 1.6 SX AT PETROL,Petrol,AUTOMATIC,,"63,726",1st,Ahmedabad,"10,70,999"
178,2021,Honda,Honda City ZX MT PETROL,Petrol,MANUAL,,"20,514",1st,Ahmedabad,"14,27,899"
179,2020,MG,MG HECTOR SHARP DCT PETROL,Petrol,AUTOMATIC,,"27,902",1st,Ahmedabad,"15,46,999"
180,2019,KIA,KIA SELTOS HTK 1.5 PETROL,Petrol,MANUAL,,"37,200",1st,Ahmedabad,"10,24,549"
181,2021,Maruti,Maruti Alto LXI,Petrol,MANUAL,,"7,343",1st,Ahmedabad,"3,76,199"
182,2018,Maruti,Maruti Baleno DELTA 1.2 K12,Petrol,MANUAL,,"32,656",1st,Ahmedabad,"5,94,199"
183,2017,Maruti,Maruti Wagon R 1.0 VXI,Petrol,MANUAL,,"38,572",1st,Ahmedabad,"4,20,149"
184,2018,Honda,Honda Jazz 1.2 V MT,Petrol,MANUAL,,"44,067",1st,Ahmedabad,"6,78,699"
185,2019,MG,MG HECTOR SHARP 2.0 DIESEL,Diesel,MANUAL,,"55,691",2nd,Ahmedabad,"16,26,149"
186,2019,Hyundai,Hyundai Grand i10 SPORTZ 1.2 KAPPA VTVT,Petrol,MANUAL,,"19,265",1st,Ahmedabad,"6,08,699"
187,2017,Maruti,Maruti Alto 800 LXI,Petrol,MANUAL,,"49,933",1st,Ahmedabad,"2,84,899"
188,2020,Tata,Tata NEXON KRAZ AT PETROL,Petrol,AUTOMATIC,,"16,218",1st,Ahmedabad,"8,86,199"
189,2016,Maruti,Maruti Baleno ZETA 1.2 K12,Petrol,MANUAL,,"59,379",2nd,Ahmedabad,"5,13,099"
190,2020,Maruti,Maruti S PRESSO VXI PLUS,Petrol,MANUAL,,"19,706",1st,Ahmedabad,"4,42,399"
191,2020,Hyundai,Hyundai NEW I20 ASTA (O) 1.0 TURBO GDI AT,Petrol,AUTOMATIC,,"12,889",1st,Ahmedabad,"9,64,699"
192,2019,KIA,KIA SELTOS GTX 1.4 GDI AT PETROL,Petrol,AUTOMATIC,,"61,150",1st,Ahmedabad,"13,91,899"
193,2018,Hyundai,Hyundai Grand i10 SPORTZ O 1.2,Petrol,MANUAL,,"46,397",2nd,Ahmedabad,"5,66,099"
194,2021,Maruti,Maruti S PRESSO VXI PLUS,Petrol,MANUAL,,"17,044",1st,Ahmedabad,"4,52,699"
195,2013,Maruti,Maruti Wagon R 1.0 VXI,Petrol,MANUAL,,"83,572",2nd,Ahmedabad,"3,17,699"
196,2017,Hyundai,Hyundai Grand i10 SPORTZ 1.2 KAPPA VTVT,Petrol,MANUAL,,"43,670",1st,Ahmedabad,"4,99,549"
197,2019,Maruti,Maruti Celerio X Zxi AMT,Petrol,AUTOMATIC,,"67,570",1st,Ahmedabad,"5,20,699"
198,2017,Hyundai,Hyundai Elite i20 ASTA 1.2 (O),Petrol,MANUAL,,"17,277",2nd,Ahmedabad,"7,05,899"
199,2019,Maruti,Maruti Alto K10 VXI,Petrol,MANUAL,,"44,713",1st,Ahmedabad,"3,72,499"
200,2017,Maruti,Maruti Wagon R 1.0 VXI,Petrol,MANUAL,,"35,447",1st,Ahmedabad,"4,19,299"
201,2017,Hyundai,Hyundai New Elantra 2.0 SX (O) MT,Petrol,MANUAL,,"84,491",1st,Ahmedabad,"11,14,899"
202,2018,Maruti,Maruti Baleno DELTA 1.2 K12,Petrol,MANUAL,,"21,734",1st,Ahmedabad,"6,48,774"
203,2020,Hyundai,Hyundai Creta 1.5 SX (O) AT,Petrol,AUTOMATIC,,"44,943",1st,Ahmedabad,"15,81,749"
204,2019,Maruti,Maruti Alto 800 LXI,Petrol,MANUAL,,"18,781",1st,Ahmedabad,"3,52,899"
205,2017,Hyundai,Hyundai Grand i10 SPORTZ O 1.2,Petrol,MANUAL,,"29,170",1st,Ahmedabad,"5,33,399"
206,2019,Honda,Honda City V CVT,Petrol,AUTOMATIC,,"24,209",1st,Ahmedabad,"9,88,799"
207,2020,Honda,Honda City VX CVT PETROL,Petrol,AUTOMATIC,,"29,891",1st,Ahmedabad,"11,62,149"
208,2020,Honda,Honda City VX CVT PETROL,Petrol,AUTOMATIC,,"13,311",1st,Ahmedabad,"12,41,299"
209,2018,Honda,Honda Jazz 1.2 V MT,Petrol,MANUAL,,"56,839",1st,Ahmedabad,"6,64,899"
210,2021,Maruti,Maruti IGNIS SIGMA 1.2 K12,Petrol,MANUAL,,"9,277",1st,Ahmedabad,"5,65,099"
211,2019,Maruti,Maruti S PRESSO VXI PLUS,Petrol,MANUAL,,"32,623",1st,Ahmedabad,"4,58,799"
212,2020,Maruti,Maruti S PRESSO VXI PLUS,Petrol,MANUAL,,"35,362",1st,Ahmedabad,"4,51,799"
213,2018,Hyundai,Hyundai Creta 1.6 CRDI SX PLUS AUTO,Diesel,AUTOMATIC,,"83,749",1st,Ahmedabad,"10,96,649"
214,2020,Maruti,Maruti Baleno DELTA 1.2 K12,Petrol,MANUAL,,"7,606",1st,Ahmedabad,"7,11,999"
215,2018,Maruti,Maruti Dzire VXI,Petrol,MANUAL,,"12,135",1st,Ahmedabad,"6,70,499"
216,2018,Maruti,Maruti Alto 800 VXI,Petrol,MANUAL,,"37,830",1st,Ahmedabad,"3,10,899"
217,2017,Honda,Honda WR-V 1.2 i-VTEC S MT,Petrol,MANUAL,,"47,527",2nd,Ahmedabad,"6,55,999"
218,2018,Maruti,Maruti Alto 800 LXI,Petrol,MANUAL,,"25,408",1st,Ahmedabad,"3,36,699"
219,2019,MG,MG HECTOR SHARP 2.0 DIESEL,Diesel,MANUAL,,"93,185",1st,Ahmedabad,"16,54,999"
220,2021,Maruti,Maruti Alto LXI CNG (O),Petrol,MANUAL,,"19,910",1st,Ahmedabad,"4,97,199"
221,2017,Ford,Ford Endeavour 2.2l 4X2 AT Trend,Diesel,AUTOMATIC,,"61,220",2nd,Ahmedabad,"22,51,499"
222,2019,Honda,Honda WR-V 1.2 i-VTEC VX MT,Petrol,MANUAL,,"65,144",1st,Ahmedabad,"7,75,299"
223,2017,Maruti,Maruti Ciaz ZETA 1.4 VVT AMT,Petrol,AUTOMATIC,,"42,142",1st,Ahmedabad,"8,04,199"
224,2017,Maruti,Maruti Baleno DELTA 1.2 K12,Petrol,MANUAL,,"29,956",1st,Ahmedabad,"6,21,299"
225,2020,Honda,Honda WR-V 1.2 i-VTEC VX MT,Petrol,MANUAL,,"47,776",1st,Ahmedabad,"8,87,399"
226,2018,Maruti,Maruti Wagon R 1.0 VXI,Petrol,MANUAL,,"31,862",1st,Ahmedabad,"4,68,899"
227,2021,Maruti,Maruti Baleno DELTA 1.2 K12,Petrol,MANUAL,,"7,271",1st,Ahmedabad,"7,29,799"
228,2022,Maruti,Maruti S Cross ZETA SHVS PETROL,Petrol,MANUAL,,"14,256",1st,Ahmedabad,"9,87,999"
229,2019,Maruti,Maruti Baleno DELTA 1.2 K12 AT,Petrol,AUTOMATIC,,"32,294",1st,Ahmedabad,"6,51,799"
230,2020,Maruti,Maruti Alto LXI,Petrol,MANUAL,,"13,233",1st,Ahmedabad,"3,41,999"
231,2021,Maruti,Maruti IGNIS SIGMA 1.2 K12,Petrol,MANUAL,,"10,987",1st,Ahmedabad,"5,65,099"
232,2019,Hyundai,Hyundai Grand i10 SPORTZ 1.2 KAPPA VTVT,Petrol,MANUAL,,"16,326",1st,Ahmedabad,"5,97,499"
233,2017,Maruti,Maruti Alto 800 LXI,Petrol,MANUAL,,"49,691",1st,Ahmedabad,"2,98,499"
234,2019,MG,MG HECTOR SHARP DCT PETROL,Petrol,AUTOMATIC,,"57,044",2nd,Ahmedabad,"13,53,499"
235,2015,Hyundai,Hyundai Elite i20 ASTA 1.2,Petrol,MANUAL,,"77,347",2nd,Ahmedabad,"5,58,099"
236,2019,Hyundai,Hyundai Grand i10 MAGNA 1.2 VTVT,Petrol,MANUAL,,"35,206",1st,Ahmedabad,"5,50,199"
237,2019,Maruti,Maruti Ciaz ALPHA 1.5 MT VTVT SHVS,Petrol,MANUAL,,"60,459",1st,Ahmedabad,"8,53,399"
238,2016,Hyundai,Hyundai Grand i10 SPORTZ 1.2 KAPPA VTVT,Petrol,MANUAL,,"63,185",2nd,Ahmedabad,"4,91,999"
239,2018,Maruti,Maruti S Cross ZETA 1.3 SHVS,Diesel,MANUAL,,"96,647",1st,Ahmedabad,"7,92,699"
240,2017,Maruti,Maruti Dzire VXI,Petrol,MANUAL,,"38,584",1st,Ahmedabad,"6,19,499"
241,2017,Hyundai,Hyundai Grand i10 MAGNA 1.2 VTVT,Petrol,MANUAL,,"65,164",1st,Ahmedabad,"5,06,899"
242,2017,Honda,Honda Jazz 1.2 V MT,Petrol,MANUAL,,"47,024",2nd,Ahmedabad,"4,93,299"
243,2018,Hyundai,Hyundai Elite i20 ASTA 1.2 DUAL TONE,Petrol,MANUAL,,"52,273",2nd,Ahmedabad,"6,87,699"
244,2020,Maruti,Maruti Alto LXI,Petrol,MANUAL,,"43,046",1st,Ahmedabad,"3,26,899"
245,2019,Maruti,Maruti Baleno DELTA 1.2 K12,Petrol,MANUAL,,"44,671",1st,Ahmedabad,"6,76,399"
246,2020,Maruti,Maruti Baleno DELTA 1.2 K12,Petrol,MANUAL,,"46,439",1st,Ahmedabad,"6,87,599"
247,2019,Maruti,Maruti Ciaz 	ALPHA 1.5 MT VTVT SHVS,Petrol,MANUAL,,"38,263",1st,Ahmedabad,"8,11,099"
248,2020,Maruti,Maruti Alto VXI,Petrol,MANUAL,,"18,003",1st,Ahmedabad,"3,91,699"
249,2014,Hyundai,Hyundai Elite i20 SPORTZ 1.2,Petrol,MANUAL,,"61,589",1st,Ahmedabad,"5,12,699"
250,2017,Jeep,Jeep Compass 2.0 LIMITED 4*2,Diesel,MANUAL,,"1,49,075",1st,Ahmedabad,"10,10,199"
251,2019,Maruti,Maruti Dzire VXI,Petrol,MANUAL,,"39,692",1st,Ahmedabad,"6,78,899"
252,2020,Datsun,Datsun Redi Go 1.0 T(O) AT,Petrol,AUTOMATIC,,"10,197",1st,Ahmedabad,"4,87,799"
253,2019,Hyundai,Hyundai Grand i10 1.2 KAPPA SPORTZ (O),Petrol,MANUAL,,"34,750",1st,Ahmedabad,"5,99,599"
254,2017,Maruti,Maruti Baleno DELTA 1.2 K12,Petrol,MANUAL,,"67,359",1st,Ahmedabad,"5,85,399"
255,2018,Maruti,Maruti IGNIS ZETA 1.2 K12,Petrol,MANUAL,,"28,929",1st,Ahmedabad,"4,81,799"
256,2018,Skoda,Skoda Octavia LK 1.8 TSI AT,Petrol,AUTOMATIC,,"62,284",1st,Ahmedabad,"17,86,599"
257,2020,Maruti,Maruti Baleno ZETA 1.2 K12,Petrol,MANUAL,,"27,641",1st,Ahmedabad,"7,11,199"
258,2021,Maruti,Maruti Alto LXI,Petrol,MANUAL,,"5,604",1st,Ahmedabad,"3,80,099"
259,2019,Maruti,Maruti Alto 800 LXI,Petrol,MANUAL,,"12,138",1st,Ahmedabad,"3,50,949"
260,2019,Maruti,Maruti Baleno ZETA 1.2 K12,Petrol,MANUAL,,"46,947",1st,Ahmedabad,"6,58,299"
261,2017,Hyundai,Hyundai Grand i10 SPORTZ 1.2 KAPPA VTVT,Petrol,MANUAL,,"34,219",2nd,Ahmedabad,"5,28,499"
262,2018,Maruti,Maruti Alto 800 LXI,Petrol,MANUAL,,"34,629",1st,Ahmedabad,"3,10,199"
263,2020,Maruti,Maruti Baleno ALPHA 1.2 K12,Petrol,MANUAL,,"40,280",1st,Ahmedabad,"6,53,499"
264,2019,MG,MG HECTOR SHARP DCT PETROL,Petrol,AUTOMATIC,,"73,561",1st,Ahmedabad,"12,82,999"
265,2018,Maruti,Maruti Baleno ZETA 1.2 K12,Petrol,MANUAL,,"78,386",1st,Ahmedabad,"6,51,699"
266,2020,Maruti,Maruti Baleno ZETA 1.2 K12,Petrol,MANUAL,,"65,509",1st,Ahmedabad,"6,86,599"
267,2018,Volkswagen,Volkswagen Vento HIGHLINE PLUS TDI AT,Diesel,AUTOMATIC,,"78,257",1st,Ahmedabad,"9,81,649"
268,2017,Hyundai,Hyundai Grand i10 SPORTZ 1.2 KAPPA VTVT,Petrol,MANUAL,,"23,076",1st,Ahmedabad,"5,50,699"
269,2017,Maruti,Maruti IGNIS SIGMA 1.2 K12,Petrol,MANUAL,,"71,720",1st,Ahmedabad,"4,11,599"
270,2017,Maruti,Maruti Baleno ALPHA 1.2 K12,Petrol,MANUAL,,"72,470",1st,Ahmedabad,"6,07,699"
271,2021,Maruti,Maruti Alto VXI,Petrol,MANUAL,,"7,623",1st,Ahmedabad,"4,28,999"
272,2020,Maruti,Maruti Baleno ZETA 1.2 K12,Petrol,MANUAL,,"60,541",1st,Ahmedabad,"7,00,399"
273,2017,Hyundai,Hyundai New Elantra 1.6 SX AT O,Diesel,AUTOMATIC,,"74,862",1st,Ahmedabad,"12,32,399"
274,2021,Maruti,Maruti Alto LXI,Petrol,MANUAL,,"11,194",1st,Ahmedabad,"4,03,999"
275,2017,Maruti,Maruti Alto 800 LXI,Petrol,MANUAL,,"31,394",1st,Ahmedabad,"3,09,099"
276,2018,Tata,Tata NEXON XZ+ 1.2 DUAL TONE,Petrol,MANUAL,,"51,849",2nd,Ahmedabad,"7,93,599"
277,2019,Maruti,Maruti Alto LXI,Petrol,MANUAL,,"31,802",1st,Ahmedabad,"3,05,099"
278,2017,Hyundai,Hyundai Tucson New 2WD AT GL PETROL,Petrol,AUTOMATIC,,"53,003",1st,Ahmedabad,"14,77,199"
279,2017,Maruti,Maruti Baleno ZETA 1.2 K12 AMT,Petrol,AUTOMATIC,,"84,109",1st,Ahmedabad,"5,86,599"
280,2021,Maruti,Maruti Alto LXI,Petrol,MANUAL,,"8,267",1st,Ahmedabad,"4,21,199"
281,2019,Renault,Renault Captur RXT PETROL,Petrol,MANUAL,,"55,852",2nd,Ahmedabad,"7,25,899"
282,2021,Maruti,Maruti Alto LXI,Petrol,MANUAL,,"10,124",1st,Ahmedabad,"3,98,199"
283,2020,Maruti,Maruti Alto LXI,Petrol,MANUAL,,"6,882",1st,Ahmedabad,"3,60,599"
284,2018,Maruti,Maruti Alto 800 LXI,Petrol,MANUAL,,"23,311",1st,Ahmedabad,"3,36,699"
285,2020,Maruti,Maruti Alto VXI,Petrol,MANUAL,,"11,022",1st,Ahmedabad,"4,11,799"
286,2020,Maruti,Maruti Alto VXI,Petrol,MANUAL,,"13,836",1st,Ahmedabad,"3,64,499"
287,2018,Maruti,Maruti Alto 800 LXI,Petrol,MANUAL,,"19,549",1st,Ahmedabad,"3,27,999"
288,2019,Maruti,Maruti Alto 800 LXI,Petrol,MANUAL,,"63,389",1st,Ahmedabad,"3,52,899"
289,2020,Maruti,Maruti Alto LXI,Petrol,MANUAL,,"12,176",1st,Ahmedabad,"3,39,599"
290,2018,Hyundai,Hyundai Elite i20 ASTA 1.2,Petrol,MANUAL,,"42,274",1st,Ahmedabad,"7,39,299"
291,2021,Maruti,Maruti Alto LXI,Petrol,MANUAL,,"9,832",1st,Ahmedabad,"4,06,299"
292,2020,Maruti,Maruti Alto VXI,Petrol,MANUAL,,"32,862",1st,Ahmedabad,"3,49,699"
293,2018,Maruti,Maruti Alto 800 LXI,Petrol,MANUAL,,"26,764",2nd,Ahmedabad,"3,26,899"
294,2019,Maruti,Maruti Alto LXI,Petrol,MANUAL,,"17,748",1st,Ahmedabad,"3,18,999"
295,2020,Maruti,Maruti Alto LXI,Petrol,MANUAL,,"20,104",1st,Ahmedabad,"3,32,349"
296,2017,Hyundai,Hyundai Verna 1.6 SX VTVT,Petrol,MANUAL,,"49,386",1st,Ahmedabad,"7,81,799"
297,2018,Maruti,Maruti Alto 800 LXI,Petrol,MANUAL,,"24,730",1st,Ahmedabad,"3,23,299"
298,2019,Maruti,Maruti Alto LXI,Petrol,MANUAL,,"32,227",1st,Ahmedabad,"3,04,099"
299,2019,Maruti,Maruti Alto LXI,Petrol,MANUAL,,"23,808",2nd,Ahmedabad,"3,30,799"
300,2020,Maruti,Maruti Alto LXI,Petrol,MANUAL,,"23,839",1st,Ahmedabad,"3,39,899"
301,2020,Maruti,Maruti Alto LXI,Petrol,MANUAL,,"24,971",1st,Ahmedabad,"3,28,399"
302,2021,Maruti,Maruti Alto LXI,Petrol,MANUAL,,"27,397",1st,Ahmedabad,"3,58,799"
303,2019,Maruti,Maruti Alto 800 LXI,Petrol,MANUAL,,"79,205",1st,Ahmedabad,"3,37,599"
304,2015,Maruti,Maruti Swift VXI,Petrol,MANUAL,,"43,771",1st,Ahmedabad,"3,97,899"
305,2019,Maruti,Maruti Swift LXI,Petrol,MANUAL,,"17,344",1st,Ahmedabad,"5,70,599"
306,2019,Maruti,Maruti Swift VXI,Petrol,MANUAL,,"72,729",1st,Ahmedabad,"6,06,999"
307,2021,Maruti,Maruti Eeco 5 STR WITH AC PLUSHTR,Petrol,MANUAL,,"2,833",1st,Ahmedabad,"5,31,399"
308,2015,Maruti,Maruti Swift VXI,Petrol,MANUAL,,"62,312",3rd,Ahmedabad,"4,27,299"
309,2018,Maruti,Maruti Alto 800 LXI,Petrol,MANUAL,,"85,666",1st,Ahmedabad,"2,86,899"
310,2021,Maruti,Maruti Eeco 5 STR WITH AC PLUSHTR,Petrol,MANUAL,,"3,569",1st,Ahmedabad,"5,31,399"
311,2021,Maruti,Maruti Baleno DELTA 1.2 K12,Petrol,MANUAL,,"22,679",1st,Ahmedabad,"6,55,299"
312,2018,Renault,Renault Kwid RXL,Petrol,MANUAL,,"23,069",1st,Ahmedabad,"3,17,399"
313,2019,Maruti,Maruti Alto LXI,Petrol,MANUAL,,"20,273",1st,Ahmedabad,"3,22,299"
314,2020,Maruti,Maruti Dzire VXI,Petrol,MANUAL,,"32,769",1st,Ahmedabad,"6,36,299"
315,2019,Maruti,Maruti Dzire VXI,Petrol,MANUAL,,"59,044",1st,Ahmedabad,"6,19,699"
316,2018,Honda,Honda WR-V 1.5 i-DTEC VX MT,Diesel,MANUAL,,"40,741",2nd,Ahmedabad,"7,08,499"
317,2018,Maruti,Maruti Wagon R 1.0 VXI,Petrol,MANUAL,,"48,697",1st,Ahmedabad,"4,40,849"
318,2018,Hyundai,Hyundai Xcent S 1.2,Petrol,MANUAL,,"59,101",1st,Ahmedabad,"5,62,699"
319,2012,Hyundai,Hyundai i10 SPORTZ 1.2 KAPPA2,Petrol,MANUAL,,"41,435",2nd,Ahmedabad,"3,13,099"
320,2019,Maruti,Maruti Ertiga VXI SMART HYBRID,Petrol,MANUAL,,"13,759",1st,Ahmedabad,"9,70,499"
