,Year,Brand,Model,Fuel Type,Transmission,Engine Capacity,Kms Driven,No. of Owners,Location,Price
0,2010,Hyundai,Hyundai i10 SPORTZ 1.2,Petrol,MANUAL,,"73,793",2nd,Hyderabad,"2,88,599"
1,2010,Hyundai,Hyundai i10 SPORTZ 1.2,Petrol,MANUAL,,"81,385",2nd,Hyderabad,"2,73,099"
2,2011,Maruti,Maruti Swift VXI,Petrol,MANUAL,,"81,821",1st,Hyderabad,"3,82,749"
3,2011,Hyundai,Hyundai i10 SPORTZ 1.2 KAPPA2,Petrol,MANUAL,,"98,639",2nd,Hyderabad,"2,92,899"
4,2012,Hyundai,Hyundai Santro Xing GLS,Petrol,MANUAL,,"45,417",1st,Hyderabad,"2,92,599"
5,2013,Maruti,Maruti Alto 800 LXI,Petrol,MANUAL,,"32,345",2nd,Hyderabad,"2,67,899"
6,2010,Honda,Honda City S MT PETROL,Petrol,MANUAL,,"71,117",2nd,Hyderabad,"4,59,599"
7,2020,Renault,Renault Kwid RXL,Petrol,MANUAL,,"11,057",3rd,Hyderabad,"4,02,099"
8,2011,Hyundai,Hyundai i10 SPORTZ 1.2 KAPPA2,Petrol,MANUAL,,"61,520",1st,Hyderabad,"3,07,299"
9,2013,Maruti,Maruti Swift Dzire VDI BS IV,Diesel,MANUAL,,"47,478",2nd,Hyderabad,"4,90,599"
10,2021,Nissan,Nissan MAGNITE XV PRIMIUM,Petrol,MT,,"22,982",1st,Hyderabad,"8,75,999"
11,2011,Hyundai,Hyundai i20 MAGNA O 1.2,Petrol,MANUAL,,"44,456",3rd,Hyderabad,"3,64,199"
12,2019,Hyundai,Hyundai Elite i20 Magna + CRDI,Diesel,MANUAL,,"61,933",1st,Hyderabad,"7,11,399"
13,2013,Maruti,Maruti Alto 800 LXI,Petrol,MANUAL,,"40,974",1st,Hyderabad,"2,56,699"
14,2011,Honda,Honda City V AT,Petrol,AUTOMATIC,,"88,880",3rd,Hyderabad,"4,51,799"
15,2016,Maruti,Maruti Baleno ZETA 1.2 K12,Petrol,MANUAL,,"1,03,961",1st,Hyderabad,"5,43,399"
16,2012,Hyundai,Hyundai i10 SPORTZ 1.2 KAPPA2,Petrol,MANUAL,,"41,328",2nd,Hyderabad,"3,48,599"
17,2012,Maruti,Maruti Swift VXI,Petrol,MANUAL,,"85,384",1st,Hyderabad,"4,04,199"
18,2012,Hyundai,Hyundai i10 SPORTZ 1.2 AT KAPPA2,Petrol,AUTOMATIC,,"68,072",2nd,Hyderabad,"3,83,899"
19,2015,Maruti,Maruti Swift Dzire VXI,Petrol,MANUAL,,"94,205",1st,Hyderabad,"4,74,099"
20,2012,Hyundai,Hyundai i10 SPORTZ 1.2 AT KAPPA2,Petrol,AUTOMATIC,,"46,988",2nd,Hyderabad,"3,90,699"
21,2015,Maruti,Maruti Alto K10 VXI,Petrol,MANUAL,,"2,35,466",1st,Hyderabad,"2,69,299"
22,2021,Nissan,Nissan MAGNITE XV PRIMIUM,Petrol,MT,,"8,345",1st,Hyderabad,"8,75,199"
23,2021,Maruti,Maruti Swift ZXI+,Petrol,MANUAL,,"23,957",1st,Hyderabad,"8,79,199"
24,2017,Volkswagen,Volkswagen Polo COMFORTLINE 1.2L PETROL,Petrol,MANUAL,,"52,332",2nd,Hyderabad,"5,57,099"
25,2019,Volkswagen,Volkswagen Polo Trendline 1.0 L Petrol,Petrol,MANUAL,,"58,463",1st,Hyderabad,"5,74,699"
26,2013,Maruti,Maruti Swift VXI,Petrol,MANUAL,,"89,407",1st,Hyderabad,"4,15,699"
27,2013,Maruti,Maruti Swift Dzire VDI,Diesel,MANUAL,,"90,152",1st,Hyderabad,"4,96,799"
28,2019,Volkswagen,Volkswagen Polo Trendline 1.0 L Petrol,Petrol,MANUAL,,"55,583",1st,Hyderabad,"5,85,499"
29,2013,Maruti,Maruti Alto 800 LXI,Petrol,MANUAL,,"69,067",1st,Hyderabad,"2,57,799"
30,2018,Toyota,Toyota Corolla Altis D 4D GL,Diesel,MANUAL,,"84,978",1st,Hyderabad,"12,31,999"
31,2015,Maruti,Maruti Swift VDI,Diesel,MANUAL,,"97,735",2nd,Hyderabad,"5,15,899"
32,2012,Hyundai,Hyundai i10 SPORTZ 1.2 AT KAPPA2,Petrol,AUTOMATIC,,"72,059",3rd,Hyderabad,"3,90,699"
33,2016,Renault,Renault Kwid 1.0 RXT,Petrol,MANUAL,,"29,253",2nd,Hyderabad,"3,33,899"
34,2018,Maruti,Maruti Ertiga VDI SHVS,Diesel,MANUAL,,"80,813",1st,Hyderabad,"9,07,699"
35,2019,Volkswagen,Volkswagen Polo Trendline 1.0 L Petrol,Petrol,MANUAL,,"94,434",2nd,Hyderabad,"5,36,299"
36,2018,Renault,Renault Kwid CLIMBER 1.0,Petrol,MANUAL,,"42,038",1st,Hyderabad,"4,13,999"
37,2012,Honda,Honda Brio 1.2 S MT I VTEC,Petrol,MANUAL,,"38,905",1st,Hyderabad,"3,92,899"
38,2017,Maruti,Maruti Celerio ZXI,Petrol,MANUAL,,"78,499",2nd,Hyderabad,"4,39,399"
39,2015,Maruti,Maruti Swift VDI ABS,Diesel,MANUAL,,"89,068",2nd,Hyderabad,"5,40,399"
40,2014,Hyundai,Hyundai i10 MAGNA 1.1 IRDE2,Petrol,MANUAL,,"55,028",1st,Hyderabad,"3,47,399"
41,2017,Maruti,Maruti Swift VXI OPT,Petrol,MANUAL,,"67,341",1st,Hyderabad,"5,81,799"
42,2013,Hyundai,Hyundai i10 MAGNA 1.2 KAPPA2,Petrol,MANUAL,,"85,859",2nd,Hyderabad,"3,94,899"
43,2014,Hyundai,Hyundai i10 MAGNA 1.2 KAPPA2,Petrol,MANUAL,,"87,581",1st,Hyderabad,"3,96,999"
44,2016,Hyundai,Hyundai i10 MAGNA 1.1 IRDE2,Petrol,MANUAL,,"36,863",3rd,Hyderabad,"3,71,599"
45,2019,Volkswagen,Volkswagen Polo COMFORTLINE 1.0 PETROL,Petrol,MANUAL,,"55,197",1st,Hyderabad,"6,22,399"
46,2021,Mahindra,Mahindra BOLERO NEO N,Diesel,10,,"18,434",1st,Hyderabad,"10,97,299"
47,2014,Maruti,Maruti Swift VXI,Petrol,MANUAL,,"54,514",3rd,Hyderabad,"4,55,999"
48,2019,Maruti,Maruti Swift ZDI plus AMT,Diesel,AUTOMATIC,,"66,753",1st,Hyderabad,"7,94,299"
49,2013,Maruti,Maruti Alto K10 LXI,Petrol,MANUAL,,"45,218",2nd,Hyderabad,"2,49,399"
50,2018,Maruti,Maruti Swift VXI,Petrol,MANUAL,,"58,634",1st,Hyderabad,"5,56,199"
51,2018,Hyundai,Hyundai Grand i10 MAGNA 1.2 VTVT,Petrol,MANUAL,,"82,589",1st,Hyderabad,"4,73,499"
52,2019,Hyundai,Hyundai VENUE SX(O) CRDi,Diesel,MANUAL,,"61,035",2nd,Hyderabad,"11,50,399"
53,2015,Maruti,Maruti Alto 800 LXI,Petrol,MANUAL,,"69,091",1st,Hyderabad,"2,77,399"
54,2014,Honda,Honda Amaze 1.2 VXMT I VTEC,Petrol,MANUAL,,"36,725",2nd,Hyderabad,"4,89,799"
55,2013,Hyundai,Hyundai Santro Xing GLS,Petrol,MANUAL,,"76,035",2nd,Hyderabad,"3,01,899"
56,2017,Volkswagen,Volkswagen Polo HIGHLINE1.2L PETROL,Petrol,MANUAL,,"66,140",3rd,Hyderabad,"5,39,399"
57,2013,Maruti,Maruti Eeco 7 STR,Petrol,MANUAL,,"53,497",2nd,Hyderabad,"3,18,399"
58,2020,Honda,Honda Brio 1.2 VX MT I VTEC,Petrol,MANUAL,,"24,614",2nd,Hyderabad,"5,05,299"
59,2022,Maruti,Maruti Celerio ZXI+,Petrol,MANUAL,,"14,940",1st,Hyderabad,"7,19,099"
60,2012,Honda,Honda City V MT PETROL,Petrol,MANUAL,,"70,961",2nd,Hyderabad,"4,97,199"
61,2021,Mahindra,Mahindra Scorpio S11,Diesel,MANUAL,,"43,923",1st,Hyderabad,"19,79,599"
62,2017,Maruti,Maruti Swift Dzire VDI OPT,Diesel,MANUAL,,"61,703",2nd,Hyderabad,"6,53,499"
63,2014,Maruti,Maruti Alto K10 VXI,Petrol,MANUAL,,"33,499",3rd,Hyderabad,"2,83,999"
64,2016,Hyundai,Hyundai Eon ERA PLUS,Petrol,MANUAL,,"13,774",2nd,Hyderabad,"3,19,799"
65,2020,Maruti,Maruti Swift ZXI + AMT,Petrol,AUTOMATIC,,"63,988",1st,Hyderabad,"7,96,799"
66,2015,Maruti,Maruti Alto 800 LXI,Petrol,MANUAL,,"70,844",2nd,Hyderabad,"2,83,249"
67,2020,KIA,KIA SELTOS HTX AT PETROL,Petrol,AUTOMATIC,,"14,519",1st,Hyderabad,"14,75,899"
68,2017,Maruti,Maruti Celerio ZXI AMT,Petrol,AUTOMATIC,,"58,463",1st,Hyderabad,"4,50,199"
69,2016,Hyundai,Hyundai i10 SPORTZ 1.1 IRDE2,Petrol,MANUAL,,"63,395",1st,Hyderabad,"4,17,199"
70,2021,Tata,Tata TIGOR XZ PLUS 1.2 REVOTRON,Petrol,MANUAL,,"16,508",1st,Hyderabad,"8,02,899"
71,2011,Hyundai,Hyundai i20 MAGNA O 1.2,Petrol,MANUAL,,"93,085",3rd,Hyderabad,"3,74,199"
72,2017,Renault,Renault Kwid RXL,Petrol,MANUAL,,"83,380",1st,Hyderabad,"3,71,399"
73,2017,Maruti,Maruti Celerio ZXI AMT,Petrol,AUTOMATIC,,"41,332",2nd,Hyderabad,"4,50,199"
74,2015,Hyundai,Hyundai i10 SPORTZ 1.1 IRDE2,Petrol,MANUAL,,"75,912",2nd,Hyderabad,"3,94,999"
75,2018,Renault,Renault Duster RXL PETROL 104,Petrol,MANUAL,,"40,986",1st,Hyderabad,"7,20,099"
76,2016,Maruti,Maruti Ciaz VXI PLUS,Petrol,MANUAL,,"36,476",2nd,Hyderabad,"6,14,799"
77,2020,Hyundai,Hyundai VENUE S MT Turbo GDI 1.0L,Petrol,MANUAL,,"41,145",1st,Hyderabad,"8,59,999"
78,2014,Hyundai,Hyundai Grand i10 SPORTZ 1.2 KAPPA VTVT,Petrol,MANUAL,,"46,266",2nd,Hyderabad,"4,66,799"
79,2018,Maruti,Maruti Swift VXI AMT,Petrol,AUTOMATIC,,"87,828",1st,Hyderabad,"6,49,199"
80,2017,Renault,Renault Kwid RXT 1.0 EASY-R  AT,Petrol,AUTOMATIC,,"66,588",3rd,Hyderabad,"3,69,099"
81,2013,Hyundai,Hyundai Eon ERA PLUS,Petrol,MANUAL,,"61,733",2nd,Hyderabad,"2,92,799"
82,2013,Hyundai,Hyundai Eon ERA PLUS,Petrol,MANUAL,,"62,130",2nd,Hyderabad,"2,87,799"
83,2018,Maruti,Maruti Alto K10 VXI,Petrol,MANUAL,,"6,593",1st,Hyderabad,"4,21,199"
84,2018,Hyundai,Hyundai Elite i20 Magna Executive Diesel,Diesel,MANUAL,,"86,131",2nd,Hyderabad,"6,51,899"
85,2015,Hyundai,Hyundai Eon ERA PLUS,Petrol,MANUAL,,"59,945",2nd,Hyderabad,"2,83,099"
86,2016,Hyundai,Hyundai i10 SPORTZ 1.1 IRDE2,Petrol,MANUAL,,"45,568",1st,Hyderabad,"4,30,899"
87,2020,Toyota,Toyota URBAN CRUISER PREMIUM,Petrol,MT,,"33,407",1st,Hyderabad,"10,07,899"
88,2021,Volkswagen,Volkswagen Polo HIGHLINE PLUS 1.0 TSI AT,Petrol,AUTOMATIC,,"6,018",1st,Hyderabad,"10,48,599"
89,2013,Honda,Honda Brio 1.2 S MT I VTEC,Petrol,MANUAL,,"51,232",2nd,Hyderabad,"3,87,399"
90,2014,Hyundai,Hyundai Eon ERA PLUS,Petrol,MANUAL,,"75,885",2nd,Hyderabad,"2,92,799"
91,2016,Hyundai,Hyundai Grand i10 SPORTZ 1.2 KAPPA VTVT,Petrol,MANUAL,,"22,482",1st,Hyderabad,"5,08,699"
92,2013,Hyundai,Hyundai i10 MAGNA 1.2 KAPPA2,Petrol,MANUAL,,"95,941",1st,Hyderabad,"3,53,599"
93,2019,Volkswagen,Volkswagen Polo COMFORTLINE 1.0 PETROL,Petrol,MANUAL,,"48,506",1st,Hyderabad,"6,35,899"
94,2018,Hyundai,Hyundai Creta 1.4 S CRDI,Diesel,MANUAL,,"69,054",1st,Hyderabad,"9,79,099"
95,2015,Maruti,Maruti Celerio ZXI AMT,Petrol,AUTOMATIC,,"67,505",1st,Hyderabad,"4,26,199"
96,2014,Hyundai,Hyundai Grand i10 SPORTZ 1.2 KAPPA VTVT,Petrol,MANUAL,,"83,083",2nd,Hyderabad,"4,56,799"
97,2018,Hyundai,Hyundai NEW SANTRO ASTA 1.1 MT,Petrol,MANUAL,,"5,309",2nd,Hyderabad,"5,27,999"
98,2016,Tata,Tata Nano TWIST XTA,Petrol,AUTOMATIC,,"35,485",1st,Hyderabad,"2,28,599"
99,2019,Tata,Tata Tiago XZA 1.2 REVOTRON,Petrol,AUTOMATIC,,"13,014",2nd,Hyderabad,"5,78,599"
100,2013,Hyundai,Hyundai i20 MAGNA O 1.2,Petrol,MANUAL,,"44,412",2nd,Hyderabad,"4,05,399"
101,2016,Hyundai,Hyundai Elite i20 ASTA 1.2,Petrol,MANUAL,,"45,853",3rd,Hyderabad,"6,14,199"
102,2018,Maruti,Maruti Celerio ZXI,Petrol,MANUAL,,"57,606",1st,Hyderabad,"5,00,299"
103,2016,Hyundai,Hyundai Grand i10 SPORTZ 1.2 KAPPA VTVT,Petrol,MANUAL,,"11,930",1st,Hyderabad,"5,27,799"
104,2021,Volkswagen,Volkswagen Polo COMFORTLINE 1.0 TSI,Petrol,AT,,"3,201",1st,Hyderabad,"9,67,099"
105,2015,Honda,Honda Jazz 1.2 VX I-VTECH,Petrol,MANUAL,,"77,876",1st,Hyderabad,"5,73,899"
106,2018,Maruti,Maruti Swift ZXI+,Petrol,MANUAL,,"80,127",1st,Hyderabad,"6,85,899"
107,2018,Hyundai,Hyundai Creta 1.4 E PLUS CRDI,Diesel,MANUAL,,"88,687",1st,Hyderabad,"9,47,299"
108,2017,Skoda,Skoda Rapid 1.6 MPI STYLE AT,Petrol,AUTOMATIC,,"43,390",2nd,Hyderabad,"9,03,799"
109,2014,Honda,Honda City V MT PETROL,Petrol,MANUAL,,"54,297",1st,Hyderabad,"6,01,399"
110,2017,Honda,Honda Jazz 1.2 S MT,Petrol,MANUAL,,"46,974",1st,Hyderabad,"5,31,499"
111,2019,Maruti,Maruti Eeco 5 STR WITH AC PLUSHTR,Petrol,MANUAL,,"12,138",1st,Hyderabad,"4,84,199"
112,2019,Hyundai,Hyundai NEW SANTRO 1.1 MAGNA MT,Petrol,MANUAL,,"19,248",1st,Hyderabad,"4,99,899"
113,2017,Maruti,Maruti Alto 800 LXI,Petrol,MANUAL,,"67,522",1st,Hyderabad,"2,96,999"
114,2020,Skoda,Skoda Rapid 1.0 AMBITION TSI MT,Petrol,MANUAL,,"33,012",1st,Hyderabad,"8,62,399"
115,2020,Ford,Ford Ecosport 1.5TITANIUM TDCI,Diesel,MANUAL,,"19,385",2nd,Hyderabad,"9,97,399"
116,2019,Hyundai,Hyundai Elite i20 1.2 MAGNA PLUS VTVT,Petrol,MANUAL,,"61,148",1st,Hyderabad,"6,73,249"
117,2019,Renault,Renault Duster RXS CVT 106 PS,Petrol,AUTOMATIC,,"31,023",1st,Hyderabad,"7,64,799"
118,2017,Honda,Honda Amaze 1.2 SMT I VTEC,Petrol,MANUAL,,"53,491",1st,Hyderabad,"5,21,099"
119,2020,Maruti,Maruti S Cross DELTA SHVS,Diesel,MANUAL,,"32,921",1st,Hyderabad,"10,83,099"
120,2016,Hyundai,Hyundai Grand i10 SPORTZ 1.2 KAPPA VTVT,Petrol,MANUAL,,"57,315",1st,Hyderabad,"4,65,999"
121,2020,Renault,Renault Duster RXZ,Petrol,MANUAL,,"7,232",1st,Hyderabad,"10,51,199"
122,2021,Maruti,Maruti New  Wagon-R ZXI 1.2,Petrol,MANUAL,,"8,752",1st,Hyderabad,"6,54,299"
123,2016,Hyundai,Hyundai Eon ERA PLUS,Petrol,MANUAL,,"25,485",1st,Hyderabad,"3,27,199"
124,2015,Hyundai,Hyundai Grand i10 SPORTZ 1.2 KAPPA VTVT,Petrol,MANUAL,,"50,157",2nd,Hyderabad,"4,60,199"
125,2011,Maruti,Maruti Wagon R 1.0 LXI,Petrol,MANUAL,,"57,490",1st,Hyderabad,"2,78,899"
126,2013,Honda,Honda City V MT PETROL,Petrol,MANUAL,,"34,987",1st,Hyderabad,"6,01,399"
127,2017,Honda,Honda Jazz 1.2 V MT,Petrol,MANUAL,,"83,510",1st,Hyderabad,"5,60,599"
128,2015,Honda,Honda Jazz 1.2 VX I-VTECH,Petrol,MANUAL,,"84,515",1st,Hyderabad,"5,87,399"
129,2019,Maruti,Maruti Celerio X ZXI OPT AMT,Petrol,AUTOMATIC,,"30,331",1st,Hyderabad,"5,40,899"
130,2020,KIA,KIA SELTOS GTK 1.4 GDI PETROL,Petrol,MANUAL,,"26,592",1st,Hyderabad,"14,44,399"
131,2019,Maruti,Maruti Alto K10 VXI,Petrol,MANUAL,,"5,851",1st,Hyderabad,"4,41,499"
132,2018,Maruti,Maruti Vitara Brezza ZDI PLUS DUAL TONE,Diesel,MANUAL,,"93,279",1st,Hyderabad,"8,12,899"
133,2016,Hyundai,Hyundai Grand i10 SPORTZ 1.2 KAPPA VTVT,Petrol,MANUAL,,"71,464",1st,Hyderabad,"4,72,499"
134,2020,Hyundai,Hyundai Elite i20 1.2 SPORTS PLUS VTVT,Petrol,MANUAL,,"58,748",1st,Hyderabad,"7,60,899"
135,2018,Hyundai,Hyundai Grand i10 ASTA 1.2 CRDI,Diesel,MANUAL,,"79,918",2nd,Hyderabad,"5,15,799"
136,2017,Maruti,Maruti Alto K10 VXI,Petrol,MANUAL,,"89,973",2nd,Hyderabad,"3,30,699"
137,2017,Maruti,Maruti Swift ZXI,Petrol,MANUAL,,"45,599",2nd,Hyderabad,"6,43,499"
138,2019,Tata,Tata Tiago XZ+ 1.2 Revotron,Petrol,MANUAL,,"25,987",1st,Hyderabad,"6,23,899"
139,2019,Hyundai,Hyundai Elite i20 1.2 SPORTS PLUS VTVT,Petrol,MANUAL,,"26,336",1st,Hyderabad,"7,01,999"
140,2016,Hyundai,Hyundai Grand i10 Magna 1.2 AT  VTVT,Petrol,AUTOMATIC,,"84,037",1st,Hyderabad,"4,91,799"
141,2013,Honda,Honda Amaze 1.2 VXMT I VTEC,Petrol,MANUAL,,"89,540",2nd,Hyderabad,"4,26,399"
142,2015,Hyundai,Hyundai Grand i10 SPORTZ 1.2 KAPPA VTVT,Petrol,MANUAL,,"74,864",1st,Hyderabad,"4,44,399"
143,2017,Maruti,Maruti Alto 800 LXI,Petrol,MANUAL,,"34,048",2nd,Hyderabad,"3,09,099"
144,2019,Maruti,Maruti Eeco 5 STR WITH AC PLUSHTR,Petrol,MANUAL,,"43,076",2nd,Hyderabad,"4,70,999"
145,2014,Hyundai,Hyundai Grand i10 SPORTZ 1.2 KAPPA VTVT,Petrol,MANUAL,,"43,506",1st,Hyderabad,"4,54,399"
146,2021,Volkswagen,Volkswagen Polo HIGHLINE PLUS 1.0 TSI AT,Petrol,AUTOMATIC,,"21,885",1st,Hyderabad,"9,89,099"
147,2021,Renault,Renault TRIBER 1.0 RXL PETROL,Petrol,MANUAL,,"17,148",1st,Hyderabad,"6,59,899"
148,2021,Hyundai,Hyundai VENUE 1.0 TURBO GDI S IMT,Petrol,MANUAL,,"3,273",1st,Hyderabad,"9,65,699"
149,2018,Hyundai,Hyundai Grand i10 SPORTZ 1.2 KAPPA VTVT,Petrol,MANUAL,,"46,262",2nd,Hyderabad,"5,47,499"
150,2018,Tata,Tata Tiago XZA 1.2 REVOTRON,Petrol,AUTOMATIC,,"73,053",2nd,Hyderabad,"5,14,999"
151,2018,Skoda,Skoda Rapid Style 1.5 TDI AT,Diesel,AUTOMATIC,,"75,836",1st,Hyderabad,"7,59,599"
152,2015,Hyundai,Hyundai Eon ERA PLUS,Petrol,MANUAL,,"76,784",2nd,Hyderabad,"3,09,699"
153,2018,Maruti,Maruti Alto 800 LXI,Petrol,MANUAL,,"14,510",3rd,Hyderabad,"3,47,699"
154,2020,Maruti,Maruti Vitara Brezza ZXI+ DUAL TONE,Petrol,MANUAL,,"78,551",1st,Hyderabad,"9,42,299"
155,2019,Mahindra,Mahindra XUV500 W9,Diesel,MANUAL,,"71,000",1st,Hyderabad,"15,63,199"
156,2017,Honda,Honda Amaze 1.2 VXMT I VTEC,Petrol,MANUAL,,"31,687",2nd,Hyderabad,"5,68,899"
157,2019,Maruti,Maruti New  Wagon-R VXI 1.0,Petrol,MANUAL,,"39,641",1st,Hyderabad,"5,29,499"
158,2018,Hyundai,Hyundai Grand i10 SPORTZ 1.2 KAPPA VTVT,Petrol,MANUAL,,"96,782",1st,Hyderabad,"5,23,599"
159,2019,Maruti,Maruti New  Wagon-R 1.0 Lxi (o) cng,Petrol,MANUAL,,"41,440",1st,Hyderabad,"5,46,499"
160,2019,Maruti,Maruti Eeco 5 STR WITH AC PLUSHTR,Petrol,MANUAL,,"19,406",1st,Hyderabad,"4,86,599"
161,2018,Honda,Honda Jazz 1.5 SV I DTEC,Diesel,MANUAL,,"80,871",2nd,Hyderabad,"6,88,059"
162,2021,Mahindra,Mahindra XUV500 W11 (O),Diesel,MANUAL,,"55,775",1st,Hyderabad,"17,57,899"
163,2018,Maruti,Maruti Wagon R 1.0 VXI,Petrol,MANUAL,,"12,453",3rd,Hyderabad,"4,65,799"
164,2018,Mahindra,Mahindra XUV500 W9,Diesel,MANUAL,,"98,361",1st,Hyderabad,"13,88,499"
165,2017,Mahindra,Mahindra Kuv100 K4+ D 6 STR,Diesel,MANUAL,,"70,994",1st,Hyderabad,"4,46,299"
166,2016,Hyundai,Hyundai Grand i10 SPORTZ 1.2 KAPPA VTVT,Petrol,MANUAL,,"42,389",2nd,Hyderabad,"4,96,199"
167,2017,Honda,Honda Brio 1.2 VX MT I VTEC,Petrol,MANUAL,,"29,823",1st,Hyderabad,"5,07,799"
168,2017,Hyundai,Hyundai Creta 1.6 SX PLUS DIESEL,Diesel,MANUAL,,"78,569",1st,Hyderabad,"12,29,899"
169,2016,Hyundai,Hyundai i20 Active 1.4 SX,Diesel,MANUAL,,"84,634",2nd,Hyderabad,"6,97,399"
170,2018,Maruti,Maruti Dzire VXI,Petrol,MANUAL,,"19,188",1st,Hyderabad,"6,78,799"
171,2022,Tata,Tata NEXON XZ 1.2,Petrol,MANUAL,,"4,382",1st,Hyderabad,"10,22,199"
172,2017,Maruti,Maruti Ciaz SIGMA 1.4 VVT,Petrol,MANUAL,,"75,329",2nd,Hyderabad,"6,70,099"
173,2020,Toyota,Toyota YARIS J MT,Petrol,MANUAL,,"19,489",1st,Hyderabad,"7,77,499"
174,2016,Maruti,Maruti Baleno ALPHA 1.2 K12,Petrol,MANUAL,,"37,446",2nd,Hyderabad,"6,21,999"
175,2017,Hyundai,Hyundai Creta 1.4 S PLUS CRDI,Diesel,MANUAL,,"94,930",1st,Hyderabad,"9,38,199"
176,2020,Skoda,Skoda Rapid STYLE 1.6 MPI MT,Petrol,MANUAL,,"20,517",1st,Hyderabad,"9,57,599"
177,2015,Honda,Honda Brio 1.2 S MT I VTEC,Petrol,MANUAL,,"82,845",1st,Hyderabad,"3,90,599"
178,2016,Honda,Honda Jazz 1.2 V AT,Petrol,AUTOMATIC,,"42,524",2nd,Hyderabad,"6,77,899"
179,2019,KIA,KIA SELTOS GTX + AT PETROL,Petrol,AUTOMATIC,,"45,343",1st,Hyderabad,"17,73,699"
180,2021,Volkswagen,Volkswagen Polo HIGH LINE PLUS 1.0,Petrol,MANUAL,,"20,397",1st,Hyderabad,"9,66,399"
181,2017,Datsun,Datsun Redi Go T (O),Petrol,MANUAL,,"41,422",1st,Hyderabad,"2,98,899"
182,2021,Maruti,Maruti Vitara Brezza ZXI,Petrol,MANUAL,,"32,272",1st,Hyderabad,"10,58,699"
183,2018,Maruti,Maruti Ciaz VDI+ SHVS,Diesel,MANUAL,,"97,802",1st,Hyderabad,"7,10,699"
184,2014,Hyundai,Hyundai i20 SPORTZ 1.4 CRDI,Diesel,MANUAL,,"91,606",2nd,Hyderabad,"5,24,499"
185,2017,Maruti,Maruti Dzire VXI,Petrol,MANUAL,,"39,213",1st,Hyderabad,"6,37,999"
186,2017,Mahindra,Mahindra Thar CRDE 4X4 BS IV,Diesel,MANUAL,,"46,157",2nd,Hyderabad,"7,81,699"
187,2015,Honda,Honda Jazz 1.2 VX I-VTECH,Petrol,MANUAL,,"82,373",3rd,Hyderabad,"5,77,199"
188,2017,Maruti,Maruti Baleno ZETA DDIS 190,Diesel,MANUAL,,"51,253",1st,Hyderabad,"6,63,599"
189,2021,Datsun,Datsun Redi Go 1.0 T(O) AT,Petrol,AUTOMATIC,,"17,487",1st,Hyderabad,"5,33,399"
190,2015,Honda,Honda City VX MT PETROL,Petrol,MANUAL,,"71,857",2nd,Hyderabad,"6,87,099"
191,2019,Hyundai,Hyundai Grand i10 MAGNA 1.2 VTVT,Petrol,MANUAL,,"96,631",1st,Hyderabad,"5,94,599"
192,2017,Hyundai,Hyundai i20 Active 1.2 S,Petrol,MANUAL,,"19,119",1st,Hyderabad,"6,81,599"
193,2020,Hyundai,Hyundai Elite i20 1.2 SPORTS PLUS VTVT,Petrol,MANUAL,,"48,534",1st,Hyderabad,"7,98,399"
194,2021,Hyundai,Hyundai NEW I20 ASTA 1.0 GDI,Petrol,DCT,,"4,904",1st,Hyderabad,"11,65,799"
195,2015,Ford,Ford Ecosport 1.5 TITANIUM TI VCT,Petrol,MANUAL,,"69,993",1st,Hyderabad,"5,69,299"
196,2017,Maruti,Maruti Wagon R 1.0 VXI,Petrol,MANUAL,,"43,102",2nd,Hyderabad,"4,12,199"
197,2019,Datsun,Datsun Redi Go 1.0 T(O) AT,Petrol,AUTOMATIC,,"80,778",1st,Hyderabad,"3,27,099"
198,2013,Maruti,Maruti Wagon R 1.0 VXI,Petrol,MANUAL,,"54,727",2nd,Hyderabad,"3,29,099"
199,2015,Maruti,Maruti Wagon R 1.0 VXI,Petrol,MANUAL,,"56,833",1st,Hyderabad,"3,71,099"
200,2021,Tata,Tata NEXON XZ+ 1.2,Petrol,MANUAL,,"14,248",1st,Hyderabad,"11,12,699"
201,2018,Maruti,Maruti Dzire VXI,Petrol,MANUAL,,"45,586",1st,Hyderabad,"6,78,799"
202,2016,Maruti,Maruti Baleno ALPHA 1.2 K12,Petrol,MANUAL,,"52,591",1st,Hyderabad,"6,23,799"
203,2018,Maruti,Maruti Wagon R 1.0 VXI,Petrol,MANUAL,,"43,922",2nd,Hyderabad,"4,22,399"
204,2018,Maruti,Maruti Wagon R 1.0 VXI,Petrol,MANUAL,,"53,601",1st,Hyderabad,"4,33,399"
205,2021,Maruti,Maruti Alto VXI,Petrol,MANUAL,,"3,373",1st,Hyderabad,"4,45,199"
206,2017,Maruti,Maruti Wagon R 1.0 VXI,Petrol,MANUAL,,"57,522",1st,Hyderabad,"4,31,199"
207,2017,Hyundai,Hyundai Elite i20 ASTA 1.2,Petrol,MANUAL,,"35,538",1st,Hyderabad,"6,73,499"
208,2017,Hyundai,Hyundai Elite i20 SPORTZ 1.2,Petrol,MANUAL,,"48,779",1st,Hyderabad,"6,37,099"
209,2018,Hyundai,Hyundai Elite i20 1.4 CRDI ASTA (O),Diesel,MANUAL,,"51,343",2nd,Hyderabad,"8,31,499"
210,2017,Datsun,Datsun Redi Go T (O),Petrol,MANUAL,,"44,079",1st,Hyderabad,"2,98,899"
211,2018,Hyundai,Hyundai NEW SANTRO SPORTZ 1.1,Petrol,MANUAL,,"17,725",2nd,Hyderabad,"5,09,499"
212,2017,Hyundai,Hyundai Grand i10 SPORTZ O 1.2,Petrol,MANUAL,,"15,854",2nd,Hyderabad,"5,38,499"
213,2014,Maruti,Maruti Wagon R 1.0 VXI,Petrol,MANUAL,,"59,350",2nd,Hyderabad,"3,64,399"
214,2015,Maruti,Maruti Wagon R 1.0 VXI,Petrol,MANUAL,,"77,898",2nd,Hyderabad,"3,77,899"
215,2017,Maruti,Maruti Dzire VXI,Petrol,MANUAL,,"54,189",2nd,Hyderabad,"6,46,099"
216,2018,Hyundai,Hyundai Elite i20 1.4 CRDI ASTA (O),Diesel,MANUAL,,"31,111",1st,Hyderabad,"8,25,799"
217,2018,Maruti,Maruti Alto K10 VXI,Petrol,MANUAL,,"79,907",2nd,Hyderabad,"4,00,099"
218,2021,Ford,Ford FREESTYLE TITANIUM Plus 1.5 TDCI MT,Diesel,MANUAL,,"27,282",1st,Hyderabad,"9,29,099"
219,2017,Maruti,Maruti Wagon R 1.0 VXI,Petrol,MANUAL,,"45,363",1st,Hyderabad,"4,22,399"
220,2013,Hyundai,Hyundai i20 SPORTZ 1.4 CRDI,Diesel,MANUAL,,"89,444",2nd,Hyderabad,"5,24,699"
221,2018,Hyundai,Hyundai Elite i20 1.4 CRDI ASTA (O),Diesel,MANUAL,,"52,854",2nd,Hyderabad,"8,27,399"
222,2018,Hyundai,Hyundai Creta SX PLUS 1.6 DUAL TONE VTVT,Petrol,MANUAL,,"31,788",1st,Hyderabad,"12,92,299"
223,2019,Hyundai,Hyundai Elite i20 ASTA 1.2 (O),Petrol,MANUAL,,"60,080",1st,Hyderabad,"7,32,799"
224,2018,Maruti,Maruti Wagon R 1.0 VXI,Petrol,MANUAL,,"64,160",1st,Hyderabad,"4,39,399"
225,2018,Maruti,Maruti Alto 800 LXI OPT,Petrol,MANUAL,,"39,885",1st,Hyderabad,"3,50,099"
226,2020,Volkswagen,Volkswagen Vento 1.2 TSI HIGHLINE PLUS AT,Petrol,AUTOMATIC,,"18,336",1st,Hyderabad,"9,95,749"
227,2018,Hyundai,Hyundai Eon ERA PLUS,Petrol,MANUAL,,"21,497",2nd,Hyderabad,"3,61,999"
228,2018,Maruti,Maruti Alto 800 LXI,Petrol,MANUAL,,"64,650",2nd,Hyderabad,"3,36,699"
229,2018,Maruti,Maruti Dzire ZDI Plus AMT,Diesel,AUTOMATIC,,"35,872",1st,Hyderabad,"8,86,399"
230,2017,Hyundai,Hyundai Elite i20 ASTA 1.2 DUAL TONE,Petrol,MANUAL,,"41,269",1st,Hyderabad,"6,71,199"
231,2015,Maruti,Maruti Wagon R 1.0 VXI,Petrol,MANUAL,,"75,892",1st,Hyderabad,"3,70,499"
232,2019,Hyundai,Hyundai NEW SANTRO SPORTZ 1.1,Petrol,MANUAL,,"19,126",1st,Hyderabad,"5,50,120"
233,2018,Maruti,Maruti Alto 800 LXI OPT,Petrol,MANUAL,,"33,539",1st,Hyderabad,"3,22,899"
234,2017,Hyundai,Hyundai Creta 1.6 CRDI SX PLUS AUTO,Diesel,AUTOMATIC,,"65,617",1st,Hyderabad,"11,68,099"
235,2017,Hyundai,Hyundai Creta 1.6 SX PLUS PETROL,Petrol,MANUAL,,"49,210",1st,Hyderabad,"10,86,599"
236,2019,MG,MG HECTOR SHARP DCT PETROL,Petrol,AUTOMATIC,,"18,436",1st,Hyderabad,"16,74,224"
237,2020,Volkswagen,Volkswagen Polo HIGHLINE PLUS 1.0 TSI,Petrol,MT,,"23,135",1st,Hyderabad,"9,32,199"
238,2018,Maruti,Maruti Alto 800 LXI,Petrol,MANUAL,,"22,441",1st,Hyderabad,"3,47,699"
239,2021,Ford,Ford Ecosport 1.5 TITANIUM TI VCT,Petrol,MANUAL,,"9,435",2nd,Hyderabad,"10,61,899"
240,2017,Honda,Honda City V MT PETROL,Petrol,MANUAL,,"39,528",1st,Hyderabad,"8,03,999"
241,2021,Renault,Renault TRIBER 1.0 RXL PETROL,Petrol,MANUAL,,"41,216",1st,Hyderabad,"6,59,899"
242,2017,Honda,Honda City V MT PETROL,Petrol,MANUAL,,"30,648",1st,Hyderabad,"7,96,499"
243,2016,Honda,Honda Jazz 1.2 V AT,Petrol,AUTOMATIC,,"37,247",1st,Hyderabad,"6,84,199"
244,2018,Maruti,Maruti Alto 800 LXI,Petrol,MANUAL,,"67,910",1st,Hyderabad,"3,29,599"
245,2016,Maruti,Maruti Wagon R 1.0 VXI,Petrol,MANUAL,,"34,946",2nd,Hyderabad,"4,18,099"
246,2017,Hyundai,Hyundai Elite i20 ASTA 1.2 DUAL TONE,Petrol,MANUAL,,"75,444",1st,Hyderabad,"6,82,099"
247,2020,Hyundai,Hyundai Creta 1.5 SX (O) AT,Petrol,AUTOMATIC,,"11,599",1st,Hyderabad,"17,74,699"
248,2017,Maruti,Maruti Wagon R 1.0 VXI,Petrol,MANUAL,,"72,931",1st,Hyderabad,"4,06,899"
249,2018,Maruti,Maruti Dzire VXI AMT,Petrol,AUTOMATIC,,"52,127",2nd,Hyderabad,"7,08,199"
250,2009,Toyota,Toyota Corolla Altis  VL AT,Petrol,AUTOMATIC,,"95,772",2nd,Hyderabad,"5,79,299"
251,2019,Hyundai,Hyundai Grand i10 SPORTZ 1.2 KAPPA VTVT,Petrol,MANUAL,,"36,442",1st,Hyderabad,"6,05,299"
252,2017,Honda,Honda City VX CVT PETROL,Petrol,AUTOMATIC,,"31,638",1st,Hyderabad,"9,83,199"
253,2018,Maruti,Maruti Alto 800 LXI,Petrol,MANUAL,,"44,804",2nd,Hyderabad,"3,36,699"
254,2018,Honda,Honda Amaze 1.2 SMT I VTEC,Petrol,MANUAL,,"36,890",1st,Hyderabad,"6,18,599"
255,2020,Maruti,Maruti Celerio X Zxi,Petrol,MANUAL,,"29,715",1st,Hyderabad,"5,64,499"
256,2021,Ford,Ford Figo Aspire 1.2 TITANIUM PETROL,Petrol,MANUAL,,"10,772",1st,Hyderabad,"7,15,799"
257,2014,Ford,Ford Ecosport 1.0 ECOBOOST TITANIUM OPT,Petrol,MANUAL,,"83,306",1st,Hyderabad,"6,57,699"
258,2018,Maruti,Maruti Alto 800 LXI OPT,Petrol,MANUAL,,"23,018",1st,Hyderabad,"3,48,199"
259,2014,Maruti,Maruti Wagon R 1.0 VXI,Petrol,MANUAL,,"59,499",1st,Hyderabad,"3,75,999"
260,2018,Hyundai,Hyundai Grand i10 SPORTZ 1.2 KAPPA VTVT,Petrol,MANUAL,,"31,463",1st,Hyderabad,"5,45,399"
261,2019,Maruti,Maruti Alto 800 LXI,Petrol,MANUAL,,"67,446",2nd,Hyderabad,"3,52,899"
262,2020,Hyundai,Hyundai NEW SANTRO ASTA 1.1 MT,Petrol,MANUAL,,"31,550",1st,Hyderabad,"5,48,199"
263,2017,Honda,Honda City V MT PETROL,Petrol,MANUAL,,"60,642",1st,Hyderabad,"7,69,799"
264,2017,Hyundai,Hyundai Grand i10 SPORTZ O 1.2,Petrol,MANUAL,,"50,191",2nd,Hyderabad,"5,32,599"
265,2019,Maruti,Maruti Alto 800 LXI,Petrol,MANUAL,,"15,794",1st,Hyderabad,"3,48,799"
266,2019,Hyundai,Hyundai Elite i20 ASTA 1.2 (O),Petrol,MANUAL,,"17,855",1st,Hyderabad,"8,05,600"
267,2019,Hyundai,Hyundai NEW SANTRO SPORTZ 1.1,Petrol,MANUAL,,"74,481",1st,Hyderabad,"5,02,699"
268,2018,Hyundai,Hyundai Verna 1.6 CRDI SX + AT,Diesel,AUTOMATIC,,"90,344",1st,Hyderabad,"9,99,899"
269,2019,Maruti,Maruti S PRESSO VXI PLUS,Petrol,MANUAL,,"35,180",1st,Hyderabad,"4,34,399"
270,2020,Hyundai,Hyundai Creta S CRDI,Diesel,MANUAL,,"57,609",1st,Hyderabad,"14,18,599"
271,2017,Maruti,Maruti Alto K10 VXI,Petrol,MANUAL,,"24,535",1st,Hyderabad,"3,63,199"
272,2021,Maruti,Maruti Baleno DELTA 1.2 K12,Petrol,MANUAL,,"46,008",1st,Hyderabad,"7,10,799"
273,2018,Maruti,Maruti IGNIS DELTA 1.2 K12,Petrol,MANUAL,,"52,203",1st,Hyderabad,"5,04,499"
274,2020,Hyundai,Hyundai Grand i10 SPORTZ 1.2 KAPPA VTVT,Petrol,MANUAL,,"38,527",2nd,Hyderabad,"5,98,399"
275,2017,Hyundai,Hyundai Grand i10 SPORTZ O 1.2,Petrol,MANUAL,,"72,123",1st,Hyderabad,"5,29,699"
276,2020,Maruti,Maruti S PRESSO VXI PLUS,Petrol,MANUAL,,"39,157",1st,Hyderabad,"4,70,699"
277,2019,Hyundai,Hyundai NEW SANTRO SPORTZ 1.1,Petrol,MANUAL,,"44,530",1st,Hyderabad,"5,29,699"
278,2019,Maruti,Maruti Wagon R 1.0 VXI,Petrol,MANUAL,,"33,450",2nd,Hyderabad,"4,72,999"
279,2020,Hyundai,Hyundai GRAND I10 NIOS 1.2 Kappa Sports MT,Petrol,MANUAL,,"20,085",1st,Hyderabad,"6,37,599"
280,2017,Maruti,Maruti Wagon R 1.0 LXI CNG,Petrol,MANUAL,,"55,430",1st,Hyderabad,"4,22,099"
281,2020,Maruti,Maruti S PRESSO VXI PLUS,Petrol,MANUAL,,"75,873",1st,Hyderabad,"4,56,399"
282,2017,Maruti,Maruti Alto K10 VXI,Petrol,MANUAL,,"62,124",1st,Hyderabad,"3,77,799"
283,2017,Hyundai,Hyundai Verna FLUIDIC 1.6 SX VTVT,Petrol,MANUAL,,"71,424",1st,Hyderabad,"7,64,199"
284,2017,Hyundai,Hyundai Verna 1.6 CRDI SX + AT,Diesel,AUTOMATIC,,"93,427",1st,Hyderabad,"9,91,499"
285,2020,Ford,Ford FREESTYLE TITANIUM 1.2 TI-VCT MT,Petrol,MANUAL,,"16,900",1st,Hyderabad,"6,88,399"
286,2019,Maruti,Maruti Alto 800 LXI,Petrol,MANUAL,,"20,707",2nd,Hyderabad,"3,24,399"
287,2019,Jeep,Jeep Compass 2.0 SPORT PLUS,Diesel,MANUAL,,"77,081",1st,Hyderabad,"14,98,699"
288,2020,KIA,KIA SELTOS HTX+ MT 1.5 DIESEL,Diesel,MANUAL,,"36,550",1st,Hyderabad,"16,90,199"
289,2019,Hyundai,Hyundai Grand i10 SPORTZ 1.2 KAPPA VTVT,Petrol,MANUAL,,"11,849",1st,Hyderabad,"6,09,699"
290,2019,Maruti,Maruti Alto 800 LXI,Petrol,MANUAL,,"41,731",2nd,Hyderabad,"3,30,099"
291,2016,Maruti,Maruti Wagon R 1.0 VXI,Petrol,MANUAL,,"50,663",2nd,Hyderabad,"4,17,199"
292,2019,Volkswagen,Volkswagen Ameo Trendline 1.0,Petrol,MANUAL,,"72,520",1st,Hyderabad,"5,26,399"
293,2019,Hyundai,Hyundai Grand i10 MAGNA 1.2 VTVT,Petrol,MANUAL,,"32,719",1st,Hyderabad,"5,99,099"
294,2019,Maruti,Maruti S PRESSO VXI PLUS,Petrol,MANUAL,,"31,699",1st,Hyderabad,"4,64,299"
295,2021,Maruti,Maruti Alto VXI,Petrol,MANUAL,,"8,353",1st,Hyderabad,"3,96,349"
296,2018,Maruti,Maruti IGNIS ALPHA 1.2 K12,Petrol,MANUAL,,"83,770",2nd,Hyderabad,"4,53,799"
297,2020,Maruti,Maruti Baleno ZETA 1.2 K12,Petrol,MANUAL,,"85,221",1st,Hyderabad,"7,18,799"
298,2018,Honda,Honda City VX MT PETROL,Petrol,MANUAL,,"49,666",1st,Hyderabad,"9,32,999"
299,2022,Maruti,Maruti Alto VXI,Petrol,MANUAL,,"2,172",1st,Hyderabad,"4,72,799"
300,2019,Maruti,Maruti Alto 800 LXI,Petrol,MANUAL,,"36,516",1st,Hyderabad,"3,19,799"
301,2019,Hyundai,Hyundai Elite i20 ASTA 1.2 (O),Petrol,MANUAL,,"56,973",1st,Hyderabad,"8,03,199"
302,2018,Maruti,Maruti Alto K10 VXI,Petrol,MANUAL,,"18,954",2nd,Hyderabad,"4,17,099"
303,2017,Skoda,Skoda Rapid Style 1.5 TDI AT,Diesel,AUTOMATIC,,"85,126",2nd,Hyderabad,"8,05,099"
304,2019,Mahindra,Mahindra XUV 3OO W8(O),Diesel,MANUAL,,"96,610",1st,Hyderabad,"9,89,399"
305,2017,Datsun,Datsun Redi Go S,Petrol,MANUAL,,"34,639",1st,Hyderabad,"3,12,399"
306,2017,Maruti,Maruti IGNIS DELTA 1.2 K12,Petrol,MANUAL,,"86,513",1st,Hyderabad,"5,02,899"
307,2019,Maruti,Maruti Alto 800 LXI,Petrol,MANUAL,,"79,158",1st,Hyderabad,"3,18,899"
308,2019,Maruti,Maruti Alto 800 LXI,Petrol,MANUAL,,"32,573",1st,Hyderabad,"3,36,699"
309,2020,Hyundai,Hyundai NEW SANTRO SPORTZ 1.1,Petrol,MANUAL,,"45,158",1st,Hyderabad,"5,58,699"
310,2018,Maruti,Maruti Alto 800 LXI,Petrol,MANUAL,,"32,199",1st,Hyderabad,"3,36,699"
311,2017,Maruti,Maruti Alto K10 VXI,Petrol,MANUAL,,"52,080",1st,Hyderabad,"3,52,499"
312,2017,Maruti,Maruti IGNIS DELTA 1.2 K12,Petrol,MANUAL,,"86,846",2nd,Hyderabad,"4,46,299"
313,2019,Hyundai,Hyundai NEW SANTRO SPORTZ 1.1,Petrol,MANUAL,,"42,825",2nd,Hyderabad,"5,34,099"
314,2018,Hyundai,Hyundai Elite i20 1.4 CRDI ASTA (O),Diesel,MANUAL,,"71,122",1st,Hyderabad,"7,86,399"
315,2020,Hyundai,Hyundai Grand i10 MAGNA 1.2 VTVT,Petrol,MANUAL,,"24,911",1st,Hyderabad,"5,99,099"
316,2014,Honda,Honda City SV CVT PETROL,Petrol,AUTOMATIC,,"80,353",1st,Hyderabad,"6,86,099"
317,2018,Hyundai,Hyundai Verna 1.6 CRDI SX + AT,Diesel,AUTOMATIC,,"57,740",1st,Hyderabad,"10,92,799"
318,2019,Hyundai,Hyundai Grand i10 SPORTZ 1.2 KAPPA VTVT,Petrol,MANUAL,,"20,846",2nd,Hyderabad,"6,12,199"
319,2018,Ford,Ford Ecosport 1.5 TREND TI VCT,Petrol,MANUAL,,"13,012",1st,Hyderabad,"7,51,099"
320,2019,Maruti,Maruti Baleno ZETA DDIS 190,Diesel,MANUAL,,"79,989",2nd,Hyderabad,"7,56,399"
321,2018,Honda,Honda City V MT PETROL,Petrol,MANUAL,,"74,708",1st,Hyderabad,"8,00,899"
322,2016,Ford,Ford New Figo 1.5 TITANIUM AT PETROL,Petrol,AUTOMATIC,,"56,606",2nd,Hyderabad,"5,66,499"
323,2019,Hyundai,Hyundai Elite i20 ASTA 1.2 (O),Petrol,MANUAL,,"59,444",1st,Hyderabad,"8,03,199"
324,2017,Maruti,Maruti IGNIS DELTA 1.2 K12,Petrol,MANUAL,,"41,632",2nd,Hyderabad,"4,81,899"
325,2019,Maruti,Maruti Alto K10 VXI,Petrol,MANUAL,,"46,885",1st,Hyderabad,"4,12,599"
326,2019,Hyundai,Hyundai NEW SANTRO SPORTZ 1.1,Petrol,MANUAL,,"72,900",1st,Hyderabad,"5,28,999"
327,2018,Maruti,Maruti Alto 800 LXI,Petrol,MANUAL,,"30,589",2nd,Hyderabad,"3,36,699"
328,2019,Hyundai,Hyundai Grand i10 SPORTZ 1.2 KAPPA VTVT,Petrol,MANUAL,,"44,601",2nd,Hyderabad,"6,02,499"
329,2019,Hyundai,Hyundai Grand i10 SPORTZ 1.2 KAPPA VTVT,Petrol,MANUAL,,"65,057",1st,Hyderabad,"5,92,099"
330,2017,Maruti,Maruti IGNIS DELTA 1.2 K12,Petrol,MANUAL,,"60,071",2nd,Hyderabad,"4,95,349"
331,2016,Maruti,Maruti Wagon R 1.0 VXI,Petrol,MANUAL,,"70,998",1st,Hyderabad,"4,29,799"
332,2017,Nissan,Nissan Micra Active XV S,Petrol,MANUAL,,"82,629",2nd,Hyderabad,"4,45,199"
333,2020,Maruti,Maruti S PRESSO VXI,Petrol,MANUAL,,"23,538",1st,Hyderabad,"4,46,799"
334,2020,Ford,Ford Ecosport 1.5 TITANIUM PLUS TI VCT AT,Petrol,AUTOMATIC,,"5,907",1st,Hyderabad,"12,18,599"
335,2021,Maruti,Maruti Alto VXI,Petrol,MANUAL,,"4,796",1st,Hyderabad,"4,42,099"
336,2019,Hyundai,Hyundai Grand i10 SPORTZ 1.2 KAPPA VTVT,Petrol,MANUAL,,"66,230",1st,Hyderabad,"5,96,499"
337,2021,Hyundai,Hyundai GRAND I10 NIOS SPORTZ 1.2 AT,Petrol,AUTOMATIC,,"12,075",1st,Hyderabad,"7,81,699"
338,2021,Maruti,Maruti Baleno ZETA 1.2 K12,Petrol,MANUAL,,"11,676",1st,Hyderabad,"8,28,399"
339,2020,Hyundai,Hyundai NEW SANTRO 1.1 SPORTS AMT,Petrol,AUTOMATIC,,"39,938",1st,Hyderabad,"6,18,699"
340,2018,Maruti,Maruti Alto 800 LXI,Petrol,MANUAL,,"97,360",1st,Hyderabad,"3,24,299"
341,2017,Hyundai,Hyundai Grand i10 SPORTZ 1.2 KAPPA VTVT,Petrol,MANUAL,,"77,210",1st,Hyderabad,"5,39,299"
342,2019,Maruti,Maruti Alto 800 LXI,Petrol,MANUAL,,"38,333",1st,Hyderabad,"3,33,299"
343,2021,Maruti,Maruti Alto VXI,Petrol,MANUAL,,"13,565",1st,Hyderabad,"4,29,299"
344,2017,Maruti,Maruti IGNIS ZETA 1.2 K12,Petrol,MANUAL,,"68,057",2nd,Hyderabad,"4,79,599"
345,2018,Ford,Ford Ecosport 1.5 TITANIUM TI VCT,Petrol,MANUAL,,"25,944",1st,Hyderabad,"8,24,399"
346,2018,Maruti,Maruti Baleno ZETA 1.2 K12,Petrol,MANUAL,,"32,098",1st,Hyderabad,"6,82,599"
347,2021,Maruti,Maruti Alto VXI,Petrol,MANUAL,,"11,574",1st,Hyderabad,"4,23,699"
348,2021,Hyundai,Hyundai NEW I20 MAGNA 1.2,Petrol,MT,,"33,848",2nd,Hyderabad,"7,51,199"
349,2019,Maruti,Maruti S PRESSO VXI,Petrol,MANUAL,,"26,656",1st,Hyderabad,"4,25,299"
350,2020,MG,MG HECTOR PLUS SHARP,Petrol,DCT,,"17,605",1st,Hyderabad,"18,76,099"
351,2018,Hyundai,Hyundai Verna 1.6 SX VTVT (O),Petrol,MANUAL,,"40,808",1st,Hyderabad,"10,31,099"
352,2021,Datsun,Datsun Redi Go 1.0 T(O),Petrol,MANUAL,,"32,921",2nd,Hyderabad,"3,95,699"
353,2020,Maruti,Maruti Baleno ZETA 1.2 K12,Petrol,MANUAL,,"84,471",1st,Hyderabad,"7,00,999"
354,2019,Maruti,Maruti Alto VXI,Petrol,MANUAL,,"29,251",2nd,Hyderabad,"3,75,299"
355,2019,Hyundai,Hyundai i20 Active 1.2 SX,Petrol,MANUAL,,"21,726",1st,Hyderabad,"8,48,299"
356,2019,Maruti,Maruti Alto VXI,Petrol,MANUAL,,"17,607",1st,Hyderabad,"4,13,999"
357,2019,Maruti,Maruti Alto 800 LXI,Petrol,MANUAL,,"25,389",2nd,Hyderabad,"3,36,399"
358,2020,Maruti,Maruti Alto LXI OPT,Petrol,MANUAL,,"19,129",1st,Hyderabad,"3,78,299"
359,2019,Maruti,Maruti Baleno ZETA 1.2 K12,Petrol,MANUAL,,"46,320",1st,Hyderabad,"7,23,499"
360,2018,Ford,Ford Ecosport 1.5 TITANIUM TI VCT,Petrol,MANUAL,,"24,385",1st,Hyderabad,"8,22,499"
361,2019,Maruti,Maruti Alto LXI,Petrol,MANUAL,,"18,278",1st,Hyderabad,"3,44,699"
362,2019,Maruti,Maruti Alto K10 VXI,Petrol,MANUAL,,"48,866",2nd,Hyderabad,"3,95,799"
363,2018,Maruti,Maruti Alto K10 VXI,Petrol,MANUAL,,"31,007",3rd,Hyderabad,"4,09,699"
364,2020,MG,MG HECTOR SMART DCT PETROL,Petrol,AUTOMATIC,,"18,546",1st,Hyderabad,"18,52,299"
365,2021,Honda,Honda WR-V 1.2 i-VTEC VX MT,Petrol,MANUAL,,"27,310",1st,Hyderabad,"10,72,799"
366,2018,Toyota,Toyota YARIS J MT,Petrol,MANUAL,,"11,186",1st,Hyderabad,"8,29,199"
367,2018,Maruti,Maruti Wagon R 1.0 VXI,Petrol,MANUAL,,"23,484",1st,Hyderabad,"4,92,699"
368,2021,Maruti,Maruti Alto VXI,Petrol,MANUAL,,"13,331",1st,Hyderabad,"4,19,199"
369,2017,Hyundai,Hyundai Grand i10 SPORTZ (O) 1.2 AT VTVT,Petrol,AUTOMATIC,,"52,665",1st,Hyderabad,"6,24,899"
370,2018,Jeep,Jeep Compass LIMITED 1.4 AT,Petrol,AUTOMATIC,,"73,339",1st,Hyderabad,"14,53,699"
371,2020,Maruti,Maruti Alto LXI,Petrol,MANUAL,,"18,630",1st,Hyderabad,"3,60,699"
372,2018,Ford,Ford Ecosport 1.5 TDCI TITANIUM PLUS,Diesel,MANUAL,,"75,139",1st,Hyderabad,"9,51,499"
373,2017,Maruti,Maruti S Cross DELTA 1.3,Diesel,MANUAL,,"99,462",2nd,Hyderabad,"7,07,199"
374,2017,Maruti,Maruti Baleno ALPHA 1.2 K12,Petrol,MANUAL,,"28,496",1st,Hyderabad,"7,12,199"
375,2017,Maruti,Maruti Alto K10 VXI,Petrol,MANUAL,,"33,134",1st,Hyderabad,"3,77,599"
376,2019,Jeep,Jeep Compass LIMITED (O) 2.0,Diesel,MANUAL,,"50,070",1st,Hyderabad,"15,85,099"
377,2018,Maruti,Maruti Ciaz ALPHA 1.4 VVT AMT,Petrol,AUTOMATIC,,"74,856",2nd,Hyderabad,"8,25,099"
378,2017,Maruti,Maruti Alto K10 VXI,Petrol,MANUAL,,"49,686",1st,Hyderabad,"3,95,599"
379,2018,Maruti,Maruti Baleno ZETA 1.2 K12,Petrol,MANUAL,,"24,865",1st,Hyderabad,"6,94,599"
380,2019,Hyundai,Hyundai Elite i20 ASTA 1.2,Petrol,MANUAL,,"29,466",1st,Hyderabad,"7,31,399"
381,2020,Hyundai,Hyundai VENUE 1.0 turbo GDI IMT SX O,Petrol,MANUAL,,"22,431",1st,Hyderabad,"11,80,699"
382,2019,Maruti,Maruti Baleno ZETA 1.2 K12,Petrol,MANUAL,,"34,350",1st,Hyderabad,"7,37,899"
383,2021,Maruti,Maruti Alto VXI,Petrol,MANUAL,,"8,924",1st,Hyderabad,"4,22,799"
384,2017,Maruti,Maruti Alto K10 VXI,Petrol,MANUAL,,"39,794",1st,Hyderabad,"3,94,699"
385,2020,Toyota,Toyota Glanza V CVT,Petrol,AUTOMATIC,,"38,883",1st,Hyderabad,"8,18,099"
386,2017,Maruti,Maruti S Cross ZETA 1.3,Diesel,MANUAL,,"81,104",1st,Hyderabad,"7,93,699"
387,2017,Maruti,Maruti Alto K10 VXI,Petrol,MANUAL,,"35,222",1st,Hyderabad,"3,98,399"
388,2021,Maruti,Maruti Alto LXI,Petrol,MANUAL,,"18,493",1st,Hyderabad,"4,07,099"
389,2019,Maruti,Maruti S Cross DELTA SHVS,Diesel,MANUAL,,"97,982",1st,Hyderabad,"8,50,099"
390,2019,Tata,Tata NEXON XZA+ 1.5 Dual Tone,Diesel,AUTOMATIC,,"92,698",1st,Hyderabad,"9,41,899"
391,2019,Toyota,Toyota YARIS G CVT,Petrol,AUTOMATIC,,"12,233",1st,Hyderabad,"9,66,399"
392,2018,Toyota,Toyota YARIS J MT,Petrol,MANUAL,,"37,668",2nd,Hyderabad,"8,29,199"
393,2018,Maruti,Maruti Baleno ALPHA 1.2K12  AT,Petrol,AUTOMATIC,,"32,691",1st,Hyderabad,"7,51,399"
394,2019,Toyota,Toyota YARIS J MT,Petrol,MANUAL,,"61,586",1st,Hyderabad,"7,94,099"
395,2018,Maruti,Maruti Baleno ALPHA 1.2 K12,Petrol,MANUAL,,"45,909",1st,Hyderabad,"7,37,899"
396,2018,Hyundai,Hyundai Tucson New 2WD AT GL DIESEL,Diesel,AUTOMATIC,,"46,768",1st,Hyderabad,"18,62,499"
397,2021,Maruti,Maruti IGNIS ALPHA 1.2 K12 AMT,Petrol,AUTOMATIC,,"23,788",1st,Hyderabad,"8,36,899"
398,2012,Maruti,Maruti Swift Dzire VDI BS IV,Diesel,MANUAL,,"1,22,987",1st,Hyderabad,"4,46,999"
399,2011,Maruti,Maruti Swift ZXI,Petrol,MANUAL,,"49,957",2nd,Hyderabad,"4,50,999"
400,2010,Hyundai,Hyundai i10 SPORTZ 1.2,Petrol,MANUAL,,"73,177",2nd,Hyderabad,"2,76,099"
401,2014,Maruti,Maruti Swift VXI,Petrol,MANUAL,,"31,963",1st,Hyderabad,"4,23,899"
402,2010,Hyundai,Hyundai i10 MAGNA 1.2,Petrol,MANUAL,,"86,669",1st,Hyderabad,"2,64,999"
403,2012,Hyundai,Hyundai i10 MAGNA 1.2 KAPPA2,Petrol,MANUAL,,"56,262",1st,Hyderabad,"3,02,599"
404,2020,Maruti,Maruti Swift VXI,Petrol,MANUAL,,"61,278",1st,Hyderabad,"6,51,799"
405,2020,Maruti,Maruti Swift VXI,Petrol,MANUAL,,"56,084",2nd,Hyderabad,"6,63,099"
406,2015,Volkswagen,Volkswagen Polo TRENDLINE 1.5L DIESEL,Diesel,MANUAL,,"82,693",1st,Hyderabad,"4,68,199"
407,2012,Hyundai,Hyundai Eon ERA PLUS,Petrol,MANUAL,,"22,383",2nd,Hyderabad,"2,56,499"
408,2008,Maruti,Maruti Wagon R Duo LXI LPG,Petrol,MANUAL,,"1,01,142",2nd,Hyderabad,"2,03,799"
409,2009,Maruti,Maruti Alto LXI,Petrol,MANUAL,,"77,290",2nd,Hyderabad,"1,64,399"
410,2017,Renault,Renault Kwid RXL,Petrol,MANUAL,,"86,781",2nd,Hyderabad,"3,03,299"
411,2017,Maruti,Maruti Swift VDI OPT,Diesel,MANUAL,,"64,942",2nd,Hyderabad,"6,01,199"
412,2013,Maruti,Maruti Swift VDI,Diesel,MANUAL,,"98,437",1st,Hyderabad,"4,55,299"
413,2014,Maruti,Maruti Swift Dzire VDI,Diesel,MANUAL,,"89,905",2nd,Hyderabad,"5,55,099"
414,2013,Maruti,Maruti Swift Dzire VDI,Diesel,MANUAL,,"74,382",1st,Hyderabad,"5,04,199"
415,2018,Maruti,Maruti Ertiga ZDI PLUS SHVS,Diesel,MANUAL,,"68,275",1st,Hyderabad,"10,28,899"
416,2014,Maruti,Maruti Swift Dzire VXI,Petrol,MANUAL,,"16,315",1st,Hyderabad,"4,79,899"
417,2012,Maruti,Maruti Alto LXI,Petrol,MANUAL,,"85,311",3rd,Hyderabad,"1,98,799"
418,2012,Hyundai,Hyundai Verna FLUIDIC 1.6 EX CRDI,Diesel,MANUAL,,"99,761",1st,Hyderabad,"5,10,299"
419,2009,Hyundai,Hyundai Accent EXECUTIVE,Petrol,MANUAL,,"83,761",2nd,Hyderabad,"2,52,099"
420,2018,Hyundai,Hyundai Grand i10 1.2 CRDI Sportz O,Diesel,MANUAL,,"52,904",2nd,Hyderabad,"4,98,199"
421,2016,Maruti,Maruti Vitara Brezza ZDI,Diesel,MANUAL,,"80,092",1st,Hyderabad,"7,77,499"
422,2011,Toyota,Toyota Etios G SP,Petrol,MANUAL,,"63,826",1st,Hyderabad,"3,27,799"
423,2021,Tata,Tata NEXON XZA + 1.2 PETROL A/T,Petrol,AUTOMATIC,,"14,637",1st,Hyderabad,"11,52,999"
424,2009,Toyota,Toyota Fortuner 3.0 MT 4X4,Diesel,MANUAL,,"2,17,011",2nd,Hyderabad,"8,49,799"
425,2014,Hyundai,Hyundai i20 SPORTZ 1.2 VTVT,Petrol,MANUAL,,"69,813",1st,Hyderabad,"4,53,199"
426,2019,Volkswagen,Volkswagen Ameo Trendline 1.0,Petrol,MANUAL,,"77,643",1st,Hyderabad,"5,05,099"
427,2018,Maruti,Maruti Baleno SIGMA 1.2 K12,Petrol,MANUAL,,"74,888",1st,Hyderabad,"5,51,599"
428,2020,Hyundai,Hyundai VENUE 1.0 TURBO GDI SX+ AT,Petrol,AUTOMATIC,,"10,980",1st,Hyderabad,"11,89,299"
429,2019,Maruti,Maruti Vitara Brezza ZDI+ DUAL TONE AMT,Diesel,AUTOMATIC,,"47,374",1st,Hyderabad,"10,55,899"
430,2019,Maruti,Maruti Dzire ZXI,Petrol,MANUAL,,"69,891",1st,Hyderabad,"7,15,099"
431,2018,Maruti,Maruti Baleno DELTA 1.2 K12,Petrol,MANUAL,,"28,922",1st,Hyderabad,"6,32,199"
432,2021,Hyundai,Hyundai NEW I20 MAGNA 1.2,Petrol,MT,,"20,181",1st,Hyderabad,"7,51,199"
433,2021,Hyundai,Hyundai VENUE SX(O) CRDi,Diesel,MANUAL,,"31,162",1st,Hyderabad,"12,01,699"
434,2012,Hyundai,Hyundai i20 MAGNA O 1.2,Petrol,MANUAL,,"64,035",1st,Hyderabad,"3,63,399"
435,2019,Tata,Tata Tiago XZ+ 1.2 Revotron,Petrol,MANUAL,,"14,768",1st,Hyderabad,"6,27,399"
436,2020,Maruti,Maruti Vitara Brezza ZXI +,Petrol,MANUAL,,"22,637",1st,Hyderabad,"10,18,199"
437,2019,Volkswagen,Volkswagen Polo Trendline 1.0 L Petrol,Petrol,MANUAL,,"59,294",1st,Hyderabad,"5,80,799"
438,2017,Hyundai,Hyundai Eon ERA PLUS (O),Petrol,MANUAL,,"43,202",1st,Hyderabad,"3,24,499"
439,2019,Hyundai,Hyundai NEW SANTRO SPORTZ 1.1,Petrol,MANUAL,,"50,555",2nd,Hyderabad,"5,34,099"
440,2021,Maruti,Maruti Vitara Brezza ZXI +,Petrol,MANUAL,,"22,454",1st,Hyderabad,"10,65,899"
441,2014,Hyundai,Hyundai i20 SPORTZ 1.2 VTVT,Petrol,MANUAL,,"79,581",2nd,Hyderabad,"4,53,199"
442,2014,Hyundai,Hyundai Eon ERA PLUS,Petrol,MANUAL,,"38,627",2nd,Hyderabad,"2,92,799"
443,2018,Maruti,Maruti Dzire VXI AMT,Petrol,AUTOMATIC,,"28,941",1st,Hyderabad,"6,55,199"
444,2018,Maruti,Maruti Baleno ALPHA 1.2K12  AT,Petrol,AUTOMATIC,,"21,204",1st,Hyderabad,"7,46,299"
445,2018,Mahindra,Mahindra XUV500 W5 FWD,Diesel,MANUAL,,"60,096",1st,Hyderabad,"9,60,899"
