,Year,Brand,Model,Fuel Type,Transmission,Engine Capacity,Kms Driven,No. of Owners,Location,Price
0,2021,Hyundai,Hyundai Venue,Petrol,Manual,998,"10,898",1st,Jaipur,"12,33,000"
1,2016,Hyundai,Hyundai i20,Petrol,Manual,1197,"61,684",1st,Jaipur,"5,83,000 "
2,2020,Honda,Honda City,Petrol,Manual,1497,"55,617",1st,Jaipur,"11,79,533 "
3,2020,Nissan,Nissan Kicks,Petrol,Manual,1330,"16,194",1st,Jaipur,"9,80,000 "
4,2020,Renault,Renault Triber,Petrol,Manual,999,"29,373",1st,Jaipur,"6,67,200"
5,2020,Maruti,Maruti Ignis,Petrol,Manual,1197,"23,567",1st,Jaipur,"6,40,000 "
6,2019,Maruti,Maruti Baleno,Petrol,Manual,1197,"54,461",1st,Jaipur,"6,65,000"
7,2018,Jeep,Jeep Compass,Petrol,Manual,1368,"47,160",2nd,Jaipur,"12,80,000"
8,2020,Hyundai,Hyundai Venue,Petrol,Manual,998,"18,219",1st,Jaipur,"9,65,000 "
9,2020,Renault,Renault Duster,Petrol,Manual,1330,"52,432",1st,Jaipur,"10,75,000 "
10,2017,Maruti,Maruti Ciaz,Petrol,Manual,1373,"34,347",1st,Jaipur,"7,40,000 "
11,2019,Kia,Kia Seltos,Petrol,Manual,1353,"43,718",1st,Jaipur,"13,84,000 "
12,2018,Maruti,Maruti Baleno,Petrol,Manual,1197,"63,001",1st,Jaipur,"6,10,000 "
13,2022,Bmw,Bmw X7 Xdrive30d Dpe Signature,Diesel,Automatic,2993,650,First,Jaipur,1.36 Crore*
14,2019,Bmw,Bmw X5 Xdrive 30d Design Pure Experience 5 Seater,Diesel,Automatic,2993,"45,000",First,Jaipur,83.50 Lakh*
15,2020,Hyundai,Hyundai Venue,Petrol,Manual,998,"15,694",1st,Jaipur,"9,25,000"
16,2018,Mercedes-benz,Mercedes-benz S-class Maybach S560,Petrol,Manual,3982,"8,000",First,Jaipur,1.67 Crore*
17,2020,Hyundai,Hyundai Venue S Bsiv,Petrol,Manual,1197,"6,500",First,Jaipur,8.65 Lakh*
18,2019,Bmw,Bmw X1 Sdrive 20d Xline,Diesel,Automatic,1995,"24,900",First,Jaipur,31 Lakh*
19,2020,Jaguar,Jaguar Xf 2.0 Petrol Prestige,Petrol,Manual,1997,"10,000",First,Jaipur,47 Lakh*
20,2016,Volkswagen,Volkswagen Vento,Petrol,Manual,1197,"1,01,162",1st,Jaipur,"6,75,000 "
21,2017,Renault,Renault KWID,Petrol,Manual,999,"65,140",1st,Jaipur,"3,22,000"
22,2021,Hyundai,Hyundai Alcazar,Petrol,Manual,1999,"10,592",1st,Jaipur,"18,20,000 "
23,2014,Honda,Honda Brio,Petrol,Manual,1198,"67,997",1st,Jaipur,"3,94,000"
24,2016,Honda,Honda City,Petrol,Manual,1497,"98,057",2nd,Jaipur,"6,60,000 "
25,2019,Honda,Honda Amaze,Petrol,Manual,1199,"31,133",1st,Jaipur,"7,45,000 "
26,2017,Honda,Honda City,Petrol,Manual,1497,"27,787",1st,Jaipur,"9,35,000 "
27,2018,Jeep,Jeep Compass,Petrol,Manual,1368,"33,684",1st,Jaipur,"14,03,000 "
28,2019,Maruti,Maruti Ciaz,Petrol,Manual,1462,"15,562",1st,Jaipur,"8,17,000 "
29,2018,Toyota,Toyota Corolla Altis,Petrol,Manual,1798,"54,423",2nd,Jaipur,"12,40,000 "
30,2018,Hyundai,Hyundai Verna,Petrol,Manual,1591,"37,800",1st,Jaipur,"9,17,000 "
31,2018,Honda,Honda City,Petrol,Manual,1497,"73,971",1st,Jaipur,"9,90,000 "
32,2019,Maruti,Maruti S-Presso,Petrol,Manual,998,"19,335",1st,Jaipur,"4,20,000"
33,2018,Hyundai,Hyundai Grand i10,Diesel,Automatic,1186,"62,877",1st,Jaipur,"5,85,000"
34,2019,Maruti,Maruti Ciaz,Petrol,Manual,1462,"7,243",1st,Jaipur,"9,26,000"
35,2019,Honda,Honda Amaze,Petrol,Manual,1199,"34,875",1st,Jaipur,"6,10,000"
36,2018,Jeep,Jeep Compass,Petrol,Manual,1368,"77,376",1st,Jaipur,"10,80,000"
37,2018,Maruti,Maruti Ciaz,Petrol,Manual,1373,"33,227",1st,Jaipur,"7,95,000 "
38,2020,Renault,Renault Triber,Petrol,Manual,999,"43,600",1st,Jaipur,"5,80,000 "
39,2019,Maruti,Maruti Ertiga,Petrol,Manual,1462,"8,594",1st,Jaipur,"10,15,000 "
40,2017,Hyundai,Hyundai Grand i10,Petrol,Manual,1197,"28,280",1st,Jaipur,"5,31,000 "
41,2021,Volkswagen,Volkswagen Polo,Petrol,Manual,999,"25,925",1st,Jaipur,"8,41,000"
42,2018,Hyundai,Hyundai Grand i10,Petrol,Manual,1197,"87,741",2nd,Jaipur,"5,05,000 "
43,2016,Hyundai,Hyundai i20,Diesel,Automatic,1396,"80,607",1st,Jaipur,"5,71,000 "
44,2013,Hyundai,Hyundai i10,Petrol,Manual,1197,"46,035",1st,Jaipur,"2,70,000"
45,2019,Hyundai,Hyundai Santro,Petrol,Manual,1086,"39,127",2nd,Jaipur,"4,62,000"
46,2017,Maruti,Maruti Baleno,Petrol,Manual,1197,"62,214",1st,Jaipur,"5,50,000 "
47,2017,Hyundai,Hyundai Verna,Petrol,Manual,1591,"49,485",1st,Jaipur,"7,17,000 "
48,2018,Tata,Tata Hexa,Diesel,Automatic,2179,"38,614",1st,Jaipur,"12,80,000 "
49,2017,Hyundai,Hyundai i20,Petrol,Manual,1197,"59,932",1st,Jaipur,"5,80,000 "
50,2018,Honda,Honda Jazz,Petrol,Manual,1199,"49,307",1st,Jaipur,"6,13,000 "
51,2021,Hyundai,Hyundai Venue,Petrol,Manual,998,"19,099",1st,Jaipur,"10,44,000"
52,2018,Maruti,Maruti Wagon R,Petrol,Manual,998,"58,787",1st,Jaipur,"4,60,000 "
53,2018,Honda,Honda Amaze,Petrol,Manual,1198,"29,652",2nd,Jaipur,"5,40,000 "
54,2017,Maruti,Maruti Ignis,Petrol,Manual,1197,"82,542",1st,Jaipur,"4,35,000 "
55,2019,Honda,Honda City,Petrol,Manual,1497,"38,374",1st,Jaipur,"9,30,000 "
56,2021,Hyundai,Hyundai Grand i10 Nios,Petrol,Manual,1197,"5,298",1st,Jaipur,"7,40,000 "
57,2018,Hyundai,Hyundai i20,Petrol,Manual,1197,"75,105",1st,Jaipur,"5,70,000 "
58,2021,Maruti,Maruti Baleno,Petrol,Manual,1197,"16,477",1st,Jaipur,"7,30,000 "
59,2019,Renault,Renault Duster,Diesel,Automatic,1461,"80,002",1st,Jaipur,"8,20,000 "
60,2018,Tata,Tata Nexon,Petrol,Manual,1198,"65,382",1st,Jaipur,"6,67,000 "
61,2019,Maruti,Maruti Celerio,Petrol,Manual,998,"26,915",1st,Jaipur,"4,65,000 "
62,2019,Honda,Honda Amaze,Petrol,Manual,1199,"33,818",1st,Jaipur,"6,00,000 "
63,2014,Honda,Honda City,Diesel,Automatic,1498,"65,931",1st,Jaipur,"5,80,000 "
64,2019,Hyundai,Hyundai Creta,Petrol,Manual,1591,"65,777",1st,Jaipur,"9,44,000 "
65,2015,Hyundai,Hyundai Grand i10,Diesel,Automatic,1120,"52,333",1st,Jaipur,"4,05,000 "
66,2016,Maruti,Maruti Swift,Diesel,Automatic,1248,"1,02,397",1st,Jaipur,"5,05,000 "
67,2021,Maruti,Maruti SX4 S Cross,Petrol,Manual,1462,"10,054",1st,Jaipur,"11,96,000 "
68,2016,Datsun,Datsun RediGO,Petrol,Manual,799,"46,566",1st,Jaipur,"2,15,000 "
69,2015,Honda,Honda Brio,Petrol,Manual,1198,"40,428",1st,Jaipur,"3,39,000 "
70,2017,Hyundai,Hyundai i20,Diesel,Automatic,1396,"56,476",2nd,Jaipur,"6,05,000 "
71,2021,Nissan,Nissan Magnite,Petrol,Manual,999,"74,733",1st,Jaipur,"7,06,000"
72,2016,Maruti,Maruti Celerio,Petrol,Manual,998,"8,426",1st,Jaipur,"4,68,000"
73,2019,Jeep,Jeep Compass,Diesel,Automatic,1956,"41,180",1st,Jaipur,"14,40,000 "
74,2021,Tata,Tata Altroz,Diesel,Automatic,1497,"15,293",1st,Jaipur,"9,00,000 "
75,2016,Hyundai,Hyundai i20,Petrol,Manual,1197,"61,684",1st,Jaipur,"5,83,000 "
76,2010,Toyota,Toyota Fortuner,Diesel,Automatic,2982,"1,36,910",2nd,Jaipur,"14,44,000 "
77,2015,Honda,Honda Amaze,Diesel,Automatic,1498,"79,338",1st,Jaipur,"4,35,000 "
78,2020,Hyundai,Hyundai Venue,Petrol,Manual,998,"18,219",1st,Jaipur,"9,65,000 "
79,2017,Honda,Honda City,Petrol,Manual,1497,"60,411",1st,Jaipur,"7,40,000 "
80,2020,Honda,Honda City,Petrol,Manual,1497,"36,410",1st,Jaipur,"13,30,000 "
81,2014,Maruti,Maruti Alto K10,Petrol,Manual,998,"1,21,412",1st,Jaipur,"2,43,000 "
82,2019,Hyundai,Hyundai Verna,Petrol,Manual,1591,"17,749",2nd,Jaipur,"9,15,000 "
83,2016,Maruti,Maruti Swift Dzire,Petrol,Manual,1197,"43,088",1st,Jaipur,"5,80,000 "
84,2019,Honda,Honda City,Diesel,Automatic,1498,"62,720",1st,Jaipur,"9,55,000 "
85,2018,Honda,Honda City,Petrol,Manual,1497,"26,186",2nd,Jaipur,"9,00,000 "
86,2018,Maruti,Maruti Swift Dzire,Petrol,Manual,1197,"31,057",1st,Jaipur,"6,70,000 "
87,2017,Hyundai,Hyundai Grand i10,Petrol,Manual,1197,"76,518",1st,Jaipur,"4,40,000"
88,2017,Maruti,Maruti Swift Dzire,Diesel,Automatic,1248,"1,05,894",1st,Jaipur,"6,55,000 "
89,2015,Honda,Honda City,Diesel,Automatic,1498,"1,30,430",1st,Jaipur,"5,45,000 "
90,2018,Maruti,Maruti Vitara Brezza,Diesel,Automatic,1248,"90,416",1st,Jaipur,"7,45,000 "
91,2019,Hyundai,Hyundai Creta,Diesel,Automatic,1396,"79,732",1st,Jaipur,"10,09,000 "
92,2017,Hyundai,Hyundai Grand i10,Diesel,Automatic,1186,"94,412",1st,Jaipur,"4,50,000"
93,2009,Mahindra,Mahindra Scorpio Vlx 2wd Bsiii,Diesel,Automatic,2179,"1,90,000",Fourth,Jaipur,3 Lakh*
94,2018,Renault,Renault KWID,Petrol,Manual,799,"75,322",1st,Jaipur,"2,75,000"
95,2017,Tata,Tata Nexon,Diesel,Automatic,1497,"91,145",1st,Jaipur,"6,15,000"
96,2016,Hyundai,Hyundai Creta,Diesel,Automatic,1582,"1,30,491",2nd,Jaipur,"7,45,000 "
97,2007,Maruti,Maruti Wagon R Lxi Minor,Petrol,Manual,1061,"78,000",Second,Jaipur,1.40 Lakh*
98,2015,Hyundai,Hyundai Verna 1.6 Sx Vtvt (o),Petrol,Manual,1591,"73,000",First,Jaipur,5.75 Lakh*
99,2014,Skoda,Skoda Octavia 2.0 Tdi Mt Ambition,Diesel,Automatic,1968,"70,412",First,Jaipur,8 Lakh*
100,2019,Hyundai,Hyundai Grand I10 Nios Asta,Petrol,Manual,1197,"64,000",First,Jaipur,6.25 Lakh*
101,2017,Ford,Ford Ecosport 1.5 Diesel Trend,Diesel,Automatic,1498,"67,041",First,Jaipur,6.25 Lakh*
102,2014,Renault,Renault Duster 85ps Diesel Rxl,Diesel,Automatic,1461,"90,585",First,Jaipur,4.51 Lakh*
103,2017,Maruti,Maruti Ciaz 1.3 Alpha,Diesel,Automatic,1248,"96,201",Second,Jaipur,7.21 Lakh*
104,2015,Hyundai,Hyundai Eon D Lite Plus,Petrol,Manual,814,"41,000",First,Jaipur,3.25 Lakh*
105,2021,Mahindra,Mahindra Thar Lx 4-str Hard Top,Petrol,Manual,1997,"5,000",First,Jaipur,15.50 Lakh*
106,2021,Hyundai,Hyundai Grand I10 Nios Sportz,Petrol,Manual,1197,"31,421",First,Jaipur,6.50 Lakh*
107,2014,Mercedes-benz,Mercedes-benz M-class Ml 350 Cdi,Diesel,Automatic,2987,"55,918",Second,Jaipur,21.90 Lakh*
108,2011,Volkswagen,Volkswagen Polo Petrol Comfortline 1.2l,Petrol,Manual,1198,"62,074",First,Jaipur,3.25 Lakh*
109,2014,Hyundai,Hyundai Xcent 1.2 Kappa S Option,Petrol,Manual,1197,"56,125",First,Jaipur,4.40 Lakh*
110,2013,Maruti,Maruti Wagon R Vxi Bs Iv With Abs,Petrol,Manual,998,"1,14,524",Second,Jaipur,2.75 Lakh*
111,2013,Toyota,Toyota Fortuner 4x2 At,Diesel,Automatic,2982,"82,624",First,Jaipur,15.75 Lakh*
112,2020,Hyundai,Hyundai I20 1.4 Magna At,Petrol,Manual,1368,"14,779",First,Jaipur,6.65 Lakh*
113,2017,Hyundai,Hyundai I20 Magna 1.4 Crdi,Diesel,Automatic,1396,"60,000",First,Jaipur,7 Lakh*
114,2018,Renault,Renault Kwid Rxt Optional,Petrol,Manual,799,"25,000",First,Jaipur,3.30 Lakh*
115,2006,Hyundai,Hyundai Santro Xing Xg Erlx Euro Ii,Petrol,Manual,1086,"1,00,000",Fifth,Jaipur,"80,000*"
116,2015,Hyundai,Hyundai I20 Magna 1.2,Petrol,Manual,1197,"1,02,407",Second,Jaipur,4.60 Lakh*
117,2021,Maruti,Maruti Sx4 S Cross Zeta,Petrol,Manual,1462,"21,413",First,Jaipur,10.27 Lakh*
118,2010,Maruti,Maruti Swift Dzire Vdi,Diesel,Automatic,1248,"1,10,000",Fourth,Jaipur,2 Lakh*
119,2008,Ford,Ford Fiesta 1.6 Sxi Abs,Petrol,Manual,1596,"46,000",Second,Jaipur,1.50 Lakh*
120,2016,Honda,Honda City I Vtec V,Petrol,Manual,1497,"56,221",First,Jaipur,6.75 Lakh*
121,2006,Maruti,Maruti Swift 1.3 Lxi,Petrol,Manual,1298,"83,000",First,Jaipur,"60,000*"
122,2018,Honda,Honda Jazz V Diesel,Diesel,Automatic,1498,"48,847",First,Jaipur,6.90 Lakh*
123,2019,Honda,Honda Amaze S Petrol Bsiv,Petrol,Manual,1199,"19,591",First,Jaipur,6.50 Lakh*
124,2015,Hyundai,Hyundai Verna 1.6 Crdi Sx Opt,Diesel,Automatic,1582,"81,421",First,Jaipur,6.50 Lakh*
125,2017,Honda,Honda Br-v I-vtec V Cvt,Petrol,Manual,1497,"52,665",First,Jaipur,7.90 Lakh*
126,2015,Chevrolet,Chevrolet Tavera Neo 3 Lt 9 Seats Bsiii,Diesel,Automatic,2499,"1,20,000",First,Jaipur,4.63 Lakh*
127,2012,Chevrolet,Chevrolet Beat Diesel Ls,Diesel,Automatic,936,"77,201",First,Jaipur,1.95 Lakh*
128,2021,Maruti,Maruti Vitara Brezza Lxi,Petrol,Manual,1462,"25,293",First,Jaipur,7.70 Lakh*
129,2020,Kia,Kia Seltos Htk Plus G,Petrol,Manual,1497,"22,062",First,Jaipur,12.50 Lakh*
130,2014,Land,Land Rover Freelander 2 S Business Edition,Diesel,Automatic,2179,"73,400",First,Jaipur,16.50 Lakh*
131,2006,Maruti,Maruti Alto Lxi Bsiii,Petrol,Manual,796,"50,000",Third,Jaipur,1 Lakh*
132,2010,Honda,Honda City I Vtec V,Petrol,Manual,1497,"67,421",First,Jaipur,3.50 Lakh*
133,2017,Maruti,Maruti Alto K10 Vxi Amt,Petrol,Manual,998,"49,007",First,Jaipur,3.50 Lakh*
134,2013,Ford,Ford Ecosport 1.5 Dv5 Mt Titanium,Diesel,Automatic,1498,"99,000",Second,Jaipur,4.60 Lakh*
135,2015,Hyundai,Hyundai I20 Asta 1.2,Petrol,Manual,1197,"70,000",Second,Jaipur,4.35 Lakh*
136,2014,Hyundai,Hyundai Grand I10 At Sportz,Petrol,Manual,1197,"29,000",First,Jaipur,4.45 Lakh*
137,2015,Hyundai,Hyundai Eon Lpg Era Plus,,,814,"51,234",First,Jaipur,2.55 Lakh*
138,2016,Hyundai,Hyundai I10 Magna 1.1l,Petrol,Manual,1086,"84,000",First,Jaipur,3.60 Lakh*
139,2016,Skoda,Skoda Rapid 1.5 Tdi At Elegance,Diesel,Automatic,1498,"93,123",First,Jaipur,5.65 Lakh*
140,2016,Honda,Honda Amaze S Option Cvt I-vtec,Petrol,Manual,1199,"61,234",First,Jaipur,4.21 Lakh*
141,2019,Maruti,Maruti Alto 800 Lxi Opt Bsiv,Petrol,Manual,796,"28,123",First,Jaipur,3.35 Lakh*
142,2020,Volvo,Volvo V90 Cross Country D5 Inscription,Diesel,Automatic,1969,"41,220",First,Jaipur,45.90 Lakh*
143,2017,Toyota,Toyota Fortuner 2.8 4wd At,Diesel,Automatic,2755,"1,53,000",First,Jaipur,26 Lakh*
144,2015,Hyundai,Hyundai Grand I10 Sportz,Petrol,Manual,1197,"62,000",Second,Jaipur,4.25 Lakh*
145,2015,Toyota,Toyota Fortuner 4x2 Manual,Diesel,Automatic,2982,"2,37,000",First,Jaipur,16 Lakh*
146,2017,Hyundai,Hyundai I20 1.2 Magna Executive,Petrol,Manual,1197,"62,000",First,Jaipur,5.25 Lakh*
147,2019,Renault,Renault Captur 1.5 Diesel Platine Mono,Diesel,Automatic,1461,"73,000",First,Jaipur,8 Lakh*
148,2017,Honda,Honda Amaze E Petrol Bsiv,Petrol,Manual,1199,"15,000",First,Jaipur,4.85 Lakh*
149,2013,Hyundai,Hyundai I20 Sportz 1.4 Crdi,Diesel,Automatic,1396,"58,000",First,Jaipur,4.25 Lakh*
150,2015,Bmw,Bmw 5 Series 520d Luxury Line,Diesel,Automatic,1995,"65,207",First,Jaipur,25.90 Lakh*
151,2014,Ford,Ford Figo Diesel Celebration Edition,Diesel,Automatic,1399,"40,000",Second,Jaipur,2 Lakh*
152,2010,Honda,Honda City 1.5 S Mt,Petrol,Manual,1497,"17,041",First,Jaipur,4 Lakh*
153,2015,Ford,Ford Ecosport 1.5 Petrol Titanium At,Petrol,Manual,1496,"38,232",First,Jaipur,6.90 Lakh*
154,2012,Ford,Ford Figo Diesel Exi,Diesel,Automatic,1399,"80,000",Second,Jaipur,2.50 Lakh*
155,2019,Maruti,Maruti Celerio Vxi Mt Bsiv,Petrol,Manual,998,"22,018",First,Jaipur,4.75 Lakh*
156,2018,Maruti,Maruti Ciaz Delta Automatic Bsiv,Petrol,Manual,1462,"41,526",First,Jaipur,7.75 Lakh*
157,2012,Toyota,Toyota Fortuner 4x2 4 Speed At,Diesel,Automatic,2982,"1,41,862",Second,Jaipur,13.10 Lakh*
158,2009,Bmw,Bmw 5 Series 530i,Petrol,Manual,2996,"50,192",Second,Jaipur,12 Lakh*
159,2017,Mahindra,Mahindra Xuv500 R W10 Fwd,Diesel,Automatic,2179,"1,00,167",Second,Jaipur,11.90 Lakh*
160,2015,Bmw,Bmw 3 Series 320d Luxury Line,Diesel,Automatic,1995,"73,200",First,Jaipur,21.50 Lakh*
161,2020,Mahindra,Mahindra Xuv300 W8,Petrol,Manual,1197,"50,940",First,Jaipur,9.50 Lakh*
162,2018,Hyundai,Hyundai Xcent 1.2 Vtvt E,Petrol,Manual,1197,"27,080",First,Jaipur,4.90 Lakh*
163,2018,Honda,Honda Wr-v I-vtec Vx,Petrol,Manual,1199,"5,54,573",First,Jaipur,7.75 Lakh*
164,2016,Hyundai,Hyundai Verna 1.6 Vtvt At Sx,Petrol,Manual,1591,"52,316",First,Jaipur,7.40 Lakh*
165,2020,Kia,Kia Seltos Gtx Dct,Petrol,Manual,1353,"22,442",First,Jaipur,16.50 Lakh*
166,2016,Hyundai,Hyundai Verna 1.6 Crdi S,Diesel,Automatic,1582,"63,819",First,Jaipur,7.95 Lakh*
167,2017,Skoda,Skoda Rapid 1.6 Mpi Active Bsiv,Petrol,Manual,1598,"56,029",First,Jaipur,6.20 Lakh*
168,2019,Skoda,Skoda Rapid 1.6 Mpi Ambition Bsiv,Petrol,Manual,1598,"18,820",First,Jaipur,9.25 Lakh*
169,2019,Tata,Tata Nexon 1.2 Revotron Xz,Petrol,Manual,1198,"21,152",First,Jaipur,8.25 Lakh*
170,2018,Mahindra,Mahindra Marazzo M4,Diesel,Automatic,1497,"57,676",First,Jaipur,8.75 Lakh*
171,2019,Maruti,Maruti Alto K10 Vxi Amt,Petrol,Manual,998,"56,179",First,Jaipur,4.15 Lakh*
172,2019,Jeep,Jeep Compass 2.0 Sport Plus Bsiv,Diesel,Automatic,1956,"54,440",First,Jaipur,15.50 Lakh*
173,2012,Honda,Honda Jazz X,Petrol,Manual,1198,"81,887",Second,Jaipur,3.70 Lakh*
174,2018,Honda,Honda Amaze S Cvt Petrol Bsiv,Petrol,Manual,1199,"75,211",First,Jaipur,6.21 Lakh*
175,2019,Tata,Tata Harrier Xz Bsiv,Diesel,Automatic,1956,"80,573",First,Jaipur,14.90 Lakh*
176,2018,Hyundai,Hyundai I20 1.4 Sportz,Diesel,Automatic,1396,"50,721",First,Jaipur,7.90 Lakh*
177,2020,Honda,Honda City Zx Mt,Petrol,Manual,1498,"15,453",First,Jaipur,11.90 Lakh*
178,2019,Maruti,Maruti Ignis 1.2 Zeta Bsiv,Petrol,Manual,1197,"28,428",First,Jaipur,6.20 Lakh*
179,2019,Honda,Honda City Sv Mt,Petrol,Manual,1497,"61,061",First,Jaipur,7.90 Lakh*
180,2017,Maruti,Maruti Swift Dzire Zxi 1.2,Petrol,Manual,1197,"50,511",First,Jaipur,6.40 Lakh*
181,2020,Hyundai,Hyundai Grand I10 Nios Amt Sportz,Petrol,Manual,1197,"4,756",First,Jaipur,7.20 Lakh*
182,2017,Maruti,Maruti Swift Dzire Amt Zxi,Petrol,Manual,1197,"89,599",Second,Jaipur,5.90 Lakh*
183,2020,Toyota,Toyota Glanza V Cvt,Petrol,Manual,1197,"75,244",First,Jaipur,7.75 Lakh*
184,2017,Maruti,Maruti Swift Dzire Vdi,Diesel,Automatic,1248,"58,254",First,Jaipur,7.25 Lakh*
185,2015,Mahindra,Mahindra Tuv 300 T8,Diesel,Automatic,1493,"94,621",Second,Jaipur,5.01 Lakh*
186,2017,Hyundai,Hyundai Creta 1.6 Vtvt Sx Plus,Petrol,Manual,1591,"46,928",First,Jaipur,9.90 Lakh*
187,2018,Maruti,Maruti Celerio X Zxi Bsiv,Petrol,Manual,998,"60,434",First,Jaipur,4.85 Lakh*
188,2019,Maruti,Maruti Celerio Zxi Mt Bsiv,Petrol,Manual,998,"16,379",Second,Jaipur,5.10 Lakh*
189,2018,Maruti,Maruti Ciaz Alpha Bsiv,Petrol,Manual,1462,"62,230",First,Jaipur,7.95 Lakh*
190,2019,Maruti,Maruti Vitara Brezza Vdi,Diesel,Automatic,1248,"50,928",Second,Jaipur,8.75 Lakh*
191,2020,Maruti,Maruti Baleno Delta,Petrol,Manual,1197,"51,951",First,Jaipur,6.75 Lakh*
192,2019,Maruti,Maruti Baleno Delta,Petrol,Manual,1197,"43,472",First,Jaipur,6.40 Lakh*
193,2018,Maruti,Maruti Ciaz Delta Bsiv,Petrol,Manual,1462,"37,063",First,Jaipur,7.90 Lakh*
194,2019,Maruti,Maruti Baleno Delta,Petrol,Manual,1197,"16,755",First,Jaipur,6.40 Lakh*
195,2019,Honda,Honda Amaze S Cvt Petrol,Petrol,Manual,1199,"33,123",First,Jaipur,6.25 Lakh*
196,2019,Maruti,Maruti Baleno Delta,Petrol,Manual,1197,"42,250",First,Jaipur,6.25 Lakh*
197,2020,Maruti,Maruti Baleno 1.2 Zeta,Petrol,Manual,1197,"42,123",First,Jaipur,7.25 Lakh*
198,2021,Honda,Honda Amaze Vx Cvt,Petrol,Manual,1199,"5,699",First,Jaipur,8.75 Lakh*
199,2020,Maruti,Maruti Baleno Zeta,Petrol,Manual,1197,"30,131",First,Jaipur,7.40 Lakh*
200,2017,Volkswagen,Volkswagen Vento 1.6 Highline Plus,Petrol,Manual,1598,"51,234",Second,Jaipur,6.25 Lakh*
201,2017,Maruti,Maruti Alto 800 Lxi,Petrol,Manual,796,"23,504",First,Jaipur,3.25 Lakh*
202,2016,Maruti,Maruti Wagon R Vxi 1.2,Petrol,Manual,1197,"48,126",First,Jaipur,3.90 Lakh*
203,2016,Renault,Renault Kwid Rxt,Petrol,Manual,799,"61,234",First,Jaipur,2.45 Lakh*
204,2014,Honda,Honda Amaze S I-dtech,Diesel,Automatic,1498,"67,123",First,Jaipur,4.21 Lakh*
205,2015,Toyota,Toyota Innova 2.5 G (diesel) 7 Seater,Diesel,Automatic,2494,"1,20,000",Fourth,Jaipur,8.50 Lakh*
206,2015,Hyundai,Hyundai I20 Magna 1.4 Crdi,Diesel,Automatic,1396,"72,200",Second,Jaipur,5.51 Lakh*
207,2017,Hyundai,Hyundai Eon Era Plus,Petrol,Manual,814,"10,000",Second,Jaipur,3 Lakh*
208,2018,Tata,Tata Tigor 1.05 Revotorq Xt,Diesel,Automatic,1047,"1,20,000",First,Jaipur,4.50 Lakh*
209,2017,Mahindra,Mahindra Xuv500 At W10 Fwd,Diesel,Automatic,2179,"1,20,000",First,Jaipur,11.90 Lakh*
210,2011,Toyota,Toyota Fortuner 3.0 Diesel,Diesel,Automatic,2982,"83,421",First,Jaipur,12.50 Lakh*
211,2019,Maruti,Maruti Baleno 1.2 Sigma,Petrol,Manual,1197,"70,000",First,Jaipur,5 Lakh*
212,2017,Hyundai,Hyundai Verna 1.6 Crdi Sx,Diesel,Automatic,1582,"78,000",Second,Jaipur,8.15 Lakh*
213,2007,Maruti,Maruti Sx4 Vxi Bsiv,Petrol,Manual,1586,"44,000",First,Jaipur,1.95 Lakh*
214,2008,Honda,Honda City 1.5 S Mt,Petrol,Manual,1497,"87,000",Second,Jaipur,2.85 Lakh*
215,2013,Nissan,Nissan Sunny Diesel Xv,Diesel,Automatic,1461,"90,000",First,Jaipur,3.21 Lakh*
216,2016,Mahindra,Mahindra Xuv500 W10 2wd,Diesel,Automatic,2179,"76,421",Second,Jaipur,10 Lakh*
217,2022,Maruti,Maruti Baleno Zeta,Petrol,Manual,1197,"10,000",First,Jaipur,7.50 Lakh*
218,2010,Honda,Honda City 1.5 V Mt,Petrol,Manual,1497,"83,000",Second,Jaipur,3.50 Lakh*
219,2021,Tata,Tata New Safari Xz Plus Kaziranga Edition,Diesel,Automatic,1956,"42,669",First,Jaipur,20.50 Lakh*
220,2012,Mahindra,Mahindra Thar Crde Ac,Diesel,Automatic,2498,"49,000",First,Jaipur,4.35 Lakh*
221,2015,Hyundai,Hyundai I20 Asta Option 1.2,Petrol,Manual,1197,"69,000",Second,Jaipur,5.25 Lakh*
222,2018,Maruti,Maruti Baleno 1.2 Delta,Petrol,Manual,1197,"58,000",First,Jaipur,5.75 Lakh*
223,2014,Hyundai,Hyundai Grand I10 Sportz,Petrol,Manual,1197,"64,000",First,Jaipur,3.88 Lakh*
224,2017,Mahindra,Mahindra Kuv 100 Nxt G80 K2,Petrol,Manual,1198,"40,000",Second,Jaipur,3 Lakh*
225,2018,Honda,Honda Wr-v I-vtec Vx,Petrol,Manual,1199,"24,200",First,Jaipur,8.11 Lakh*
226,2021,Volvo,Volvo S90 B5 Inscription,Petrol,Manual,1969,"32,000",First,Jaipur,52 Lakh*
227,2017,Renault,Renault Kwid Rxl,Petrol,Manual,799,"52,000",First,Jaipur,2.81 Lakh*
228,2020,Volkswagen,Volkswagen Polo 1.0 Tsi Highline Plus,Petrol,Manual,999,"33,000",First,Jaipur,7.75 Lakh*
229,2017,Maruti,Maruti Alto 800 Lxi,Petrol,Manual,796,"42,000",First,Jaipur,2.80 Lakh*
230,2019,Mahindra,Mahindra Scorpio S11,Diesel,Automatic,2179,"68,000",First,Jaipur,16.50 Lakh*
231,2019,Maruti,Maruti Alto K10 Vxi,Petrol,Manual,998,"41,000",First,Jaipur,3.50 Lakh*
232,2014,Honda,Honda City I Dtec Vx,Diesel,Automatic,1498,"80,000",Second,Jaipur,5.40 Lakh*
233,2007,Chevrolet,Chevrolet Spark 1.0 Ls,Petrol,Manual,995,"80,000",First,Jaipur,"60,000*"
234,2021,Honda,Honda City Sv Mt,Petrol,Manual,1497,"3,500",First,Jaipur,9.65 Lakh*
235,2019,Ford,Ford Endeavour Titanium Plus 4x4,Diesel,Automatic,3198,"49,000",Second,Jaipur,36.50 Lakh*
236,2016,Ford,Ford Endeavour 3.2 Trend At 4x4,Diesel,Automatic,3198,"1,25,000",First,Jaipur,22.50 Lakh*
237,2012,Volkswagen,Volkswagen Vento Petrol Highline,Petrol,Manual,1598,"85,131",Second,Jaipur,2.90 Lakh*
238,2019,Hyundai,Hyundai Creta 1.4 Crdi S,Diesel,Automatic,1396,"65,742",First,Jaipur,11 Lakh*
239,2018,Maruti,Maruti Swift Dzire Amt Vdi,Diesel,Automatic,1248,"48,000",First,Jaipur,6.50 Lakh*
240,2012,Hyundai,Hyundai I10 Magna 1.2 Itech Se,Petrol,Manual,1197,"64,251",Second,Jaipur,3 Lakh*
241,2016,Hyundai,Hyundai I20 Sportz 1.4 Crdi,Diesel,Automatic,1396,"73,000",First,Jaipur,5.40 Lakh*
242,2016,Hyundai,Hyundai Grand I10 Magna,Petrol,Manual,1197,"1,20,000",First,Jaipur,3.50 Lakh*
243,2017,Maruti,Maruti Swift Dzire Zdi Plus,Diesel,Automatic,1248,"77,000",First,Jaipur,7.21 Lakh*
244,2012,Hyundai,Hyundai I20 1.2 Sportz,Petrol,Manual,1197,"74,000",First,Jaipur,3.40 Lakh*
245,2014,Honda,Honda Amaze S I-vtech,Petrol,Manual,1198,"81,000",First,Jaipur,3.81 Lakh*
246,2017,Maruti,Maruti Alto K10 Vxi,Petrol,Manual,998,"54,000",First,Jaipur,3.60 Lakh*
247,2016,Hyundai,Hyundai Eon Era Plus,Petrol,Manual,814,"67,000",Second,Jaipur,2.60 Lakh*
248,2013,Renault,Renault Duster 85ps Diesel Rxe,Diesel,Automatic,1461,"1,10,000",Fourth,Jaipur,3.40 Lakh*
249,2015,Honda,Honda Amaze S I-dtech,Diesel,Automatic,1498,"91,000",Third,Jaipur,3.70 Lakh*
250,2016,Maruti,Maruti Swift Vdi,Diesel,Automatic,1248,"69,000",Second,Jaipur,5.35 Lakh*
251,2018,Maruti,Maruti Alto 800 Lxi,Petrol,Manual,796,"45,000",First,Jaipur,3 Lakh*
252,2009,Honda,Honda Civic 1.8 V At,Petrol,Manual,1799,"89,000",First,Jaipur,3.11 Lakh*
253,2016,Mahindra,Mahindra Kuv 100 Mfalcon D75 K8,Diesel,Automatic,1198,"74,377",First,Jaipur,4 Lakh*
254,2018,Ford,Ford Ecosport 1.5 Diesel Titanium Plus,Diesel,Automatic,1498,"54,000",First,Jaipur,8.21 Lakh*
255,2014,Toyota,Toyota Corolla Altis D-4d Gl,Diesel,Automatic,1364,"1,48,000",Second,Jaipur,8.21 Lakh*
256,2018,Ford,Ford Ecosport 1.5 Petrol Titanium Plus At Bsiv,Petrol,Manual,1497,"33,000",First,Jaipur,8.65 Lakh*
257,2011,Hyundai,Hyundai Accent Gle 2,Petrol,Manual,1495,"82,000",Second,Jaipur,1.80 Lakh*
258,2021,Hyundai,Hyundai Creta Sx Diesel,Diesel,Automatic,1493,"45,723",First,Jaipur,18.25 Lakh*
259,2018,Hyundai,Hyundai Grand I10 Magna,Petrol,Manual,1197,"66,000",First,Jaipur,4.85 Lakh*
260,2019,Maruti,Maruti Swift Dzire Vdi,Diesel,Automatic,1248,"40,000",First,Jaipur,7.21 Lakh*
261,2020,Maruti,Maruti Baleno Delta,Petrol,Manual,1197,"20,000",First,Jaipur,6 Lakh*
262,2009,Honda,Honda City 1.5 S Mt,Petrol,Manual,1497,"1,11,000",Second,Jaipur,2.94 Lakh*
263,2013,Toyota,Toyota Etios Liva Gd,Diesel,Automatic,1364,"1,25,000",First,Jaipur,3.75 Lakh*
264,2011,Maruti,Maruti Swift Dzire Vdi,Diesel,Automatic,1248,"1,43,000",Second,Jaipur,3.35 Lakh*
265,2015,Honda,Honda City I Vtec Vx Option,Petrol,Manual,1497,"85,000",Second,Jaipur,6.25 Lakh*
266,2017,Maruti,Maruti Vitara Brezza Zdi Plus,Diesel,Automatic,1248,"94,000",First,Jaipur,8.40 Lakh*
267,2021,Tata,Tata New Safari Xz Plus Kaziranga Edition,Diesel,Automatic,1956,"11,500",First,Jaipur,21.75 Lakh*
268,2017,Volkswagen,Volkswagen Ameo 1.2 Mpi Comfortline Plus,Petrol,Manual,1198,"52,000",First,Jaipur,4.99 Lakh*
269,2013,Toyota,Toyota Etios Liva Gd,Diesel,Automatic,1364,"1,26,000",First,Jaipur,4.21 Lakh*
270,2008,Honda,Honda City 1.5 V Mt,Petrol,Manual,1497,"93,000",Second,Jaipur,2.30 Lakh*
271,2019,Honda,Honda Amaze Vx Petrol,Petrol,Manual,1199,"7,879",First,Jaipur,7.55 Lakh*
272,2018,Hyundai,Hyundai Creta 1.6 Sx Diesel,Diesel,Automatic,1582,"1,08,000",First,Jaipur,11.21 Lakh*
273,2012,Toyota,Toyota Fortuner 4x2 At Trd Sportivo,Diesel,Automatic,2982,"1,75,000",First,Jaipur,14.35 Lakh*
274,2018,Honda,Honda Amaze Vx Diesel,Diesel,Automatic,1498,"98,000",First,Jaipur,7.25 Lakh*
275,2016,Toyota,Toyota Innova Crysta 2.4 Vx Mt 8s Bsiv,Diesel,Automatic,2393,"90,000",Second,Jaipur,15 Lakh*
276,2015,Audi,Audi Q5 30 Tdi Quattro Premium,Diesel,Automatic,1968,"61,273",First,Jaipur,30.70 Lakh*
277,2019,Hyundai,Hyundai Verna Crdi 1.6 Ex,Diesel,Automatic,1582,"65,000",First,Jaipur,9.10 Lakh*
278,2017,Jeep,Jeep Compass 2.0 Longitude,Diesel,Automatic,1956,"79,754",First,Jaipur,13.75 Lakh*
279,2018,Hyundai,Hyundai Verna Crdi 1.6 Sx,Diesel,Automatic,1582,"34,601",First,Jaipur,9.96 Lakh*
280,2012,Mercedes-benz,Mercedes-benz E-class Elegance 220 Cdi,Diesel,Automatic,2143,"98,663",Second,Jaipur,18.37 Lakh*
281,2015,Maruti,Maruti Ciaz Vdi,Diesel,Automatic,1248,"85,155",First,Jaipur,5.86 Lakh*
282,2016,Honda,Honda City I Vtec Vx Option,Petrol,Manual,1497,"63,088",First,Jaipur,7.90 Lakh*
283,2015,Mahindra,Mahindra Xuv500 W8 1.99 Mhawk,Diesel,Automatic,1997,"1,57,662",Second,Jaipur,6.90 Lakh*
284,2021,Tata,Tata Harrier Xt Plus Dark Edition,Diesel,Automatic,1956,"35,000",First,Jaipur,18.50 Lakh*
285,2013,Mercedes-benz,Mercedes-benz E-class E 220 Cdi Avantgarde,Diesel,Automatic,2148,"1,28,000",First,Jaipur,15.50 Lakh*
286,2013,Maruti,Maruti Swift Ldi,Diesel,Automatic,1248,"72,220",First,Jaipur,4.50 Lakh*
287,2016,Maruti,Maruti Vitara Brezza Vdi,Diesel,Automatic,1248,"80,000",First,Jaipur,4.39 Lakh*
288,2014,Volkswagen,Volkswagen Vento Diesel Highline,Diesel,Automatic,1598,"80,000",First,Jaipur,4.80 Lakh*
289,2018,Hyundai,Hyundai Verna Vtvt 1.6 Sx Option,Petrol,Manual,1591,"40,000",First,Jaipur,9.50 Lakh*
290,2014,Maruti,Maruti Swift Vdi,Diesel,Automatic,1248,"78,000",First,Jaipur,4.75 Lakh*
291,2012,Bmw,Bmw X1 Sdrive20d,Diesel,Automatic,1995,"1,20,014",Third,Jaipur,10.04 Lakh*
292,2019,Honda,Honda Brio 1.2 S Mt,Petrol,Manual,1198,"39,324",First,Jaipur,5.51 Lakh*
293,2013,Maruti,Maruti Ritz Vxi,Petrol,Manual,1197,"67,000",First,Jaipur,3.25 Lakh*
294,2016,Maruti,Maruti Ritz Lxi,Petrol,Manual,1197,"79,000",Second,Jaipur,3.75 Lakh*
295,2014,Fiat,Fiat Linea 1.3 Multijet Dynamic,Diesel,Automatic,1248,"1,06,000",Second,Jaipur,2.95 Lakh*
296,2013,Audi,Audi A6 2.0 Tdi Premium Plus,Diesel,Automatic,1968,"94,000",Second,Jaipur,14 Lakh*
297,2011,Bmw,Bmw 5 Series 520d Sedan,Diesel,Automatic,1995,"1,30,000",Second,Jaipur,15.50 Lakh*
298,2003,Maruti,Maruti Zen Vxi - Bs Iii,Petrol,Manual,993,"80,000",Third,Jaipur,1.21 Lakh*
299,2012,Skoda,Skoda Superb Elegance 2.0 Tdi Cr At,Diesel,Automatic,1968,"1,30,000",Second,Jaipur,5.51 Lakh*
300,2011,Audi,Audi A4 2.0 Tdi 177 Bhp Premium Plus,Diesel,Automatic,1968,"1,10,000",Second,Jaipur,8.90 Lakh*
301,2016,Maruti,Maruti Swift Dzire Vdi,Diesel,Automatic,1248,"81,000",Second,Jaipur,5.85 Lakh*
302,2016,Porsche,Porsche Boxster S Tiptronic,Petrol,Manual,2706,"28,000",First,Jaipur,70 Lakh*
303,2018,Jeep,Jeep Compass 1.4 Limited Option,Petrol,Manual,1368,"52,300",First,Jaipur,14.90 Lakh*
304,2003,Maruti,Maruti 800 Ac,Petrol,Manual,796,"90,000",Second,Jaipur,"70,000*"
305,2019,Maruti,Maruti Alto 800 Vxi,Petrol,Manual,796,"48,900",Third,Jaipur,3.06 Lakh*
306,2014,Mahindra,Mahindra Scorpio 1.99 S10,Diesel,Automatic,1997,"1,20,000",Second,Jaipur,6.95 Lakh*
307,2019,Bmw,Bmw 5 Series 520d Luxury Line,Diesel,Automatic,1995,"31,000",Second,Jaipur,44.50 Lakh*
308,2019,Maruti,Maruti Baleno Alpha Diesel,Diesel,Automatic,1248,"36,421",First,Jaipur,8.25 Lakh*
309,2021,Tata,Tata Altroz Xz,Petrol,Manual,1199,"21,075",First,Jaipur,7.25 Lakh*
310,2015,Nissan,Nissan Terrano Xl Plus 85 Ps,Diesel,Automatic,1461,"1,35,623",First,Jaipur,6.48 Lakh*
311,2016,Mahindra,Mahindra Kuv 100 Mfalcon D75 K4,Diesel,Automatic,1198,"65,342",First,Jaipur,3.54 Lakh*
312,2015,Volkswagen,Volkswagen Polo 1.5 Tdi Trendline,Diesel,Automatic,1498,"46,295",First,Jaipur,4.56 Lakh*
313,2015,Toyota,Toyota Fortuner 4x4 At,Diesel,Automatic,2982,"1,12,253",First,Jaipur,20.75 Lakh*
314,2011,Maruti,Maruti Wagon R Lxi Bs Iv,Petrol,Manual,998,"85,691",Fifth,Jaipur,1.63 Lakh*
315,2021,Tata,Tata New Safari Xt Plus,Diesel,Automatic,1956,"15,000",First,Jaipur,19 Lakh*
316,2014,Bmw,Bmw 3 Series 320d Gt Sport Line,Diesel,Automatic,1995,"79,412",Second,Jaipur,14.25 Lakh*
317,2018,Maruti,Maruti Ciaz 1.3 Delta,Diesel,Automatic,1248,"54,000",First,Jaipur,7.65 Lakh*
318,2017,Mahindra,Mahindra Kuv 100 Nxt D75 K4 Plus,Diesel,Automatic,1198,"1,00,000",Second,Jaipur,3 Lakh*
319,2007,Hyundai,Hyundai Verna Crdi,Diesel,Automatic,1493,"90,000",Third,Jaipur,1.17 Lakh*
320,2011,Toyota,Toyota Fortuner 3.0 Diesel,Diesel,Automatic,2982,"2,66,000",Second,Jaipur,8.50 Lakh*
321,2019,Hyundai,Hyundai Creta 1.6 Sx,Petrol,Manual,1591,"2,53,103",First,Jaipur,13.70 Lakh*
322,2012,Nissan,Nissan Sunny Diesel Xv,Diesel,Automatic,1461,"1,00,000",Fourth,Jaipur,2.60 Lakh*
323,2013,Audi,Audi Q5 2.0 Tdi,Diesel,Automatic,1968,"1,55,942",First,Jaipur,19.75 Lakh*
324,2014,Bmw,Bmw 5 Series 520d Luxury Line,Diesel,Automatic,1995,"65,000",Second,Jaipur,15.50 Lakh*
325,2014,Bmw,Bmw X5 Xdrive 30d Design Pure Experience 5 Seater,Diesel,Automatic,2993,"80,000",First,Jaipur,31 Lakh*
326,2018,Mahindra,Mahindra Marazzo M8,Diesel,Automatic,1497,"80,000",Third,Jaipur,8.30 Lakh*
327,2020,Jaguar,Jaguar F-pace Prestige 2.0 Petrol,Petrol,Manual,1997,"26,000",First,Jaipur,62 Lakh*
328,2020,Renault,Renault Kwid 1.0 Rxt 2020-2020,Petrol,Manual,999,"40,000",Third,Jaipur,4.70 Lakh*
329,2017,Porsche,Porsche Cayman 3.0l,Petrol,Manual,2706,"30,000",Second,Jaipur,83 Lakh*
330,2013,Maruti,Maruti Swift Star Vdi,Diesel,Automatic,1248,"1,10,000",Third,Jaipur,3.17 Lakh*
331,2021,Maruti,Maruti Swift Vxi Amt,Petrol,Manual,1197,"15,000",First,Jaipur,7.35 Lakh*
332,2019,Land,Land Rover Range Rover Velar R-dynamic S Diesel,Diesel,Automatic,1999,"21,000",First,Jaipur,83 Lakh*
333,2018,Bmw,Bmw X5 Xdrive 30d Design Pure Experience 5 Seater,Diesel,Automatic,2993,"45,000",First,Jaipur,58.50 Lakh*
334,2019,Hyundai,Hyundai I20 Sportz Plus,Petrol,Manual,1197,"50,000",First,Jaipur,6.95 Lakh*
335,2010,Maruti,Maruti Wagon R Lxi Duo Bsiii,,,1061,"50,000",First,Jaipur,1.90 Lakh*
336,2018,Maruti,Maruti Baleno Delta,Petrol,Manual,1197,"42,000",Second,Jaipur,5.35 Lakh*
337,2009,Maruti,Maruti Zen Estilo 1.1 Lxi Bsiii,Petrol,Manual,1061,"78,000",Second,Jaipur,1.55 Lakh*
338,2011,Skoda,Skoda New Laura 1.9 Tdi Mt Ambiente,Diesel,Automatic,1896,"83,425",First,Jaipur,3.25 Lakh*
339,2020,Hyundai,Hyundai Creta Sx Opt Turbo,Petrol,Manual,1353,"11,352",First,Jaipur,16.25 Lakh*
340,2020,Volkswagen,Volkswagen Polo 1.0 Tsi Highline Plus,Petrol,Manual,999,"14,799",First,Jaipur,7.95 Lakh*
341,2020,Land,Land Rover Range Rover Evoque 2.0 Td4 Se,Diesel,Automatic,1999,"26,000",First,Jaipur,49 Lakh*
342,2020,Jaguar,Jaguar Xf 2.0 Diesel Prestige,Diesel,Automatic,1999,"16,500",First,Jaipur,45 Lakh*
343,2021,Toyota,Toyota Fortuner 4x4 Diesel At,Diesel,Automatic,2755,"22,000",Second,Jaipur,44 Lakh*
344,2019,Jaguar,Jaguar F-pace Prestige 2.0 Awd,Diesel,Automatic,1999,"40,000",First,Jaipur,52 Lakh*
345,2019,Bmw,Bmw 5 Series 520d Luxury Line,Diesel,Automatic,1995,"37,000",First,Jaipur,46 Lakh*
346,2022,Bmw,Bmw X1 Sdrive20i Xline,Petrol,Manual,1998,"13,000",First,Jaipur,45 Lakh*
347,2022,Bmw,Bmw 5 Series 530i M Sport,Petrol,Manual,1998,"7,000",First,Jaipur,69 Lakh*
348,2015,Maruti,Maruti Swift Vdi Optional,Diesel,Automatic,1248,"81,000",First,Jaipur,5.41 Lakh*
349,2021,Mercedes-benz,Mercedes-benz Glc Coupe 43 Amg 4matic,Petrol,Manual,2991,"8,000",First,Jaipur,88 Lakh*
350,2018,Mercedes-benz,Mercedes-benz Gla Class 200 D Sport,Diesel,Automatic,2143,"22,000",First,Jaipur,29 Lakh*
351,2012,Hyundai,Hyundai I20 1.4 Magna Opt Diesel,Diesel,Automatic,1396,"83,000",First,Jaipur,3.50 Lakh*
352,2016,Hyundai,Hyundai Grand I10 Magna,Petrol,Manual,1197,"80,000",Second,Jaipur,4.45 Lakh*
353,2017,Maruti,Maruti Baleno 1.2 Zeta,Petrol,Manual,1197,"60,000",First,Jaipur,6.50 Lakh*
354,2015,Maruti,Maruti Swift Vdi,Diesel,Automatic,1248,"85,000",First,Jaipur,5.50 Lakh*
355,2019,Honda,Honda Wr-v I-vtec Vx,Petrol,Manual,1199,"65,000",First,Jaipur,7.95 Lakh*
356,2015,Maruti,Maruti Swift Dzire Vdi,Diesel,Automatic,1248,"45,421",Second,Jaipur,5.50 Lakh*
357,2022,Hyundai,Hyundai Verna S Plus,Petrol,Manual,1497,190,First,Jaipur,11.01 Lakh*
358,2011,Bmw,Bmw 5 Series 530d,Diesel,Automatic,2993,"1,40,000",First,Jaipur,13.50 Lakh*
359,2018,Maruti,Maruti Baleno 1.3 Zeta,Diesel,Automatic,1248,"78,000",First,Jaipur,7.25 Lakh*
360,2019,Hyundai,Hyundai Creta 1.4 Ex Diesel,Diesel,Automatic,1396,"53,000",First,Jaipur,10.50 Lakh*
361,2018,Toyota,Toyota Innova Crysta 2.4 Gx Mt,Diesel,Automatic,2393,"91,000",First,Jaipur,17 Lakh*
362,2019,Toyota,Toyota Fortuner 2.8 2wd Mt,Diesel,Automatic,2755,"91,000",First,Jaipur,31 Lakh*
363,2008,Maruti,Maruti Swift Vdi Bsiv,Diesel,Automatic,1248,"1,20,000",Fifth,Jaipur,1.30 Lakh*
364,2018,Maruti,Maruti Ciaz Delta,Petrol,Manual,1462,"66,000",First,Jaipur,7 Lakh*
365,2018,Mercedes-benz,Mercedes-benz Gle 250d,Diesel,Automatic,2143,"89,000",First,Jaipur,47 Lakh*
366,2020,Maruti,Maruti Baleno 1.2 Delta,Petrol,Manual,1197,"60,000",First,Jaipur,6.40 Lakh*
367,2007,Maruti,Maruti Wagon R Lxi Duo Bsiii,,,1061,"80,000",Third,Jaipur,"95,000*"
368,2016,Maruti,Maruti Swift Ldi,Diesel,Automatic,1248,"52,000",Second,Jaipur,4.85 Lakh*
369,2020,Maruti,Maruti Baleno 1.2 Delta,Petrol,Manual,1197,"39,000",First,Jaipur,6.55 Lakh*
370,2014,Renault,Renault Pulse Rxl,Diesel,Automatic,1461,"1,10,000",Second,Jaipur,2 Lakh*
371,2014,Volkswagen,Volkswagen Vento 1.5 Tdi Highline,Diesel,Automatic,1498,"75,500",Second,Jaipur,4.75 Lakh*
372,2016,Renault,Renault Duster 85ps Diesel Rxl,Diesel,Automatic,1461,"65,342",First,Jaipur,6.50 Lakh*
373,2013,Maruti,Maruti Swift Zdi,Diesel,Automatic,1248,"1,20,000",Third,Jaipur,3.99 Lakh*
374,2019,Renault,Renault Triber Rxz,Petrol,Manual,999,"34,000",First,Jaipur,6.65 Lakh*
375,2011,Volkswagen,Volkswagen Vento Diesel Highline,Diesel,Automatic,1598,"90,000",Third,Jaipur,2.50 Lakh*
376,2014,Renault,Renault Duster 110ps Diesel Rxl,Diesel,Automatic,1461,"1,07,000",Second,Jaipur,5 Lakh*
377,2014,Toyota,Toyota Innova 2.5 Gx (diesel) 7 Seater,Diesel,Automatic,2494,"2,11,000",First,Jaipur,7.50 Lakh*
378,2014,Renault,Renault Duster 85ps Diesel Rxl,Diesel,Automatic,1461,"89,000",First,Jaipur,5 Lakh*
379,2012,Toyota,Toyota Fortuner 4x4 Mt,Diesel,Automatic,2982,"1,61,000",First,Jaipur,13 Lakh*
380,2013,Toyota,Toyota Innova 2.5 Vx (diesel) 7 Seater,Diesel,Automatic,2494,"90,000",First,Jaipur,8.50 Lakh*
381,2013,Maruti,Maruti Wagon R Vxi,Petrol,Manual,998,"76,000",Second,Jaipur,2.75 Lakh*
382,2013,Audi,Audi A6 2.0 Tdi,Diesel,Automatic,1968,"88,000",First,Jaipur,15 Lakh*
383,2013,Maruti,Maruti Swift Dzire Vdi,Diesel,Automatic,1248,"1,20,000",Fourth,Jaipur,3.75 Lakh*
384,2019,Maruti,Maruti Ignis 1.2 Delta Bsiv,Petrol,Manual,1197,"48,000",First,Jaipur,5.25 Lakh*
385,2016,Volkswagen,Volkswagen Polo 1.2 Mpi Comfortline,Petrol,Manual,1199,"40,000",Second,Jaipur,4.25 Lakh*
386,2021,Maruti,Maruti Alto 800 Vxi,Petrol,Manual,796,"25,000",First,Jaipur,4 Lakh*
387,2013,Hyundai,Hyundai Verna 1.6 Sx,Diesel,Automatic,1582,"82,000",Second,Jaipur,4.75 Lakh*
388,2020,Jeep,Jeep Compass 2.0 Sport Plus Bsiv,Diesel,Automatic,1956,"47,000",First,Jaipur,16.50 Lakh*
389,2018,Hyundai,Hyundai Grand I10 Magna,Petrol,Manual,1197,"38,000",First,Jaipur,4.75 Lakh*
390,2014,Jaguar,Jaguar Xf 2.2 Litre Luxury,Diesel,Automatic,2179,"30,000",First,Jaipur,18.25 Lakh*
391,2018,Hyundai,Hyundai Grand I10 1.2 Kappa Magna Bsiv,Petrol,Manual,1197,"1,10,000",First,Jaipur,4 Lakh*
392,2017,Honda,Honda Brio 1.2 Vx Mt,Petrol,Manual,1198,"40,352",Second,Jaipur,4.25 Lakh*
393,2013,Chevrolet,Chevrolet Tavera Neo 3 Ls 10 Seats Bsiii,Diesel,Automatic,2499,"1,20,000",Third,Jaipur,3 Lakh*
394,2017,Hyundai,Hyundai Verna 1.6 Crdi Sx,Diesel,Automatic,1582,"83,500",First,Jaipur,9.90 Lakh*
395,2014,Honda,Honda Amaze E I-dtech,Diesel,Automatic,1498,"95,080",Second,Jaipur,3.06 Lakh*
396,2019,Ford,Ford Endeavour 3.2 Titanium At 4x4,Diesel,Automatic,3198,"42,000",First,Jaipur,35 Lakh*
397,2012,Hyundai,Hyundai Eon Lpg Magna Plus,,,814,"1,20,000",Fourth,Jaipur,1.90 Lakh*
398,2014,Ford,Ford Ecosport 1.5 Dv5 Mt Titanium Optional,Diesel,Automatic,1498,"80,000",Second,Jaipur,4.50 Lakh*
399,2020,Tata,Tata Tiago Xt,Petrol,Manual,1199,"5,000",First,Jaipur,6.05 Lakh*
400,2008,Maruti,Maruti Alto Lxi,Petrol,Manual,796,"60,000",First,Jaipur,1.15 Lakh*
401,2007,Maruti,Maruti Wagon R Ax Minor,Petrol,Manual,1061,"80,000",First,Jaipur,1.25 Lakh*
402,2018,Maruti,Maruti Alto 800 Lxi,Petrol,Manual,796,"75,549",Second,Jaipur,2.63 Lakh*
403,2019,Maruti,Maruti Baleno 1.2 Zeta,Petrol,Manual,1197,"29,272",Second,Jaipur,7.25 Lakh*
404,2015,Hyundai,Hyundai I20 Asta Option 1.2,Petrol,Manual,1197,"69,844",Second,Jaipur,5.25 Lakh*
405,2018,Hyundai,Hyundai I20 1.4 Asta Option,Diesel,Automatic,1396,"64,000",First,Jaipur,7.35 Lakh*
406,2015,Tata,Tata Indigo Lx (tdi) Bs-iii,Diesel,Automatic,1405,"90,000",Second,Jaipur,2.25 Lakh*
407,2008,Maruti,Maruti Swift Vdi Bsiii,Diesel,Automatic,1248,"1,20,000",Third,Jaipur,1.50 Lakh*
408,2013,Hyundai,Hyundai I10 Era,Petrol,Manual,1086,"53,685",First,Jaipur,2.70 Lakh*
409,2008,Hyundai,Hyundai Verna Crdi,Diesel,Automatic,1493,"1,20,000",Third,Jaipur,1.50 Lakh*
410,2015,Tata,Tata Safari Storme Ex,Diesel,Automatic,2179,"1,09,448",First,Jaipur,6.50 Lakh*
411,2012,Ford,Ford Figo Diesel Zxi,Diesel,Automatic,1399,"90,000",Second,Jaipur,2.20 Lakh*
412,2020,Maruti,Maruti Swift Vxi,Petrol,Manual,1197,"8,642",First,Jaipur,6.05 Lakh*
413,2015,Renault,Renault Kwid 1.0 Rxt,Petrol,Manual,999,"50,000",Second,Jaipur,2.45 Lakh*
414,2019,Ford,Ford Ecosport 1.5 Petrol Titanium Plus At,Petrol,Manual,1496,"19,000",First,Jaipur,9.45 Lakh*
415,2018,Hyundai,Hyundai Elite I20 2018 Diesel Asta Option,Diesel,Automatic,1396,"1,10,000",Third,Jaipur,6.30 Lakh*
416,2017,Datsun,Datsun Redigo T,Petrol,Manual,799,"74,000",First,Jaipur,2.25 Lakh*
417,2020,Maruti,Maruti Swift Vxi,Petrol,Manual,1197,"16,000",First,Jaipur,6.85 Lakh*
418,2018,Maruti,Maruti Ignis 1.2 Sigma Bsiv,Petrol,Manual,1197,"53,390",First,Jaipur,4.45 Lakh*
419,2012,Toyota,Toyota Etios Liva Gd,Diesel,Automatic,1364,"1,30,531",Third,Jaipur,2.54 Lakh*
420,2019,Maruti,Maruti Celerio Zxi Optional Mt Bsiv,Petrol,Manual,998,"27,600",Third,Jaipur,4.51 Lakh*
421,2021,Maruti,Maruti Vitara Brezza Vxi,Petrol,Manual,1462,"16,700",First,Jaipur,8.90 Lakh*
422,2019,Mahindra,Mahindra Scorpio S11 Bsiv,Diesel,Automatic,2179,"80,000",Second,Jaipur,14 Lakh*
423,2002,Honda,Honda City 1.5 Exi,Petrol,Manual,1493,"1,75,000",Third,Jaipur,1 Lakh*
424,2013,Maruti,Maruti Swift Vdi,Diesel,Automatic,1248,"1,00,000",Second,Jaipur,3.45 Lakh*
425,2018,Hyundai,Hyundai I20 1.2 Asta Option,Petrol,Manual,1197,"44,853",First,Jaipur,6.75 Lakh*
426,2020,Ford,Ford Ecosport 1.5 Diesel Titanium,Diesel,Automatic,1498,"10,000",First,Jaipur,9.50 Lakh*
427,2014,Maruti,Maruti Swift Dzire Ldi,Diesel,Automatic,1248,"62,652",Second,Jaipur,3.69 Lakh*
428,2016,Hyundai,Hyundai Grand I10 Sportz,Petrol,Manual,1197,"73,474",First,Jaipur,4.45 Lakh*
429,2018,Datsun,Datsun Go Plus T Option Bsiv,Petrol,Manual,1198,"1,25,000",First,Jaipur,3.65 Lakh*
430,2015,Ford,Ford Ecosport 1.5 Ti Vct At Titanium,Petrol,Manual,1499,"80,000",Second,Jaipur,4.75 Lakh*
431,2014,Hyundai,Hyundai Grand I10 Sportz,Petrol,Manual,1197,"64,344",First,Jaipur,3.90 Lakh*
432,2014,Skoda,Skoda Rapid 1.5 Tdi Elegance,Diesel,Automatic,1498,"84,537",First,Jaipur,4.54 Lakh*
433,2015,Hyundai,Hyundai Grand I10 Crdi Asta,Diesel,Automatic,1120,"1,40,001",Second,Jaipur,3.72 Lakh*
434,2021,Ford,Ford Endeavour Titanium Plus 4x2 At,Diesel,Automatic,1996,"35,000",First,Jaipur,38.50 Lakh*
435,2012,Mahindra,Mahindra Scorpio Vlx 2wd 7s Bsiv,Diesel,Automatic,2179,"1,20,000",Fourth,Jaipur,4.50 Lakh*
436,2015,Maruti,Maruti Swift Dzire Vdi,Diesel,Automatic,1248,"90,000",Second,Jaipur,4.60 Lakh*
437,2007,Maruti,Maruti 800 Ac,Petrol,Manual,796,"60,000",Third,Jaipur,"40,000*"
438,2016,Audi,Audi Q3 2.0 Tdi,Diesel,Automatic,1968,"57,984",First,Jaipur,21.45 Lakh*
439,2016,Mini,Mini 5 Door Cooper D,Diesel,Automatic,1496,"60,000",Second,Jaipur,22.50 Lakh*
440,2011,Hyundai,Hyundai Verna 1.6 Sx,Diesel,Automatic,1582,"1,20,000",Third,Jaipur,3.50 Lakh*
441,2019,Jaguar,Jaguar F-pace Prestige 2.0 Petrol,Petrol,Manual,1997,"8,000",First,Jaipur,56.50 Lakh*
442,2019,Honda,Honda Wr-v I-vtec S,Petrol,Manual,1199,"31,187",First,Jaipur,7.95 Lakh*
443,2017,Renault,Renault Kwid 1.0 Rxl,Petrol,Manual,999,"50,000",First,Jaipur,2.70 Lakh*
444,2018,Mahindra,Mahindra Xuv500 W4,Diesel,Automatic,2179,"65,000",Second,Jaipur,7.90 Lakh*
445,2007,Honda,Honda Civic 1.8 V At,Petrol,Manual,1799,"1,05,000",Fourth,Jaipur,2.25 Lakh*
446,2021,Hyundai,Hyundai Creta Ex Diesel,Diesel,Automatic,1493,"10,000",First,Jaipur,13 Lakh*
447,2019,Hyundai,Hyundai Venue S Plus,Petrol,Manual,1197,"37,000",First,Jaipur,8.25 Lakh*
448,2013,Maruti,Maruti Wagon R Stingray Lxi,Petrol,Manual,998,"80,000",Second,Jaipur,2.65 Lakh*
449,2006,Opelcorsa,Opelcorsa 1.6 Gsi,Petrol,Manual,1589,"60,000",Second,Jaipur,"99,000*"
450,2018,Toyota,Toyota Innova Crysta 2.8 Zx At Bsiv,Diesel,Automatic,2755,"58,000",First,Jaipur,21.50 Lakh*
451,2020,Kia,Kia Sonet 1.2 Htk Plus,Petrol,Manual,1197,"4,000",First,Jaipur,9.50 Lakh*
452,2018,Jeep,Jeep Compass 2.0 Limited,Diesel,Automatic,1956,"72,000",First,Jaipur,13.50 Lakh*
453,2018,Maruti,Maruti Alto K10 Vxi,Petrol,Manual,998,"49,000",First,Jaipur,3.60 Lakh*
454,2021,Hyundai,Hyundai Grand I10 Nios Amt Asta,Petrol,Manual,1197,"11,000",First,Jaipur,8.25 Lakh*
455,2019,Kia,Kia Seltos Htk Plus D,Diesel,Automatic,1493,"84,000",First,Jaipur,13.25 Lakh*
456,2018,Hyundai,Hyundai I20 Asta Option,Petrol,Manual,1197,"45,000",First,Jaipur,7.40 Lakh*
457,2017,Maruti,Maruti Eeco 5 Seater Standard Bsiv,Petrol,Manual,1196,"86,000",First,Jaipur,4 Lakh*
458,2015,Maruti,Maruti Swift Vdi Optional,Diesel,Automatic,1248,"70,000",First,Jaipur,3.98 Lakh*
459,2019,Mahindra,Mahindra Bolero Power Plus Zlx,Diesel,Automatic,1493,"40,000",First,Jaipur,9.50 Lakh*
460,2018,Maruti,Maruti Baleno Delta,Petrol,Manual,1197,"24,000",First,Jaipur,6.35 Lakh*
461,2020,Mg,Mg Hector Sharp Dct,Petrol,Manual,1451,"50,611",First,Jaipur,17.14 Lakh*
462,2015,Datsun,Datsun Go A,Petrol,Manual,1198,"60,000",First,Jaipur,1.75 Lakh*
463,2017,Renault,Renault Kwid 1.0,Petrol,Manual,999,"64,000",Second,Jaipur,2.85 Lakh*
464,2018,Maruti,Maruti Ciaz Zeta,Petrol,Manual,1462,"28,000",First,Jaipur,8.65 Lakh*
465,2020,Maruti,Maruti Xl6 Zeta,Petrol,Manual,1462,"78,000",First,Jaipur,10 Lakh*
466,2014,Mahindra,Mahindra Scorpio Adventure Edition 2wd,Diesel,Automatic,2179,"1,19,000",First,Jaipur,6.50 Lakh*
467,2008,Tata,Tata Indigo Tdi,Diesel,Automatic,1405,"1,10,000",Third,Jaipur,"90,000*"
468,2017,Hyundai,Hyundai Creta 1.4 Crdi S,Diesel,Automatic,1396,"66,207",First,Jaipur,8.64 Lakh*
469,2009,Maruti,Maruti Wagon R Lxi Minor Duo Lpg,,,1061,"80,000",Second,Jaipur,1.50 Lakh*
470,2007,Maruti,Maruti Alto Lxi,Petrol,Manual,796,"50,000",First,Jaipur,1 Lakh*
471,2012,Maruti,Maruti Swift Dzire Vxi,Petrol,Manual,1197,"88,500",First,Jaipur,3.45 Lakh*
472,2017,Renault,Renault Kwid Rxl,Petrol,Manual,799,"62,506",First,Jaipur,2.62 Lakh*
473,2021,Toyota,Toyota Urban Cruiser Mid,Petrol,Manual,1462,"21,535",First,Jaipur,9 Lakh*
474,2016,Hyundai,Hyundai I20 Magna 1.4 Crdi,Diesel,Automatic,1396,"65,000",First,Jaipur,6.70 Lakh*
475,2019,Hyundai,Hyundai Grand I10 Sportz Petrol Bsiv,Petrol,Manual,1197,"26,000",First,Jaipur,5.85 Lakh*
476,2019,Maruti,Maruti Sx4 S Cross Zeta Ddis 200 Sh,Diesel,Automatic,1248,"66,000",First,Jaipur,9.85 Lakh*
477,2017,Mahindra,Mahindra Thar Di 4x4,Diesel,Automatic,2523,"51,200",First,Jaipur,8.75 Lakh*
478,2017,Hyundai,Hyundai Creta 1.6 Crdi Sx,Diesel,Automatic,1582,"55,888",First,Jaipur,11.90 Lakh*
479,2018,Honda,Honda Amaze S Cvt I-vtec,Petrol,Manual,1199,"40,000",First,Jaipur,5.50 Lakh*
480,2012,Mercedes-benz,Mercedes-benz C-class C 220 Cdi Classic,Diesel,Automatic,2148,"69,000",First,Jaipur,13.25 Lakh*
481,2022,Hyundai,Hyundai I20 Sportz,Petrol,Manual,1197,"10,000",First,Jaipur,8 Lakh*
482,2010,Chevrolet,Chevrolet Spark 1.0,Petrol,Manual,995,"50,000",Second,Jaipur,"70,000*"
483,2014,Hyundai,Hyundai Verna 1.4 Cx,Diesel,Automatic,1396,"1,13,442",Second,Jaipur,5.25 Lakh*
484,2007,Honda,Honda Civic 1.8 V Mt,Petrol,Manual,1799,"1,20,000",First,Jaipur,2 Lakh*
485,2016,Maruti,Maruti Swift Dzire Vxi,Petrol,Manual,1197,"50,325",First,Jaipur,5.50 Lakh*
486,2020,Hyundai,Hyundai Aura Sx Option,Petrol,Manual,1197,"38,146",First,Jaipur,7.68 Lakh*
487,2018,Mahindra,Mahindra Marazzo M8,Diesel,Automatic,1497,"92,791",First,Jaipur,10.11 Lakh*
488,2015,Tata,Tata Indigo Lx Bsiv,Diesel,Automatic,1396,"81,213",First,Jaipur,1.72 Lakh*
489,2021,Maruti,Maruti S-presso Vxi,Petrol,Manual,998,"8,696",Second,Jaipur,4.28 Lakh*
490,2019,Honda,Honda Wr-v I-dtec V,Diesel,Automatic,1498,"48,954",First,Jaipur,8.17 Lakh*
491,2018,Maruti,Maruti Alto 800 Lxi,Petrol,Manual,796,"34,488",First,Jaipur,2.87 Lakh*
492,2021,Mahindra,Mahindra Thar Lx 4-str Hard Top Diesel At,Diesel,Automatic,2184,"15,549",First,Jaipur,15.81 Lakh*
493,2013,Hyundai,Hyundai I20 Sportz 1.2,Petrol,Manual,1197,"85,000",Second,Jaipur,3.65 Lakh*
494,2014,Renault,Renault Duster 85ps Diesel Rxl Optional,Diesel,Automatic,1461,"90,000",Second,Jaipur,4.10 Lakh*
495,2007,Hyundai,Hyundai Getz Gvs,Petrol,Manual,1341,"85,000",Third,Jaipur,"90,000*"
496,2020,Mahindra,Mahindra Bolero B6 Opt,Diesel,Automatic,1498,"32,104",First,Jaipur,10.01 Lakh*
497,2014,Mahindra,Mahindra Scorpio Vlx 2wd 7s Bsiv,Diesel,Automatic,2179,"1,01,683",Third,Jaipur,5.32 Lakh*
498,2007,Maruti,Maruti Swift Vdi Bsiii,Diesel,Automatic,1248,"90,000",Second,Jaipur,2.25 Lakh*
499,2013,Volkswagen,Volkswagen Vento Diesel Highline,Diesel,Automatic,1598,"1,20,000",First,Jaipur,4.25 Lakh*
500,2017,Maruti,Maruti Wagon R Vxi,Petrol,Manual,998,"50,000",Second,Jaipur,4 Lakh*
501,2010,Maruti,Maruti Sx4 Zxi At,Petrol,Manual,1586,"78,000",Second,Jaipur,2.35 Lakh*
502,2017,Hyundai,Hyundai Eon Magna Plus,Petrol,Manual,814,"58,000",First,Jaipur,2.85 Lakh*
503,2016,Maruti,Maruti Wagon R Vxi,Petrol,Manual,998,"70,000",First,Jaipur,3.70 Lakh*
504,2018,Maruti,Maruti Wagon R Amt Vxi,Petrol,Manual,998,"64,000",First,Jaipur,4.35 Lakh*
505,2012,Hyundai,Hyundai Verna 1.6 Crdi,Diesel,Automatic,1582,"75,000",Second,Jaipur,4.50 Lakh*
506,2013,Honda,Honda Amaze E I-vtech,Petrol,Manual,1198,"1,10,800",Second,Jaipur,3.25 Lakh*
507,2007,Toyota,Toyota Corolla Ae,Petrol,Manual,1794,"82,000",First,Jaipur,1.70 Lakh*
508,2012,Maruti,Maruti Alto K10 2010-2014 Vxi,Petrol,Manual,998,"95,000",Second,Jaipur,2.25 Lakh*
509,2014,Honda,Honda City I Dtec Vx,Diesel,Automatic,1498,"92,000",Second,Jaipur,5.95 Lakh*
510,2011,Chevrolet,Chevrolet Beat Lt,Petrol,Manual,1199,"68,000",First,Jaipur,1.80 Lakh*
511,2009,Toyota,Toyota Fortuner 3.0 Diesel,Diesel,Automatic,2982,"1,55,445",Second,Jaipur,7.26 Lakh*
512,2018,Maruti,Maruti Vitara Brezza Zdi,Diesel,Automatic,1248,"76,854",First,Jaipur,7.99 Lakh*
513,2011,Honda,Honda City 1.5 S At,Petrol,Manual,1497,"90,000",First,Jaipur,3.25 Lakh*
514,2012,Mahindra,Mahindra Xuv500 W8 Fwd,Diesel,Automatic,2179,"98,337",First,Jaipur,5.11 Lakh*
515,2018,Maruti,Maruti Baleno 1.2 Delta,Petrol,Manual,1197,"64,973",First,Jaipur,5.39 Lakh*
516,2015,Honda,Honda City I Vtec S,Petrol,Manual,1497,"15,383",Second,Jaipur,5.53 Lakh*
517,2009,Hyundai,Hyundai I20 Asta,Petrol,Manual,1197,"97,224",Third,Jaipur,1.99 Lakh*
518,2021,Maruti,Maruti Baleno Delta,Petrol,Manual,1197,"5,965",First,Jaipur,6.83 Lakh*
519,2020,Hyundai,Hyundai Santro Sportz,Petrol,Manual,1086,"15,741",First,Jaipur,5.28 Lakh*
520,2012,Maruti,Maruti Ertiga Vdi,Diesel,Automatic,1248,"1,06,684",First,Jaipur,4.40 Lakh*
521,2019,Tata,Tata Harrier Xz Bsiv,Diesel,Automatic,1956,"43,000",First,Jaipur,14.75 Lakh*
522,2015,Skoda,Skoda Rapid 1.5 Tdi Ambition,Diesel,Automatic,1498,"1,10,000",Second,Jaipur,4.75 Lakh*
523,2018,Hyundai,Hyundai Verna Crdi 1.6 Sx,Diesel,Automatic,1582,"75,835",First,Jaipur,9 Lakh*
524,2013,Hyundai,Hyundai Verna 1.6 Sx Crdi (o) At,Diesel,Automatic,1582,"68,206",Second,Jaipur,4.73 Lakh*
525,2016,Maruti,Maruti Alto K10 Vxi,Petrol,Manual,998,"1,21,487",First,Jaipur,2.67 Lakh*
526,2010,Maruti,Maruti Alto K10 2010-2014 Vxi,Petrol,Manual,998,"91,416",Third,Jaipur,1.32 Lakh*
527,2014,Mahindra,Mahindra Scorpio Ex 9s Bsiii,Diesel,Automatic,2523,"52,995",First,Jaipur,5.40 Lakh*
528,2022,Maruti,Maruti Vitara Brezza Lxi,Petrol,Manual,1462,"1,686",First,Jaipur,7.97 Lakh*
529,2022,Maruti,Maruti Swift Vxi Amt,Petrol,Manual,1197,"5,000",First,Jaipur,7.25 Lakh*
530,2015,Maruti,Maruti Alto 800 Lxi,Petrol,Manual,796,"50,000",Second,Jaipur,2.15 Lakh*
531,2020,Maruti,Maruti Swift Vxi,Petrol,Manual,1197,"29,000",First,Jaipur,6.40 Lakh*
532,2014,Mahindra,Mahindra Xuv500 W6 2wd,Diesel,Automatic,2179,"49,123",Second,Jaipur,5.85 Lakh*
533,2016,Tata,Tata Safari Storme Ex,Diesel,Automatic,2179,"97,000",First,Jaipur,6.95 Lakh*
534,2016,Hyundai,Hyundai Creta 1.6 Sx Option,Petrol,Manual,1591,"76,000",First,Jaipur,8.85 Lakh*
535,2009,Maruti,Maruti Swift Dzire Vdi,Diesel,Automatic,1248,"73,062",First,Jaipur,2.34 Lakh*
536,2012,Hyundai,Hyundai I10 Magna Lpg,,,1086,"48,026",Second,Jaipur,2.31 Lakh*
537,2019,Maruti,Maruti Alto 800 Vxi,Petrol,Manual,796,"31,747",First,Jaipur,3.41 Lakh*
538,2017,Ford,Ford Ecosport 1.5 Diesel Trend Plus Bsiv,Diesel,Automatic,1498,"87,000",First,Jaipur,6.25 Lakh*
539,2012,Toyota,Toyota Innova 2.5 Vx (diesel) 8 Seater,Diesel,Automatic,2494,"1,51,000",Second,Jaipur,7 Lakh*
540,2018,Volkswagen,Volkswagen Vento 1.2 Tsi Highline Plus At,Petrol,Manual,1197,"55,000",First,Jaipur,10.20 Lakh*
541,2015,Skoda,Skoda Superb Elegance 2.0 Tdi Cr At,Diesel,Automatic,1968,"99,000",Second,Jaipur,13.70 Lakh*
542,2019,Mahindra,Mahindra Kuv 100 Nxt D75 K2,Diesel,Automatic,1198,"59,057",First,Jaipur,4.24 Lakh*
543,2015,Jaguar,Jaguar Xf 2.2 Litre Luxury,Diesel,Automatic,2179,"78,000",Second,Jaipur,26.50 Lakh*
544,2010,Toyota,Toyota Fortuner 3.0 Diesel,Diesel,Automatic,2982,"1,38,580",First,Jaipur,10 Lakh*
545,2016,Maruti,Maruti Vitara Brezza Zdi Plus,Diesel,Automatic,1248,"80,000",First,Jaipur,8.35 Lakh*
546,2018,Skoda,Skoda Rapid 1.5 Tdi Ambition Bsiv,Diesel,Automatic,1498,"89,000",First,Jaipur,9.75 Lakh*
547,2013,Volvo,Volvo S60 D4 Kinetic,Diesel,Automatic,1984,"53,000",Second,Jaipur,12.50 Lakh*
548,2018,Hyundai,Hyundai Grand I10 Magna,Petrol,Manual,1197,"25,000",First,Jaipur,5.35 Lakh*
549,2018,Hyundai,Hyundai Eon Era Plus,Petrol,Manual,814,"32,000",First,Jaipur,3.25 Lakh*
550,2019,Hyundai,Hyundai Xcent 1.2 Vtvt S,Petrol,Manual,1197,"52,000",First,Jaipur,5.60 Lakh*
551,2012,Nissan,Nissan Sunny Diesel Xl,Diesel,Automatic,1461,"1,60,943",First,Jaipur,2.04 Lakh*
552,2010,Maruti,Maruti Swift Vdi Bsiii,Diesel,Automatic,1248,"80,000",First,Jaipur,2.25 Lakh*
553,2003,Hyundai,Hyundai Santro Xing Xe,Petrol,Manual,1086,"90,000",Second,Jaipur,"70,000*"
554,2014,Volkswagen,Volkswagen Polo 1.5 Tdi Trendline,Diesel,Automatic,1498,"81,088",Second,Jaipur,2.59 Lakh*
555,2019,Hyundai,Hyundai Santro Sportz Amt Bsiv,Petrol,Manual,1086,"44,031",First,Jaipur,4.83 Lakh*
556,2018,Hyundai,Hyundai I20 1.2 Spotz,Petrol,Manual,1197,"30,000",First,Jaipur,5.25 Lakh*
557,2014,Hyundai,Hyundai Eon Magna Plus,Petrol,Manual,814,"41,184",Third,Jaipur,2.14 Lakh*
558,2022,Renault,Renault Kwid 1.0 Rxt Amt Opt,Petrol,Manual,999,"1,887",First,Jaipur,5.36 Lakh*
559,2016,Renault,Renault Kwid 1.0 Rxt Optional,Petrol,Manual,999,"67,902",Second,Jaipur,2.60 Lakh*
560,2014,Hyundai,Hyundai Xcent 1.2 Kappa S,Petrol,Manual,1197,"35,420",Second,Jaipur,3.59 Lakh*
561,2021,Tata,Tata Tiago Xta Amt,Petrol,Manual,1199,"4,634",First,Jaipur,6.35 Lakh*
562,2012,Volkswagen,Volkswagen Polo Diesel Trendline 1.2l,Diesel,Automatic,1199,"70,000",Third,Jaipur,1.80 Lakh*
563,2016,Hyundai,Hyundai Grand I10 Crdi Sportz,Diesel,Automatic,1120,"53,000",First,Jaipur,4.55 Lakh*
564,2009,Maruti,Maruti Wagon R Lxi Minor,Petrol,Manual,1061,"57,000",Second,Jaipur,1.20 Lakh*
565,2016,Hyundai,Hyundai Eon Lpg Era Plus,,,814,"1,60,000",Second,Jaipur,2 Lakh*
566,2016,Mahindra,Mahindra Xuv500 At W10 Fwd,Diesel,Automatic,2179,"1,00,000",Third,Jaipur,8 Lakh*
567,2020,Maruti,Maruti Swift Vxi,Petrol,Manual,1197,"35,000",First,Jaipur,5.80 Lakh*
568,2012,Hyundai,Hyundai Verna 1.6 Sx,Diesel,Automatic,1582,"72,689",First,Jaipur,4.07 Lakh*
569,2017,Honda,Honda City I Dtec V,Diesel,Automatic,1498,"1,20,000",Second,Jaipur,7.50 Lakh*
570,2019,Maruti,Maruti Ertiga Vxi,Petrol,Manual,1462,"41,071",First,Jaipur,8.21 Lakh*
571,2020,Renault,Renault Kwid Rxt,Petrol,Manual,799,"9,793",First,Jaipur,4.63 Lakh*
572,2017,Maruti,Maruti Alto 800 Lxi,Petrol,Manual,796,"9,440",First,Jaipur,2.75 Lakh*
573,2018,Maruti,Maruti Ertiga 1.5 Vdi,Diesel,Automatic,1498,"1,70,000",Second,Jaipur,8.50 Lakh*
574,2012,Hyundai,Hyundai Verna 1.6 Sx,Diesel,Automatic,1582,"1,22,515",First,Jaipur,3.83 Lakh*
575,2018,Maruti,Maruti Alto 800 Vxi,Petrol,Manual,796,"40,698",First,Jaipur,3.04 Lakh*
576,2008,Honda,Honda City Gxi,Petrol,Manual,1497,"1,59,265",Third,Jaipur,1.51 Lakh*
577,2014,Hyundai,Hyundai Grand I10 Sportz,Petrol,Manual,1197,"73,271",First,Jaipur,3.44 Lakh*
578,2015,Renault,Renault Duster 85ps Diesel Rxl,Diesel,Automatic,1461,"1,21,118",First,Jaipur,4.86 Lakh*
579,2015,Datsun,Datsun Go Plus T Bsiv,Petrol,Manual,1198,"24,244",First,Jaipur,2.60 Lakh*
580,2013,Hyundai,Hyundai I20 Magna 1.4 Crdi (diesel),Diesel,Automatic,1396,"1,20,596",Second,Jaipur,3.01 Lakh*
581,2018,Maruti,Maruti Baleno 1.2 Sigma,Petrol,Manual,1197,"58,915",Second,Jaipur,4.74 Lakh*
582,2016,Hyundai,Hyundai Grand I10 Crdi Magna,Diesel,Automatic,1120,"75,848",Third,Jaipur,3.63 Lakh*
583,2014,Mahindra,Mahindra Bolero Zlx,Diesel,Automatic,2523,"2,41,522",Second,Jaipur,4.32 Lakh*
584,2021,Maruti,Maruti Vitara Brezza Zxi,Petrol,Manual,1462,"15,143",First,Jaipur,9.48 Lakh*
585,2018,Honda,Honda Amaze Vx I Dtec,Diesel,Automatic,1498,"1,02,498",First,Jaipur,5.90 Lakh*
586,2019,Datsun,Datsun Go T Petrol,Petrol,Manual,1198,"34,346",First,Jaipur,3.45 Lakh*
587,2016,Maruti,Maruti Ritz Lxi,Petrol,Manual,1197,"1,07,057",Fourth,Jaipur,2.31 Lakh*
588,2006,Maruti,Maruti Alto Lx,Petrol,Manual,796,"68,714",Second,Jaipur,"63,570*"
589,2008,Tata,Tata Indigo Classic Dicor,Diesel,Automatic,1396,"1,08,548",Second,Jaipur,1.18 Lakh*
590,2011,Fiat,Fiat Grande Punto 1.3 Emotion (diesel),Diesel,Automatic,1248,"1,18,170",Second,Jaipur,1.41 Lakh*
591,2021,Kia,Kia Sonet Gtx Plus Turbo Dct,Petrol,Manual,998,"11,188",First,Jaipur,13.23 Lakh*
592,2011,Tata,Tata New Safari Dicor 2.2 Ex 4x2 Bs Iv,Diesel,Automatic,2179,"89,731",First,Jaipur,2.73 Lakh*
593,2019,Maruti,Maruti Baleno Zeta,Petrol,Manual,1197,"73,897",First,Jaipur,6.36 Lakh*
594,2018,Ford,Ford Aspire 1.5 Tdci Titanium,Diesel,Automatic,1498,"73,501",First,Jaipur,4.89 Lakh*
595,2015,Renault,Renault Duster 85ps Diesel Rxl Option,Diesel,Automatic,1461,"81,726",Second,Jaipur,4.22 Lakh*
596,2012,Hyundai,Hyundai Verna 1.6 Sx Crdi (o) At,Diesel,Automatic,1582,"1,13,262",Second,Jaipur,3.72 Lakh*
597,2016,Maruti,Maruti Wagon R Vxi Bs Iv,Petrol,Manual,998,"76,606",First,Jaipur,3.36 Lakh*
598,2021,Maruti,Maruti Alto 800 Lxi Opt,Petrol,Manual,796,"4,731",First,Jaipur,3.85 Lakh*
599,2013,Hyundai,Hyundai I20 Sportz 1.2,Petrol,Manual,1197,"66,187",Third,Jaipur,3.13 Lakh*
600,2017,Hyundai,Hyundai I20 1.2 Spotz,Petrol,Manual,1197,"73,488",Second,Jaipur,5.32 Lakh*
601,2018,Mahindra,Mahindra Xuv500 R W10 Fwd,Diesel,Automatic,2179,"1,27,658",Third,Jaipur,8.59 Lakh*
602,2014,Maruti,Maruti Swift Dzire Vxi,Petrol,Manual,1197,"96,326",First,Jaipur,3.63 Lakh*
603,2008,Honda,Honda Civic 1.8 V Mt,Petrol,Manual,1799,"1,03,903",Fourth,Jaipur,1.58 Lakh*
604,2013,Skoda,Skoda Rapid 1.6 Tdi Elegance,Diesel,Automatic,1598,"65,683",Second,Jaipur,3.34 Lakh*
605,2013,Mahindra,Mahindra Quanto C6,Diesel,Automatic,1493,"54,098",First,Jaipur,2.59 Lakh*
606,2015,Renault,Renault Lodgy 110ps Rxz 8 Seater,Diesel,Automatic,1461,"43,453",First,Jaipur,5.41 Lakh*
607,2016,Mahindra,Mahindra Kuv 100 Mfalcon G80 K4 Plus,Petrol,Manual,1198,"40,804",First,Jaipur,3.04 Lakh*
608,2010,Mahindra,Mahindra Scorpio Lx 2wd 7s,Diesel,Automatic,2179,"2,08,189",Third,Jaipur,2.92 Lakh*
609,2018,Maruti,Maruti Ciaz 1.3 Alpha,Diesel,Automatic,1248,"19,958",First,Jaipur,7.74 Lakh*
610,2016,Hyundai,Hyundai Grand I10 Crdi Sportz,Diesel,Automatic,1120,"52,851",Second,Jaipur,4.04 Lakh*
611,2017,Skoda,Skoda Rapid 1.5 Tdi Ambition Bsiv,Diesel,Automatic,1498,"75,427",Second,Jaipur,5.35 Lakh*
612,2008,Maruti,Maruti Omni E Mpi Std,Petrol,Manual,796,"74,793",First,Jaipur,"56,459*"
613,2009,Maruti,Maruti Zen Estilo Vxi Bsiv,Petrol,Manual,998,"98,113",Second,Jaipur,1.32 Lakh*
614,2010,Maruti,Maruti Ritz Zxi,Petrol,Manual,1197,"1,14,711",Third,Jaipur,1.81 Lakh*
615,2010,Tata,Tata Aria Prestige Leather,Diesel,Automatic,2197,"33,177",First,Jaipur,3.95 Lakh*
616,2014,Hyundai,Hyundai Grand I10 Crdi Sportz,Diesel,Automatic,1120,"90,170",First,Jaipur,3.43 Lakh*
617,2012,Mahindra,Mahindra Xuv500 W8 Fwd,Diesel,Automatic,2179,"83,238",Second,Jaipur,4.90 Lakh*
618,2011,Maruti,Maruti Sx4 Celebration Petrol,Petrol,Manual,1586,"60,000",Second,Jaipur,2.25 Lakh*
619,2014,Fiat,Fiat Punto 1.3 Active,Diesel,Automatic,1248,"86,300",Second,Jaipur,2.25 Lakh*
620,2019,Maruti,Maruti Ertiga 1.5 Zdi Plus,Diesel,Automatic,1498,"40,000",First,Jaipur,11.20 Lakh*
621,2020,Toyota,Toyota Fortuner 2.8 4wd At Bsiv,Diesel,Automatic,2755,"56,000",First,Jaipur,37.50 Lakh*
622,2009,Maruti,Maruti Alto Lx Bsiii,Petrol,Manual,796,"79,546",Third,Jaipur,1.25 Lakh*
623,2007,Maruti,Maruti Alto Lxi Bsiii,Petrol,Manual,796,"1,04,381",Third,Jaipur,"79,500*"
624,2015,Hyundai,Hyundai Grand I10 Crdi Asta,Diesel,Automatic,1120,"1,30,966",First,Jaipur,4.17 Lakh*
625,2011,Maruti,Maruti Alto Lxi,Petrol,Manual,796,"37,796",First,Jaipur,1.76 Lakh*
626,2017,Maruti,Maruti Ciaz Vdi Plus Shvs,Diesel,Automatic,1248,"2,51,674",First,Jaipur,5.49 Lakh*
627,2010,Maruti,Maruti Swift Dzire Vxi,Petrol,Manual,1298,"60,000",First,Jaipur,3.10 Lakh*
628,2019,Maruti,Maruti Xl6 Alpha,Petrol,Manual,1462,"35,000",First,Jaipur,9.70 Lakh*
629,2019,Maruti,Maruti Celerio Zxi Mt Bsiv,Petrol,Manual,998,"30,000",Second,Jaipur,4.31 Lakh*
630,2017,Mahindra,Mahindra Bolero Power Plus Zlx,Diesel,Automatic,1493,"40,000",First,Jaipur,7.50 Lakh*
631,2011,Maruti,Maruti Alto Lxi,Petrol,Manual,796,"1,10,000",Third,Jaipur,1.20 Lakh*
632,2019,Maruti,Maruti Ertiga Zxi Plus,Petrol,Manual,1462,"35,074",First,Jaipur,9.27 Lakh*
633,2018,Jeep,Jeep Compass 2.0 Limited 4x4,Diesel,Automatic,1956,"57,077",First,Jaipur,13.75 Lakh*
634,2011,Mahindra,Mahindra Xuv500 W6 2wd,Diesel,Automatic,2179,"1,20,000",Second,Jaipur,3.50 Lakh*
635,2019,Honda,Honda City V Mt,Petrol,Manual,1497,"16,905",First,Jaipur,8.72 Lakh*
636,2012,Toyota,Toyota Innova 2.5 Vx 7 Str,Diesel,Automatic,2494,"1,20,000",Fourth,Jaipur,5 Lakh*
637,2016,Datsun,Datsun Redigo T,Petrol,Manual,799,"39,977",First,Jaipur,2.17 Lakh*
638,2013,Tata,Tata New Safari Dicor 2.2 Ex 4x2,Diesel,Automatic,2179,"1,23,417",First,Jaipur,3.40 Lakh*
639,2019,Maruti,Maruti Vitara Brezza Vdi,Diesel,Automatic,1248,"54,853",First,Jaipur,9.25 Lakh*
640,2014,Mahindra,Mahindra Bolero Slx,Diesel,Automatic,2523,"1,20,000",First,Jaipur,4.90 Lakh*
641,2016,Datsun,Datsun Go T Bsiv,Petrol,Manual,1198,"49,879",First,Jaipur,2.47 Lakh*
642,2009,Hyundai,Hyundai I10 Era,Petrol,Manual,1086,"85,000",Third,Jaipur,1.60 Lakh*
643,2018,Maruti,Maruti Alto K10 Vxi Ags Optional,Petrol,Manual,998,"24,069",First,Jaipur,3.80 Lakh*
644,2014,Maruti,Maruti Swift Lxi Bsiv,Petrol,Manual,1197,"83,281",First,Jaipur,3.31 Lakh*
645,2016,Maruti,Maruti Ertiga Shvs Vdi,Diesel,Automatic,1248,"1,20,000",First,Jaipur,6.50 Lakh*
646,2009,Maruti,Maruti Swift Ldi Bsiii,Diesel,Automatic,1248,"2,20,938",Third,Jaipur,1.47 Lakh*
647,2018,Renault,Renault Kwid Rxt Optional,Petrol,Manual,799,"24,485",First,Jaipur,3.30 Lakh*
648,2013,Hyundai,Hyundai I20 Sportz 1.4 Crdi,Diesel,Automatic,1396,"81,746",First,Jaipur,3.44 Lakh*
649,2021,Tata,Tata Altroz Xe,Petrol,Manual,1199,"26,699",First,Jaipur,5.87 Lakh*
650,2018,Hyundai,Hyundai Verna Crdi 1.6 Sx Option,Diesel,Automatic,1582,"57,695",First,Jaipur,11.75 Lakh*
651,2010,Fiat,Fiat Linea Emotion Pack (diesel),Diesel,Automatic,1248,"90,000",Third,Jaipur,1 Lakh*
652,2018,Hyundai,Hyundai Creta 1.6 Vtvt At Sx Plus,Petrol,Manual,1591,"30,200",First,Jaipur,12.45 Lakh*
653,2013,Mahindra,Mahindra Scorpio 2.6 Crde Sle,Diesel,Automatic,2609,"20,000",Second,Jaipur,7 Lakh*
654,2009,Hyundai,Hyundai I10 Era 1.1,Petrol,Manual,1086,"81,420",Second,Jaipur,1.48 Lakh*
655,2008,Mahindra,Mahindra Scorpio 2.6 Turbo 9 Str,Diesel,Automatic,2609,"1,20,000",Third,Jaipur,2.60 Lakh*
656,2016,Hyundai,Hyundai I20 Asta 1.2,Petrol,Manual,1197,"53,034",First,Jaipur,5.25 Lakh*
657,2008,Maruti,Maruti Swift Dzire Vxi,Petrol,Manual,1298,"1,61,607",Second,Jaipur,1.67 Lakh*
658,2012,Hyundai,Hyundai I10 Sportz,Petrol,Manual,1197,"85,414",Fourth,Jaipur,2.21 Lakh*
659,2012,Hyundai,Hyundai I20 Sportz 1.4 Crdi,Diesel,Automatic,1396,"1,41,202",Second,Jaipur,2.39 Lakh*
660,2010,Toyota,Toyota Innova 2.5 G (diesel) 8 Seater Bs Iv,Diesel,Automatic,2494,"2,61,519",Third,Jaipur,3.76 Lakh*
661,2013,Maruti,Maruti Wagon R Stingray Vxi,Petrol,Manual,998,"72,709",Third,Jaipur,2.63 Lakh*
662,2015,Nissan,Nissan Micra Diesel Xl,Diesel,Automatic,1461,"1,31,413",Second,Jaipur,2.98 Lakh*
663,2012,Toyota,Toyota Etios Gd Sp,Diesel,Automatic,,"90,390",Second,Jaipur,2.70 Lakh*
664,2021,Tata,Tata Nexon Xz Plus Dualtone Roof S,Petrol,Manual,1199,"11,884",First,Jaipur,10.54 Lakh*
665,2016,Renault,Renault Kwid Rxt,Petrol,Manual,799,"32,605",First,Jaipur,2.66 Lakh*
666,2021,Mahindra,Mahindra Thar Lx 4-str Hard Top At,Petrol,Manual,1997,"5,151",First,Jaipur,15.84 Lakh*
667,2021,Mahindra,Mahindra Thar Lx 4-str Hard Top,Petrol,Manual,1997,"12,170",First,Jaipur,14.38 Lakh*
668,2019,Maruti,Maruti Wagon R Vxi,Petrol,Manual,998,"18,504",Second,Jaipur,4.79 Lakh*
669,2015,Mahindra,Mahindra Tuv 300 T8 Amt,Diesel,Automatic,1493,"65,059",First,Jaipur,5.74 Lakh*
670,2017,Hyundai,Hyundai Grand I10 1.2 Crdi Sportz,Diesel,Automatic,1186,"84,964",First,Jaipur,4.73 Lakh*
671,2017,Hyundai,Hyundai Eon Era Plus,Petrol,Manual,814,"60,000",First,Jaipur,2.50 Lakh*
672,2018,Tata,Tata Tigor Xz Plus,Petrol,Manual,1199,"81,000",First,Jaipur,5 Lakh*
673,2018,Maruti,Maruti Baleno Delta,Petrol,Manual,1197,"58,000",First,Jaipur,5.75 Lakh*
674,2021,Mahindra,Mahindra Thar Lx 4-str Convert Top At,Petrol,Manual,1997,"15,000",First,Jaipur,17.25 Lakh*
675,2006,Maruti,Maruti 800 Ac Bsii,Petrol,Manual,796,"50,000",Second,Jaipur,"80,000*"
676,2017,Maruti,Maruti Vitara Brezza Zdi Plus,Diesel,Automatic,1248,"95,582",Second,Jaipur,7.87 Lakh*
677,2010,Volkswagen,Volkswagen Jetta 2.0 Tdi Trendline,Diesel,Automatic,1896,"90,000",First,Jaipur,2.50 Lakh*
678,2016,Maruti,Maruti Alto K10 Lxi Cng Optional,,,998,"65,000",First,Jaipur,2.90 Lakh*
679,2005,Maruti,Maruti Wagon R Lxi,Petrol,Manual,998,"1,00,000",First,Jaipur,1 Lakh*
680,2020,Mg,Mg Hector Plus Sharp Dct,Petrol,Manual,1451,"26,164",First,Jaipur,17.50 Lakh*
681,2020,Maruti,Maruti Swift Dzire Zxi Plus,Petrol,Manual,1197,"34,732",First,Jaipur,7.70 Lakh*
682,2014,Hyundai,Hyundai I20 Sportz 1.4 Crdi,Diesel,Automatic,1396,"72,144",Second,Jaipur,4.15 Lakh*
683,2018,Tata,Tata Tiago 1.2 Revotron Xt,Petrol,Manual,1199,"73,545",First,Jaipur,3.59 Lakh*
684,2018,Hyundai,Hyundai Xcent 1.2 Vtvt E Plus,Petrol,Manual,1197,"14,061",First,Jaipur,5.50 Lakh*
685,2018,Mahindra,Mahindra Tuv 300 T8,Diesel,Automatic,1493,"65,000",First,Jaipur,8 Lakh*
686,2015,Mahindra,Mahindra Tuv 300 T8,Diesel,Automatic,1493,"91,275",First,Jaipur,5.45 Lakh*
687,2016,Hyundai,Hyundai I20 Sportz 1.2,Petrol,Manual,1197,"55,135",First,Jaipur,5.39 Lakh*
688,2018,Honda,Honda Amaze S Diesel,Diesel,Automatic,1498,"78,317",First,Jaipur,6.75 Lakh*
689,2018,Tata,Tata Nexon 1.5 Revotorq Xm,Diesel,Automatic,1497,"65,268",Second,Jaipur,7.50 Lakh*
690,2010,Hyundai,Hyundai I20 1.2 Asta,Petrol,Manual,1197,"84,099",Third,Jaipur,2.50 Lakh*
691,2012,Mahindra,Mahindra Thar Crde Ac,Diesel,Automatic,2498,"49,600",First,Jaipur,4.35 Lakh*
692,2009,Honda,Honda City 1.5 S Mt,Petrol,Manual,1497,"47,864",First,Jaipur,2.65 Lakh*
693,2013,Skoda,Skoda Rapid 1.6 Tdi Elegance,Diesel,Automatic,1598,"92,726",Second,Jaipur,2.07 Lakh*
694,2019,Hyundai,Hyundai Santro Sportz,Petrol,Manual,1086,"45,000",First,Jaipur,4.50 Lakh*
695,2014,Honda,Honda City I Dtec Vx,Diesel,Automatic,1498,"84,239",Second,Jaipur,6.25 Lakh*
696,2017,Hyundai,Hyundai Grand I10 1.2 Crdi Sportz,Diesel,Automatic,1186,"73,113",First,Jaipur,4.49 Lakh*
697,2017,Hyundai,Hyundai Grand I10 1.2 Crdi Magna,Diesel,Automatic,1186,"61,517",First,Jaipur,4.15 Lakh*
698,2013,Volkswagen,Volkswagen Polo Diesel Highline 1.2l,Diesel,Automatic,1199,"72,312",First,Jaipur,3.75 Lakh*
699,2014,Mercedes-benz,Mercedes-benz B Class B180 Cdi,Diesel,Automatic,2143,"40,000",First,Jaipur,10.99 Lakh*
700,2019,Maruti,Maruti Alto K10 Vxi,Petrol,Manual,998,"35,101",First,Jaipur,3.70 Lakh*
701,2019,Mercedes-benz,Mercedes-benz V-class Exclusive,Diesel,Automatic,1950,"46,500",Second,Jaipur,64 Lakh*
702,2018,Volkswagen,Volkswagen Polo 1.0 Mpi Comfortline,Petrol,Manual,999,"54,230",First,Jaipur,5.55 Lakh*
703,2018,Maruti,Maruti Swift Dzire Vxi 1.2 Bs Iv,Petrol,Manual,1197,"31,000",First,Jaipur,6.45 Lakh*
704,2009,Maruti,Maruti A-star Vxi,Petrol,Manual,998,"1,31,979",Third,Jaipur,"94,600*"
705,2019,Hyundai,Hyundai I20 Asta Option Diesel,Diesel,Automatic,1396,"73,700",First,Jaipur,8 Lakh*
706,2017,Hyundai,Hyundai Tucson 2.0 E-vgt 2wd At Gl,Diesel,Automatic,1995,"39,342",First,Jaipur,12.76 Lakh*
707,2014,Ford,Ford Ecosport 1.5 Dv5 Mt Trend,Diesel,Automatic,1498,"66,319",Second,Jaipur,4.65 Lakh*
708,2016,Mahindra,Mahindra Kuv 100 Mfalcon D75 K6 Plus,Diesel,Automatic,1198,"72,802",First,Jaipur,3.92 Lakh*
709,2017,Hyundai,Hyundai Grand I10 1.2 Crdi Sportz Option,Diesel,Automatic,1186,"79,476",Second,Jaipur,4.35 Lakh*
710,2010,Hyundai,Hyundai Santro Xing Gls,Petrol,Manual,1086,"50,765",Second,Jaipur,1.75 Lakh*
711,2014,Hyundai,Hyundai Grand I10 Sportz,Petrol,Manual,1197,"45,800",First,Jaipur,4.35 Lakh*
712,2018,Tata,Tata Nexon 1.2 Revotron Xm,Petrol,Manual,1198,"43,354",First,Jaipur,5.49 Lakh*
713,2010,Mercedes-benz,Mercedes-benz E-class E250 Cdi Blue Efficiency,Diesel,Automatic,2143,"70,652",First,Jaipur,6.85 Lakh*
714,2015,Fiat,Fiat Avventura Power Up 1.3 Emotion,Diesel,Automatic,1248,"1,00,562",First,Jaipur,2.63 Lakh*
715,2011,Hyundai,Hyundai I10 Sportz,Petrol,Manual,1197,"31,329",First,Jaipur,2.60 Lakh*
716,2007,Maruti,Maruti Swift Vdi Bsiv,Diesel,Automatic,1248,"90,500",Third,Jaipur,2.30 Lakh*
717,2009,Honda,Honda City 1.5 S Mt,Petrol,Manual,1497,"80,135",Second,Jaipur,3.10 Lakh*
718,2021,Hyundai,Hyundai Grand I10 Nios Amt Asta,Petrol,Manual,1197,"6,664",First,Jaipur,7.85 Lakh*
719,2019,Hyundai,Hyundai Grand I10 Magna,Petrol,Manual,1197,"15,400",Second,Jaipur,5.25 Lakh*
720,2010,Audi,Audi A6 2.8 Fsi,Petrol,Manual,2773,"31,600",First,Jaipur,8.75 Lakh*
721,2019,Toyota,Toyota Etios Liva 1.4 Vxd,Diesel,Automatic,1364,"69,000",First,Jaipur,6.25 Lakh*
722,2019,Honda,Honda Amaze Vx I Dtec,Diesel,Automatic,1498,"24,540",First,Jaipur,6.85 Lakh*
723,2012,Renault,Renault Duster 110ps Diesel Rxz,Diesel,Automatic,1461,"60,753",First,Jaipur,4.23 Lakh*
724,2012,BMW,BMW 3 Series,Diesel,Automatic,1995,"66,524",2nd,Jaipur,"12,15,000 "
725,2014,Volkswagen,Volkswagen Polo 1.5 Tdi Highline,Diesel,Automatic,1498,"70,184",Third,Jaipur,3.58 Lakh*
726,2015,Mahindra,Mahindra Xuv500 W8 2wd,Diesel,Automatic,2179,"95,165",First,Jaipur,8.10 Lakh*
727,2016,Volkswagen,Volkswagen Polo 1.5 Tdi Trendline,Diesel,Automatic,1498,"1,15,251",First,Jaipur,4.35 Lakh*
728,2012,Volkswagen,Volkswagen Polo Diesel Trendline 1.2l,Diesel,Automatic,1199,"73,011",Second,Jaipur,2.60 Lakh*
729,2009,Maruti,Maruti Swift Dzire Vdi,Diesel,Automatic,1248,"1,06,411",First,Jaipur,2.44 Lakh*
730,2018,Maruti,Maruti Alto 800,Petrol,Manual,796,"48,398",1st,Jaipur,"3,05,000 "
731,2009,Maruti,Maruti Swift Dzire Vdi Bsiv,Diesel,Automatic,1248,"1,04,075",Second,Jaipur,2.30 Lakh*
732,2010,Skoda,Skoda New Laura Ambiente 2.0 Tdi Cr At,Diesel,Automatic,1968,"1,11,019",First,Jaipur,2.02 Lakh*
733,2008,Skoda,Skoda New Laura L N K 1.9 Pd,Diesel,Automatic,1896,"1,57,160",Second,Jaipur,1.90 Lakh*
734,2014,Toyota,Toyota Etios Cross 1.4l Vd,Diesel,Automatic,1364,"1,77,301",First,Jaipur,4.52 Lakh*
735,2013,Hyundai,Hyundai I20 Sportz 1.4 Crdi,Diesel,Automatic,1396,"77,395",Second,Jaipur,3.38 Lakh*
736,2017,Maruti,Maruti Ciaz Vdi,Diesel,Automatic,1248,"83,000",First,Jaipur,6.85 Lakh*
737,2020,Mercedes-benz,Mercedes-benz Glc 220d 4matic,Diesel,Automatic,1950,"8,000",First,Jaipur,57 Lakh*
738,2016,Maruti,Maruti Baleno 1.2 Delta,Petrol,Manual,1197,"62,134",First,Jaipur,5.25 Lakh*
739,2020,Land,Land Rover Range Rover Velar R-dynamic S Petrol,Petrol,Manual,1997,"24,000",First,Jaipur,83 Lakh*
740,2013,Hyundai,Hyundai Eon Era,Petrol,Manual,814,"96,000",First,Jaipur,1.35 Lakh*
741,2021,Renault,Renault Kwid 1.0 Rxl,Petrol,Manual,999,"10,000",First,Jaipur,4.50 Lakh*
742,2019,Maruti,Maruti Alto 800 Vxi,Petrol,Manual,796,"60,000",Second,Jaipur,2.50 Lakh*
743,2015,Hyundai,Hyundai Grand I10 Crdi Sportz,Diesel,Automatic,1120,"1,08,694",Second,Jaipur,3.71 Lakh*
744,2012,Maruti,Maruti 800 Std,Petrol,Manual,796,"1,00,000",First,Jaipur,"80,000*"
745,2018,Hyundai,Hyundai Eon Era Plus,Petrol,Manual,814,"80,000",Second,Jaipur,2.70 Lakh*
746,2020,Kia,Kia Seltos Htk Plus D,Diesel,Automatic,1493,"50,000",First,Jaipur,11.50 Lakh*
747,2012,Maruti,Maruti Ritz Ldi,Diesel,Automatic,1248,"1,10,000",Second,Jaipur,2.10 Lakh*
748,2012,Hyundai,Hyundai Verna 1.6 Crdi,Diesel,Automatic,1582,"1,20,000",Second,Jaipur,3.10 Lakh*
749,2019,Maruti,Maruti Alto K10 Vxi,Petrol,Manual,998,"30,000",First,Jaipur,3.30 Lakh*
750,2016,Mahindra,Mahindra Kuv 100 Mfalcon D75 K6 Plus,Diesel,Automatic,1198,"70,595",First,Jaipur,3.17 Lakh*
