,Year,Brand,Model,Fuel Type,Transmission,Engine Capacity,Kms Driven,No. of Owners,Location,Price
0,2020,Maruti,Maruti Baleno SIGMA 1.2 K12,Petrol,MANUAL,,"13,525",1st,Gurgaon,"6,00,999"
1,2019,Jeep,Jeep Compass 1.4  LONGITUDE (O) AT,Petrol,AUTOMATIC,,"23,327",1st,Gurgaon,"20,12,799"
2,2019,Jeep,Jeep Compass 2.0 LIMITED,Diesel,MANUAL,,"46,860",1st,Gurgaon,"19,41,699"
3,2019,MG,MG HECTOR SHARP DCT PETROL,Petrol,AUTOMATIC,,"9,378",1st,Gurgaon,"17,94,899"
4,2019,Jeep,Jeep Compass 1.4 SPORT PETROL,Petrol,MANUAL,,"42,490",2nd,Gurgaon,"13,76,149"
5,2018,Jeep,Jeep Compass 2.0 LIMITED,Diesel,MANUAL,,"55,714",1st,Gurgaon,"12,61,299"
6,2021,Tata,Tata TIGOR XZ 1.2 REVOTRON,Petrol,MANUAL,,649,1st,Gurgaon,"7,31,399"
7,2019,MG,MG HECTOR SHARP DCT PETROL,Petrol,AUTOMATIC,,"12,283",1st,Gurgaon,"16,65,399"
8,2014,Audi,Audi A3 35TDI PREMIUM,Diesel,AUTOMATIC,,"91,772",2nd,Gurgaon,"13,48,599"
9,2022,Tata,Tata ALTROZ XZ 1.2,Petrol,MANUAL,,"1,086",1st,Gurgaon,"8,61,699"
10,2016,BMW,BMW X1 SDRIVE 20D,Diesel,AUTOMATIC,,"31,705",2nd,Gurgaon,"16,19,599"
11,2015,Volkswagen,Volkswagen Polo GT TSI 1.2 PETROL AT,Petrol,AUTOMATIC,,"36,483",1st,Gurgaon,"6,08,199"
12,2020,Toyota,Toyota YARIS G CVT,Petrol,AUTOMATIC,,"44,823",1st,Gurgaon,"9,79,299"
13,2018,Volkswagen,Volkswagen TIGUAN HIGHLINE A/T,Diesel,AUTOMATIC,,"74,860",1st,Gurgaon,"21,39,099"
14,2020,Renault,Renault Kwid 1.0 RXT Opt,Petrol,MANUAL,,"6,669",2nd,Gurgaon,"4,06,399"
15,2017,Honda,Honda City SV MT PETROL,Petrol,MANUAL,,"58,689",1st,Gurgaon,"7,32,399"
16,2017,Maruti,Maruti Vitara Brezza VDI OPT,Diesel,MANUAL,,"28,496",2nd,Gurgaon,"6,47,599"
17,2020,Maruti,Maruti Baleno SIGMA 1.2 K12,Petrol,MANUAL,,"36,041",1st,Gurgaon,"5,51,299"
18,2021,Mahindra,Mahindra XUV 3OO 1.2 W6,Petrol,MT,,"7,334",1st,Gurgaon,"9,95,499"
19,2014,Honda,Honda City V MT PETROL,Petrol,MANUAL,,"83,263",1st,Gurgaon,"5,49,799"
20,2010,Honda,Honda City S MT PETROL,Petrol,MANUAL,,"39,565",1st,Gurgaon,"3,91,699"
21,2014,Honda,Honda City VX MT PETROL,Petrol,MANUAL,,"61,168",2nd,Gurgaon,"6,58,499"
22,2018,Jeep,Jeep Compass 2.0 LONGITUDE,Diesel,MANUAL,,"72,575",1st,Gurgaon,"12,04,299"
23,2019,Maruti,Maruti Swift LXI,Petrol,MANUAL,,"27,659",1st,Gurgaon,"5,33,399"
24,2013,Hyundai,Hyundai i10 ERA 1.1 IRDE,Petrol,MANUAL,,"38,139",1st,Gurgaon,"2,71,699"
25,2021,Renault,Renault Kwid 1.0 RXT Opt,Petrol,MANUAL,,368,1st,Gurgaon,"5,05,099"
26,2020,Maruti,Maruti Swift LXI,Petrol,MANUAL,,"10,568",1st,Gurgaon,"5,92,499"
27,2021,Maruti,Maruti Swift LXI,Petrol,MANUAL,,"5,078",1st,Gurgaon,"6,11,299"
28,2021,Tata,Tata ALTROZ XM+ 1.2,Petrol,RTN,,"7,416",1st,Gurgaon,"7,20,176"
29,2020,Hyundai,Hyundai NEW SANTRO 1.1 ERA EXICUTIVE,Petrol,MANUAL,,"3,812",2nd,Gurgaon,"4,71,599"
30,2021,Renault,Renault Kiger RXZ 1.0 MT DUAL,Petrol,TONE,,"14,474",2nd,Gurgaon,"8,23,199"
31,2021,Tata,Tata ALTROZ XE 1.2,Petrol,MANUAL,,"7,472",1st,Gurgaon,"6,41,999"
32,2017,Honda,Honda WR-V 1.2 i-VTEC VX MT,Petrol,MANUAL,,"17,511",1st,Gurgaon,"7,79,899"
33,2020,KIA,KIA SELTOS HTX 1.5 PETROL MT,Petrol,MANUAL,,"32,799",1st,Gurgaon,"13,83,099"
34,2020,KIA,KIA SELTOS GTX + AT PETROL,Petrol,AUTOMATIC,,"8,241",1st,Gurgaon,"18,95,199"
35,2022,MG,MG ASTOR SHARP (O) 1.5 CVT IVORY,Petrol,AUTOMATIC,,"2,091",1st,Gurgaon,"17,67,999"
36,2014,Mercedes,Mercedes Benz C Class C 200 AVANTGARDE,Petrol,AUTOMATIC,,"37,531",1st,Gurgaon,"20,33,499"
37,2020,Maruti,Maruti Swift LXI,Petrol,MANUAL,,"19,919",1st,Gurgaon,"5,66,799"
38,2019,Hyundai,Hyundai Verna 1.6 SX VTVT (O),Petrol,MANUAL,,"81,902",1st,Gurgaon,"9,81,699"
39,2020,Honda,Honda City V MT PETROL,Petrol,MANUAL,,"4,216",1st,Gurgaon,"10,96,749"
40,2011,Honda,Honda City S MT PETROL,Petrol,MANUAL,,"52,035",1st,Gurgaon,"3,72,999"
41,2020,Renault,Renault Kwid 1.0 RXT Opt,Petrol,MANUAL,,"10,572",2nd,Gurgaon,"4,52,199"
42,2020,KIA,KIA SELTOS HTK 1.5 PETROL,Petrol,MANUAL,,"32,873",1st,Gurgaon,"11,89,899"
43,2018,Maruti,Maruti Dzire LXI,Petrol,MANUAL,,"25,788",1st,Gurgaon,"5,42,299"
44,2019,Mahindra,Mahindra XUV 3OO 1.5 W6 MT,Diesel,MANUAL,,"23,806",1st,Gurgaon,"9,17,399"
45,2014,Audi,Audi A3 35TDI PREMIUM,Diesel,AUTOMATIC,,"34,148",2nd,Gurgaon,"13,17,299"
46,2020,Maruti,Maruti IGNIS SIGMA 1.2 K12,Petrol,MANUAL,,"15,199",1st,Gurgaon,"5,06,599"
47,2009,Hyundai,Hyundai i10 ERA 1.1 IRDE,Petrol,MANUAL,,"44,327",1st,Gurgaon,"1,99,699"
48,2016,Honda,Honda Amaze 1.2 SAT I VTEC,Petrol,AUTOMATIC,,"48,381",2nd,Gurgaon,"5,38,599"
49,2021,Renault,Renault Kwid 1.0 RXT Opt AT,Petrol,AUTOMATIC,,"35,187",1st,Gurgaon,"5,00,799"
50,2019,Honda,Honda Civic ZX CVT PETROL,Petrol,AUTOMATIC,,"19,930",1st,Gurgaon,"18,60,099"
51,2020,MG,MG HECTOR PLUS SHARP,Petrol,DCT,,"3,483",1st,Gurgaon,"18,90,299"
52,2014,Nissan,Nissan Micra XE DIESEL,Diesel,MANUAL,,"63,753",1st,Gurgaon,"2,75,299"
53,2020,Hyundai,Hyundai Grand i10 MAGNA 1.2 VTVT,Petrol,MANUAL,,"6,470",1st,Gurgaon,"6,08,399"
54,2011,Hyundai,Hyundai i10 MAGNA 1.2 KAPPA2,Petrol,MANUAL,,"72,229",1st,Gurgaon,"2,82,899"
55,2019,Maruti,Maruti Swift LXI,Petrol,MANUAL,,"24,967",1st,Gurgaon,"5,56,999"
56,2018,Volkswagen,Volkswagen Polo GT TSI 1.2 PETROL AT,Petrol,AUTOMATIC,,"96,751",1st,Gurgaon,"7,47,899"
57,2013,Jaguar,Jaguar XF 2.2 DIESEL,Diesel,AUTOMATIC,,"28,909",2nd,Gurgaon,"15,49,999"
58,2021,Hyundai,Hyundai VENUE S MT 1.2 KAPPA,Petrol,MANUAL,,"15,263",1st,Gurgaon,"8,34,099"
59,2013,Hyundai,Hyundai i20 ERA 1.4 CRDI,Diesel,MANUAL,,"30,354",1st,Gurgaon,"3,06,299"
60,2014,Honda,Honda City SV MT PETROL,Petrol,MANUAL,,"20,567",2nd,Gurgaon,"5,99,249"
61,2019,MG,MG HECTOR SHARP 2.0 DIESEL,Diesel,MANUAL,,"50,353",1st,Gurgaon,"15,18,299"
62,2019,KIA,KIA SELTOS GTX + AT PETROL,Petrol,AUTOMATIC,,"37,357",1st,Gurgaon,"16,59,099"
63,2018,Honda,Honda City V MT PETROL,Petrol,MANUAL,,"68,805",1st,Gurgaon,"8,15,699"
64,2020,Hyundai,Hyundai Creta 1.5 SX (O) AT,Petrol,AUTOMATIC,,"16,315",1st,Gurgaon,"17,55,399"
65,2014,Audi,Audi A3 2.0 TDI  PREMIUM,Diesel,AUTOMATIC,,"52,439",1st,Gurgaon,"12,63,899"
66,2014,Maruti,Maruti Celerio VXI AMT,Petrol,AUTOMATIC,,"41,822",3rd,Gurgaon,"3,39,599"
67,2019,MG,MG HECTOR SHARP DCT PETROL,Petrol,AUTOMATIC,,"38,903",1st,Gurgaon,"16,57,899"
68,2013,Maruti,Maruti Swift Dzire VXI,Petrol,MANUAL,,"25,068",1st,Gurgaon,"3,98,999"
69,2019,MG,MG HECTOR SUPER DIESEL,Diesel,MANUAL,,"52,465",2nd,Gurgaon,"13,91,399"
70,2019,Honda,Honda Civic ZX CVT PETROL,Petrol,AUTOMATIC,,"45,604",1st,Gurgaon,"16,98,999"
71,2013,Hyundai,Hyundai i20 MAGNA O 1.2,Petrol,MANUAL,,"59,194",2nd,Gurgaon,"3,42,799"
72,2018,Maruti,Maruti Swift ZXI AMT,Petrol,AUTOMATIC,,"12,194",1st,Gurgaon,"6,77,099"
73,2020,Honda,Honda City VX MT PETROL,Petrol,MANUAL,,"7,632",1st,Gurgaon,"12,97,699"
74,2020,Honda,Honda City VX MT PETROL,Petrol,MANUAL,,"6,873",1st,Gurgaon,"12,84,799"
75,2016,Maruti,Maruti Baleno DELTA 1.2 K12 AT,Petrol,AUTOMATIC,,"26,314",2nd,Gurgaon,"5,27,799"
76,2019,Toyota,Toyota YARIS J CVT,Petrol,AUTOMATIC,,"13,618",1st,Gurgaon,"9,05,999"
77,2021,Maruti,Maruti Vitara Brezza VXI,Petrol,MANUAL,,"9,236",1st,Gurgaon,"8,79,499"
78,2021,Renault,Renault Kwid 1.0 RXT Opt,Petrol,MANUAL,,"2,863",1st,Gurgaon,"4,73,299"
79,2015,Maruti,Maruti Alto 800 LXI,Petrol,MANUAL,,"95,793",1st,Gurgaon,"2,24,299"
80,2019,MG,MG HECTOR SHARP DCT PETROL,Petrol,AUTOMATIC,,"35,443",1st,Gurgaon,"17,26,099"
81,2019,MG,MG HECTOR SHARP DCT PETROL,Petrol,AUTOMATIC,,"36,621",1st,Gurgaon,"17,78,399"
82,2019,KIA,KIA SELTOS HTK PLUS 1.5 DIESEL,Diesel,MANUAL,,"25,067",1st,Gurgaon,"13,07,499"
83,2022,Nissan,Nissan MAGNITE XL Turbo,Petrol,MT,,"5,306",1st,Gurgaon,"8,43,099"
84,2014,Hyundai,Hyundai i10 MAGNA 1.1 IRDE2,Petrol,MANUAL,,"41,439",2nd,Gurgaon,"3,49,399"
85,2018,Maruti,Maruti Swift VXI AMT,Petrol,AUTOMATIC,,"34,110",1st,Gurgaon,"6,26,699"
86,2019,Renault,Renault Kwid 1.0 RXT Opt,Petrol,MANUAL,,"31,621",1st,Gurgaon,"4,20,299"
87,2021,Maruti,Maruti Celerio ZXI AMT,Petrol,AUTOMATIC,,"9,278",1st,Gurgaon,"6,07,599"
88,2019,Hyundai,Hyundai Grand i10 SPORTZ 1.2 KAPPA VTVT,Petrol,MANUAL,,"21,043",1st,Gurgaon,"5,40,599"
89,2018,Hyundai,Hyundai Elite i20 Magna Executive 1.2,Petrol,MANUAL,,"15,702",1st,Gurgaon,"5,81,799"
90,2016,Hyundai,Hyundai Elite i20 MAGNA 1.2,Petrol,MANUAL,,"20,452",2nd,Gurgaon,"4,94,199"
91,2019,Renault,Renault Kwid 1.0 RXT Opt,Petrol,MANUAL,,"50,466",1st,Gurgaon,"4,14,699"
92,2019,Renault,Renault Kwid RXL,Petrol,MANUAL,,"35,525",2nd,Gurgaon,"3,50,499"
93,2014,Honda,Honda City V MT PETROL,Petrol,MANUAL,,"91,673",2nd,Gurgaon,"5,57,699"
94,2019,Honda,Honda Amaze 1.2 V CVT I VTEC,Petrol,AUTOMATIC,,"13,291",2nd,Gurgaon,"7,88,699"
95,2021,Renault,Renault Kiger RXT 1.0 AMT,Petrol,AUTOMATIC,,"6,192",1st,Gurgaon,"8,30,299"
96,2014,Maruti,Maruti Wagon R 1.0 LXI,Petrol,MANUAL,,"59,277",1st,Gurgaon,"3,42,699"
97,2015,Volkswagen,Volkswagen Polo COMFORTLINE 1.2L PETROL,Petrol,MANUAL,,"86,070",1st,Gurgaon,"4,34,999"
98,2021,KIA,KIA SONET GTX PLUS 1.5D,Diesel,AT,,"38,187",1st,Gurgaon,"13,84,399"
99,2018,Renault,Renault Kwid RXT,Petrol,MANUAL,,"25,236",1st,Gurgaon,"3,42,199"
100,2018,Renault,Renault Kwid 1.0 RXL,Petrol,MANUAL,,"42,535",1st,Gurgaon,"3,32,399"
101,2019,Honda,Honda City V MT PETROL,Petrol,MANUAL,,"38,050",1st,Gurgaon,"9,12,699"
102,2018,Renault,Renault Kwid RXL,Petrol,MANUAL,,"19,927",1st,Gurgaon,"3,54,799"
103,2016,Maruti,Maruti Baleno DELTA 1.2 K12,Petrol,MANUAL,,"26,114",1st,Gurgaon,"5,25,199"
104,2019,Honda,Honda City V MT PETROL,Petrol,MANUAL,,"29,922",1st,Gurgaon,"9,23,399"
105,2020,Maruti,Maruti Baleno DELTA 1.2 K12,Petrol,MANUAL,,"29,525",2nd,Gurgaon,"6,07,999"
106,2018,Honda,Honda Amaze 1.2 S (O) MT I VTEC,Petrol,MANUAL,,"58,093",2nd,Gurgaon,"5,06,299"
107,2018,Tata,Tata Tiago XE 1.2 REVOTRON,Petrol,MANUAL,,"16,179",1st,Gurgaon,"4,49,499"
108,2017,Maruti,Maruti Baleno SIGMA 1.2 K12,Petrol,MANUAL,,"23,514",1st,Gurgaon,"5,23,999"
109,2018,Maruti,Maruti Baleno DELTA 1.2 K12,Petrol,MANUAL,,"26,445",1st,Gurgaon,"6,04,899"
110,2020,Hyundai,Hyundai Creta S CRDI,Diesel,MANUAL,,"15,734",1st,Gurgaon,"14,50,499"
111,2020,MG,MG HECTOR PLUS SHARP HYBRID PETROL,Petrol,MANUAL,,"12,185",2nd,Gurgaon,"18,48,299"
112,2018,Honda,Honda Amaze 1.5 VXMT I DTEC,Diesel,MANUAL,,"52,220",1st,Gurgaon,"6,92,849"
113,2018,Maruti,Maruti Alto K10 VXI,Petrol,MANUAL,,"2,920",1st,Gurgaon,"4,08,999"
114,2021,Mahindra,Mahindra XUV 3OO 1.2 W6,Petrol,MT,,"5,184",1st,Gurgaon,"10,92,499"
115,2014,Maruti,Maruti Alto 800 VXI,Petrol,MANUAL,,"28,210",1st,Gurgaon,"2,70,299"
116,2019,Hyundai,Hyundai Creta 1.6 VTVT SX AUTO,Petrol,AUTOMATIC,,"26,097",2nd,Gurgaon,"13,53,699"
117,2019,Tata,Tata Tiago XE 1.2 REVOTRON,Petrol,MANUAL,,"14,201",1st,Gurgaon,"4,60,599"
118,2019,Maruti,Maruti Baleno DELTA 1.2 K12,Petrol,MANUAL,,"12,452",2nd,Gurgaon,"6,68,599"
119,2020,Hyundai,Hyundai GRAND I10 NIOS SPORTZ PETROL,Petrol,MANUAL,,"16,489",1st,Gurgaon,"6,76,399"
120,2018,Tata,Tata TIGOR XZ 1.2 REVOTRON OPT,Petrol,MANUAL,,"34,014",1st,Gurgaon,"5,34,499"
121,2021,Mahindra,Mahindra XUV500 W9 AT,Diesel,AUTOMATIC,,"20,809",1st,Gurgaon,"18,83,699"
122,2018,Renault,Renault Kwid RXL,Petrol,MANUAL,,"55,187",2nd,Gurgaon,"3,21,799"
123,2011,Hyundai,Hyundai i10 MAGNA 1.1 IRDE2,Petrol,MANUAL,,"61,943",1st,Gurgaon,"2,59,399"
124,2019,Hyundai,Hyundai Creta 1.4 S CRDI,Diesel,MANUAL,,"71,968",1st,Gurgaon,"9,57,899"
125,2013,BMW,BMW X3 XDRIVE 20D,Diesel,AUTOMATIC,,"71,180",2nd,Gurgaon,"11,26,499"
126,2012,Maruti,Maruti Alto K10 VXI,Petrol,MANUAL,,"87,463",1st,Gurgaon,"2,18,899"
127,2016,Hyundai,Hyundai Elite i20 ASTA 1.2 (O),Petrol,MANUAL,,"66,702",1st,Gurgaon,"6,07,899"
128,2021,Tata,Tata Tiago XTA 1.2 PETROL,Petrol,AUTOMATIC,,"6,990",1st,Gurgaon,"6,84,599"
129,2015,Hyundai,Hyundai Elite i20 SPORTZ 1.2,Petrol,MANUAL,,"25,414",1st,Gurgaon,"5,30,099"
130,2021,Nissan,Nissan MAGNITE XV MT,Petrol,PETROL,,"15,844",1st,Gurgaon,"7,07,999"
131,2019,Ford,Ford Ecosport 1.5 TREND TI VCT,Petrol,MANUAL,,"28,560",1st,Gurgaon,"7,84,799"
132,2021,Renault,Renault TRIBER 1.0 RXZ,Petrol,MANUAL,,"1,599",1st,Gurgaon,"7,86,899"
133,2018,Honda,Honda City V MT PETROL,Petrol,MANUAL,,"23,860",1st,Gurgaon,"8,59,699"
134,2020,Maruti,Maruti Celerio VXI AMT,Petrol,AUTOMATIC,,"10,515",1st,Gurgaon,"5,74,699"
135,2017,Maruti,Maruti Vitara Brezza ZDI PLUS DUAL TONE,Diesel,MANUAL,,"38,072",1st,Gurgaon,"7,88,599"
136,2012,Hyundai,Hyundai i10 SPORTZ 1.2 KAPPA2,Petrol,MANUAL,,"55,018",1st,Gurgaon,"2,57,999"
137,2017,Hyundai,Hyundai Grand i10 SPORTZ (O) 1.2 AT VTVT,Petrol,AUTOMATIC,,"16,636",1st,Gurgaon,"5,86,499"
138,2021,Toyota,Toyota URBAN CRUISER HIGH,Petrol,AT,,"6,724",1st,Gurgaon,"11,83,499"
139,2020,KIA,KIA SELTOS HTK PLUS AT 1.5 DIESEL,Diesel,AUTOMATIC,,"33,981",2nd,Gurgaon,"14,65,299"
140,2016,Hyundai,Hyundai Grand i10 SPORTZ 1.2 KAPPA VTVT,Petrol,MANUAL,,"19,575",1st,Gurgaon,"4,85,599"
141,2019,Hyundai,Hyundai GRAND I10 NIOS SPORTZ 1.2 AT,Petrol,AUTOMATIC,,"15,206",1st,Gurgaon,"7,25,899"
142,2021,Maruti,Maruti New  Wagon-R LXI CNG 1.0 L,Petrol,MANUAL,,"19,087",1st,Gurgaon,"6,08,899"
143,2020,MG,MG HECTOR SHARP DCT PETROL,Petrol,AUTOMATIC,,"33,016",1st,Gurgaon,"18,04,899"
144,2020,Hyundai,Hyundai Creta 1.6 VTVT SX AUTO,Petrol,AUTOMATIC,,"29,081",1st,Gurgaon,"14,07,599"
145,2022,Maruti,Maruti S PRESSO VXI AGS,Petrol,AUTOMATIC,,244,1st,Gurgaon,"5,67,399"
146,2018,Hyundai,Hyundai Elite i20 ASTA 1.2 (O),Petrol,MANUAL,,"87,715",1st,Gurgaon,"6,74,299"
147,2020,Maruti,Maruti New  Wagon-R ZXI 1.2,Petrol,MANUAL,,"12,418",1st,Gurgaon,"6,08,599"
148,2021,Maruti,Maruti Ciaz ALPHA 1.5 MT VTVT SHVS,Petrol,MANUAL,,"4,708",1st,Gurgaon,"11,33,599"
149,2020,Hyundai,Hyundai Creta S PETROL MT,Petrol,MANUAL,,"7,757",1st,Gurgaon,"13,28,499"
150,2019,Maruti,Maruti Baleno DELTA 1.2 K12,Petrol,MANUAL,,"24,453",2nd,Gurgaon,"6,59,099"
151,2016,Ford,Ford Ecosport 1.5 TITANIUM TI VCT,Petrol,MANUAL,,"46,901",2nd,Gurgaon,"6,30,199"
152,2016,Maruti,Maruti Celerio ZXI AMT,Petrol,AUTOMATIC,,"32,649",1st,Gurgaon,"4,35,599"
153,2019,Hyundai,Hyundai GRAND I10 NIOS SPORTZ 1.2 AT,Petrol,AUTOMATIC,,"32,873",1st,Gurgaon,"7,25,799"
154,2020,Maruti,Maruti New  Wagon-R ZXI 1.2,Petrol,MANUAL,,"10,777",1st,Gurgaon,"6,08,599"
155,2020,Hyundai,Hyundai Creta 1.5 SX (O) AT,Petrol,AUTOMATIC,,"31,437",1st,Gurgaon,"17,66,599"
156,2019,Maruti,Maruti Swift VXI,Petrol,MANUAL,,"35,953",1st,Gurgaon,"6,03,299"
157,2020,KIA,KIA SELTOS HTX+ AT 1.5 DIESEL,Diesel,AUTOMATIC,,"32,605",2nd,Gurgaon,"15,39,699"
158,2022,Honda,Honda Amaze 1.2 VXMT I VTEC,Petrol,MANUAL,,"3,031",1st,Gurgaon,"9,45,599"
159,2021,Datsun,Datsun Redi Go T (O),Petrol,MANUAL,,"13,021",1st,Gurgaon,"4,63,499"
160,2015,Hyundai,Hyundai Xcent S 1.2,Petrol,MANUAL,,"35,557",1st,Gurgaon,"4,45,599"
161,2019,Maruti,Maruti IGNIS ALPHA 1.2 K12 AMT,Petrol,AUTOMATIC,,"25,350",1st,Gurgaon,"6,70,699"
162,2017,Maruti,Maruti Celerio ZXI OPT AMT,Petrol,AUTOMATIC,,"81,353",1st,Gurgaon,"4,22,099"
163,2015,Maruti,Maruti Swift VDI ABS,Diesel,MANUAL,,"46,245",1st,Gurgaon,"4,32,499"
164,2021,Tata,Tata TIGOR XZ PLUS 1.2 REVOTRON,Petrol,MANUAL,,"7,089",1st,Gurgaon,"8,14,799"
165,2021,Tata,Tata Harrier XZA  DUAL TONE,Diesel,AUTOMATIC,,"16,826",1st,Gurgaon,"20,86,999"
166,2021,Maruti,Maruti New  Wagon-R 1.0 Lxi (o) cng,Petrol,MANUAL,,"34,542",1st,Gurgaon,"6,83,199"
167,2019,Hyundai,Hyundai Creta 1.6 VTVT SX AUTO,Petrol,AUTOMATIC,,"31,594",1st,Gurgaon,"13,53,699"
168,2021,Maruti,Maruti New  Wagon-R 1.0 Lxi (o) cng,Petrol,MANUAL,,"16,511",1st,Gurgaon,"6,84,099"
169,2019,Maruti,Maruti Baleno DELTA 1.2 K12,Petrol,MANUAL,,"16,402",1st,Gurgaon,"6,76,399"
170,2013,Maruti,Maruti Swift LXI,Petrol,MANUAL,,"53,244",1st,Gurgaon,"3,76,899"
171,2021,Mahindra,Mahindra XUV 3OO 1.2 W6,Petrol,MT,,"8,928",2nd,Gurgaon,"9,62,499"
172,2014,Maruti,Maruti Swift ZXI,Petrol,MANUAL,,"63,278",1st,Gurgaon,"4,46,999"
173,2016,Honda,Honda Jazz 1.2 S AT,Petrol,AUTOMATIC,,"48,225",2nd,Gurgaon,"5,26,999"
174,2018,Tata,Tata Hexa Varicor 400 XMA,Diesel,AUTOMATIC,,"75,883",1st,Gurgaon,"11,48,749"
175,2019,Honda,Honda Jazz VX EXCLUSIVE CVT,Petrol,AUTOMATIC,,"13,801",1st,Gurgaon,"8,01,699"
176,2018,Hyundai,Hyundai Verna 1.6 CRDI SX + AT,Diesel,AUTOMATIC,,"34,073",1st,Gurgaon,"11,49,399"
177,2019,Hyundai,Hyundai VENUE 1.0 TURBO GDI SX+ AT,Petrol,AUTOMATIC,,"57,770",1st,Gurgaon,"10,39,999"
178,2019,Hyundai,Hyundai NEW SANTRO 1.1 MAGNA AMT,Petrol,AUTOMATIC,,"20,498",1st,Gurgaon,"5,27,699"
179,2016,Hyundai,Hyundai Grand i10 SPORTZ 1.2 KAPPA VTVT,Petrol,MANUAL,,"62,740",2nd,Gurgaon,"4,27,799"
180,2017,Maruti,Maruti Baleno DELTA 1.2 K12,Petrol,MANUAL,,"64,181",1st,Gurgaon,"4,80,449"
181,2020,Honda,Honda City V MT PETROL,Petrol,MANUAL,,"24,280",1st,Gurgaon,"10,76,199"
182,2012,Toyota,Toyota Etios Liva G,Petrol,MANUAL,,"43,321",1st,Gurgaon,"3,24,899"
183,2019,Hyundai,Hyundai Grand i10 SPORTZ 1.2 KAPPA VTVT,Petrol,MANUAL,,"37,953",2nd,Gurgaon,"5,21,999"
184,2019,Maruti,Maruti Baleno DELTA 1.2 K12,Petrol,MANUAL,,"24,539",1st,Gurgaon,"6,71,599"
185,2017,Renault,Renault Kwid RXT,Petrol,MANUAL,,"25,220",1st,Gurgaon,"3,56,099"
186,2013,Hyundai,Hyundai i20 SPORTZ 1.4 CRDI,Diesel,MANUAL,,"65,005",1st,Gurgaon,"3,19,499"
187,2018,Maruti,Maruti Celerio VXI,Petrol,MANUAL,,"12,407",1st,Gurgaon,"4,66,049"
188,2019,Maruti,Maruti Baleno DELTA 1.2 K12,Petrol,MANUAL,,"29,383",1st,Gurgaon,"6,60,999"
189,2018,Maruti,Maruti Wagon R 1.0 VXI AMT,Petrol,AUTOMATIC,,"15,854",1st,Gurgaon,"5,10,899"
190,2021,Nissan,Nissan MAGNITE XL Turbo,Petrol,MT,,"13,713",1st,Gurgaon,"8,41,249"
191,2021,Maruti,Maruti IGNIS DELTA 1.2 K12,Petrol,MANUAL,,"12,799",1st,Gurgaon,"6,42,999"
192,2017,Renault,Renault Kwid RXT,Petrol,MANUAL,,"31,486",1st,Gurgaon,"3,50,699"
193,2016,Maruti,Maruti Celerio VXI CNG,Petrol,MANUAL,,"69,575",1st,Gurgaon,"3,81,299"
194,2021,Renault,Renault Kiger RXZ 1.0 TURBO,Petrol,MT,,"7,733",1st,Gurgaon,"9,01,699"
195,2020,KIA,KIA SONET GTX + 1.0,Petrol,IMT,,"19,359",1st,Gurgaon,"13,14,099"
196,2017,Honda,Honda WR-V 1.2 i-VTEC VX MT,Petrol,MANUAL,,"51,606",2nd,Gurgaon,"7,15,999"
197,2016,Maruti,Maruti Vitara Brezza ZDI,Diesel,MANUAL,,"26,786",1st,Gurgaon,"6,55,399"
198,2020,MG,MG HECTOR SHARP DCT PETROL,Petrol,AUTOMATIC,,"34,236",1st,Gurgaon,"17,37,199"
199,2019,Maruti,Maruti Baleno DELTA 1.2 K12,Petrol,MANUAL,,"24,767",1st,Gurgaon,"6,48,799"
200,2019,Hyundai,Hyundai NEW SANTRO SPORTZ 1.1,Petrol,MANUAL,,"28,943",1st,Gurgaon,"4,95,799"
201,2020,Mahindra,Mahindra XUV 3OO 1.2 W6,Petrol,MT,,"17,763",1st,Gurgaon,"9,29,799"
202,2021,Toyota,Toyota URBAN CRUISER PREMIUM,Petrol,MT,,"18,042",2nd,Gurgaon,"10,29,499"
203,2021,KIA,KIA SONET GTX PLUS 1.5D,Diesel,MT,,"14,458",1st,Gurgaon,"15,44,149"
204,2013,Toyota,Toyota Etios Liva G SP,Petrol,MANUAL,,"36,330",1st,Gurgaon,"3,76,599"
205,2015,Hyundai,Hyundai Xcent S 1.2,Petrol,MANUAL,,"41,535",1st,Gurgaon,"4,15,199"
206,2018,Maruti,Maruti Alto K10 VXI (O) AMT,Petrol,AUTOMATIC,,"13,002",2nd,Gurgaon,"4,07,299"
207,2018,Renault,Renault Kwid 1.0 RXT Opt,Petrol,MANUAL,,"75,123",1st,Gurgaon,"3,42,999"
208,2016,Hyundai,Hyundai Grand i10 SPORTZ 1.2 KAPPA VTVT,Petrol,MANUAL,,"19,577",1st,Gurgaon,"4,28,299"
209,2019,Maruti,Maruti Baleno DELTA 1.2 K12,Petrol,MANUAL,,"26,288",1st,Gurgaon,"6,55,499"
210,2009,Maruti,Maruti Ritz ZXI,Petrol,MANUAL,,"56,793",1st,Gurgaon,"2,27,499"
211,2018,Maruti,Maruti Baleno ZETA 1.2 K12,Petrol,MANUAL,,"30,672",1st,Gurgaon,"6,47,999"
212,2018,Maruti,Maruti IGNIS SIGMA 1.2 K12,Petrol,MANUAL,,"18,645",1st,Gurgaon,"4,66,099"
213,2015,Maruti,Maruti Swift LXI OPT,Petrol,MANUAL,,"37,931",2nd,Gurgaon,"4,21,999"
214,2018,Honda,Honda Amaze 1.2 V CVT I VTEC,Petrol,AUTOMATIC,,"53,849",1st,Gurgaon,"7,03,699"
215,2018,Honda,Honda Amaze 1.2 VXMT I VTEC,Petrol,MANUAL,,"1,546",1st,Gurgaon,"7,20,399"
216,2016,Hyundai,Hyundai Creta 1.6 SX PLUS VTVT ANNIVERSARY EDITION,Petrol,MANUAL,,"51,297",2nd,Gurgaon,"8,51,799"
217,2022,Tata,Tata ALTROZ XZ 1.2,Petrol,MANUAL,,"9,734",1st,Gurgaon,"8,22,499"
218,2022,Maruti,Maruti S Cross SIGMA 1.5 SHVS,Petrol,MANUAL,,"1,189",1st,Gurgaon,"9,41,199"
219,2019,Maruti,Maruti Baleno DELTA 1.2 K12,Petrol,MANUAL,,"25,647",1st,Gurgaon,"6,75,199"
220,2017,Maruti,Maruti Alto K10 VXI,Petrol,MANUAL,,"95,218",1st,Gurgaon,"3,31,199"
221,2020,Maruti,Maruti Baleno DELTA 1.2 K12,Petrol,MANUAL,,"36,411",1st,Gurgaon,"7,11,199"
222,2017,Hyundai,Hyundai Grand i10 SPORTZ 1.2 KAPPA VTVT,Petrol,MANUAL,,"65,162",1st,Gurgaon,"4,60,699"
223,2021,Renault,Renault Kiger RX EASY R 1.0,Petrol,L,,"15,795",1st,Gurgaon,"8,00,799"
224,2019,Hyundai,Hyundai NEW SANTRO ASTA 1.1 MT,Petrol,MANUAL,,"12,664",1st,Gurgaon,"5,58,899"
225,2019,Maruti,Maruti Baleno DELTA 1.2 K12,Petrol,MANUAL,,"22,380",1st,Gurgaon,"6,43,239"
226,2018,Honda,Honda Jazz 1.2 S MT,Petrol,MANUAL,,"50,506",2nd,Gurgaon,"5,43,799"
227,2019,Maruti,Maruti Celerio VXI,Petrol,MANUAL,,"27,718",1st,Gurgaon,"4,70,699"
228,2016,Ford,Ford Ecosport 1.5 TITANIUM TI VCT,Petrol,MANUAL,,"53,040",1st,Gurgaon,"7,01,099"
229,2020,Hyundai,Hyundai GRAND I10 NIOS SPORTZ 1.2 AT,Petrol,AUTOMATIC,,"7,840",2nd,Gurgaon,"7,25,699"
230,2017,Toyota,Toyota Corolla Altis G AT,Petrol,AUTOMATIC,,"75,422",1st,Gurgaon,"13,89,899"
231,2016,Maruti,Maruti Baleno DELTA 1.2 K12,Petrol,MANUAL,,"40,459",2nd,Gurgaon,"5,25,199"
232,2021,Tata,Tata ALTROZ XZ 1.2,Petrol,MANUAL,,"10,789",1st,Gurgaon,"8,04,899"
233,2021,Tata,Tata ALTROZ XT,Petrol,1.2,,"13,351",1st,Gurgaon,"7,73,599"
234,2020,Mahindra,Mahindra Scorpio S9,Diesel,MANUAL,,"26,121",1st,Gurgaon,"15,13,099"
235,2017,Mahindra,Mahindra XUV500 W8 FWD,Diesel,MANUAL,,"84,279",2nd,Gurgaon,"9,69,399"
236,2020,Tata,Tata ALTROZ XZ 1.2,Petrol,MANUAL,,"13,937",1st,Gurgaon,"8,27,999"
237,2017,Maruti,Maruti Celerio VXI,Petrol,MANUAL,,"25,646",1st,Gurgaon,"4,32,099"
238,2020,Skoda,Skoda Rapid 1.0 AMBITION TSI AT,Petrol,AUTOMATIC,,"16,292",2nd,Gurgaon,"11,67,399"
239,2015,Honda,Honda Jazz 1.2 VX I-VTECH,Petrol,MANUAL,,"28,170",1st,Gurgaon,"5,43,799"
240,2020,Honda,Honda Jazz ZX CVT,Petrol,AUTOMATIC,,"9,871",1st,Gurgaon,"10,00,099"
241,2019,Hyundai,Hyundai Tucson New 2WD AT GLS PETROL,Petrol,AUTOMATIC,,"38,848",1st,Gurgaon,"21,39,499"
242,2021,Toyota,Toyota YARIS J MT,Petrol,MANUAL,,"8,461",1st,Gurgaon,"11,61,299"
243,2017,Hyundai,Hyundai Grand i10 MAGNA 1.2 KAPPA VTVT,Petrol,MANUAL,,"18,003",1st,Gurgaon,"4,77,220"
244,2015,Hyundai,Hyundai Grand i10 SPORTZ 1.2 KAPPA VTVT,Petrol,MANUAL,,"47,146",2nd,Gurgaon,"4,34,699"
245,2021,Mahindra,Mahindra Thar LX  4WD AT CONVERTIBLE,Petrol,AUTOMATIC,,"4,222",1st,Gurgaon,"16,96,099"
246,2019,Maruti,Maruti Alto K10 VXI,Petrol,MANUAL,,"5,821",1st,Gurgaon,"4,28,299"
247,2017,Maruti,Maruti IGNIS ZETA 1.2 K12,Petrol,MANUAL,,"21,204",1st,Gurgaon,"5,19,499"
248,2016,Mahindra,Mahindra Kuv100 K8 6 STR,Petrol,MANUAL,,"19,930",1st,Gurgaon,"4,60,899"
249,2019,Honda,Honda WR-V 1.2 i-VTEC VX MT,Petrol,MANUAL,,"43,575",1st,Gurgaon,"8,13,199"
250,2021,Toyota,Toyota YARIS G MT,Petrol,MANUAL,,"27,388",1st,Gurgaon,"9,84,099"
251,2019,Maruti,Maruti Baleno DELTA 1.2 K12,Petrol,MANUAL,,"25,227",1st,Gurgaon,"6,89,199"
252,2019,Hyundai,Hyundai New Elantra 1.6 SX AT O,Diesel,AUTOMATIC,,"11,784",1st,Gurgaon,"14,47,599"
253,2013,Hyundai,Hyundai i10 SPORTZ 1.2 KAPPA2,Petrol,MANUAL,,"43,384",1st,Gurgaon,"3,33,449"
254,2018,Maruti,Maruti Wagon R 1.0 VXI PLUS,Petrol,MANUAL,,"60,264",2nd,Gurgaon,"4,25,299"
255,2018,Honda,Honda Amaze 1.2 V CVT I VTEC,Petrol,AUTOMATIC,,"23,495",1st,Gurgaon,"7,73,999"
256,2020,Maruti,Maruti S PRESSO VXI PLUS AGS,Petrol,AUTOMATIC,,"2,258",1st,Gurgaon,"5,28,499"
257,2019,Maruti,Maruti Swift VXI AMT,Petrol,AUTOMATIC,,"45,067",2nd,Gurgaon,"6,22,999"
258,2019,Honda,Honda Amaze 1.2 V CVT I VTEC,Petrol,AUTOMATIC,,"29,577",1st,Gurgaon,"7,94,399"
259,2016,Maruti,Maruti Baleno DELTA 1.2 K12,Petrol,MANUAL,,"40,552",1st,Gurgaon,"5,25,199"
260,2021,Maruti,Maruti S Cross ZETA AT 1.5,Petrol,SHVS,,"15,291",2nd,Gurgaon,"10,19,399"
261,2020,Hyundai,Hyundai Creta 1.6 SX AT CRDI,Diesel,AUTOMATIC,,"42,396",1st,Gurgaon,"16,03,199"
262,2016,Maruti,Maruti Ciaz VXI PLUS,Petrol,MANUAL,,"14,253",1st,Gurgaon,"6,86,399"
263,2015,Hyundai,Hyundai Creta 1.6 S,Petrol,MANUAL,,"49,814",1st,Gurgaon,"8,57,499"
264,2019,Maruti,Maruti Ciaz ALPHA 1.3 DDIS SHVS,Diesel,MANUAL,,"36,409",1st,Gurgaon,"9,03,299"
265,2020,Hyundai,Hyundai NEW SANTRO SPORTZ 1.1,Petrol,MANUAL,,"17,336",1st,Gurgaon,"4,73,899"
266,2017,Maruti,Maruti Celerio ZXI AMT,Petrol,AUTOMATIC,,"40,735",1st,Gurgaon,"4,48,699"
267,2019,Hyundai,Hyundai Elite i20 1.2 SPORTS PLUS VTVT,Petrol,MANUAL,,"30,078",1st,Gurgaon,"7,07,299"
268,2019,Maruti,Maruti Baleno DELTA 1.2 K12,Petrol,MANUAL,,"31,923",2nd,Gurgaon,"5,97,199"
269,2013,Hyundai,Hyundai Verna FLUIDIC 1.6 SX VTVT OPT AT,Petrol,AUTOMATIC,,"60,368",2nd,Gurgaon,"5,23,299"
270,2019,Maruti,Maruti Baleno DELTA 1.2 K12,Petrol,MANUAL,,"21,800",1st,Gurgaon,"6,91,699"
271,2020,Tata,Tata ALTROZ XZ 1.2,Petrol,MANUAL,,"37,413",1st,Gurgaon,"7,95,399"
272,2020,Tata,Tata ALTROZ XZ 1.2,Petrol,MANUAL,,"32,106",1st,Gurgaon,"8,22,499"
273,2017,Maruti,Maruti Wagon R 1.0 LXI CNG,Petrol,MANUAL,,"77,117",2nd,Gurgaon,"3,69,999"
274,2021,Maruti,Maruti Vitara Brezza ZXI +,Petrol,MANUAL,,"22,317",1st,Gurgaon,"9,82,499"
275,2014,Audi,Audi Q3 2.0 TDI MT S EDITION,Diesel,MANUAL,,"93,844",1st,Gurgaon,"10,37,699"
276,2016,Maruti,Maruti Baleno ZETA 1.2 K12,Petrol,MANUAL,,"22,535",1st,Gurgaon,"5,74,899"
277,2020,Honda,Honda Jazz 1.2 ZX MT,Petrol,MANUAL,,"10,535",1st,Gurgaon,"8,93,899"
278,2021,Honda,Honda Jazz VX 1.2 CVT,Petrol,AUTOMATIC,,"7,460",1st,Gurgaon,"9,53,799"
279,2019,Maruti,Maruti Baleno ZETA 1.2 K12,Petrol,MANUAL,,"19,398",1st,Gurgaon,"7,28,199"
280,2021,Maruti,Maruti S Cross ZETA AT 1.5,Petrol,SHVS,,"5,268",1st,Gurgaon,"11,08,699"
281,2014,Honda,Honda Amaze 1.2 EMT I VTEC,Petrol,MANUAL,,"49,342",1st,Gurgaon,"4,18,099"
282,2021,Tata,Tata TIGOR XZ PLUS 1.2 REVOTRON,Petrol,MANUAL,,"9,553",1st,Gurgaon,"8,14,799"
283,2018,Maruti,Maruti Wagon R 1.0 LXI,Petrol,MANUAL,,"18,671",1st,Gurgaon,"4,24,499"
284,2017,Toyota,Toyota Corolla Altis  GL,Petrol,MANUAL,,"58,885",1st,Gurgaon,"11,36,899"
285,2018,Maruti,Maruti IGNIS DELTA 1.2 K12 AMT,Petrol,AUTOMATIC,,"44,161",1st,Gurgaon,"5,67,899"
286,2020,Maruti,Maruti New  Wagon-R VXI 1.2L,Petrol,MANUAL,,"10,471",2nd,Gurgaon,"5,58,799"
287,2020,Maruti,Maruti Baleno DELTA 1.2 K12,Petrol,MANUAL,,"4,260",1st,Gurgaon,"7,25,599"
288,2018,Honda,Honda WR-V 1.2 i-VTEC VX MT,Petrol,MANUAL,,"41,604",1st,Gurgaon,"7,55,199"
289,2017,Ford,Ford Ecosport 1.5 TITANIUM TI VCT AT,Petrol,AUTOMATIC,,"39,026",2nd,Gurgaon,"7,17,099"
290,2018,Maruti,Maruti Alto K10 VXI,Petrol,MANUAL,,"42,317",1st,Gurgaon,"3,78,599"
291,2019,Maruti,Maruti Vitara Brezza ZDI,Diesel,MANUAL,,"23,602",1st,Gurgaon,"8,98,599"
292,2016,Honda,Honda City VX MT DIESEL,Diesel,MANUAL,,"49,653",1st,Gurgaon,"6,75,099"
293,2019,Tata,Tata NEXON XMA 1.2,Petrol,AUTOMATIC,,"28,467",1st,Gurgaon,"7,87,499"
294,2021,Maruti,Maruti Alto LXI OPT,Petrol,MANUAL,,"2,229",1st,Gurgaon,"4,28,399"
295,2021,Maruti,Maruti Alto LXI CNG,Petrol,MANUAL,,"17,920",1st,Gurgaon,"5,07,699"
296,2020,Maruti,Maruti New  Wagon-R ZXI 1.2,Petrol,MANUAL,,"23,797",1st,Gurgaon,"6,08,599"
297,2018,Honda,Honda WR-V 1.2 i-VTEC S MT,Petrol,MANUAL,,"18,136",2nd,Gurgaon,"6,52,199"
298,2021,Hyundai,Hyundai NEW I20 ASTA (O) 1.5 CRDI,Diesel,MT,,"27,082",1st,Gurgaon,"11,38,899"
299,2013,Hyundai,Hyundai i20 SPORTZ 1.4 CRDI,Diesel,MANUAL,,"1,21,564",2nd,Gurgaon,"3,48,599"
300,2021,Hyundai,Hyundai Verna SX PETROL MT,Petrol,MANUAL,,"21,114",1st,Gurgaon,"11,91,899"
301,2019,Maruti,Maruti Celerio VXI,Petrol,MANUAL,,"33,888",2nd,Gurgaon,"4,41,899"
302,2021,Skoda,Skoda Rapid STYLE 1.0TSI MT,Petrol,MANUAL,,"9,999",1st,Gurgaon,"11,94,199"
303,2018,Hyundai,Hyundai Grand i10 MAGNA 1.2 VTVT,Petrol,MANUAL,,"39,304",1st,Gurgaon,"4,72,699"
304,2017,Honda,Honda Brio 1.2 VX MT I VTEC,Petrol,MANUAL,,"30,553",1st,Gurgaon,"4,65,799"
305,2021,Tata,Tata NEXON XZ+ 1.5,Diesel,MANUAL,,"6,694",1st,Gurgaon,"12,61,699"
306,2019,Maruti,Maruti Baleno DELTA 1.2 K12,Petrol,MANUAL,,"45,522",1st,Gurgaon,"6,62,399"
307,2016,Hyundai,Hyundai Grand i10 SPORTZ 1.2 KAPPA VTVT,Petrol,MANUAL,,"41,119",1st,Gurgaon,"4,58,599"
308,2017,Honda,Honda WR-V 1.2 i-VTEC S MT,Petrol,MANUAL,,"39,333",1st,Gurgaon,"6,48,099"
309,2018,Mahindra,Mahindra Scorpio S7 120 BHP 2WD,Diesel,MANUAL,,"42,162",1st,Gurgaon,"10,93,699"
310,2014,Hyundai,Hyundai i20 SPORTZ 1.2 VTVT,Petrol,MANUAL,,"83,811",1st,Gurgaon,"3,99,699"
311,2017,Mahindra,Mahindra XUV500 W8 FWD AT,Diesel,AUTOMATIC,,"90,501",1st,Gurgaon,"11,25,299"
312,2019,Tata,Tata Hexa Varicor 400 XM,Diesel,MANUAL,,"43,696",1st,Gurgaon,"15,05,499"
313,2018,Hyundai,Hyundai Creta 1.6 SX CRDI,Diesel,MANUAL,,"40,640",1st,Gurgaon,"10,28,899"
314,2018,Hyundai,Hyundai Elite i20 Magna Executive Diesel,Diesel,MANUAL,,"57,975",1st,Gurgaon,"6,68,899"
315,2015,Hyundai,Hyundai Creta 1.6 S,Petrol,MANUAL,,"71,587",1st,Gurgaon,"8,05,499"
316,2015,Hyundai,Hyundai i20 Active 1.2 S,Petrol,MANUAL,,"70,259",1st,Gurgaon,"5,41,299"
317,2018,Maruti,Maruti Baleno DELTA 1.2 K12,Petrol,MANUAL,,"50,712",1st,Gurgaon,"5,95,899"
318,2019,Maruti,Maruti Baleno DELTA 1.2 K12,Petrol,MANUAL,,"28,920",2nd,Gurgaon,"6,39,799"
319,2021,Toyota,Toyota Glanza G CVT,Petrol,AUTOMATIC,,"8,225",1st,Gurgaon,"9,30,899"
320,2021,Ford,Ford Ecosport 1.5TITANIUM TDCI,Diesel,MANUAL,,"16,751",1st,Gurgaon,"10,77,799"
321,2021,Tata,Tata Safari XE 2.0 KRYOTEC,Diesel,MANUAL,,"17,534",1st,Gurgaon,"15,36,799"
322,2011,Maruti,Maruti Ritz LXI,Petrol,MANUAL,,"78,068",2nd,Gurgaon,"2,33,899"
323,2019,Maruti,Maruti Vitara Brezza ZDI,Diesel,MANUAL,,"31,516",1st,Gurgaon,"8,83,799"
324,2015,Maruti,Maruti Ritz VDI,Diesel,MANUAL,,"60,623",1st,Gurgaon,"3,60,499"
325,2017,Maruti,Maruti Baleno ALPHA 1.2 K12,Petrol,MANUAL,,"23,204",1st,Gurgaon,"6,27,149"
326,2018,Hyundai,Hyundai Elite i20 Magna Executive 1.2,Petrol,MANUAL,,"44,619",2nd,Gurgaon,"5,46,899"
327,2017,Renault,Renault Kwid CLIMBER 1.0 AT,Petrol,AUTOMATIC,,"55,609",1st,Gurgaon,"3,56,499"
328,2015,Hyundai,Hyundai Eon MAGNA PLUS,Petrol,MANUAL,,"43,616",2nd,Gurgaon,"3,05,699"
329,2017,Honda,Honda WR-V 1.2 i-VTEC VX MT,Petrol,MANUAL,,"84,507",1st,Gurgaon,"6,71,699"
330,2017,Renault,Renault Kwid RXT,Petrol,MANUAL,,"25,910",2nd,Gurgaon,"3,42,799"
331,2019,Hyundai,Hyundai Elite i20 1.2 SPORTS PLUS VTVT,Petrol,MANUAL,,"45,805",1st,Gurgaon,"6,99,299"
332,2017,Hyundai,Hyundai Elite i20 ASTA 1.2,Petrol,MANUAL,,"25,775",2nd,Gurgaon,"6,02,099"
333,2019,Maruti,Maruti XL6 ALPHA SHVS  MT,Petrol,MANUAL,,"17,952",1st,Gurgaon,"10,82,499"
334,2019,Maruti,Maruti Celerio VXI,Petrol,MANUAL,,"34,338",1st,Gurgaon,"5,11,899"
335,2019,Hyundai,Hyundai Grand i10 SPORTZ 1.2 KAPPA VTVT,Petrol,MANUAL,,"39,642",1st,Gurgaon,"5,30,699"
336,2014,Hyundai,Hyundai Grand i10 SPORTZ 1.2 KAPPA VTVT,Petrol,MANUAL,,"50,886",1st,Gurgaon,"3,98,899"
337,2020,Maruti,Maruti Vitara Brezza VXI,Petrol,MANUAL,,"42,315",2nd,Gurgaon,"7,92,799"
338,2019,Maruti,Maruti Baleno ZETA 1.2 K12,Petrol,MANUAL,,"32,387",1st,Gurgaon,"7,02,399"
339,2020,Honda,Honda City VX CVT PETROL,Petrol,AUTOMATIC,,"31,419",1st,Gurgaon,"11,62,899"
340,2020,Ford,Ford Ecosport 1.5 TITANIUM TI VCT AT,Petrol,AUTOMATIC,,"12,333",1st,Gurgaon,"10,56,849"
341,2021,Maruti,Maruti Alto LXI,Petrol,MANUAL,,"2,303",1st,Gurgaon,"3,84,399"
342,2015,Maruti,Maruti Baleno ALPHA 1.2 K12,Petrol,MANUAL,,"65,636",1st,Gurgaon,"5,59,999"
343,2021,Mahindra,Mahindra Thar LX D 4*4 MT HT,Diesel,MANUAL,,"6,962",1st,Gurgaon,"17,02,699"
344,2019,Maruti,Maruti Vitara Brezza ZDI PLUS,Diesel,MANUAL,,"30,973",1st,Gurgaon,"9,59,699"
345,2018,Hyundai,Hyundai Verna 1.6 SX VTVT,Petrol,MANUAL,,"24,712",1st,Gurgaon,"8,84,199"
346,2017,Honda,Honda WR-V 1.2 i-VTEC VX MT,Petrol,MANUAL,,"68,354",1st,Gurgaon,"7,09,899"
347,2018,Maruti,Maruti Baleno DELTA 1.2 K12,Petrol,MANUAL,,"35,245",1st,Gurgaon,"5,72,399"
348,2019,Maruti,Maruti Baleno ZETA 1.2 K12,Petrol,MANUAL,,"80,741",2nd,Gurgaon,"5,69,099"
349,2017,Honda,Honda WR-V 1.2 i-VTEC VX MT,Petrol,MANUAL,,"18,954",1st,Gurgaon,"7,58,499"
350,2018,Maruti,Maruti Alto 800 LXI,Petrol,MANUAL,,"29,741",1st,Gurgaon,"3,26,899"
351,2016,Maruti,Maruti Baleno DELTA 1.2 K12,Petrol,MANUAL,,"60,820",1st,Gurgaon,"5,39,899"
352,2017,Maruti,Maruti Alto K10 VXI OPT,Petrol,MANUAL,,"48,136",1st,Gurgaon,"3,94,299"
353,2016,Maruti,Maruti Baleno ZETA 1.2 K12,Petrol,MANUAL,,"61,060",1st,Gurgaon,"5,35,499"
354,2021,Maruti,Maruti Ciaz ALPHA 1.5 MT VTVT SHVS,Petrol,MANUAL,,"9,758",1st,Gurgaon,"11,26,649"
355,2013,Ford,Ford Ecosport 1.5 TREND TDCI,Diesel,MANUAL,,"33,832",2nd,Gurgaon,"4,20,199"
356,2018,Ford,Ford Ecosport 1.5TITANIUM TDCI,Diesel,MANUAL,,"33,438",1st,Gurgaon,"8,15,399"
357,2016,Hyundai,Hyundai Grand i10 ASTA 1.2 KAPPA VTVT,Petrol,MANUAL,,"80,982",2nd,Gurgaon,"4,60,899"
358,2018,Maruti,Maruti Alto K10 VXI,Petrol,MANUAL,,"34,100",1st,Gurgaon,"3,74,899"
359,2019,Maruti,Maruti Alto K10 VXI,Petrol,MANUAL,,"38,225",1st,Gurgaon,"3,58,799"
360,2016,Maruti,Maruti Baleno ZETA 1.2 K12,Petrol,MANUAL,,"52,677",1st,Gurgaon,"5,54,599"
361,2018,Maruti,Maruti Alto K10 VXI,Petrol,MANUAL,,"26,096",1st,Gurgaon,"3,62,199"
362,2017,Hyundai,Hyundai Creta 1.4 E PLUS CRDI,Diesel,MANUAL,,"78,220",1st,Gurgaon,"7,65,299"
363,2021,Maruti,Maruti Dzire VXI,Petrol,MANUAL,,"14,400",1st,Gurgaon,"7,41,999"
364,2018,Mahindra,Mahindra Scorpio S5,Diesel,MANUAL,,"56,538",1st,Gurgaon,"10,46,899"
365,2016,Maruti,Maruti Ciaz VXI PLUS,Petrol,MANUAL,,"99,521",1st,Gurgaon,"5,86,799"
366,2021,Maruti,Maruti Baleno ZETA 1.2 K12 CVT,Petrol,AUTOMATIC,,"14,407",1st,Gurgaon,"9,42,499"
367,2017,Hyundai,Hyundai Grand i10 Sportz(O) 1.2 MT,Petrol,MANUAL,,"42,016",2nd,Gurgaon,"4,71,299"
368,2016,Maruti,Maruti Vitara Brezza ZDI PLUS,Diesel,MANUAL,,"36,809",1st,Gurgaon,"6,65,199"
369,2016,Maruti,Maruti Swift Dzire VDI ABS,Diesel,MANUAL,,"79,736",2nd,Gurgaon,"5,01,899"
370,2018,Mahindra,Mahindra Thar CRDE 4X4 BS IV,Diesel,MANUAL,,"19,767",1st,Gurgaon,"8,76,399"
371,2018,Ford,Ford Figo Aspire 1.2 TITANIUM PETROL,Petrol,MANUAL,,"33,815",1st,Gurgaon,"5,68,299"
372,2017,Hyundai,Hyundai Grand i10 SPORTZ 1.2 KAPPA VTVT,Petrol,MANUAL,,"79,292",1st,Gurgaon,"4,86,349"
373,2015,Mahindra,Mahindra Scorpio S10,Diesel,MANUAL,,"43,954",1st,Gurgaon,"10,04,399"
374,2018,Hyundai,Hyundai Creta 1.6 CRDI SX PLUS AUTO,Diesel,AUTOMATIC,,"79,950",2nd,Gurgaon,"10,00,999"
375,2016,Hyundai,Hyundai Elite i20 SPORTZ 1.2,Petrol,MANUAL,,"46,473",2nd,Gurgaon,"5,44,699"
376,2016,Maruti,Maruti Vitara Brezza VDI,Diesel,MANUAL,,"27,835",1st,Gurgaon,"6,88,399"
377,2021,Maruti,Maruti Alto LXI CNG,Petrol,MANUAL,,"23,812",1st,Gurgaon,"5,10,799"
378,2017,Hyundai,Hyundai Grand i10 Sportz(O) 1.2 MT,Petrol,MANUAL,,"63,766",1st,Gurgaon,"5,21,399"
379,2017,Maruti,Maruti Ciaz ZDI+ SHVS,Diesel,MANUAL,,"57,281",2nd,Gurgaon,"6,22,199"
380,2018,Maruti,Maruti Wagon R 1.0 LXI CNG,Petrol,MANUAL,,"56,254",1st,Gurgaon,"4,37,599"
381,2019,Maruti,Maruti Swift VXI AMT,Petrol,AUTOMATIC,,"36,424",1st,Gurgaon,"6,86,099"
382,2013,Maruti,Maruti Ertiga VDI ABS,Diesel,MANUAL,,"49,425",1st,Gurgaon,"5,28,899"
383,2016,Maruti,Maruti Baleno DELTA 1.2 K12,Petrol,MANUAL,,"49,092",1st,Gurgaon,"5,25,199"
384,2016,Hyundai,Hyundai Elite i20 MAGNA 1.2,Petrol,MANUAL,,"91,525",1st,Gurgaon,"5,07,699"
385,2021,Mahindra,Mahindra Thar LX D 4*4 MT HT,Diesel,MANUAL,,"10,292",1st,Gurgaon,"16,73,799"
386,2017,Hyundai,Hyundai Creta 1.4 E PLUS CRDI,Diesel,MANUAL,,"68,765",1st,Gurgaon,"8,01,199"
387,2014,Honda,Honda City E MT DIESEL,Diesel,MANUAL,,"1,37,622",2nd,Gurgaon,"3,96,099"
388,2017,Maruti,Maruti Dzire VXI,Petrol,MANUAL,,"37,336",2nd,Gurgaon,"5,71,099"
389,2019,Maruti,Maruti Alto 800 VXI,Petrol,MANUAL,,"42,236",2nd,Gurgaon,"3,15,799"
390,2018,Renault,Renault Duster RXS 85 PS,Diesel,MANUAL,,"90,520",1st,Gurgaon,"6,92,999"
391,2019,Maruti,Maruti Alto K10 VXI,Petrol,MANUAL,,"11,145",1st,Gurgaon,"4,13,599"
392,2019,Maruti,Maruti Baleno DELTA 1.2 K12,Petrol,MANUAL,,"65,626",1st,Gurgaon,"6,12,699"
393,2016,Maruti,Maruti Vitara Brezza VDI,Diesel,MANUAL,,"42,161",1st,Gurgaon,"6,41,399"
394,2017,Hyundai,Hyundai Grand i10 Sportz(O) 1.2 MT,Petrol,MANUAL,,"34,652",1st,Gurgaon,"5,15,599"
395,2016,Hyundai,Hyundai Grand i10 SPORTZ 1.2 KAPPA VTVT,Petrol,MANUAL,,"68,268",1st,Gurgaon,"4,58,799"
396,2018,Maruti,Maruti Vitara Brezza VDI,Diesel,MANUAL,,"28,057",1st,Gurgaon,"7,20,899"
397,2016,Mahindra,Mahindra Scorpio S10,Diesel,MANUAL,,"43,901",1st,Gurgaon,"11,32,999"
398,2019,Maruti,Maruti New  Wagon-R ZXI 1.2,Petrol,MANUAL,,"38,889",1st,Gurgaon,"5,06,699"
399,2018,Hyundai,Hyundai Grand i10 MAGNA 1.2 KAPPA VTVT,Petrol,MANUAL,,"43,049",1st,Gurgaon,"4,96,699"
400,2015,Audi,Audi Q3 35 TDI Quattro,Diesel,AUTOMATIC,,"52,533",1st,Gurgaon,"14,86,499"
401,2017,Maruti,Maruti Baleno ZETA 1.2 K12 AMT,Petrol,AUTOMATIC,,"90,618",1st,Gurgaon,"5,77,299"
402,2017,Hyundai,Hyundai Grand i10 ASTA 1.2 (O) VTVT,Petrol,MANUAL,,"49,271",3rd,Gurgaon,"4,52,899"
403,2017,Hyundai,Hyundai Creta 1.4 E PLUS CRDI,Diesel,MANUAL,,"42,720",1st,Gurgaon,"8,72,799"
404,2017,Maruti,Maruti Baleno ZETA 1.2 K12,Petrol,MANUAL,,"57,436",1st,Gurgaon,"5,60,499"
405,2017,Maruti,Maruti Swift VDI ABS,Diesel,MANUAL,,"47,283",1st,Gurgaon,"5,34,899"
406,2018,Maruti,Maruti Baleno DELTA 1.2 K12,Petrol,MANUAL,,"37,697",1st,Gurgaon,"5,82,649"
407,2017,Maruti,Maruti Baleno ALPHA 1.2 K12,Petrol,MANUAL,,"44,978",1st,Gurgaon,"6,16,999"
408,2016,Ford,Ford Ecosport 1.5 TREND+ TDCI,Diesel,MANUAL,,"35,215",1st,Gurgaon,"5,75,699"
409,2020,Maruti,Maruti S PRESSO VXI,Petrol,MANUAL,,"45,659",1st,Gurgaon,"4,53,599"
410,2019,Ford,Ford Ecosport 1.5TITANIUM TDCI,Diesel,MANUAL,,"51,765",2nd,Gurgaon,"7,84,549"
411,2021,Maruti,Maruti Alto LXI CNG,Petrol,MANUAL,,"21,829",1st,Gurgaon,"5,20,399"
412,2017,Maruti,Maruti Alto 800 LXI,Petrol,MANUAL,,"17,800",2nd,Gurgaon,"3,00,099"
413,2012,Maruti,Maruti Swift ZXI,Petrol,MANUAL,,"96,633",1st,Gurgaon,"3,59,699"
414,2016,Maruti,Maruti Baleno ZETA 1.2 K12,Petrol,MANUAL,,"59,676",1st,Gurgaon,"5,59,099"
415,2016,Audi,Audi Q3 35TDI PREMIUM,Diesel,AUTOMATIC,,"87,052",1st,Gurgaon,"17,96,299"
416,2017,Ford,Ford Ecosport 1.5 TDCI TITANIUM PLUS,Diesel,MANUAL,,"42,349",1st,Gurgaon,"6,48,999"
417,2021,Maruti,Maruti S PRESSO VXI PLUS,Petrol,MANUAL,,"4,409",1st,Gurgaon,"4,91,899"
418,2018,Maruti,Maruti Alto K10 VXI,Petrol,MANUAL,,"28,287",2nd,Gurgaon,"3,75,799"
419,2015,Hyundai,Hyundai Elite i20 SPORTZ 1.4,Diesel,MANUAL,,"45,778",1st,Gurgaon,"4,51,999"
420,2018,Maruti,Maruti Alto 800 LXI,Petrol,MANUAL,,"35,617",1st,Gurgaon,"3,07,099"
421,2020,Maruti,Maruti Baleno DELTA 1.2 K12 AT,Petrol,AUTOMATIC,,"33,503",1st,Gurgaon,"7,68,199"
422,2018,Hyundai,Hyundai Creta 1.4 E PLUS CRDI,Diesel,MANUAL,,"88,553",1st,Gurgaon,"8,87,499"
423,2016,Maruti,Maruti Vitara Brezza ZDI,Diesel,MANUAL,,"44,427",1st,Gurgaon,"6,31,599"
424,2019,Maruti,Maruti Vitara Brezza ZDI,Diesel,MANUAL,,"41,077",1st,Gurgaon,"8,66,099"
425,2018,Ford,Ford Ecosport 1.5TITANIUM TDCI,Diesel,MANUAL,,"65,143",1st,Gurgaon,"8,10,699"
426,2018,Maruti,Maruti IGNIS DELTA 1.2 K12,Petrol,MANUAL,,"34,241",1st,Gurgaon,"5,02,399"
427,2019,Maruti,Maruti Vitara Brezza VDI,Diesel,MANUAL,,"41,437",1st,Gurgaon,"7,96,599"
428,2019,Maruti,Maruti Alto VXI,Petrol,MANUAL,,"13,818",2nd,Gurgaon,"3,91,299"
429,2018,Maruti,Maruti Vitara Brezza VDI,Diesel,MANUAL,,"49,770",2nd,Gurgaon,"7,23,399"
430,2010,Maruti,Maruti Alto LXI,Petrol,MANUAL,,"48,001",2nd,Gurgaon,"1,70,299"
431,2019,Maruti,Maruti IGNIS DELTA 1.2 K12,Petrol,MANUAL,,"34,076",1st,Gurgaon,"5,30,199"
432,2017,Maruti,Maruti Dzire VXI,Petrol,MANUAL,,"54,796",1st,Gurgaon,"5,98,699"
433,2017,Maruti,Maruti Baleno DELTA 1.2 K12,Petrol,MANUAL,,"42,903",1st,Gurgaon,"5,29,099"
434,2018,Ford,Ford Ecosport 1.5 TDCI TITANIUM PLUS,Diesel,MANUAL,,"59,508",1st,Gurgaon,"8,22,599"
435,2017,Maruti,Maruti Alto K10 VXI,Petrol,MANUAL,,"56,783",1st,Gurgaon,"3,76,399"
436,2018,Maruti,Maruti Alto K10 VXI (O) AMT,Petrol,AUTOMATIC,,"59,822",2nd,Gurgaon,"3,30,999"
437,2017,Maruti,Maruti Alto K10 VXI,Petrol,MANUAL,,"45,891",2nd,Gurgaon,"3,72,099"
438,2020,Maruti,Maruti S PRESSO VXI PLUS,Petrol,MANUAL,,"14,860",1st,Gurgaon,"4,55,999"
439,2014,Audi,Audi Q3 2.0 TDI MT S EDITION,Diesel,MANUAL,,"68,368",1st,Gurgaon,"10,89,449"
440,2015,Maruti,Maruti Ciaz ZDI,Diesel,MANUAL,,"62,245",2nd,Gurgaon,"5,31,399"
441,2010,Maruti,Maruti Alto LXI,Petrol,MANUAL,,"55,163",1st,Gurgaon,"1,88,099"
442,2017,Maruti,Maruti Baleno ZETA 1.2 K12 AMT,Petrol,AUTOMATIC,,"63,892",2nd,Gurgaon,"5,91,899"
443,2021,Maruti,Maruti Alto LXI CNG,Petrol,MANUAL,,"26,773",1st,Gurgaon,"4,98,899"
444,2015,Audi,Audi A6 2.0 TDI TECHNOLOGY,Diesel,AUTOMATIC,,"77,281",2nd,Gurgaon,"19,57,899"
445,2016,Skoda,Skoda Octavia 2.0 TDI STYLE PLUS AT,Diesel,AUTOMATIC,,"95,993",1st,Gurgaon,"11,35,999"
446,2020,Maruti,Maruti S PRESSO VXI PLUS,Petrol,MANUAL,,"19,193",1st,Gurgaon,"4,26,699"
447,2014,Renault,Renault Duster 85 PS RXL OPT,Diesel,MANUAL,,"84,717",1st,Gurgaon,"3,83,799"
448,2017,Maruti,Maruti Baleno ZETA 1.2 K12 AMT,Petrol,AUTOMATIC,,"72,196",1st,Gurgaon,"6,26,899"
449,2019,Maruti,Maruti S PRESSO VXI PLUS,Petrol,MANUAL,,"30,537",2nd,Gurgaon,"3,90,399"
450,2018,Hyundai,Hyundai Grand i10 SPORTZ 1.2 KAPPA VTVT,Petrol,MANUAL,,"52,793",1st,Gurgaon,"4,86,349"
451,2017,Maruti,Maruti IGNIS ALPHA 1.3 DDIS,Diesel,MANUAL,,"79,796",2nd,Gurgaon,"5,19,349"
452,2014,Hyundai,Hyundai i20 SPORTZ 1.4 CRDI,Diesel,MANUAL,,"72,852",1st,Gurgaon,"3,34,499"
453,2021,Datsun,Datsun Redi Go T (O),Petrol,MANUAL,,"7,323",1st,Gurgaon,"4,57,499"
454,2018,Maruti,Maruti Alto K10 VXI,Petrol,MANUAL,,"68,078",1st,Gurgaon,"3,53,599"
455,2017,Maruti,Maruti Vitara Brezza VDI OPT,Diesel,MANUAL,,"67,116",2nd,Gurgaon,"6,18,799"
456,2015,Maruti,Maruti Ciaz VDI+ SHVS,Diesel,MANUAL,,"1,21,686",2nd,Gurgaon,"4,58,799"
457,2013,Audi,Audi Q3 2.0 TDI QUATTRO,Diesel,AUTOMATIC,,"89,740",1st,Gurgaon,"10,82,799"
458,2016,Maruti,Maruti Swift VDI ABS,Diesel,MANUAL,,"1,06,627",1st,Gurgaon,"3,97,899"
459,2021,Maruti,Maruti Alto LXI CNG,Petrol,MANUAL,,"30,016",1st,Gurgaon,"4,95,599"
460,2019,Datsun,Datsun Redi Go A,Petrol,MANUAL,,"27,411",1st,Gurgaon,"3,28,049"
461,2019,Maruti,Maruti Alto VXI,Petrol,MANUAL,,"37,786",1st,Gurgaon,"3,46,054"
462,2017,Maruti,Maruti Swift ZDI,Diesel,MANUAL,,"51,088",2nd,Gurgaon,"5,48,499"
463,2015,Hyundai,Hyundai Creta 1.4 S PLUS,Diesel,MANUAL,,"51,763",1st,Gurgaon,"7,25,499"
464,2021,Maruti,Maruti S PRESSO VXI PLUS,Petrol,MANUAL,,"14,050",1st,Gurgaon,"4,72,199"
465,2017,Ford,Ford Ecosport 1.5 TDCI TITANIUM PLUS,Diesel,MANUAL,,"26,892",1st,Gurgaon,"7,63,499"
466,2017,Maruti,Maruti Vitara Brezza VDI OPT,Diesel,MANUAL,,"1,48,572",1st,Gurgaon,"6,36,399"
467,2018,Ford,Ford Ecosport 1.5TITANIUM TDCI,Diesel,MANUAL,,"74,204",1st,Gurgaon,"7,77,299"
468,2014,Audi,Audi Q5 30 TDI PREMIUM PLUS,Diesel,AUTOMATIC,,"33,109",1st,Gurgaon,"17,93,399"
469,2021,Maruti,Maruti Alto VXI PLUS,Petrol,MANUAL,,"4,889",1st,Gurgaon,"4,35,499"
470,2013,BMW,BMW 5 Series 520D LUXURY LINE,Diesel,AUTOMATIC,,"83,330",2nd,Gurgaon,"13,71,599"
471,2018,Maruti,Maruti Vitara Brezza VDI,Diesel,MANUAL,,"44,339",1st,Gurgaon,"7,25,799"
472,2017,Ford,Ford Ecosport 1.5 TREND+ TDCI,Diesel,MANUAL,,"78,972",1st,Gurgaon,"5,64,599"
473,2015,Maruti,Maruti Ciaz VDI (O) SHVS HYBIRD,Diesel,MANUAL,,"1,22,884",1st,Gurgaon,"4,49,699"
474,2017,Maruti,Maruti Baleno ALPHA DDIS 190,Diesel,MANUAL,,"51,429",2nd,Gurgaon,"5,93,999"
475,2017,Hyundai,Hyundai Tucson New 2WD AT GL DIESEL,Diesel,AUTOMATIC,,"88,655",1st,Gurgaon,"13,81,299"
476,2017,Ford,Ford Ecosport 1.5TITANIUM TDCI,Diesel,MANUAL,,"71,633",1st,Gurgaon,"6,49,099"
477,2021,Maruti,Maruti Alto VXI PLUS,Petrol,MANUAL,,"15,460",1st,Gurgaon,"4,24,399"
478,2017,Maruti,Maruti Vitara Brezza VDI OPT,Diesel,MANUAL,,"51,167",2nd,Gurgaon,"6,37,899"
479,2015,Hyundai,Hyundai Grand i10 ASTA 1.1 CRDI,Diesel,MANUAL,,"90,449",1st,Gurgaon,"3,71,599"
480,2013,Mercedes,Mercedes Benz E Class E 220 CDI ELEGANCE,Diesel,AUTOMATIC,,"53,524",1st,Gurgaon,"12,00,899"
481,2016,Mahindra,Mahindra Scorpio S10,Diesel,MANUAL,,"74,939",1st,Gurgaon,"11,25,199"
482,2016,Maruti,Maruti Vitara Brezza VDI,Diesel,MANUAL,,"79,417",2nd,Gurgaon,"5,72,799"
483,2014,Maruti,Maruti Ritz VDI,Diesel,MANUAL,,"80,192",1st,Gurgaon,"3,52,799"
484,2018,Ford,Ford Ecosport 1.5TITANIUM TDCI,Diesel,MANUAL,,"55,513",1st,Gurgaon,"7,53,399"
485,2016,Maruti,Maruti Ciaz VDI+ SHVS,Diesel,MANUAL,,"88,616",1st,Gurgaon,"5,34,599"
486,2017,Honda,Honda WR-V 1.5 i-DTEC VX MT,Diesel,MANUAL,,"77,611",1st,Gurgaon,"7,26,999"
487,2020,Maruti,Maruti Alto VXI,Petrol,MANUAL,,"37,480",1st,Gurgaon,"3,69,799"
488,2015,Maruti,Maruti S Cross ALPHA 1.3,Diesel,MANUAL,,"46,980",1st,Gurgaon,"6,01,899"
489,2014,Honda,Honda City SV MT DIESEL,Diesel,MANUAL,,"86,449",1st,Gurgaon,"4,54,099"
490,2017,Maruti,Maruti Baleno ZETA 1.2 K12 AMT,Petrol,AUTOMATIC,,"79,004",1st,Gurgaon,"6,07,499"
491,2017,Maruti,Maruti Ciaz VDI+ SHVS,Diesel,MANUAL,,"83,350",1st,Gurgaon,"6,39,999"
492,2019,Maruti,Maruti Alto LXI,Petrol,MANUAL,,"71,314",1st,Gurgaon,"3,21,699"
493,2016,Hyundai,Hyundai Creta 1.6 SX CRDI,Diesel,MANUAL,,"85,776",1st,Gurgaon,"7,56,599"
494,2017,Maruti,Maruti Vitara Brezza VDI,Diesel,MANUAL,,"47,851",1st,Gurgaon,"6,82,199"
495,2014,Hyundai,Hyundai i20 ASTA 1.4 CRDI,Diesel,MANUAL,,"89,083",2nd,Gurgaon,"3,99,799"
496,2016,Maruti,Maruti Vitara Brezza ZDI,Diesel,MANUAL,,"72,730",1st,Gurgaon,"5,93,599"
497,2020,Maruti,Maruti S PRESSO VXI,Petrol,MANUAL,,"20,681",1st,Gurgaon,"4,42,099"
498,2021,Maruti,Maruti Alto LXI OPT,Petrol,MANUAL,,"5,145",1st,Gurgaon,"4,07,699"
499,2017,Maruti,Maruti Vitara Brezza VDI OPT,Diesel,MANUAL,,"74,082",1st,Gurgaon,"6,46,099"
500,2020,Maruti,Maruti Alto VXI,Petrol,MANUAL,,"42,796",1st,Gurgaon,"4,03,399"
501,2016,Maruti,Maruti Vitara Brezza ZDI,Diesel,MANUAL,,"54,904",1st,Gurgaon,"6,49,099"
502,2017,Renault,Renault Duster RXZ AMT 110 PS,Diesel,AUTOMATIC,,"89,143",2nd,Gurgaon,"7,24,399"
503,2016,Maruti,Maruti Vitara Brezza ZDI PLUS,Diesel,MANUAL,,"72,183",1st,Gurgaon,"6,39,899"
504,2017,Maruti,Maruti Vitara Brezza ZDI PLUS,Diesel,MANUAL,,"90,969",1st,Gurgaon,"7,16,599"
505,2017,Maruti,Maruti Swift VDI ABS,Diesel,MANUAL,,"52,839",1st,Gurgaon,"4,94,399"
506,2014,Hyundai,Hyundai Elite i20 SPORTZ (O) 1.4,Diesel,MANUAL,,"73,924",1st,Gurgaon,"4,21,099"
507,2017,Maruti,Maruti Vitara Brezza ZDI,Diesel,MANUAL,,"81,842",1st,Gurgaon,"7,05,399"
508,2017,Maruti,Maruti Vitara Brezza ZDI,Diesel,MANUAL,,"82,051",1st,Gurgaon,"6,20,799"
509,2020,Maruti,Maruti Alto VXI,Petrol,MANUAL,,"14,443",1st,Gurgaon,"3,87,699"
510,2016,Maruti,Maruti Vitara Brezza VDI OPT,Diesel,MANUAL,,"62,861",1st,Gurgaon,"6,35,399"
511,2016,Maruti,Maruti Vitara Brezza VDI OPT,Diesel,MANUAL,,"98,820",1st,Gurgaon,"5,68,999"
512,2013,Hyundai,Hyundai Verna FLUIDIC 1.6 SX CRDI,Diesel,MANUAL,,"33,450",1st,Gurgaon,"4,50,499"
513,2016,Maruti,Maruti Baleno DELTA DDIS 190,Diesel,MANUAL,,"69,270",1st,Gurgaon,"5,55,999"
514,2013,Ford,Ford Ecosport 1.5 TITANIUMTDCI OPT,Diesel,MANUAL,,"76,208",1st,Gurgaon,"4,25,899"
515,2017,Maruti,Maruti S Cross ALPHA SHVS,Diesel,MANUAL,,"91,763",2nd,Gurgaon,"6,95,599"
516,2015,Maruti,Maruti Baleno ZETA DDIS 190,Diesel,MANUAL,,"70,755",1st,Gurgaon,"4,76,199"
517,2016,Maruti,Maruti Vitara Brezza ZDI,Diesel,MANUAL,,"1,02,367",1st,Gurgaon,"5,80,399"
518,2015,Maruti,Maruti Swift VDI ABS,Diesel,MANUAL,,"69,898",1st,Gurgaon,"3,99,499"
519,2015,Maruti,Maruti Swift VDI ABS,Diesel,MANUAL,,"92,673",1st,Gurgaon,"3,76,599"
520,2013,Ford,Ford Ecosport 1.5 TITANIUMTDCI OPT,Diesel,MANUAL,,"81,227",2nd,Gurgaon,"4,15,499"
521,2017,Ford,Ford Ecosport 1.5 TREND+ TDCI,Diesel,MANUAL,,"1,13,206",1st,Gurgaon,"5,42,999"
522,2017,Maruti,Maruti Vitara Brezza ZDI PLUS DUAL TONE,Diesel,MANUAL,,"69,262",2nd,Gurgaon,"6,49,099"
523,2017,Maruti,Maruti Vitara Brezza VDI OPT,Diesel,MANUAL,,"88,480",1st,Gurgaon,"6,30,599"
524,2018,Maruti,Maruti S Cross ALPHA SHVS,Diesel,MANUAL,,"38,780",2nd,Gurgaon,"8,22,299"
525,2017,Maruti,Maruti S Cross ALPHA SHVS,Diesel,MANUAL,,"96,787",2nd,Gurgaon,"7,09,199"
526,2014,Toyota,Toyota Corolla Altis D 4D G,Diesel,MANUAL,,"1,27,926",1st,Gurgaon,"6,43,399"
527,2015,Maruti,Maruti Swift VDI ABS,Diesel,MANUAL,,"86,816",1st,Gurgaon,"4,01,499"
528,2020,Maruti,Maruti Alto VXI,Petrol,MANUAL,,"18,261",1st,Gurgaon,"3,95,899"
529,2017,Maruti,Maruti S Cross ZETA 1.3,Diesel,MANUAL,,"37,521",1st,Gurgaon,"7,38,199"
530,2017,Maruti,Maruti Vitara Brezza ZDI,Diesel,MANUAL,,"61,982",1st,Gurgaon,"6,80,799"
531,2016,Maruti,Maruti Vitara Brezza ZDI PLUS,Diesel,MANUAL,,"57,707",1st,Gurgaon,"6,74,199"
532,2015,Maruti,Maruti S Cross ALPHA 1.3,Diesel,MANUAL,,"75,945",1st,Gurgaon,"6,04,599"
533,2015,Hyundai,Hyundai Grand i10 SPORTZ 1.1 CRDI,Diesel,MANUAL,,"73,894",1st,Gurgaon,"3,82,199"
534,2017,Ford,Ford Ecosport 1.5 TITANIUMTDCI OPT,Diesel,MANUAL,,"72,887",1st,Gurgaon,"6,94,399"
535,2017,Maruti,Maruti Vitara Brezza ZDI PLUS,Diesel,MANUAL,,"75,754",2nd,Gurgaon,"6,64,799"
536,2014,Toyota,Toyota Etios CROSS VD,Diesel,MANUAL,,"83,974",2nd,Gurgaon,"4,76,099"
537,2015,Maruti,Maruti Swift VDI ABS,Diesel,MANUAL,,"56,999",1st,Gurgaon,"4,11,099"
538,2021,Maruti,Maruti Alto VXI,Petrol,MANUAL,,"31,642",1st,Gurgaon,"3,78,849"
539,2015,Maruti,Maruti Swift VDI ABS,Diesel,MANUAL,,"76,491",1st,Gurgaon,"3,94,599"
540,2013,Ford,Ford Ecosport 1.5 AMBIENTE TDCI,Diesel,MANUAL,,"1,14,858",1st,Gurgaon,"3,52,699"
541,2016,Renault,Renault Duster 85 PS RXL,Diesel,MANUAL,,"70,946",1st,Gurgaon,"6,50,099"
542,2014,Ford,Ford Ecosport 1.5TITANIUM TDCI,Diesel,MANUAL,,"51,221",2nd,Gurgaon,"4,48,399"
543,2014,Toyota,Toyota Innova 2.5 VX 8 STR BS IV,Diesel,MANUAL,,"70,100",1st,Gurgaon,"9,89,999"
544,2014,Hyundai,Hyundai i10 ERA 1.1 IRDE,Petrol,MANUAL,,"29,540",2nd,Gurgaon,"2,66,199"
545,2020,Maruti,Maruti Baleno SIGMA 1.2 K12,Petrol,MANUAL,,"8,966",1st,Gurgaon,"6,03,599"
546,2020,Maruti,Maruti Swift LXI,Petrol,MANUAL,,"9,371",1st,Gurgaon,"5,86,699"
547,2010,Maruti,Maruti Swift VXI,Petrol,MANUAL,,"20,730",1st,Gurgaon,"2,80,999"
548,2013,Maruti,Maruti Wagon R 1.0 VXI,Petrol,MANUAL,,"87,376",1st,Gurgaon,"2,69,699"
549,2012,Maruti,Maruti Swift ZXI,Petrol,MANUAL,,"13,540",1st,Gurgaon,"4,12,099"
550,2019,Renault,Renault Kwid RXL,Petrol,MANUAL,,867,2nd,Gurgaon,"3,78,299"
551,2021,MG,MG HECTOR PLUS SHARP HYBRID PETROL,Petrol,MANUAL,,"3,587",1st,Gurgaon,"18,19,949"
552,2011,Maruti,Maruti Alto K10 VXI,Petrol,MANUAL,,"38,042",1st,Gurgaon,"2,37,899"
553,2019,Maruti,Maruti Baleno SIGMA 1.2 K12,Petrol,MANUAL,,"25,009",2nd,Gurgaon,"5,45,299"
554,2020,Maruti,Maruti Celerio VXI,Petrol,MANUAL,,"14,065",1st,Gurgaon,"4,77,299"
555,2018,Hyundai,Hyundai Elite i20 Magna Executive 1.2,Petrol,MANUAL,,"30,382",1st,Gurgaon,"5,36,399"
556,2018,Maruti,Maruti Dzire VXI AMT,Petrol,AUTOMATIC,,"12,545",1st,Gurgaon,"6,64,999"
557,2009,Hyundai,Hyundai i10 ERA 1.1 IRDE,Petrol,MANUAL,,"21,723",1st,Gurgaon,"2,10,249"
558,2013,Maruti,Maruti Swift Dzire VXI,Petrol,MANUAL,,"37,291",2nd,Gurgaon,"3,67,899"
559,2020,Maruti,Maruti Swift LXI,Petrol,MANUAL,,"17,435",1st,Gurgaon,"5,92,499"
560,2014,Honda,Honda City VX MT PETROL,Petrol,MANUAL,,"43,748",1st,Gurgaon,"6,54,299"
561,2021,Maruti,Maruti Ciaz 1.5 SIGMA SHVS,Petrol,MANUAL,,"18,855",1st,Gurgaon,"8,85,699"
562,2014,Maruti,Maruti Swift VXI,Petrol,MANUAL,,"51,321",1st,Gurgaon,"4,41,899"
563,2014,Maruti,Maruti Alto 800 LXI,Petrol,MANUAL,,"48,604",2nd,Gurgaon,"2,37,899"
564,2011,Maruti,Maruti A Star VXI,Petrol,MANUAL,,"23,629",2nd,Gurgaon,"2,31,699"
565,2019,Honda,Honda City V MT PETROL,Petrol,MANUAL,,"41,236",1st,Gurgaon,"8,31,039"
566,2022,Maruti,Maruti New  Wagon-R 1.0 LXI (O),Petrol,MANUAL,,"6,943",1st,Gurgaon,"5,87,199"
567,2014,Hyundai,Hyundai Eon ERA PLUS,Petrol,MANUAL,,"29,651",1st,Gurgaon,"2,57,999"
568,2017,Mahindra,Mahindra Scorpio S10,Diesel,MANUAL,,"52,999",1st,Gurgaon,"10,74,399"
569,2019,Renault,Renault Kwid RXL,Petrol,MANUAL,,"5,660",1st,Gurgaon,"4,04,099"
570,2015,Maruti,Maruti Celerio LXI,Petrol,MANUAL,,"24,668",1st,Gurgaon,"3,53,899"
571,2018,Tata,Tata Tiago XE 1.2 REVOTRON,Petrol,MANUAL,,"33,114",1st,Gurgaon,"4,25,099"
572,2017,Toyota,Toyota Corolla Altis J S,Petrol,MANUAL,,"1,28,020",2nd,Gurgaon,"7,72,499"
573,2020,Maruti,Maruti New  Wagon-R VXI 1.0,Petrol,MANUAL,,"20,862",1st,Gurgaon,"5,40,299"
574,2017,Tata,Tata Tiago XZA 1.2 REVOTRON,Petrol,AUTOMATIC,,"36,134",2nd,Gurgaon,"4,17,399"
575,2019,Mahindra,Mahindra XUV 3OO W8(O),Diesel,MANUAL,,"68,515",2nd,Gurgaon,"8,97,899"
576,2022,Tata,Tata PUNCH ADVENTURE,Petrol,AMT,,"8,964",1st,Gurgaon,"7,81,399"
577,2015,Hyundai,Hyundai i10 MAGNA 1.1 IRDE2,Petrol,MANUAL,,"72,272",2nd,Gurgaon,"3,30,899"
578,2014,Ford,Ford Ecosport 1.5 TITANIUMTDCI OPT,Diesel,MANUAL,,"1,56,491",1st,Gurgaon,"4,08,299"
579,2020,Maruti,Maruti Swift ZXI+,Petrol,MANUAL,,"14,030",1st,Gurgaon,"7,62,599"
580,2014,Maruti,Maruti Swift Dzire VXI 1.2 BS IV,Petrol,MANUAL,,"34,525",2nd,Gurgaon,"4,17,299"
581,2017,Maruti,Maruti Wagon R 1.0 LXI CNG,Petrol,MANUAL,,"85,445",1st,Gurgaon,"4,10,499"
582,2014,Maruti,Maruti Wagon R 1.0 LXI CNG,Petrol,MANUAL,,"64,132",1st,Gurgaon,"3,25,799"
583,2017,Maruti,Maruti Dzire VXI,Petrol,MANUAL,,"18,949",1st,Gurgaon,"6,31,299"
584,2021,Hyundai,Hyundai Creta S CRDI,Diesel,MANUAL,,"34,068",1st,Gurgaon,"14,50,499"
585,2018,Honda,Honda Amaze 1.2 SAT I VTEC,Petrol,AUTOMATIC,,"21,952",1st,Gurgaon,"7,20,399"
586,2017,Tata,Tata Tiago XM 1.2 REVOTRON,Petrol,MANUAL,,"77,099",1st,Gurgaon,"3,78,799"
587,2020,Tata,Tata ALTROZ XE,Petrol,RHYTM,,"26,584",1st,Gurgaon,"5,71,699"
588,2013,Maruti,Maruti Swift Dzire LDI BS IV,Diesel,MANUAL,,"50,409",2nd,Gurgaon,"3,03,099"
589,2015,Hyundai,Hyundai Grand i10 MAGNA 1.2 VTVT,Petrol,MANUAL,,"46,249",1st,Gurgaon,"3,93,599"
590,2017,Volkswagen,Volkswagen Ameo HIGHLINE PLUS DSG 1.5,Diesel,AUTOMATIC,,"40,325",1st,Gurgaon,"6,28,799"
591,2019,Maruti,Maruti Dzire VXI,Petrol,MANUAL,,"41,332",1st,Gurgaon,"6,34,799"
592,2016,Hyundai,Hyundai Eon MAGNA PLUS,Petrol,MANUAL,,"38,231",1st,Gurgaon,"3,19,399"
593,2017,Mahindra,Mahindra Thar CRDE 4X4 BS IV,Diesel,MANUAL,,"14,613",2nd,Gurgaon,"7,10,699"
594,2018,Hyundai,Hyundai Verna 1.6 CRDI SX + AT,Diesel,AUTOMATIC,,"74,743",1st,Gurgaon,"9,87,399"
595,2018,Ford,Ford Ecosport 1.5 TITANIUM TI VCT,Petrol,MANUAL,,"89,846",1st,Gurgaon,"7,19,499"
596,2017,Honda,Honda WR-V 1.2 i-VTEC VX MT,Petrol,MANUAL,,"18,472",1st,Gurgaon,"7,19,499"
597,2014,Maruti,Maruti Swift VXI,Petrol,MANUAL,,"31,335",2nd,Gurgaon,"3,78,899"
598,2020,Hyundai,Hyundai Elite i20 1.2 SPORTS PLUS VTVT,Petrol,MANUAL,,"28,785",1st,Gurgaon,"6,98,099"
599,2014,Hyundai,Hyundai Elite i20 SPORTZ 1.2,Petrol,MANUAL,,"74,012",1st,Gurgaon,"4,48,499"
600,2014,Hyundai,Hyundai Verna FLUIDIC 1.6 SX VTVT,Petrol,MANUAL,,"78,904",1st,Gurgaon,"5,16,599"
601,2018,Maruti,Maruti Swift VXI,Petrol,MANUAL,,"56,195",1st,Gurgaon,"5,29,299"
602,2016,Maruti,Maruti Ciaz VXI PLUS,Petrol,MANUAL,,"83,441",1st,Gurgaon,"6,59,199"
603,2013,Honda,Honda Amaze 1.5 EMT I DTEC,Diesel,MANUAL,,"48,160",1st,Gurgaon,"2,96,499"
604,2013,Maruti,Maruti Ertiga VDI ABS,Diesel,MANUAL,,"1,19,766",3rd,Gurgaon,"4,19,799"
605,2017,Maruti,Maruti Ciaz DELTA 1.3 DDIS SHVS,Diesel,MANUAL,,"55,856",1st,Gurgaon,"6,35,899"
606,2013,Maruti,Maruti Ertiga VDI ABS,Diesel,MANUAL,,"1,61,137",1st,Gurgaon,"4,65,899"
607,2013,Toyota,Toyota Etios Liva GD,Diesel,MANUAL,,"1,19,092",1st,Gurgaon,"2,97,199"
608,2015,Hyundai,Hyundai Elite i20 MAGNA 1.4 CRDI,Diesel,MANUAL,,"53,859",2nd,Gurgaon,"4,28,399"
609,2017,Hyundai,Hyundai Grand i10 Magna 1.2 AT  VTVT,Petrol,AUTOMATIC,,"37,536",1st,Gurgaon,"5,21,299"
610,2019,Ford,Ford Ecosport 1.5TITANIUM TDCI,Diesel,MANUAL,,"42,949",1st,Gurgaon,"8,17,199"
611,2014,Renault,Renault Duster 85 PS RXE,Diesel,MANUAL,,"1,59,515",1st,Gurgaon,"3,83,499"
612,2013,Mahindra,Mahindra XUV500 W8 FWD,Diesel,MANUAL,,"72,062",1st,Gurgaon,"5,51,099"
613,2017,Hyundai,Hyundai Creta 1.4 E PLUS CRDI,Diesel,MANUAL,,"95,601",1st,Gurgaon,"7,71,499"
614,2019,Ford,Ford Ecosport 1.5TITANIUM TDCI,Diesel,MANUAL,,"50,235",1st,Gurgaon,"7,77,999"
615,2019,Maruti,Maruti XL6 ALPHA SHVS  MT,Petrol,MANUAL,,"38,885",1st,Gurgaon,"9,78,599"
616,2016,Mahindra,Mahindra Kuv100 K8 5 STR,Petrol,MANUAL,,"71,807",1st,Gurgaon,"3,53,499"
617,2016,Maruti,Maruti Swift Dzire VDI ABS,Diesel,MANUAL,,"58,807",2nd,Gurgaon,"4,63,199"
618,2015,Audi,Audi Q3 30 TDI MT S EDITION,Diesel,MANUAL,,"71,795",1st,Gurgaon,"12,75,399"
619,2019,Maruti,Maruti Vitara Brezza VDI,Diesel,MANUAL,,"24,670",2nd,Gurgaon,"7,78,999"
620,2017,Maruti,Maruti Ciaz DELTA 1.3 DDIS SHVS,Diesel,MANUAL,,"68,559",1st,Gurgaon,"6,08,499"
621,2018,Maruti,Maruti Dzire ZDI Plus AMT,Diesel,AUTOMATIC,,"28,447",3rd,Gurgaon,"6,80,699"
622,2020,Maruti,Maruti Alto LXI CNG (O),Petrol,MANUAL,,"39,317",1st,Gurgaon,"4,45,799"
623,2014,Maruti,Maruti Swift LDI BS IV,Diesel,MANUAL,,"47,617",1st,Gurgaon,"3,26,699"
624,2018,Maruti,Maruti Celerio VXI CNG,Petrol,MANUAL,,"73,708",1st,Gurgaon,"4,95,299"
625,2015,Hyundai,Hyundai Grand i10 SPORTZ 1.1 CRDI,Diesel,MANUAL,,"87,019",2nd,Gurgaon,"3,56,199"
626,2015,Maruti,Maruti Swift Dzire VDI BS IV,Diesel,MANUAL,,"76,009",1st,Gurgaon,"4,91,799"
627,2015,Maruti,Maruti Swift LDI BS IV,Diesel,MANUAL,,"46,867",1st,Gurgaon,"3,90,899"
628,2014,Ford,Ford Ecosport 1.5 TREND TDCI,Diesel,MANUAL,,"38,666",1st,Gurgaon,"4,26,399"
629,2013,Maruti,Maruti Swift VDI,Diesel,MANUAL,,"76,978",1st,Gurgaon,"3,19,699"
630,2015,Maruti,Maruti Swift VDI,Diesel,MANUAL,,"30,528",1st,Gurgaon,"4,08,499"
631,2016,Mahindra,Mahindra Scorpio S10,Diesel,MANUAL,,"87,784",2nd,Gurgaon,"9,63,499"
632,2013,Toyota,Toyota Fortuner 3.0 AT 4X2,Diesel,AUTOMATIC,,"76,155",1st,Gurgaon,"12,26,199"
633,2016,Maruti,Maruti Vitara Brezza ZDI PLUS DUAL TONE,Diesel,MANUAL,,"90,492",1st,Gurgaon,"6,85,599"
634,2015,Maruti,Maruti Swift VDI ABS,Diesel,MANUAL,,"47,493",1st,Gurgaon,"4,18,499"
635,2015,Maruti,Maruti Swift VDI ABS,Diesel,MANUAL,,"83,583",1st,Gurgaon,"3,98,899"
636,2014,Ford,Ford Ecosport 1.5 TITANIUMTDCI OPT,Diesel,MANUAL,,"50,178",1st,Gurgaon,"4,38,599"
637,2014,Maruti,Maruti Swift ZDI,Diesel,MANUAL,,"73,654",1st,Gurgaon,"3,85,499"
638,2016,Hyundai,Hyundai Grand i10 SPORTZ 1.2 KAPPA VTVT,Petrol,MANUAL,,"75,996",1st,Gurgaon,"4,18,499"
639,2016,Hyundai,Hyundai Elite i20 SPORTZ 1.2,Petrol,MANUAL,,"15,269",1st,Gurgaon,"5,54,399"
640,2017,Maruti,Maruti Eeco 5 STR CNG WITH HTR,Petrol,MANUAL,,"54,315",1st,Gurgaon,"3,27,399"
641,2015,Hyundai,Hyundai i10 MAGNA 1.1 IRDE2,Petrol,MANUAL,,"15,181",1st,Gurgaon,"3,60,799"
642,2016,Hyundai,Hyundai Elite i20 SPORTZ 1.2,Petrol,MANUAL,,"45,265",1st,Gurgaon,"5,54,399"
643,2016,Hyundai,Hyundai Grand i10 SPORTZ 1.2 KAPPA VTVT,Petrol,MANUAL,,"75,996",1st,Gurgaon,"4,18,499"
644,2015,Maruti,Maruti Wagon R 1.0 LXI CNG,Petrol,MANUAL,,"74,570",1st,Gurgaon,"3,33,099"
645,2017,Maruti,Maruti Eeco 5 STR CNG WITH HTR,Petrol,MANUAL,,"54,315",1st,Gurgaon,"3,27,399"
646,2022,Maruti,Maruti Ciaz 1.5 SIGMA SHVS,Petrol,MANUAL,,"1,929",1st,Gurgaon,"9,23,399"
647,2011,Hyundai,Hyundai i10 MAGNA 1.2 KAPPA2,Petrol,MANUAL,,"47,021",1st,Gurgaon,"2,38,699"
648,2015,Hyundai,Hyundai i20 Active 1.2 S,Petrol,MANUAL,,"73,080",1st,Gurgaon,"5,43,399"
649,2021,Maruti,Maruti IGNIS SIGMA 1.2 K12,Petrol,MANUAL,,"20,621",1st,Gurgaon,"4,85,399"
650,2017,Hyundai,Hyundai Elite i20 SPORTZ 1.2,Petrol,MANUAL,,"41,490",1st,Gurgaon,"5,79,599"
651,2016,Renault,Renault Kwid RXT,Petrol,MANUAL,,"21,273",1st,Gurgaon,"2,74,399"
652,2016,Hyundai,Hyundai Creta 1.6 S,Petrol,MANUAL,,"74,999",1st,Gurgaon,"8,53,899"
653,2016,Hyundai,Hyundai Creta 1.6 SX PLUS AUTO PETROL,Petrol,AUTOMATIC,,"87,345",2nd,Gurgaon,"8,65,699"
654,2018,Maruti,Maruti Baleno DELTA 1.2 K12,Petrol,MANUAL,,"51,162",1st,Gurgaon,"5,83,099"
655,2013,Hyundai,Hyundai i20 MAGNA O 1.2,Petrol,MANUAL,,"30,013",1st,Gurgaon,"3,81,099"
656,2010,Honda,Honda City V MT Exclusive,Petrol,MANUAL,,"85,175",1st,Gurgaon,"3,17,499"
657,2014,Hyundai,Hyundai Grand i10 SPORTZ 1.2 KAPPA VTVT,Petrol,MANUAL,,"63,713",1st,Gurgaon,"3,85,699"
658,2018,Maruti,Maruti Alto K10 VXI (O) AMT,Petrol,AUTOMATIC,,"23,627",1st,Gurgaon,"4,19,299"
659,2017,Maruti,Maruti Alto K10 VXI (O) AMT,Petrol,AUTOMATIC,,"25,239",1st,Gurgaon,"3,88,599"
660,2018,Hyundai,Hyundai Creta 1.4 E PLUS CRDI,Diesel,MANUAL,,"63,484",1st,Gurgaon,"9,44,099"
661,2016,Honda,Honda Amaze 1.2 SX MT I VTEC,Petrol,MANUAL,,"16,198",1st,Gurgaon,"5,89,999"
662,2013,Hyundai,Hyundai i20 SPORTZ 1.2 VTVT,Petrol,MANUAL,,"31,793",1st,Gurgaon,"3,34,799"
663,2012,Skoda,Skoda Rapid AMBITION 1.6 MPFI MT,Petrol,MANUAL,,"85,668",1st,Gurgaon,"2,74,699"
664,2019,Tata,Tata NEXON XM 1.2,Petrol,MANUAL,,"28,061",2nd,Gurgaon,"6,68,899"
665,2020,Maruti,Maruti Celerio ZXI AMT,Petrol,AUTOMATIC,,"13,152",1st,Gurgaon,"5,79,099"
666,2021,Tata,Tata ALTROZ XZ 1.5,Diesel,RTQ,,"22,593",1st,Gurgaon,"8,90,399"
667,2018,Maruti,Maruti Swift VXI,Petrol,MANUAL,,"23,476",2nd,Gurgaon,"5,60,599"
