,Year,Brand,Model,Fuel Type,Transmission,Engine Capacity,Kms Driven,No. of Owners,Location,Price
0,2016,Mahindra,Mahindra TUV 300,Diesel,Automatic,1493,"1,10,666",1st,Chennai,"5,98,000"
1,2017,Hyundai,Hyundai Grand i10,Petrol,Manual,1197,"41,122",1st,Chennai,"4,96,000 "
2,2018,Hyundai,Hyundai Verna,Petrol,Manual,1591,"47,307",1st,Chennai,"8,70,000"
3,2017,Hyundai,Hyundai Creta,Diesel,Automatic,1582,"49,848",1st,Chennai,"11,02,000 "
4,2020,Maruti,Maruti Swift Dzire,Petrol,Manual,1197,"33,626",1st,Chennai,"6,71,000 "
5,2017,Honda,Honda WR-V,Diesel,Automatic,1498,"79,181",1st,Chennai,"8,21,000"
6,2018,Hyundai,Hyundai Grand i10,Petrol,Manual,1197,"29,369",1st,Chennai,"5,33,000 "
7,2016,Hyundai,Hyundai Verna,Diesel,Automatic,1582,"83,838",1st,Chennai,"6,93,000 "
8,2012,Skoda,Skoda Rapid,Diesel,Automatic,1598,"99,757",2nd,Chennai,"3,58,000"
9,2018,Maruti,Maruti Ciaz S,Petrol,Manual,1373,"31,723",1st,Chennai,"8,29,000 "
10,2016,Honda,Honda Jazz,Petrol,Manual,1199,"33,019",2nd,Chennai,"5,88,000 "
11,2021,Tata,Tata Tiago,Petrol,Manual,1199,"11,162",1st,Chennai,"6,63,000 "
12,2020,Renault,Renault KWID,Petrol,Manual,799,"13,278",1st,Chennai,"4,25,000 "
13,2017,Hyundai,Hyundai Creta,Petrol,Manual,1591,"39,997",1st,Chennai,"9,97,000"
14,2016,Hyundai,Hyundai Grand i10,Petrol,Manual,1197,"49,472",1st,Chennai,"4,86,000 "
15,2017,Hyundai,Hyundai i20,Petrol,Manual,1197,"24,519",1st,Chennai,"6,79,000"
16,2020,Datsun,Datsun GO Plus,Petrol,Manual,1198,"9,198",1st,Chennai,"5,41,000 "
17,2017,Honda,Honda Jazz,Petrol,Manual,1199,"45,115",1st,Chennai,"6,23,000 "
18,2017,Hyundai,Hyundai Creta,Petrol,Manual,1591,"35,438",1st,Chennai,"8,88,000"
19,2017,Honda,Honda Jazz,Petrol,Manual,1199,"45,115",1st,Chennai,"6,23,000 "
20,2016,Nissan,Nissan Sunny,Diesel,Automatic,1461,"58,420",1st,Chennai,"6,25,000 "
21,2016,Nissan,Nissan Sunny,Diesel,Automatic,1461,"58,420",1st,Chennai,"6,25,000 "
22,2017,Hyundai,Hyundai Creta,Petrol,Manual,1591,"35,438",1st,Chennai,"8,88,000"
23,2018,Hyundai,Hyundai Verna,Petrol,Manual,1591,"21,059",2nd,Chennai,"8,58,000"
24,2017,Hyundai,Hyundai Creta,Diesel,Automatic,1582,"77,940",1st,Chennai,"10,76,000"
25,2020,Hyundai,Hyundai Grand i10 Nios,Petrol,Manual,998,"7,619",1st,Chennai,"7,19,000"
26,2019,Hyundai,Hyundai Venue,Petrol,Manual,998,"32,380",1st,Chennai,"10,37,000 "
27,2018,Maruti,Maruti SX4 S Cross,Diesel,Automatic,1248,"37,718",1st,Chennai,"9,87,000 "
28,2012,Maruti,Maruti Swift Dzire,Petrol,Manual,1197,"55,104",1st,Chennai,"4,38,000 "
29,2016,Honda,Honda City,Petrol,Manual,1497,"76,451",1st,Chennai,"7,25,000 "
30,2018,Hyundai,Hyundai Grand i10,Diesel,Automatic,1186,"95,949",1st,Chennai,"4,83,000"
31,2021,Maruti,Maruti Alto 800,Petrol,Manual,796,"4,802",1st,Chennai,"4,18,000"
32,2016,Hyundai,Hyundai Creta,Diesel,Automatic,1582,"38,290",1st,Chennai,"10,43,000"
33,2015,Hyundai,Hyundai Xcent,Petrol,Manual,1197,"77,397",1st,Chennai,"4,81,000 "
34,2015,Honda,Honda City,Petrol,Manual,1497,"70,395",1st,Chennai,"6,49,000"
35,2016,Maruti,Maruti Ertiga,Petrol,Manual,1373,"66,505",1st,Chennai,"7,45,000"
36,2017,Honda,Honda City,Petrol,Manual,1497,"58,567",1st,Chennai,"8,01,000"
37,2018,Maruti,Maruti Wagon R,Petrol,Manual,998,"52,164",1st,Chennai,"4,70,000 "
38,2016,Maruti,Maruti Alto 800,Petrol,Manual,796,"34,639",1st,Chennai,"3,03,000 "
39,2014,Maruti,Maruti Wagon R,Petrol,Manual,998,"81,824",2nd,Chennai,"3,33,000 "
40,2015,Renault,Renault Lodgy,Diesel,Automatic,1461,"37,638",2nd,Chennai,"6,06,000 "
41,2016,Mahindra,Mahindra TUV 300,Diesel,Automatic,1493,"74,854",1st,Chennai,"6,87,000"
42,2018,Tata,Tata Nexon,Diesel,Automatic,1497,"41,953",1st,Chennai,"8,50,000"
43,2017,Hyundai,Hyundai Grand i10,Petrol,Manual,1197,"31,967",1st,Chennai,"5,96,000 "
44,2016,Renault,Renault Duster,Petrol,Manual,1598,"57,255",1st,Chennai,"6,18,000 "
45,2017,Hyundai,Hyundai i20,Diesel,Automatic,1396,"88,744",1st,Chennai,"6,64,000 "
46,2021,Hyundai,Hyundai Alcazar,Petrol,Manual,1999,"9,515",1st,Chennai,"20,73,000 "
47,2011,Hyundai,Hyundai Verna,Petrol,Manual,1591,"89,850",3rd,Chennai,"3,71,000"
48,2017,Hyundai,Hyundai Grand i10,Petrol,Manual,1197,"28,853",1st,Chennai,"5,58,000 "
49,2016,Renault,Renault Duster,Diesel,Automatic,1461,"1,14,564",2nd,Chennai,"6,80,000"
50,2016,Hyundai,Hyundai Creta,Diesel,Automatic,1582,"71,107",2nd,Chennai,"10,13,000 "
51,2019,Maruti,Maruti Baleno,Petrol,Manual,1197,"27,540",1st,Chennai,"7,44,000"
52,2019,Toyota,Toyota Yaris,Petrol,Manual,1496,"27,924",1st,Chennai,"9,38,000"
53,2019,Honda,Honda BR-V,Petrol,Manual,1497,"15,176",1st,Chennai,"10,90,000 "
54,2016,Hyundai,Hyundai i20 Active,Petrol,Manual,1197,"81,263",1st,Chennai,"5,89,000 "
55,2016,Hyundai,Hyundai Creta,Petrol,Manual,1591,"28,594",1st,Chennai,"8,89,000 "
56,2019,Hyundai,Hyundai Grand i10,Petrol,Manual,1197,"34,094",1st,Chennai,"5,48,000 "
57,2017,Hyundai,Hyundai Creta,Petrol,Manual,1591,"95,729",1st,Chennai,"9,34,000"
58,2014,Maruti,Maruti Wagon R,Petrol,Manual,998,"27,431",1st,Chennai,"3,86,000 "
59,2013,Honda,Honda Amaze,Petrol,Manual,1198,"90,232",1st,Chennai,"3,71,000 "
60,2015,Honda,Honda City,Diesel,Automatic,1498,"79,000",1st,Chennai,"6,80,000"
61,2016,Hyundai,Hyundai i20,Diesel,Automatic,1396,"91,244",1st,Chennai,"6,20,000"
62,2017,Maruti,Maruti Swift Dzire,Petrol,Manual,1197,"48,830",1st,Chennai,"6,00,000 "
63,2014,Honda,Honda City,Petrol,Manual,1497,"33,305",1st,Chennai,"5,93,000"
64,2017,Mahindra,Mahindra TUV 300,Diesel,Automatic,1493,"61,324",1st,Chennai,"7,40,000 "
65,2017,Hyundai,Hyundai Elantra,Petrol,Manual,1999,"62,970",2nd,Chennai,"12,38,000"
66,2016,Honda,Honda Jazz,Petrol,Manual,1199,"63,758",2nd,Chennai,"5,43,000 "
67,2018,Hyundai,Hyundai Grand i10,Petrol,Manual,1197,"20,984",1st,Chennai,"5,30,000 "
68,2012,Hyundai,Hyundai EON,Petrol,Manual,814,"18,091",1st,Chennai,"2,69,000 "
69,2017,Honda,Honda Jazz,Petrol,Manual,1199,"55,562",2nd,Chennai,"6,16,000"
70,2021,Hyundai,Hyundai Aura,Petrol,Manual,1197,"3,730",1st,Chennai,"8,19,000 "
71,2019,Tata,Tata Tiago,Petrol,Manual,1199,"59,753",1st,Chennai,"5,26,000"
72,2020,Renault,Renault KWID,Petrol,Manual,799,"13,127",1st,Chennai,"4,30,000"
73,2019,Hyundai,Hyundai Grand i10 Nios,Petrol,Manual,1197,"30,784",1st,Chennai,"6,71,000"
74,2017,Maruti,Maruti Alto K10,Petrol,Manual,998,"31,199",1st,Chennai,"3,58,000"
75,2016,Maruti,Maruti Wagon R,Petrol,Manual,998,"32,335",1st,Chennai,"4,33,000"
76,2017,Mahindra,Mahindra TUV 300,Diesel,Automatic,1493,"1,07,933",1st,Chennai,"6,46,000"
77,2017,Mahindra,Mahindra TUV 300,Diesel,Automatic,1493,"39,863",2nd,Chennai,"6,22,000"
78,2013,Hyundai,Hyundai Verna,Diesel,Automatic,1582,"55,550",1st,Chennai,"5,58,000 "
79,2015,Hyundai,Hyundai i10,Petrol,Manual,1086,"73,926",1st,Chennai,"3,63,000 "
80,2018,Hyundai,Hyundai Grand i10,Diesel,Automatic,1186,"94,473",1st,Chennai,"4,81,000 "
81,2017,Honda,Honda Jazz,Petrol,Manual,1199,"33,846",1st,Chennai,"6,08,000 "
82,2021,MG,MG Hector,Petrol,Manual,1451,"18,012",1st,Chennai,"19,42,000 "
83,2017,Volkswagen,Volkswagen Ameo,Petrol,Manual,1198,"49,259",1st,Chennai,"4,83,000 "
84,2015,Hyundai,Hyundai Verna,Diesel,Automatic,1582,"64,776",1st,Chennai,"6,51,000"
85,2014,Hyundai,Hyundai i10,Petrol,Manual,1086,"78,518",1st,Chennai,"3,73,000"
86,2016,Volkswagen,Volkswagen Ameo,Petrol,Manual,1198,"69,185",1st,Chennai,"4,74,000"
87,2020,Maruti,Maruti Alto 800,Petrol,Manual,796,"13,287",1st,Chennai,"3,51,000 "
88,2016,Datsun,Datsun RediGO,Petrol,Manual,799,"92,828",1st,Chennai,"2,03,000 "
89,2013,Hyundai,Hyundai Verna,Diesel,Automatic,1582,"1,19,680",1st,Chennai,"4,36,000"
90,2020,Maruti,Maruti Swift Dzire,Petrol,Manual,1197,"33,626",1st,Chennai,"6,71,000 "
91,2020,Bmw,Bmw X1 Sdrive 20d Xline,Diesel,Automatic,1995,"21,900",First,Chennai,43.50 Lakh*
92,2021,Bmw,Bmw 3 Series 330i M Sport,Petrol,Manual,1998,"7,000",First,Chennai,54.50 Lakh*
93,2014,Maruti,Maruti Alto 800,Petrol,Manual,796,"43,748",2nd,Chennai,"2,28,000"
94,2019,Nissan,Nissan Kicks Xv Bsiv,Petrol,Manual,1498,"23,000",First,Chennai,8.75 Lakh*
95,2022,Mg,Mg Astor Savvy Cvt Red,Petrol,Manual,1498,"1,900",First,Chennai,17.75 Lakh*
96,2017,Ford,Ford Endeavour 2.2 Trend At 4x2,Diesel,Automatic,2198,"1,15,000",First,Chennai,17.50 Lakh*
97,2020,Volkswagen,Volkswagen Vento 1.2 Tsi Highline Plus Bsiv,Petrol,Manual,1197,"12,000",First,Chennai,11.90 Lakh*
98,2016,Mercedes-benz,Mercedes-benz Gla Class 200 Cdi Sport,Diesel,Automatic,2143,"35,000",Second,Chennai,19 Lakh*
99,2013,Renault,Renault Duster Petrol Rxl,Petrol,Manual,1598,"39,000",First,Chennai,5 Lakh*
100,2014,Honda,Honda Mobilio V I-vtec,Petrol,Manual,1497,"42,000",First,Chennai,6.50 Lakh*
101,2015,Renault,Renault Duster 110ps Diesel Rxz,Diesel,Automatic,1461,"59,000",First,Chennai,7.59 Lakh*
102,2014,Renault,Renault Duster 85ps Diesel Rxe,Diesel,Automatic,1461,"42,000",First,Chennai,6.55 Lakh*
103,2012,Mahindra,Mahindra Scorpio Vlx 2wd Bsiv,Diesel,Automatic,2179,"37,000",First,Chennai,7.59 Lakh*
104,2012,Maruti,Maruti Ertiga Vdi,Diesel,Automatic,1248,"65,000",First,Chennai,6.80 Lakh*
105,2014,Maruti,Maruti Ertiga Zdi,Diesel,Automatic,1248,"51,000",First,Chennai,8.10 Lakh*
106,2018,Mahindra,Mahindra Bolero Power Plus Zlx,Diesel,Automatic,1493,"39,000",First,Chennai,8.40 Lakh*
107,2017,Maruti,Maruti Sx4 S Cross Sigma Ddis 200 Sh,Diesel,Automatic,1248,"49,000",First,Chennai,8.10 Lakh*
108,2019,Tata,Tata Nexon 1.2 Revotron Xm,Petrol,Manual,1198,"24,000",First,Chennai,8.35 Lakh*
109,2017,Maruti,Maruti Vitara Brezza Zdi Plus Dual Tone,Diesel,Automatic,1248,"55,000",First,Chennai,8.55 Lakh*
110,2011,Toyota,Toyota Innova 2.5 G (diesel) 7 Seater Bs Iv,Diesel,Automatic,2494,"1,08,000",First,Chennai,8.70 Lakh*
111,2018,Mahindra,Mahindra Tuv 300 T6 Plus,Diesel,Automatic,1493,"35,000",First,Chennai,8.55 Lakh*
112,2017,Mahindra,Mahindra Tuv 300 T8,Diesel,Automatic,1493,"42,000",First,Chennai,8.65 Lakh*
113,2016,Hyundai,Hyundai Creta 1.6 Vtvt S,Petrol,Manual,1591,"48,000",First,Chennai,8.95 Lakh*
114,2020,Hyundai,Hyundai Venue S Turbo Bsiv,Petrol,Manual,998,"27,000",First,Chennai,9.45 Lakh*
115,2018,Hyundai,Hyundai Creta 1.6 E Plus,Petrol,Manual,1591,"52,000",First,Chennai,10.70 Lakh*
116,2018,Honda,Honda Br-v I-vtec S Mt,Petrol,Manual,1497,"11,000",First,Chennai,9.70 Lakh*
117,2020,Maruti,Maruti Sx4 S Cross Delta Ddis 200 Sh,Diesel,Automatic,1248,"47,000",First,Chennai,9.55 Lakh*
118,2018,Maruti,Maruti Vitara Brezza Zdi,Diesel,Automatic,1248,"48,000",First,Chennai,9.80 Lakh*
119,2017,Hyundai,Hyundai Creta 1.6 Vtvt S,Petrol,Manual,1591,"31,000",First,Chennai,10.95 Lakh*
120,2021,Hyundai,Hyundai Venue Sx Opt Diesel,Diesel,Automatic,1493,"13,000",First,Chennai,12.75 Lakh*
121,2020,Kia,Kia Seltos Htk Plus G,Petrol,Manual,1497,"29,000",First,Chennai,12.95 Lakh*
122,2013,Toyota,Toyota Fortuner 4x2 At,Diesel,Automatic,2982,"1,70,000",First,Chennai,14.95 Lakh*
123,2019,Mahindra,Mahindra Xuv300 W8 Option Diesel Bsiv,Diesel,Automatic,1497,"40,000",First,Chennai,12.95 Lakh*
124,2007,Tata,Tata Indigo Glx,Petrol,Manual,1396,"90,000",Second,Chennai,"60,000*"
125,2020,Renault,Renault Kwid 1.0 Rxl,Petrol,Manual,999,"43,000",First,Chennai,4.50 Lakh*
126,2021,Land,Land Rover Range Rover Velar P250 R-dynamic S,Petrol,Manual,1997,"12,900",First,Chennai,88 Lakh*
127,2019,Maruti,Maruti Swift Dzire Vxi 1.2,Petrol,Manual,1197,"29,000",First,Chennai,7.65 Lakh*
128,2010,Maruti,Maruti Zen Estilo Vxi Bsiv,Petrol,Manual,998,"69,500",Second,Chennai,1.99 Lakh*
129,2018,Maruti,Maruti Baleno 1.2 Zeta,Petrol,Manual,1197,"40,000",First,Chennai,7.65 Lakh*
130,2019,Maruti,Maruti Swift Dzire Vxi 1.2,Petrol,Manual,1197,"29,000",First,Chennai,7.65 Lakh*
131,2015,Honda,Honda City I Vtec V,Petrol,Manual,1497,"23,000",First,Chennai,7.65 Lakh*
132,2016,Maruti,Maruti Ciaz Zxi,Petrol,Manual,1373,"40,000",First,Chennai,7.65 Lakh*
133,2018,Maruti,Maruti Baleno 1.2 Alpha,Petrol,Manual,1197,"26,000",First,Chennai,7.70 Lakh*
134,2016,Honda,Honda City I Vtec Vx,Petrol,Manual,1497,"47,000",First,Chennai,7.70 Lakh*
135,2018,Maruti,Maruti Baleno 1.3 Delta,Diesel,Automatic,1248,"55,000",First,Chennai,7.92 Lakh*
136,2016,Hyundai,Hyundai Verna 1.6 Vtvt Sx,Petrol,Manual,1591,"21,000",First,Chennai,8.05 Lakh*
137,2020,Hyundai,Hyundai I20 Sportz Plus Dual Tone Bsiv,Petrol,Manual,1197,"25,000",First,Chennai,7.95 Lakh*
138,2016,Honda,Honda City I Vtec V,Petrol,Manual,1497,"50,000",First,Chennai,8.03 Lakh*
139,2017,Maruti,Maruti Baleno Rs 1.0 Petrol,Petrol,Manual,998,"30,000",First,Chennai,7.85 Lakh*
140,2017,Maruti,Maruti Baleno 1.2 Cvt Alpha,Petrol,Manual,1197,"34,000",First,Chennai,8.32 Lakh*
141,2018,Maruti,Maruti Ciaz Alpha Bsiv,Petrol,Manual,1462,"44,000",First,Chennai,9.30 Lakh*
142,2018,Maruti,Maruti Ciaz 1.4 At Alpha,Petrol,Manual,1373,"46,000",First,Chennai,8.95 Lakh*
143,2018,Hyundai,Hyundai Verna Vtvt 1.6 Sx,Petrol,Manual,1591,"44,000",First,Chennai,9.35 Lakh*
144,2018,Honda,Honda City I-vtec V,Petrol,Manual,1497,"20,000",First,Chennai,9.45 Lakh*
145,2018,Skoda,Skoda Rapid 1.6 Mpi Style Bsiv,Petrol,Manual,1598,"48,000",First,Chennai,9.65 Lakh*
146,2021,Maruti,Maruti S-presso Vxi,Petrol,Manual,998,"2,116",First,Chennai,4.99 Lakh*
147,2018,Honda,Honda City I-dtec Zx,Diesel,Automatic,1498,"39,000",First,Chennai,10.95 Lakh*
148,2013,Maruti,Maruti Alto 800 Lxi,Petrol,Manual,796,"60,000",Second,Chennai,2.45 Lakh*
149,2018,Skoda,Skoda Rapid 1.6 Mpi Style Bsiv,Petrol,Manual,1598,"50,000",First,Chennai,9.70 Lakh*
150,2020,Maruti,Maruti Ciaz Alpha,Petrol,Manual,1462,"47,000",First,Chennai,9.95 Lakh*
151,2015,Hyundai,Hyundai Xcent 1.1 Crdi S,Diesel,Automatic,1120,"1,10,000",Third,Chennai,3.10 Lakh*
152,2016,Honda,Honda Jazz 1.2 V At I Vtec,Petrol,Manual,1199,"44,000",First,Chennai,5.75 Lakh*
153,2014,Hyundai,Hyundai Grand I10 At Asta,Petrol,Manual,1197,"47,454",Second,Chennai,4.80 Lakh*
154,2007,Hyundai,Hyundai Santro Xing Xo Erlx Euro Ii,Petrol,Manual,1086,"71,603",Second,Chennai,1.75 Lakh*
155,2021,Honda,Honda Jazz Zx Cvt,Petrol,Manual,1199,"4,498",First,Chennai,9.85 Lakh*
156,2013,Honda,Honda City V Mt,Petrol,Manual,1497,"42,356",First,Chennai,4.90 Lakh*
157,2013,Hyundai,Hyundai Elantra Crdi Sx,Diesel,Automatic,1582,"99,000",First,Chennai,5.95 Lakh*
158,2011,Nissan,Nissan X-trail Slx Mt,Diesel,Automatic,1995,"88,000",Second,Chennai,4 Lakh*
159,2021,Honda,Honda Jazz Zx Cvt,Petrol,Manual,1199,"7,907",First,Chennai,9.85 Lakh*
160,2010,Honda,Honda City 1.5 V At,Petrol,Manual,1497,"79,000",Second,Chennai,3.90 Lakh*
161,2012,Chevrolet,Chevrolet Beat Diesel Lt,Diesel,Automatic,936,"58,689",First,Chennai,2.60 Lakh*
162,2018,Tata,Tata Tigor 1.2 Revotron Xt,Petrol,Manual,1199,"40,000",First,Chennai,5.65 Lakh*
163,2016,Maruti,Maruti Swift Vxi,Petrol,Manual,1197,"42,000",First,Chennai,5.72 Lakh*
164,2018,Hyundai,Hyundai Grand I10 1.2 Kappa Magna Bsiv,Petrol,Manual,1197,"19,000",First,Chennai,5.75 Lakh*
165,2017,Maruti,Maruti Baleno 1.2 Cvt Delta,Petrol,Manual,1197,"15,000",First,Chennai,7.25 Lakh*
166,2015,Hyundai,Hyundai I20 Magna 1.2,Petrol,Manual,1197,"48,000",First,Chennai,5.95 Lakh*
167,2015,Honda,Honda Jazz 1.2 S I Vtec,Petrol,Manual,1199,"24,000",First,Chennai,5.95 Lakh*
168,2017,Maruti,Maruti Swift Vxi,Petrol,Manual,1197,"41,000",First,Chennai,6.05 Lakh*
169,2016,Honda,Honda Amaze Sx I Vtec,Petrol,Manual,1198,"45,000",First,Chennai,5.95 Lakh*
170,2017,Volkswagen,Volkswagen Polo 1.5 Tdi Comfortline,Diesel,Automatic,1498,"48,000",First,Chennai,6.44 Lakh*
171,2018,Volkswagen,Volkswagen Polo 1.2 Mpi Trendline,Petrol,Manual,1198,"37,000",First,Chennai,6.25 Lakh*
172,2020,Tata,Tata Tiago Xt,Petrol,Manual,1199,"12,000",First,Chennai,6.05 Lakh*
173,2017,Volkswagen,Volkswagen Polo 1.5 Tdi Trendline,Diesel,Automatic,1498,"46,000",First,Chennai,6.38 Lakh*
174,2018,Honda,Honda Jazz 1.2 S I Vtec,Petrol,Manual,1199,"26,000",First,Chennai,6.71 Lakh*
175,2015,Hyundai,Hyundai I20 Active 1.4 Sx,Diesel,Automatic,1396,"47,000",First,Chennai,7.04 Lakh*
176,2018,Hyundai,Hyundai I20 Active S Petrol,Petrol,Manual,1197,"29,000",First,Chennai,6.99 Lakh*
177,2020,Tata,Tata Tigor Xma Amt,Petrol,Manual,1199,"10,000",First,Chennai,6.90 Lakh*
178,2017,Maruti,Maruti Swift Dzire Amt Vxi,Petrol,Manual,1197,"41,000",First,Chennai,6.95 Lakh*
179,2016,Maruti,Maruti Baleno 1.3 Zeta,Diesel,Automatic,1248,"44,000",First,Chennai,7.43 Lakh*
180,2015,Honda,Honda City I Vtec S,Petrol,Manual,1497,"1,88,852",First,Chennai,4.50 Lakh*
181,2013,Maruti,Maruti Wagon R Vxi Bs Iv,Petrol,Manual,998,"65,823",First,Chennai,3.20 Lakh*
182,2012,Chevrolet,Chevrolet Beat Diesel Ls,Diesel,Automatic,936,"1,38,543",First,Chennai,1.95 Lakh*
183,2017,Maruti,Maruti Swift Dzire Amt Zxi,Petrol,Manual,1197,"31,000",First,Chennai,7.55 Lakh*
184,2017,Jaguar,Jaguar Xe 2.0l Diesel Portfolio,Diesel,Automatic,1999,"26,811",First,Chennai,31.50 Lakh*
185,2007,Hyundai,Hyundai Santro Xing Xl,Petrol,Manual,1086,"50,000",First,Chennai,1.90 Lakh*
186,2014,Hyundai,Hyundai Eon Era Plus,Petrol,Manual,814,"55,000",First,Chennai,2.90 Lakh*
187,2014,Datsun,Datsun Go T Bsiv,Petrol,Manual,1198,"38,000",First,Chennai,3.05 Lakh*
188,2016,Renault,Renault Kwid 1.0 Rxt,Petrol,Manual,999,"42,000",First,Chennai,3.45 Lakh*
189,2014,Maruti,Maruti Alto 800 Lxi Anniversary Edition,Petrol,Manual,796,"69,000",First,Chennai,2.64 Lakh*
190,2015,Maruti,Maruti Alto 800 Lxi,Petrol,Manual,796,"34,000",First,Chennai,3.45 Lakh*
191,2016,Datsun,Datsun Go T Bsiv,Petrol,Manual,1198,"14,000",First,Chennai,3.65 Lakh*
192,2016,Maruti,Maruti Alto 800 Lxi,Petrol,Manual,796,"21,000",First,Chennai,3.60 Lakh*
193,2015,Datsun,Datsun Go T Bsiv,Petrol,Manual,1198,"38,000",First,Chennai,3.65 Lakh*
194,2018,Datsun,Datsun Redigo 1.0 T Option,Petrol,Manual,999,"41,000",First,Chennai,3.65 Lakh*
195,2013,Honda,Honda Brio Ex Mt,Petrol,Manual,1198,"48,000",First,Chennai,3.95 Lakh*
196,2018,Maruti,Maruti Eeco 5 Seater Ac Bsiv,Petrol,Manual,1196,"34,000",First,Chennai,4.70 Lakh*
197,2015,Maruti,Maruti Wagon R Vxi Bs Iv,Petrol,Manual,998,"35,000",First,Chennai,4.45 Lakh*
198,2020,Datsun,Datsun Redigo A,Petrol,Manual,799,"8,000",First,Chennai,4.15 Lakh*
199,2019,Maruti,Maruti Baleno 1.2 Cvt Alpha,Petrol,Manual,1197,"41,524",Second,Chennai,7.50 Lakh*
200,2019,Maruti,Maruti Celerio Zxi Amt Optional,Petrol,Manual,998,"33,582",First,Chennai,5.60 Lakh*
201,2016,Maruti,Maruti Wagon R Amt Vxi Option,Petrol,Manual,998,"58,000",First,Chennai,4.50 Lakh*
202,2014,Mahindra,Mahindra Ssangyong Rexton Rx5,Diesel,Automatic,2696,"57,000",First,Chennai,7.60 Lakh*
203,2015,Hyundai,Hyundai Grand I10 Magna,Petrol,Manual,1197,"42,000",First,Chennai,4.80 Lakh*
204,2012,Hyundai,Hyundai I20 1.2 Sportz,Petrol,Manual,1197,"40,000",First,Chennai,4.70 Lakh*
205,2016,Renault,Renault Duster 110ps Diesel Rxz Amt,Diesel,Automatic,1461,"72,000",First,Chennai,8.90 Lakh*
206,2019,Maruti,Maruti Eeco 5 Seater Ac Bsiv,Petrol,Manual,1196,"21,000",First,Chennai,4.80 Lakh*
207,2016,Mahindra,Mahindra Kuv 100 Mfalcon G80 K8,Petrol,Manual,1198,"37,000",First,Chennai,4.85 Lakh*
208,2018,Maruti,Maruti Celerio Zxi Optional Mt Bsiv,Petrol,Manual,998,"35,000",First,Chennai,4.95 Lakh*
209,2016,Hyundai,Hyundai I10 Magna 1.2 Itech Se,Petrol,Manual,1197,"56,000",Second,Chennai,3.75 Lakh*
210,2018,Nissan,Nissan Micra Active Xv,Petrol,Manual,1198,"45,000",First,Chennai,4.90 Lakh*
211,2013,Maruti,Maruti Swift Dzire Vxi,Petrol,Manual,1197,"37,000",First,Chennai,5.15 Lakh*
212,2018,Maruti,Maruti Wagon R Vxi Bs Iv,Petrol,Manual,998,"43,000",First,Chennai,4.95 Lakh*
213,2018,Maruti,Maruti Wagon R Vxi Bs Iv,Petrol,Manual,998,"27,000",First,Chennai,5.20 Lakh*
214,2019,Maruti,Maruti Baleno 1.2 Alpha,Petrol,Manual,1197,"18,000",First,Chennai,7.90 Lakh*
215,2018,Tata,Tata Hexa Xta,Diesel,Automatic,2179,"1,10,000",First,Chennai,11.50 Lakh*
216,2015,Hyundai,Hyundai Grand I10 Asta Option,Petrol,Manual,1197,"31,000",First,Chennai,5.25 Lakh*
217,2018,Maruti,Maruti Wagon R Amt Vxi,Petrol,Manual,998,"32,000",First,Chennai,5.35 Lakh*
218,2017,Hyundai,Hyundai Grand I10 Magna,Petrol,Manual,1197,"34,000",First,Chennai,5.45 Lakh*
219,2018,Bmw,Bmw X5 Xdrive 30d,Diesel,Automatic,2993,"89,000",First,Chennai,54 Lakh*
220,2019,Audi,Audi Q3 35 Tdi Quattro Technology,Diesel,Automatic,1968,"49,000",First,Chennai,34 Lakh*
221,2021,Mg,Mg Hector Sharp Diesel Mt,Diesel,Automatic,1956,"25,000",First,Chennai,19.75 Lakh*
222,2016,Hyundai,Hyundai Grand I10 Sportz,Petrol,Manual,1197,"84,302",Second,Chennai,3.95 Lakh*
223,2017,Jeep,Jeep Compass 2.0 Limited 4x4,Diesel,Automatic,1956,"36,000",First,Chennai,16.50 Lakh*
224,2017,Jeep,Jeep Compass 2.0 Limited 4x4,Diesel,Automatic,1956,"24,000",First,Chennai,16.50 Lakh*
225,2014,Mahindra,Mahindra Xuv500 W8 4wd,Diesel,Automatic,2179,"1,00,000",First,Chennai,8.50 Lakh*
226,2015,Hyundai,Hyundai Creta 1.6 Crdi Sx,Diesel,Automatic,1582,"1,00,000",First,Chennai,8 Lakh*
227,2014,Hyundai,Hyundai Verna 1.6 Sx,Diesel,Automatic,1582,"75,000",Second,Chennai,5 Lakh*
228,2014,Audi,Audi Q3 2.0 Tdi,Diesel,Automatic,1968,"70,000",Second,Chennai,14.95 Lakh*
229,2014,Volkswagen,Volkswagen Polo 1.5 Tdi Comfortline,Diesel,Automatic,1498,"75,000",Second,Chennai,4.10 Lakh*
230,2016,Volkswagen,Volkswagen Polo 1.5 Tdi Comfortline,Diesel,Automatic,1498,"80,000",First,Chennai,5.50 Lakh*
231,2014,Volkswagen,Volkswagen Polo 1.5 Tdi Comfortline,Diesel,Automatic,1498,"80,000",First,Chennai,4.25 Lakh*
232,2016,Maruti,Maruti Swift Dzire Vxi,Petrol,Manual,1197,"60,000",Second,Chennai,4.85 Lakh*
233,2013,Renault,Renault Duster 85ps Diesel Rxl,Diesel,Automatic,1461,"90,000",Second,Chennai,6 Lakh*
234,2019,Hyundai,Hyundai I20 Sportz Plus,Petrol,Manual,1197,"55,000",First,Chennai,7 Lakh*
235,2013,Hyundai,Hyundai I10 Sportz At,Petrol,Manual,1197,"90,000",First,Chennai,3.75 Lakh*
236,2009,Maruti,Maruti Swift Vxi Bsiii,Petrol,Manual,1298,"70,000",First,Chennai,2.85 Lakh*
237,2015,Volkswagen,Volkswagen Polo 1.5 Tdi Highline,Diesel,Automatic,1498,"70,000",First,Chennai,5.50 Lakh*
238,2010,Hyundai,Hyundai I20 Sportz Petrol,Petrol,Manual,1197,"80,000",Third,Chennai,2.60 Lakh*
239,2019,Kia,Kia Seltos Gtx Dct,Petrol,Manual,1353,"57,000",First,Chennai,15.25 Lakh*
240,2012,Honda,Honda City V Mt,Petrol,Manual,1497,"94,000",Third,Chennai,4.45 Lakh*
241,2020,Kia,Kia Seltos Htx G,Petrol,Manual,1497,"14,400",First,Chennai,14.50 Lakh*
242,2015,Nissan,Nissan Micra At,Petrol,Manual,1198,"73,000",Second,Chennai,3.75 Lakh*
243,2020,Kia,Kia Seltos Gtx Plus,Petrol,Manual,1353,"11,000",First,Chennai,17.50 Lakh*
244,2014,Honda,Honda City V Mt,Petrol,Manual,1497,"90,000",First,Chennai,5 Lakh*
245,2013,Honda,Honda Amaze S Diesel,Diesel,Automatic,1498,"76,557",First,Chennai,4.20 Lakh*
246,2012,Volvo,Volvo S 80 D5,Diesel,Automatic,2400,"1,23,000",Second,Chennai,10.50 Lakh*
247,2020,Kia,Kia Seltos Htx Ivt G,Petrol,Manual,1497,"19,000",First,Chennai,16.25 Lakh*
248,2022,Mahindra,Mahindra Thar Lx 4-str Hard Top,Petrol,Manual,1997,"2,000",First,Chennai,17.92 Lakh*
249,2011,Skoda,Skoda Yeti Ambition 4wd,Diesel,Automatic,1968,"84,000",Second,Chennai,4.50 Lakh*
250,2021,Mahindra,Mahindra Marazzo M6 Plus 8str,Diesel,Automatic,1497,"36,000",First,Chennai,14.90 Lakh*
251,2020,Mahindra,Mahindra Xuv500 W9 2wd,Diesel,Automatic,2179,"63,000",First,Chennai,16.75 Lakh*
252,2010,Audi,Audi A6 2.7 Tdi,Diesel,Automatic,2698,"1,00,000",Second,Chennai,12 Lakh*
253,2012,Skoda,Skoda Rapid 1.6 Tdi Ambition Plus Alloy,Diesel,Automatic,1598,"68,000",Second,Chennai,3.85 Lakh*
254,2019,Hyundai,Hyundai Xcent 1.2 Crdi Sx,Diesel,Automatic,1186,"37,000",First,Chennai,6 Lakh*
255,2013,Volkswagen,Volkswagen Polo 1.5 Tdi Highline,Diesel,Automatic,1498,"1,00,000",First,Chennai,4.25 Lakh*
256,2019,Hyundai,Hyundai Santro Sportz,Petrol,Manual,1086,"22,224",First,Chennai,5.70 Lakh*
257,2019,Honda,Honda Amaze Vx Cvt Petrol,Petrol,Manual,1199,"30,733",First,Chennai,8.50 Lakh*
258,2013,Hyundai,Hyundai Eon D Lite Plus,Petrol,Manual,814,"49,000",First,Chennai,2.50 Lakh*
259,2015,Renault,Renault Lodgy 110ps Rxz 8 Seater,Diesel,Automatic,1461,"98,569",First,Chennai,5.30 Lakh*
260,2011,Bmw,Bmw 3 Series 320d,Diesel,Automatic,1995,"1,00,000",Second,Chennai,8.10 Lakh*
261,2012,Maruti,Maruti Swift Dzire Vxi At,Petrol,Manual,1197,"46,000",First,Chennai,4.49 Lakh*
262,2019,Maruti,Maruti Celerio Zxi Optional Amt Bsiv,Petrol,Manual,998,"33,000",First,Chennai,5.60 Lakh*
263,2012,Maruti,Maruti Swift Dzire Vxi At,Petrol,Manual,1197,"46,212",First,Chennai,4.50 Lakh*
264,2013,Hyundai,Hyundai I20 Sportz 1.2,Petrol,Manual,1197,"44,000",First,Chennai,4.50 Lakh*
265,2018,Ford,Ford Ecosport 1.5 Petrol Titanium At,Petrol,Manual,1496,"39,000",First,Chennai,8.90 Lakh*
266,2014,Hyundai,Hyundai Grand I10 Asta,Petrol,Manual,1197,"50,000",First,Chennai,4 Lakh*
267,2017,Honda,Honda City 1.5 V At,Petrol,Manual,1497,"42,854",First,Chennai,8.65 Lakh*
268,2020,Honda,Honda City Vtec,Petrol,Manual,1493,"13,851",First,Chennai,11.40 Lakh*
269,2021,Renault,Renault Triber Rxl Easy-r Amt,Petrol,Manual,999,"8,609",First,Chennai,6.90 Lakh*
270,2007,Maruti,Maruti 800 Ac Bsiii,Petrol,Manual,796,"55,000",Third,Chennai,"85,000*"
271,2019,Hyundai,Hyundai Grand I10 Nios Amt Sportz,Petrol,Manual,1197,"27,907",First,Chennai,6.20 Lakh*
272,2019,Honda,Honda Amaze Vx Cvt Petrol Bsiv,Petrol,Manual,1199,"34,392",First,Chennai,8.50 Lakh*
273,2004,Tata,Tata Indigo Ls,Diesel,Automatic,1405,"60,000",Second,Chennai,"70,000*"
274,2007,Chevrolet,Chevrolet Spark 1.0 Ls,Petrol,Manual,995,"1,10,000",Second,Chennai,"71,500*"
275,2021,Jeep,Jeep Compass Model S Diesel,Diesel,Automatic,1956,"20,000",First,Chennai,24.90 Lakh*
276,2018,Toyota,Toyota Innova Crysta 2.4 Vx Mt 8s Bsiv,Diesel,Automatic,2393,"25,000",First,Chennai,23 Lakh*
277,2017,Maruti,Maruti Celerio Vxi Optional Mt Bsiv,Petrol,Manual,998,"4,000",First,Chennai,4.50 Lakh*
278,2014,Hyundai,Hyundai Santro Xing Gls,Petrol,Manual,1086,"64,000",Second,Chennai,2.65 Lakh*
279,2019,Volkswagen,Volkswagen Polo 1.5 Tdi Comfortline,Diesel,Automatic,1498,"53,000",First,Chennai,8.15 Lakh*
280,2020,Maruti,Maruti Swift Dzire Amt Zxi Plus,Petrol,Manual,1197,"11,000",First,Chennai,8.90 Lakh*
281,2017,Ford,Ford Ecosport 1.5 Diesel Titanium,Diesel,Automatic,1498,"73,473",First,Chennai,7.20 Lakh*
282,2020,Maruti,Maruti Xl6 Alpha,Petrol,Manual,1462,"16,000",First,Chennai,11.50 Lakh*
283,2018,Maruti,Maruti Ciaz 1.4 At Alpha,Petrol,Manual,1373,"39,000",First,Chennai,9.50 Lakh*
284,2020,Jeep,Jeep Compass 2.0 Limited Plus Bsiv,Diesel,Automatic,1956,"12,000",First,Chennai,19.25 Lakh*
285,2017,Maruti,Maruti Ciaz 1.4 Alpha,Petrol,Manual,1373,"58,000",First,Chennai,7.50 Lakh*
286,2020,Maruti,Maruti Vitara Brezza Vxi,Petrol,Manual,1462,"19,300",First,Chennai,8.90 Lakh*
287,2013,Hyundai,Hyundai Verna Sx Crdi At,Diesel,Automatic,1582,"83,000",First,Chennai,5.75 Lakh*
288,2013,Ford,Ford Ecosport 1.5 Dv5 Mt Titanium,Diesel,Automatic,1498,"99,000",Second,Chennai,4.25 Lakh*
289,2005,Maruti,Maruti Zen Lxi - Bs Iii,Petrol,Manual,993,"30,000",Second,Chennai,1.45 Lakh*
290,2018,Tata,Tata Nexon 1.5 Revotorq Xm,Diesel,Automatic,1497,"48,632",First,Chennai,7.64 Lakh*
291,2018,Tata,Tata Nexon 1.5 Revotorq Xm,Diesel,Automatic,1497,"47,952",First,Chennai,7.65 Lakh*
292,2016,Renault,Renault Duster 110ps Diesel Rxz,Diesel,Automatic,1461,"93,487",First,Chennai,7.20 Lakh*
293,2017,Hyundai,Hyundai Eon Era,Petrol,Manual,814,"11,634",Second,Chennai,3.30 Lakh*
294,2019,Maruti,Maruti Celerio Zxi,Petrol,Manual,998,"44,000",First,Chennai,5.50 Lakh*
295,2011,Hyundai,Hyundai Eon Era,Petrol,Manual,814,"93,037",First,Chennai,2.30 Lakh*
296,2016,Maruti,Maruti Alto 800 Lxi,Petrol,Manual,796,"23,136",First,Chennai,3.20 Lakh*
297,2018,Tata,Tata Tiago 1.2 Revotron Xz,Petrol,Manual,1199,"9,866",First,Chennai,5.25 Lakh*
298,2019,Maruti,Maruti Swift Dzire Vdi,Diesel,Automatic,1248,"70,000",Second,Chennai,7.10 Lakh*
299,2010,Ford,Ford Figo Diesel Titanium,Diesel,Automatic,1399,"77,073",First,Chennai,2 Lakh*
300,2020,Hyundai,Hyundai Creta Sx Opt Ivt,Petrol,Manual,1497,"14,000",First,Chennai,17.75 Lakh*
301,2013,Bmw,Bmw X1 Sdrive20d,Diesel,Automatic,1995,"50,000",First,Chennai,15.50 Lakh*
302,2010,Hyundai,Hyundai I10 Magna At,Petrol,Manual,1197,"74,577",First,Chennai,2.95 Lakh*
303,2011,Maruti,Maruti Wagon R Vxi Bs Iv,Petrol,Manual,998,"89,087",First,Chennai,2.80 Lakh*
304,2018,Bmw,Bmw 5 Series 520d Luxury Line,Diesel,Automatic,1995,"8,000",First,Chennai,53 Lakh*
305,2016,Hyundai,Hyundai Creta 1.6 Sx,Petrol,Manual,1591,"16,000",Second,Chennai,8.75 Lakh*
306,2021,Audi,Audi A6 45 Tfsi Technology,Petrol,Manual,1984,"3,036",First,Chennai,70 Lakh*
307,2006,Maruti,Maruti Swift 1.3 Vxi,Petrol,Manual,1298,"60,000",Fourth,Chennai,1.90 Lakh*
308,2018,Tata,Tata Tiago 1.2 Revotron Xm Option,Petrol,Manual,1199,"5,000",First,Chennai,5.45 Lakh*
309,2018,Renault,Renault Duster 110ps Diesel Rxl,Diesel,Automatic,1461,"65,000",First,Chennai,8 Lakh*
310,2018,Hyundai,Hyundai I20 1.2 Asta Option,Petrol,Manual,1197,"35,000",First,Chennai,7.40 Lakh*
311,2008,Maruti,Maruti Swift Vxi Bsiv,Petrol,Manual,1197,"1,35,000",Second,Chennai,2.10 Lakh*
312,2019,Tata,Tata Tiago 1.2 Revotron Xt,Petrol,Manual,1199,"31,000",First,Chennai,5.40 Lakh*
313,2011,Ford,Ford Figo Diesel Titanium,Diesel,Automatic,1399,"1,80,000",Fourth,Chennai,1.95 Lakh*
314,2015,Honda,Honda Jazz 1.5 S I Dtec,Diesel,Automatic,1498,"1,33,033",First,Chennai,4.70 Lakh*
315,2018,Maruti,Maruti Wagon R Amt Vxi,Petrol,Manual,998,"41,000",First,Chennai,5.25 Lakh*
316,2020,Mahindra,Mahindra Marazzo M6 Plus,Diesel,Automatic,1497,"7,000",First,Chennai,14.25 Lakh*
317,2010,Honda,Honda City 1.5 S Mt,Petrol,Manual,1497,"1,05,248",Second,Chennai,3.55 Lakh*
318,2018,Bmw,Bmw 6 Series Gt 630d Luxury Line,Diesel,Automatic,2993,"60,000",First,Chennai,59 Lakh*
319,2013,Honda,Honda Brio V Mt,Petrol,Manual,1198,"81,680",First,Chennai,3.35 Lakh*
320,2013,Maruti,Maruti Ritz Vdi (abs) Bs Iv,Diesel,Automatic,1248,"1,28,871",Second,Chennai,3.15 Lakh*
321,2018,Volkswagen,Volkswagen Passat 2.0 Tdi At Highline,Diesel,Automatic,1968,"32,000",Second,Chennai,26.50 Lakh*
322,2012,Maruti,Maruti Wagon R Vxi,Petrol,Manual,998,"60,050",First,Chennai,3.15 Lakh*
323,2014,Honda,Honda City Vx Mt,Petrol,Manual,1497,"1,08,000",First,Chennai,5.10 Lakh*
324,2012,Hyundai,Hyundai I10 Asta Sunroof At,Petrol,Manual,1197,"74,539",First,Chennai,3.70 Lakh*
325,2012,Renault,Renault Pulse Rxl,Diesel,Automatic,1461,"1,20,582",First,Chennai,2.40 Lakh*
326,2011,Maruti,Maruti Ritz Vdi,Diesel,Automatic,1248,"79,850",Second,Chennai,3.10 Lakh*
327,2017,Maruti,Maruti Celerio Vxi,Petrol,Manual,998,"1,04,856",First,Chennai,3.85 Lakh*
328,2017,Hyundai,Hyundai I20 1.2 Asta,Petrol,Manual,1197,"70,000",First,Chennai,6.90 Lakh*
329,2019,Hyundai,Hyundai Santro Sportz,Petrol,Manual,1086,"30,670",First,Chennai,4.90 Lakh*
330,2016,Renault,Renault Kwid Rxt,Petrol,Manual,799,"20,656",First,Chennai,3.40 Lakh*
331,2017,Honda,Honda Jazz 1.2 Vx I Vtec,Petrol,Manual,1199,"51,567",First,Chennai,6.20 Lakh*
332,2017,Volkswagen,Volkswagen Ameo 1.5 Tdi Highline,Diesel,Automatic,1498,"78,043",First,Chennai,6 Lakh*
333,2016,Honda,Honda Jazz 1.2 S I Vtec,Petrol,Manual,1199,"76,111",Second,Chennai,5.40 Lakh*
334,2012,Maruti,Maruti Wagon R Vxi Bs Iv,Petrol,Manual,998,"60,136",First,Chennai,3.15 Lakh*
335,2017,Mercedes-benz,Mercedes-benz Gls 350d 4matic,Diesel,Automatic,2987,"90,000",First,Chennai,57 Lakh*
336,2018,Honda,Honda Wr-v I-vtec S,Petrol,Manual,1199,"52,809",First,Chennai,7.70 Lakh*
337,2014,Audi,Audi Q7 3.0 Tdi Quattro,Diesel,Automatic,2967,"22,000",First,Chennai,35 Lakh*
338,2018,Hyundai,Hyundai Grand I10 1.2 Kappa Sportz Bsiv,Petrol,Manual,1197,"19,000",First,Chennai,5.75 Lakh*
339,2019,Hyundai,Hyundai Grand I10 1.2 Kappa Sportz Bsiv,Petrol,Manual,1197,"27,000",First,Chennai,5.90 Lakh*
340,2010,Hyundai,Hyundai I10 Sportz 1.2,Petrol,Manual,1197,"1,50,583",First,Chennai,2.60 Lakh*
341,2019,Mg,Mg Hector Smart At Bsiv,Petrol,Manual,1451,"27,000",First,Chennai,17 Lakh*
342,2010,Hyundai,Hyundai I10 Magna At,Petrol,Manual,1197,"74,577",First,Chennai,2.95 Lakh*
343,2016,Maruti,Maruti Ciaz Zdi Plus,Diesel,Automatic,1248,"1,43,000",Second,Chennai,5.75 Lakh*
344,2011,Hyundai,Hyundai I20 1.4 Crdi Magna,Diesel,Automatic,1396,"74,368",First,Chennai,3.60 Lakh*
345,2018,Renault,Renault Kwid 1.0 Rxt Optional,Petrol,Manual,999,"54,056",First,Chennai,3.60 Lakh*
346,2010,Hyundai,Hyundai I10 Magna,Petrol,Manual,1197,"74,000",First,Chennai,2.95 Lakh*
347,2017,Renault,Renault Duster Adventure Edition Rxz Awd,Diesel,Automatic,1461,"93,487",First,Chennai,7.20 Lakh*
348,2013,Honda,Honda Amaze S I-dtech,Diesel,Automatic,1498,"74,556",First,Chennai,4.20 Lakh*
349,2015,Honda,Honda Amaze Vx Diesel,Diesel,Automatic,1498,"49,707",Second,Chennai,5.30 Lakh*
350,2011,Hyundai,Hyundai I10 Sportz 1.2,Petrol,Manual,1197,"91,779",First,Chennai,2.60 Lakh*
351,2005,Mahindra,Mahindra Scorpio Slx,Diesel,Automatic,2609,"1,08,000",Second,Chennai,2.75 Lakh*
352,2013,Maruti,Maruti Ritz Zdi,Diesel,Automatic,1248,"1,29,018",Second,Chennai,3.15 Lakh*
353,2013,Hyundai,Hyundai I20 Sportz 1.2,Petrol,Manual,1197,"65,476",First,Chennai,4 Lakh*
354,2017,Toyota,Toyota Innova Crysta 2.8 Zx At Bsiv,Diesel,Automatic,2755,"72,000",First,Chennai,21 Lakh*
355,2013,Hyundai,Hyundai I20 Sportz 1.2,Petrol,Manual,1197,"44,582",First,Chennai,4.50 Lakh*
356,2012,Honda,Honda City 1.5 S Mt,Petrol,Manual,1497,"1,36,108",First,Chennai,3.85 Lakh*
357,2017,Honda,Honda City Sv Mt,Petrol,Manual,1497,"54,098",First,Chennai,7.95 Lakh*
358,2017,Maruti,Maruti Alto K10 Vxi Amt,Petrol,Manual,998,"38,965",Second,Chennai,3.60 Lakh*
359,2011,Honda,Honda City 1.5 S Mt,Petrol,Manual,1497,"75,900",Second,Chennai,3.99 Lakh*
360,2014,Hyundai,Hyundai I10 Sportz,Petrol,Manual,1197,"25,500",Second,Chennai,3.80 Lakh*
361,2019,Hyundai,Hyundai Santro Sportz Bsiv,Petrol,Manual,1086,"30,670",First,Chennai,4.90 Lakh*
362,2018,Hyundai,Hyundai Creta 1.6 Sx,Petrol,Manual,1591,"36,000",First,Chennai,13.50 Lakh*
363,2020,Maruti,Maruti Ciaz 1.4 Alpha,Petrol,Manual,1373,"32,000",First,Chennai,9.75 Lakh*
364,2017,Maruti,Maruti Wagon R Vxi,Petrol,Manual,998,"41,700",First,Chennai,4.45 Lakh*
365,2007,Maruti,Maruti Wagon R Lxi Minor Duo Lpg,,,1061,"80,000",Fourth,Chennai,1.50 Lakh*
366,2014,Volkswagen,Volkswagen Polo 1.2 Mpi Comfortline,Petrol,Manual,1198,"51,500",First,Chennai,4.70 Lakh*
367,2021,Volkswagen,Volkswagen Polo 1.2 Mpi Highline,Petrol,Manual,1199,"10,551",First,Chennai,9.50 Lakh*
368,2017,Chevrolet,Chevrolet Beat Lt,Petrol,Manual,1199,"18,000",First,Chennai,3.75 Lakh*
369,2013,Honda,Honda Amaze Vx Diesel,Diesel,Automatic,1498,"1,58,945",First,Chennai,3.35 Lakh*
370,2016,Honda,Honda City I Vtec Cvt Vx,Petrol,Manual,1497,"88,142",First,Chennai,6.45 Lakh*
371,2018,Datsun,Datsun Redigo A,Petrol,Manual,799,"27,005",First,Chennai,3.40 Lakh*
372,2018,Audi,Audi A4 35 Tdi Technology,Diesel,Automatic,1968,"25,000",First,Chennai,35 Lakh*
373,2012,Hyundai,Hyundai Eon Era Plus,Petrol,Manual,814,"24,000",First,Chennai,2.50 Lakh*
374,2011,Maruti,Maruti Wagon R Vx,Petrol,Manual,,"1,04,000",First,Chennai,2.90 Lakh*
375,2020,Tata,Tata Altroz Xz Turbo,Petrol,Manual,1199,"27,000",First,Chennai,7.90 Lakh*
376,2010,Maruti,Maruti Ritz Vxi (abs) Bs Iv,Petrol,Manual,1197,"34,000",First,Chennai,2.35 Lakh*
377,2018,Maruti,Maruti Swift Amt Zxi Bsiv,Petrol,Manual,1197,"47,000",First,Chennai,6.90 Lakh*
378,2018,Skoda,Skoda Rapid 1.0 Tsi Style At,Petrol,Manual,999,"23,000",First,Chennai,10.25 Lakh*
379,2022,Maruti,Maruti Brezza Vxi,Petrol,Manual,1462,"4,500",First,Chennai,9.95 Lakh*
380,2012,Volkswagen,Volkswagen Jetta 1.4 Tsi Comfortline,Petrol,Manual,1390,"32,000",First,Chennai,7.75 Lakh*
381,2014,Maruti,Maruti Swift Rs Vdi,Diesel,Automatic,1248,"70,000",First,Chennai,5 Lakh*
382,2018,Skoda,Skoda Rapid 1.5 Tdi Ambition Bsiv,Diesel,Automatic,1498,"60,000",First,Chennai,8.50 Lakh*
383,2018,Skoda,Skoda Rapid Monte Carlo 1.5 Tdi Mt Bsiv,Diesel,Automatic,1498,"32,000",First,Chennai,11.50 Lakh*
384,2019,Volkswagen,Volkswagen Vento 1.0 Tsi Highline,Petrol,Manual,999,"21,000",First,Chennai,9.10 Lakh*
385,2017,Skoda,Skoda Rapid 1.5 Tdi Ambition Bsiv,Diesel,Automatic,1498,"52,000",First,Chennai,8.50 Lakh*
386,2018,Renault,Renault Kwid 1.0 Rxt,Petrol,Manual,999,"14,000",First,Chennai,4.10 Lakh*
387,2020,Hyundai,Hyundai I20 Sportz Plus Cvt,Petrol,Manual,1197,"15,000",First,Chennai,8.90 Lakh*
388,2017,Hyundai,Hyundai Grand I10 Magna,Petrol,Manual,1197,"18,000",First,Chennai,5.20 Lakh*
389,2019,Hyundai,Hyundai Creta 1.6 Vtvt Sx Plus,Petrol,Manual,1591,"14,000",First,Chennai,14.07 Lakh*
390,2019,Renault,Renault Kwid 1.0 Rxl,Petrol,Manual,999,"14,823",First,Chennai,4.30 Lakh*
391,2014,Volkswagen,Volkswagen Polo Petrol Highline 1.2l,Petrol,Manual,1198,"64,385",First,Chennai,5.20 Lakh*
392,2017,Honda,Honda City V Cvt,Petrol,Manual,1497,"60,000",First,Chennai,8.90 Lakh*
393,2018,Maruti,Maruti Ciaz Sigma,Petrol,Manual,1462,"18,000",First,Chennai,7.90 Lakh*
394,2012,Maruti,Maruti Zen Estilo Vxi Bsiv,Petrol,Manual,998,"66,535",First,Chennai,2.60 Lakh*
395,2019,Honda,Honda Amaze S Cvt Petrol,Petrol,Manual,1199,"13,000",First,Chennai,8.20 Lakh*
396,2016,Hyundai,Hyundai Eon D Lite Plus,Petrol,Manual,814,"60,135",First,Chennai,3.10 Lakh*
397,2013,Hyundai,Hyundai I20 1.4 Crdi Asta,Diesel,Automatic,1396,"1,02,000",Second,Chennai,3.45 Lakh*
398,2020,Honda,Honda Amaze Vx Petrol,Petrol,Manual,1199,"4,510",First,Chennai,7.95 Lakh*
399,2016,Renault,Renault Kwid Rxt,Petrol,Manual,799,"21,417",First,Chennai,3.40 Lakh*
400,2014,Hyundai,Hyundai I10 Magna,Petrol,Manual,1197,"34,000",Second,Chennai,3 Lakh*
401,2005,Mitsubishi,Mitsubishi Pajero 2.8 L,Diesel,Automatic,2835,"1,80,000",Third,Chennai,3.65 Lakh*
402,2017,Mercedes-benz,Mercedes-benz Gls 400 4matic,Petrol,Manual,2996,"1,00,000",First,Chennai,59 Lakh*
403,2010,Hyundai,Hyundai I20 Asta 1.2,Petrol,Manual,1197,"14,620",Second,Chennai,3.70 Lakh*
404,2006,Hyundai,Hyundai Santro Xing Xg Erlx Euro Iii,Petrol,Manual,1086,"70,000",Third,Chennai,1.25 Lakh*
405,2014,Honda,Honda Amaze S Diesel,Diesel,Automatic,1498,"1,05,571",First,Chennai,3.20 Lakh*
406,2015,Honda,Honda City Vx Mt,Petrol,Manual,1497,"82,744",First,Chennai,7 Lakh*
407,2021,Honda,Honda Amaze Vx Petrol,Petrol,Manual,1199,"2,831",First,Chennai,8.15 Lakh*
408,2015,Maruti,Maruti Ertiga Bsiv Zxi,Petrol,Manual,1373,"47,168",First,Chennai,6.80 Lakh*
409,2018,Tata,Tata Tiago 1.2 Revotron Xz,Petrol,Manual,1199,"31,875",First,Chennai,4.89 Lakh*
410,2016,Tata,Tata Zest Quadrajet 1.3 Xms,Diesel,Automatic,1248,"1,41,274",First,Chennai,3.80 Lakh*
411,2016,Hyundai,Hyundai I20 1.2 Spotz,Petrol,Manual,1197,"60,829",First,Chennai,5.92 Lakh*
412,2009,Hyundai,Hyundai I10 Sportz At,Petrol,Manual,1197,"72,000",Third,Chennai,2.40 Lakh*
413,2019,Honda,Honda Amaze Vx Cvt Petrol,Petrol,Manual,1199,"52,000",First,Chennai,7.25 Lakh*
414,2010,Maruti,Maruti Ritz Lxi,Petrol,Manual,1197,"82,563",First,Chennai,2.45 Lakh*
415,2009,Maruti,Maruti Swift Dzire Lxi 1.2,Petrol,Manual,1197,"53,320",First,Chennai,1.60 Lakh*
416,2021,Renault,Renault Kwid 1.0 Rxt Amt Opt,Petrol,Manual,999,"11,500",First,Chennai,5.15 Lakh*
417,2021,Kia,Kia Sonet 1.5 Hte Diesel,Diesel,Automatic,1493,"23,600",First,Chennai,8.99 Lakh*
418,2018,Hyundai,Hyundai Grand I10 1.2 Kappa Sportz Bsiv,Petrol,Manual,1197,"33,500",First,Chennai,5.60 Lakh*
419,2014,Hyundai,Hyundai Eon Magna Optional,Petrol,Manual,814,"34,000",First,Chennai,2.99 Lakh*
420,2017,Maruti,Maruti Sx4 S Cross Sigma Ddis 200 Sh,Diesel,Automatic,1248,"48,000",First,Chennai,6.90 Lakh*
421,2018,Maruti,Maruti Swift Dzire Vdi,Diesel,Automatic,1248,"54,800",First,Chennai,6.95 Lakh*
422,2010,Maruti,Maruti Zen Estilo Vxi Bsiv,Petrol,Manual,998,"69,000",Second,Chennai,1.99 Lakh*
423,2016,Maruti,Maruti Swift Vxi,Petrol,Manual,1197,"45,000",First,Chennai,4.99 Lakh*
424,2021,Maruti,Maruti Xl6 Zeta At,Petrol,Manual,1462,"31,000",First,Chennai,13.05 Lakh*
425,2020,Hyundai,Hyundai Venue S Turbo,Petrol,Manual,998,"27,000",First,Chennai,9.75 Lakh*
426,2012,Volkswagen,Volkswagen Polo Diesel Trendline 1.2l,Diesel,Automatic,1199,"1,17,228",First,Chennai,2.70 Lakh*
427,2019,Mercedes-benz,Mercedes-benz C-class Progressive C 220d,Diesel,Automatic,1950,"39,000",First,Chennai,38.50 Lakh*
428,2016,Maruti,Maruti Ciaz At Zxi,Petrol,Manual,1373,"44,800",First,Chennai,6.70 Lakh*
429,2017,Hyundai,Hyundai Verna 1.6 Vtvt S,Petrol,Manual,1591,"19,000",First,Chennai,7.75 Lakh*
430,2018,Hyundai,Hyundai Creta 1.6 Crdi Sx,Diesel,Automatic,1582,"60,000",First,Chennai,14 Lakh*
431,2012,Ford,Ford Endeavour 3.0l 4x4 At,Diesel,Automatic,2953,"1,10,000",Second,Chennai,7.75 Lakh*
432,2019,Hyundai,Hyundai Creta 1.6 Sx,Petrol,Manual,1591,"19,000",First,Chennai,14.50 Lakh*
433,2011,Volkswagen,Volkswagen Jetta 1.9 Highline Tdi,Diesel,Automatic,1896,"70,000",Second,Chennai,6.25 Lakh*
434,2010,Skoda,Skoda Superb Elegance 1.8 Tsi,Petrol,Manual,1798,"1,10,000",First,Chennai,7.50 Lakh*
435,2014,Skoda,Skoda Octavia 2.0 Tdi Mt Ambition,Diesel,Automatic,1968,"85,000",First,Chennai,12.50 Lakh*
436,2007,Toyota,Toyota Camry A/t,Petrol,Manual,2362,"64,000",First,Chennai,7.25 Lakh*
437,2012,Toyota,Toyota Corolla Altis 1.8 Js,Petrol,Manual,1798,"50,000",First,Chennai,8 Lakh*
438,2015,Mitsubishi,Mitsubishi Pajero Sport 4x2 At,Diesel,Automatic,2477,"60,000",First,Chennai,13 Lakh*
439,2018,Jeep,Jeep Compass 2.0 Limited,Diesel,Automatic,1956,"50,000",First,Chennai,16.50 Lakh*
440,2019,Kia,Kia Seltos Gtx Plus,Petrol,Manual,1353,"50,000",First,Chennai,15.50 Lakh*
441,2021,Mg,Mg Gloster Savvy 6-str,Diesel,Automatic,1996,"5,000",First,Chennai,42.50 Lakh*
442,2008,Mercedes-benz,Mercedes-benz C-class 200 K At,Petrol,Manual,1796,"90,000",Second,Chennai,8.50 Lakh*
443,2011,Mercedes-benz,Mercedes-benz C-class 200 K At,Petrol,Manual,1796,"90,000",First,Chennai,9 Lakh*
444,2009,Mercedes-benz,Mercedes-benz S-class 320 Cdi,Diesel,Automatic,2987,"50,000",First,Chennai,17.50 Lakh*
445,2018,Mercedes-benz,Mercedes-benz Gle 350d,Diesel,Automatic,2987,"45,000",Second,Chennai,64 Lakh*
446,2012,Mercedes-benz,Mercedes-benz M-class Ml 350 Cdi,Diesel,Automatic,2987,"90,000",First,Chennai,26 Lakh*
447,2017,Mercedes-benz,Mercedes-benz Gla Class 200 Cdi,Diesel,Automatic,2143,"27,000",First,Chennai,28 Lakh*
448,2019,Mercedes-benz,Mercedes-benz Gls 350d 4matic,Diesel,Automatic,2987,"22,000",First,Chennai,90 Lakh*
449,2015,Volvo,Volvo S60 D4 Summum,Diesel,Automatic,1984,"34,000",First,Chennai,24 Lakh*
450,2015,Volvo,Volvo Xc60 D5 Inscription,Diesel,Automatic,2400,"1,20,000",First,Chennai,25 Lakh*
451,2017,Volvo,Volvo Xc 90 D5 Inscription,Diesel,Automatic,1969,"70,000",First,Chennai,49 Lakh*
452,2010,Audi,Audi A4 1.8 Tfsi,Petrol,Manual,1798,"23,000",First,Chennai,15.50 Lakh*
453,2010,Audi,Audi A6 2.7 Tdi,Diesel,Automatic,2698,"70,000",First,Chennai,13.50 Lakh*
454,2014,Mini,Mini Cooper One,Petrol,Manual,1598,"21,000",First,Chennai,22.50 Lakh*
455,2018,Bmw,Bmw 3 Series 320d Gt Sport,Diesel,Automatic,1995,"32,000",First,Chennai,40 Lakh*
456,2017,Bmw,Bmw 5 Series 520d M Sport,Diesel,Automatic,1995,"30,000",First,Chennai,44 Lakh*
457,2018,Mini,Mini 3 Door Cooper S,Petrol,Manual,1998,"9,000",First,Chennai,40 Lakh*
458,2013,Bmw,Bmw X3 Xdrive20d Advantage Edition,Diesel,Automatic,1995,"30,000",First,Chennai,26 Lakh*
459,2011,Ford,Ford Figo Diesel Titanium,Diesel,Automatic,1399,"84,052",First,Chennai,2.25 Lakh*
460,2017,Renault,Renault Kwid 1.0 Rxt,Petrol,Manual,999,"41,000",First,Chennai,4.25 Lakh*
461,2018,Bmw,Bmw 3 Series Gt Sport,Diesel,Automatic,1995,"85,000",First,Chennai,33 Lakh*
462,2015,Bmw,Bmw 3 Series 320d Gt Luxury Line,Diesel,Automatic,1995,"48,000",First,Chennai,26.55 Lakh*
463,2017,Honda,Honda City I Vtec Cvt Vx,Petrol,Manual,1497,"36,000",First,Chennai,10.40 Lakh*
464,2018,Skoda,Skoda Rapid 1.5 Tdi Style Bsiv,Diesel,Automatic,1498,"37,000",First,Chennai,10.50 Lakh*
465,2017,Maruti,Maruti Swift Vxi Optional,Petrol,Manual,1197,"43,000",First,Chennai,5.75 Lakh*
466,2021,Renault,Renault Kwid Climber 1.0 Amt Bsiv,Petrol,Manual,999,"9,062",Unregistered Car,Chennai,5.77 Lakh*
467,2012,Ford,Ford Figo Diesel Exi,Diesel,Automatic,1399,"85,000",First,Chennai,2.40 Lakh*
468,2020,Renault,Renault Triber Rxl Bsiv,Petrol,Manual,999,"19,000",First,Chennai,6.20 Lakh*
469,2016,Maruti,Maruti Baleno 1.2 Delta,Petrol,Manual,1197,"76,000",First,Chennai,5.50 Lakh*
470,2021,Renault,Renault Kiger Rxz Turbo,Petrol,Manual,999,"10,000",Unregistered Car,Chennai,9.14 Lakh*
471,2020,Tata,Tata Altroz Xm,Petrol,Manual,1199,"7,100",First,Chennai,6.75 Lakh*
472,2016,Honda,Honda City I Vtec V,Petrol,Manual,1497,"50,000",First,Chennai,7.75 Lakh*
473,2013,Skoda,Skoda Rapid 1.6 Tdi Active,Diesel,Automatic,1598,"1,39,849",Second,Chennai,3.50 Lakh*
474,2019,Volkswagen,Volkswagen Ameo 1.5 Tdi Highline Plus 16 At,Diesel,Automatic,1498,"17,000",First,Chennai,9.60 Lakh*
475,2012,Nissan,Nissan Sunny Diesel Xv,Diesel,Automatic,1461,"1,03,354",Second,Chennai,3.40 Lakh*
476,2014,Maruti,Maruti Swift Vvt Vxi,Petrol,Manual,1197,"79,641",First,Chennai,3.95 Lakh*
477,2014,Maruti,Maruti Swift Vvt Vxi,Petrol,Manual,1197,"92,959",First,Chennai,4 Lakh*
478,2015,Hyundai,Hyundai I20 Active 1.4 Sx,Diesel,Automatic,1396,"48,000",Second,Chennai,6.50 Lakh*
479,2008,Maruti,Maruti Swift Vxi Bsiv,Petrol,Manual,1197,"1,18,416",Second,Chennai,2.25 Lakh*
480,2012,Maruti,Maruti Alto K10 2010-2014 Vxi,Petrol,Manual,998,"28,688",First,Chennai,2.70 Lakh*
481,2013,Hyundai,Hyundai I20 Sportz 1.4 Crdi,Diesel,Automatic,1396,"84,581",First,Chennai,4 Lakh*
482,2017,Hyundai,Hyundai I20 Sportz 1.2,Petrol,Manual,1197,"41,392",First,Chennai,6.30 Lakh*
483,2011,Hyundai,Hyundai I10 Sportz,Petrol,Manual,1197,"69,954",First,Chennai,2.70 Lakh*
484,2008,Ford,Ford Fiesta 1.6 Zxi Duratec,Petrol,Manual,1596,"1,07,374",Second,Chennai,1.90 Lakh*
485,2016,Fiat,Fiat Linea Emotion (diesel),Diesel,Automatic,1248,"85,060",First,Chennai,4 Lakh*
486,2007,Ford,Ford Fiesta 1.4 Duratec Zxi,Petrol,Manual,1388,"62,000",First,Chennai,1.50 Lakh*
487,2007,Honda,Honda Civic 1.8 V Mt,Petrol,Manual,1799,"60,000",Second,Chennai,2.25 Lakh*
488,2021,Toyota,Toyota Urban Cruiser Premium,Petrol,Manual,1462,"12,900",First,Chennai,9.95 Lakh*
489,2009,Hyundai,Hyundai I20 Asta,Petrol,Manual,1197,"64,394",First,Chennai,3 Lakh*
490,2009,Hyundai,Hyundai I10 Era,Petrol,Manual,1086,"84,065",First,Chennai,2.10 Lakh*
491,2018,Maruti,Maruti Swift Dzire Amt Vxi,Petrol,Manual,1197,"63,467",First,Chennai,6.20 Lakh*
492,2009,Hyundai,Hyundai Verna 1.6 Vtvt,Petrol,Manual,1591,"53,104",First,Chennai,2.30 Lakh*
493,2018,Maruti,Maruti Vitara Brezza Zdi,Diesel,Automatic,1248,"48,263",First,Chennai,8.80 Lakh*
494,2017,Hyundai,Hyundai Eon Era Plus,Petrol,Manual,814,"11,634",Second,Chennai,3.30 Lakh*
495,2019,Hyundai,Hyundai I20 Sportz Plus Bsiv,Petrol,Manual,1197,"20,585",Second,Chennai,7.30 Lakh*
496,2020,Maruti,Maruti Baleno Alpha,Petrol,Manual,1197,"21,445",First,Chennai,8.50 Lakh*
497,2018,Maruti,Maruti Swift Lxi,Petrol,Manual,1197,"24,652",First,Chennai,6 Lakh*
498,2017,Renault,Renault Kwid Climber 1.0 Mt,Petrol,Manual,999,"54,114",First,Chennai,3.70 Lakh*
499,2014,Nissan,Nissan Sunny Xl,Petrol,Manual,1498,"1,10,000",First,Chennai,3 Lakh*
500,2016,Hyundai,Hyundai I10 Magna 1.1l,Petrol,Manual,1086,"80,000",First,Chennai,3.75 Lakh*
501,2017,Maruti,Maruti Baleno 1.2 Delta,Petrol,Manual,1197,"32,266",Second,Chennai,5.24 Lakh*
502,2012,Fiat,Fiat Grande Punto 1.3 Emotion Pack 90hp (diesel),Diesel,Automatic,1248,"1,00,000",Second,Chennai,2.20 Lakh*
503,2006,Honda,Honda Civic 1.8 V Mt,Petrol,Manual,1799,"71,000",First,Chennai,2.75 Lakh*
504,2018,Hyundai,Hyundai Grand I10 1.2 Kappa Sportz Option At,Petrol,Manual,1197,"38,000",First,Chennai,6.50 Lakh*
505,2009,Hyundai,Hyundai I10 Magna 1.1,Petrol,Manual,1086,"94,230",First,Chennai,2.10 Lakh*
506,2022,Hyundai,Hyundai Creta Sx Opt Diesel At,Diesel,Automatic,1493,"17,500",First,Chennai,19.75 Lakh*
507,2016,Volkswagen,Volkswagen Polo 1.5 Tdi Highline,Diesel,Automatic,1498,"1,40,032",First,Chennai,5.20 Lakh*
508,2018,Ford,Ford Ecosport 1.5 Petrol Titanium Plus At Bsiv,Petrol,Manual,1497,"39,900",First,Chennai,9.50 Lakh*
509,2020,Toyota,Toyota Innova Crysta 2.7 Zx At,Petrol,Manual,2694,"29,000",First,Chennai,26.40 Lakh*
510,2017,Honda,Honda City I-vtec Cvt V,Petrol,Manual,1497,"46,360",First,Chennai,8.65 Lakh*
511,2007,Hyundai,Hyundai Santro Xing Xl,Petrol,Manual,1086,"82,889",First,Chennai,1.45 Lakh*
512,2021,Ford,Ford Endeavour Sport Edition,Diesel,Automatic,1996,"50,000",First,Chennai,35 Lakh*
513,2017,Honda,Honda City I-vtec Cvt V,Petrol,Manual,1497,"46,360",First,Chennai,8.65 Lakh*
514,2011,Tata,Tata Venture Gx 7 Str,Diesel,Automatic,1405,"1,01,238",Second,Chennai,1.50 Lakh*
515,2018,Maruti,Maruti Vitara Brezza Zdi,Diesel,Automatic,1248,"48,265",First,Chennai,8.80 Lakh*
516,2010,Chevrolet,Chevrolet Spark 1.0 Ls,Petrol,Manual,995,"1,20,000",Third,Chennai,1.30 Lakh*
517,2021,Jeep,Jeep Compass 2.0 Longitude Option,Diesel,Automatic,1956,"13,000",First,Chennai,19 Lakh*
518,2020,Renault,Renault Duster Rxz Turbo Cvt,Petrol,Manual,1330,"16,000",First,Chennai,12.50 Lakh*
519,2017,Maruti,Maruti Alto 800 Vxi,Petrol,Manual,796,"63,112",First,Chennai,3.10 Lakh*
520,2021,Tata,Tata Altroz Xt Diesel,Diesel,Automatic,1497,"10,000",First,Chennai,9 Lakh*
521,2016,Maruti,Maruti Sx4 S Cross Ddis 200 Zeta,Diesel,Automatic,1248,"1,02,579",Second,Chennai,5.50 Lakh*
522,2019,Bmw,Bmw X1 Sdrive 20d M Sport,Diesel,Automatic,1995,"39,000",Second,Chennai,34 Lakh*
523,2009,Hyundai,Hyundai Santro Xing Gls,Petrol,Manual,1086,"98,880",First,Chennai,1.99 Lakh*
524,2014,Hyundai,Hyundai I10 Sportz 1.1l,Petrol,Manual,1086,"25,500",Second,Chennai,3.90 Lakh*
525,2015,Hyundai,Hyundai I10 Magna 1.1l,Petrol,Manual,1086,"41,000",First,Chennai,4.10 Lakh*
526,2015,Hyundai,Hyundai Eon Sportz,Petrol,Manual,814,"40,000",First,Chennai,3.35 Lakh*
527,2014,Mercedes-benz,Mercedes-benz E-class E250 Edition E,Diesel,Automatic,2143,"65,000",First,Chennai,23.50 Lakh*
528,2013,Honda,Honda Amaze S I-vtech,Petrol,Manual,1198,"62,800",First,Chennai,4.20 Lakh*
529,2016,Honda,Honda City I Vtec V,Petrol,Manual,1497,"54,100",First,Chennai,7.20 Lakh*
530,2021,Renault,Renault Kiger Rxl Amt,Petrol,Manual,999,"2,555",First,Chennai,7.85 Lakh*
531,2018,Renault,Renault Lodgy 110ps Rxz 7 Seater,Diesel,Automatic,1461,"34,056",First,Chennai,7.40 Lakh*
532,2010,Hyundai,Hyundai Verna 1.6 Vtvt,Petrol,Manual,1591,"1,22,533",Second,Chennai,2.10 Lakh*
533,2021,Mahindra,Mahindra Thar Lx 4-str Convert Top At,Petrol,Manual,1997,"6,000",First,Chennai,17.15 Lakh*
534,2018,Maruti,Maruti Vitara Brezza Zdi,Diesel,Automatic,1248,"48,263",First,Chennai,8.80 Lakh*
535,2019,Tata,Tata Nexon 1.2 Revotron Xz,Petrol,Manual,1198,"35,900",First,Chennai,8 Lakh*
536,2019,Renault,Renault Kwid Climber 1.0 Mt,Petrol,Manual,999,"36,245",First,Chennai,4.50 Lakh*
537,2018,Volkswagen,Volkswagen Vento 1.6 Highline,Petrol,Manual,1598,"33,000",First,Chennai,7.45 Lakh*
538,2019,Hyundai,Hyundai Santro Asta Bsiv,Petrol,Manual,1086,"27,000",First,Chennai,5.05 Lakh*
539,2018,Tata,Tata Nexon 1.2 Revotron Xz,Petrol,Manual,1198,"23,800",First,Chennai,7.75 Lakh*
540,2019,Volkswagen,Volkswagen Ameo 1.0 Mpi Comfortline,Petrol,Manual,999,"4,300",First,Chennai,6.70 Lakh*
541,2019,Maruti,Maruti Baleno Alpha Diesel,Diesel,Automatic,1248,"40,000",First,Chennai,8.50 Lakh*
542,2018,Maruti,Maruti Swift Vdi,Diesel,Automatic,1248,"46,086",First,Chennai,7.10 Lakh*
543,2013,Honda,Honda Amaze S I-vtech,Petrol,Manual,1198,"90,551",First,Chennai,3.40 Lakh*
544,2015,Hyundai,Hyundai Verna 1.6 Crdi Sx,Diesel,Automatic,1582,"52,000",First,Chennai,6.75 Lakh*
545,2020,Skoda,Skoda Octavia 1.8 Tsi At Style Plus,Petrol,Manual,1798,"16,999",First,Chennai,21.50 Lakh*
546,2003,Hyundai,Hyundai Santro Le Zipplus,Petrol,Manual,999,"1,10,000",Third,Chennai,"75,000*"
547,2018,Toyota,Toyota Yaris Vx,Petrol,Manual,1496,"35,000",First,Chennai,10.75 Lakh*
548,2013,Hyundai,Hyundai Grand I10 Crdi Asta,Diesel,Automatic,1120,"53,000",First,Chennai,3.70 Lakh*
549,2018,Toyota,Toyota Corolla Altis 1.8 Vl Cvt,Petrol,Manual,1798,"31,000",First,Chennai,16.50 Lakh*
550,2012,Bmw,Bmw 5 Series 520d,Diesel,Automatic,1995,"95,000",Second,Chennai,14 Lakh*
551,2013,Hyundai,Hyundai Eon Magna,Petrol,Manual,814,"68,503",First,Chennai,2.80 Lakh*
552,2014,Volvo,Volvo S60 D5 Summum,Diesel,Automatic,2400,"54,000",Second,Chennai,15.90 Lakh*
553,2019,Renault,Renault Triber Rxt Bsiv,Petrol,Manual,999,"15,836",First,Chennai,6.60 Lakh*
554,2016,Tata,Tata Tiago 1.05 Revotorq Xz,Diesel,Automatic,1047,"96,564",First,Chennai,4.20 Lakh*
555,2011,Hyundai,Hyundai I10 Magna,Petrol,Manual,1197,"62,000",First,Chennai,2.70 Lakh*
556,2017,Maruti,Maruti Sx4 S Cross Sigma Ddis 200 Sh,Diesel,Automatic,1248,"49,000",First,Chennai,8.40 Lakh*
557,2016,Hyundai,Hyundai Creta 1.6 Vtvt S,Petrol,Manual,1591,"48,000",First,Chennai,9.15 Lakh*
558,2014,Renault,Renault Duster Petrol Rxe,Petrol,Manual,1598,"42,000",First,Chennai,6.90 Lakh*
559,2020,Renault,Renault Triber Rxt,Petrol,Manual,999,"3,000",First,Chennai,7.95 Lakh*
560,2013,Renault,Renault Duster Petrol Rxl,Petrol,Manual,1598,"39,000",First,Chennai,5.40 Lakh*
561,2019,Skoda,Skoda Rapid 1.6 Mpi Active Bsiv,Petrol,Manual,1598,"37,000",First,Chennai,8.20 Lakh*
562,2017,Honda,Honda Jazz 1.2 S I Vtec,Petrol,Manual,1199,"91,796",First,Chennai,5.30 Lakh*
563,2015,Maruti,Maruti Swift Vxi,Petrol,Manual,1197,"65,534",First,Chennai,5.10 Lakh*
564,2018,Hyundai,Hyundai I20 Petrol Spotz,Petrol,Manual,1197,"27,300",First,Chennai,7.20 Lakh*
565,2012,Maruti,Maruti Swift Vxi,Petrol,Manual,1197,"23,392",First,Chennai,3.85 Lakh*
566,2018,Honda,Honda City Sv Mt,Petrol,Manual,1497,"16,375",First,Chennai,8.75 Lakh*
567,2010,Hyundai,Hyundai Accent Executive,Petrol,Manual,1495,"1,13,000",Second,Chennai,1.80 Lakh*
568,2015,Volkswagen,Volkswagen Polo 1.2 Mpi Comfortline,Petrol,Manual,1198,"1,01,400",First,Chennai,4.80 Lakh*
569,2019,Nissan,Nissan Kicks Xv Premium D Bsiv,Diesel,Automatic,1461,"40,000",First,Chennai,10.95 Lakh*
570,2018,Tata,Tata Tiago 1.05 Revotorq Xz,Diesel,Automatic,1047,"36,412",First,Chennai,5.25 Lakh*
571,2015,Maruti,Maruti Swift Dzire Vxi,Petrol,Manual,1197,"57,000",First,Chennai,5.45 Lakh*
572,2017,Honda,Honda City I Vtec V,Petrol,Manual,1497,"13,000",First,Chennai,9 Lakh*
573,2012,Hyundai,Hyundai Accent Executive,Petrol,Manual,1495,"77,532",Second,Chennai,2.40 Lakh*
574,2008,Maruti,Maruti Swift Dzire Vxi,Petrol,Manual,1197,"94,119",Second,Chennai,2.50 Lakh*
575,2015,Maruti,Maruti Wagon R Amt Vxi,Petrol,Manual,998,"67,855",First,Chennai,4 Lakh*
576,2016,Honda,Honda Br-v I-vtec V Mt,Petrol,Manual,1497,"29,000",Second,Chennai,8 Lakh*
577,2018,Hyundai,Hyundai Creta 1.6 Vtvt S,Petrol,Manual,1591,"33,000",First,Chennai,10.95 Lakh*
578,2020,Tata,Tata Harrier Xt Plus,Diesel,Automatic,1956,"19,000",First,Chennai,18.95 Lakh*
579,2014,Hyundai,Hyundai Grand I10 At Asta,Petrol,Manual,1197,"53,849",First,Chennai,4.75 Lakh*
580,2008,Ford,Ford Ikon 1.3 Clxi,Petrol,Manual,1299,"58,902",Second,Chennai,1.20 Lakh*
581,2008,Mahindra,Mahindra Renault Logan 1.5 Diesel Dlsx,Diesel,Automatic,1461,"1,99,183",Second,Chennai,1.50 Lakh*
582,2011,Maruti,Maruti Wagon R Lxi Duo Bs Iv,,,998,"70,000",First,Chennai,2.80 Lakh*
583,2013,Ford,Ford Ecosport 1.5 Dv5 Mt Ambiente,Diesel,Automatic,1498,"1,35,860",First,Chennai,4 Lakh*
584,2017,Hyundai,Hyundai Eon Era Plus Option,Petrol,Manual,814,"11,634",Second,Chennai,3.30 Lakh*
585,2015,Volkswagen,Volkswagen Vento 1.5 Tdi Highline,Diesel,Automatic,1498,"1,00,576",First,Chennai,6.25 Lakh*
586,1999,Hyundai,Hyundai Santro Gls I - Euro I,Petrol,Manual,1086,"80,000",Second,Chennai,"75,000*"
587,2018,Mahindra,Mahindra Tuv 300 T10,Diesel,Automatic,1493,"42,200",First,Chennai,8.75 Lakh*
588,2017,Hyundai,Hyundai Grand I10 1.2 Kappa Magna Bsiv,Petrol,Manual,1197,"30,800",First,Chennai,5.40 Lakh*
589,2009,Hyundai,Hyundai I20 Asta,Petrol,Manual,1197,"1,00,300",Second,Chennai,3 Lakh*
590,2005,Maruti,Maruti Wagon R Vxi Bsii,Petrol,Manual,998,"45,000",First,Chennai,1.50 Lakh*
591,2019,Kia,Kia Seltos Htx G,Petrol,Manual,1497,"43,200",First,Chennai,12.30 Lakh*
592,2007,Maruti,Maruti Zen Estilo Vxi Bsiii,Petrol,Manual,998,"78,900",First,Chennai,1.35 Lakh*
593,2017,Ford,Ford Ecosport 1.5 Diesel Titanium Bsiv,Diesel,Automatic,1498,"45,000",First,Chennai,7.70 Lakh*
594,2015,Honda,Honda Mobilio V Option I-vtec,Petrol,Manual,1497,"47,000",First,Chennai,6.80 Lakh*
595,2020,Tata,Tata Nexon Xm S,Petrol,Manual,1199,"21,000",First,Chennai,8.95 Lakh*
596,2020,Honda,Honda City I-dtec V,Diesel,Automatic,1498,"19,000",First,Chennai,13 Lakh*
597,2018,Honda,Honda Wr-v I-vtec Vx,Petrol,Manual,1199,"17,000",First,Chennai,8.60 Lakh*
598,2018,Mahindra,Mahindra Tuv 300 T6 Plus,Diesel,Automatic,1493,"35,000",First,Chennai,8.95 Lakh*
599,2008,Hyundai,Hyundai Santro Xing Gls,Petrol,Manual,1086,"1,22,240",Second,Chennai,1.75 Lakh*
600,2007,Maruti,Maruti Zen Estilo Vxi Bsiii,Petrol,Manual,998,"50,000",First,Chennai,1.50 Lakh*
601,2015,Tata,Tata Indigo Lx Tdi Bsiii,Diesel,Automatic,1396,"1,35,000",Second,Chennai,2.25 Lakh*
602,2004,Hyundai,Hyundai Accent Gls,Petrol,Manual,1495,"32,000",Second,Chennai,1.70 Lakh*
603,2009,Hyundai,Hyundai Santro Xing Gls,Petrol,Manual,1086,"78,000",Second,Chennai,1.89 Lakh*
604,2014,Maruti,Maruti Ertiga Zdi,Diesel,Automatic,1248,"51,000",First,Chennai,8.50 Lakh*
605,2019,Honda,Honda Amaze Vx I Dtec,Diesel,Automatic,1498,"50,000",First,Chennai,8.90 Lakh*
606,2019,Kia,Kia Seltos Htk Plus At D,Diesel,Automatic,1493,"45,000",First,Chennai,15.50 Lakh*
607,2015,Honda,Honda City I Dtec Sv,Diesel,Automatic,1498,"92,900",First,Chennai,6.20 Lakh*
608,2014,Honda,Honda Amaze Ex I-vtech,Petrol,Manual,1198,"57,500",First,Chennai,4.10 Lakh*
609,2018,Honda,Honda City I-dtec V,Diesel,Automatic,1498,"70,000",First,Chennai,9.25 Lakh*
610,2020,Toyota,Toyota Innova Crysta 2.4 Vx Mt,Diesel,Automatic,2393,"28,000",First,Chennai,23.50 Lakh*
611,2011,Maruti,Maruti Alto K10 Lxi,Petrol,Manual,998,"47,069",First,Chennai,2.20 Lakh*
612,2019,Honda,Honda City Vx Cvt,Petrol,Manual,1497,"12,000",First,Chennai,12.50 Lakh*
613,2011,Maruti,Maruti Alto K10 Lxi,Petrol,Manual,998,"47,070",First,Chennai,2.20 Lakh*
614,2015,Land,Land Rover Discovery Sport Td4 Se,Diesel,Automatic,1999,"95,000",Second,Chennai,26.50 Lakh*
615,2012,Mercedes-benz,Mercedes-benz E-class E 220 Cdi Avantgarde,Diesel,Automatic,2148,"79,900",First,Chennai,12.99 Lakh*
616,2009,Maruti,Maruti Ritz Vxi,Petrol,Manual,1197,"81,376",First,Chennai,2.30 Lakh*
617,2017,Volvo,Volvo Xc 90 D5 Inscription,Diesel,Automatic,1969,"1,15,000",Second,Chennai,43 Lakh*
618,2013,Maruti,Maruti Swift Vdi,Diesel,Automatic,1248,"84,327",First,Chennai,4.50 Lakh*
619,2010,Volkswagen,Volkswagen Passat 1.8 Tsi Mt,Petrol,Manual,1798,"1,42,000",Second,Chennai,4.60 Lakh*
620,2011,Volkswagen,Volkswagen Polo Diesel Highline 1.2l,Diesel,Automatic,1199,"97,700",First,Chennai,3.50 Lakh*
621,2017,Hyundai,Hyundai Grand I10 Magna Petrol Bsiv,Petrol,Manual,1197,"30,870",First,Chennai,5.40 Lakh*
622,2020,Honda,Honda City V Mt,Petrol,Manual,1498,"15,592",First,Chennai,11.40 Lakh*
623,2021,Maruti,Maruti Swift Vxi Amt,Petrol,Manual,1197,"5,000",First,Chennai,7.90 Lakh*
624,2016,Honda,Honda Jazz 1.2 S I Vtec,Petrol,Manual,1199,"76,076",Second,Chennai,5.40 Lakh*
625,2015,Honda,Honda Amaze Vx O I Vtec,Petrol,Manual,1198,"50,459",First,Chennai,5.10 Lakh*
626,2012,Honda,Honda Brio V Mt,Petrol,Manual,1198,"66,064",First,Chennai,3.65 Lakh*
627,2019,Honda,Honda City I-dtec V,Diesel,Automatic,1498,"35,000",First,Chennai,11.20 Lakh*
628,2016,Maruti,Maruti Alto 800 Lxi,Petrol,Manual,796,"35,000",First,Chennai,2.70 Lakh*
629,2013,Hyundai,Hyundai Verna 1.6 Sx Vtvt,Petrol,Manual,1591,"48,000",First,Chennai,5.70 Lakh*
630,2018,Honda,Honda Wr-v I-vtec Vx,Petrol,Manual,1199,"17,000",First,Chennai,8.80 Lakh*
631,2018,Honda,Honda Wr-v I-vtec S,Petrol,Manual,1199,"52,800",First,Chennai,7.70 Lakh*
632,2021,Tata,Tata Altroz Xz Option,Petrol,Manual,1199,"1,800",First,Chennai,8.60 Lakh*
633,2017,Hyundai,Hyundai Grand I10 Magna,Petrol,Manual,1197,"30,870",First,Chennai,5.40 Lakh*
634,2018,Hyundai,Hyundai Grand I10 1.2 Kappa Asta,Petrol,Manual,1197,"80,000",First,Chennai,6 Lakh*
635,2016,Maruti,Maruti Wagon R Vxi,Petrol,Manual,998,"68,621",Second,Chennai,3.85 Lakh*
636,2012,Maruti,Maruti Swift Dzire Vxi At,Petrol,Manual,1197,"63,017",First,Chennai,4.10 Lakh*
637,2015,Maruti,Maruti Swift Dzire Lxi,Petrol,Manual,1197,"25,604",First,Chennai,5.10 Lakh*
638,2009,Honda,Honda City Sv Mt,Petrol,Manual,1497,"61,544",First,Chennai,6.30 Lakh*
639,2019,Honda,Honda City 1.5 V Mt Exclusive,Petrol,Manual,1497,"30,258",First,Chennai,10.50 Lakh*
640,2016,Honda,Honda Amaze S Diesel,Diesel,Automatic,1498,"44,672",First,Chennai,5.65 Lakh*
641,2019,Mg,Mg Hector Sharp Diesel Mt,Diesel,Automatic,1956,"37,000",First,Chennai,18 Lakh*
642,2018,Hyundai,Hyundai I20 1.4 Asta Option,Diesel,Automatic,1396,"42,000",First,Chennai,8.35 Lakh*
643,2019,Hyundai,Hyundai Verna Vtvt 1.6 Sx,Petrol,Manual,1591,"25,000",First,Chennai,8 Lakh*
644,2016,Maruti,Maruti Baleno 1.2 Alpha,Petrol,Manual,1197,"70,000",Third,Chennai,4.25 Lakh*
645,2018,Hyundai,Hyundai Verna Vtvt 1.6 At Sx Option,Petrol,Manual,1591,"35,000",First,Chennai,11.25 Lakh*
646,2017,Maruti,Maruti Swift Dzire Vxi At,Petrol,Manual,1197,"46,000",First,Chennai,7.25 Lakh*
647,2015,Volkswagen,Volkswagen Vento 1.5 Tdi Comfortline At,Diesel,Automatic,1498,"60,000",First,Chennai,7 Lakh*
648,2003,Hyundai,Hyundai Santro Xing Xp,Petrol,Manual,1086,"94,675",Second,Chennai,"80,000*"
649,2014,Honda,Honda Brio S Mt,Petrol,Manual,1198,"20,982",Third,Chennai,3.30 Lakh*
650,2016,Honda,Honda Jazz 1.2 Vx I Vtec,Petrol,Manual,1199,"27,532",First,Chennai,6.50 Lakh*
651,2013,Mahindra,Mahindra Xuv500 W6 2wd,Diesel,Automatic,2179,"56,000",First,Chennai,7.90 Lakh*
652,2017,Honda,Honda Jazz 1.2 Sv I Vtec,Petrol,Manual,1199,"35,983",First,Chennai,6 Lakh*
653,2019,Bmw,Bmw 5 Series 520d Luxury Line,Diesel,Automatic,1995,"34,000",Second,Chennai,47.50 Lakh*
654,2014,Maruti,Maruti Swift Vxi,Petrol,Manual,1197,"79,641",First,Chennai,3.95 Lakh*
655,2015,Honda,Honda Jazz V Cvt,Petrol,Manual,1199,"32,000",First,Chennai,6.49 Lakh*
656,2017,Hyundai,Hyundai Verna Crdi 1.6 Sx,Diesel,Automatic,1582,"59,000",First,Chennai,9 Lakh*
657,2015,Hyundai,Hyundai Xcent 1.1 Crdi S Option,Diesel,Automatic,1120,"41,000",First,Chennai,4.60 Lakh*
658,2014,Honda,Honda City I Dtec Sv,Diesel,Automatic,1498,"1,02,000",Second,Chennai,5.80 Lakh*
659,2018,Volvo,Volvo V40 Cross Country D3 Inscription,Diesel,Automatic,1969,"36,000",First,Chennai,26 Lakh*
660,2018,Mahindra,Mahindra Xuv500 W7 Bsiv,Diesel,Automatic,2179,"45,000",First,Chennai,13 Lakh*
661,2021,Honda,Honda City Zx Cvt,Petrol,Manual,1498,"15,000",First,Chennai,15.55 Lakh*
662,2017,Volkswagen,Volkswagen Polo 1.0 Mpi Highline Plus,Petrol,Manual,999,"35,600",First,Chennai,5.70 Lakh*
663,2019,Jeep,Jeep Compass 1.4 Limited Plus Bsiv,Petrol,Manual,1368,"15,000",First,Chennai,20.50 Lakh*
664,2017,Toyota,Toyota Fortuner 2.8 2wd Mt,Diesel,Automatic,2755,"1,17,000",First,Chennai,28 Lakh*
665,2015,Mahindra,Mahindra Xuv500 W8 4wd,Diesel,Automatic,2179,"21,900",First,Chennai,13.50 Lakh*
666,2021,Mg,Mg Gloster Savvy 7-str,Diesel,Automatic,1996,"7,000",First,Chennai,40 Lakh*
667,2014,Nissan,Nissan Terrano Xv 110 Ps,Diesel,Automatic,1461,"80,000",First,Chennai,5.50 Lakh*
668,2015,Maruti,Maruti Alto K10 Vxi Optional,Petrol,Manual,998,"37,533",First,Chennai,3.10 Lakh*
669,2017,Hyundai,Hyundai Santa Fe 4wd At,Diesel,Automatic,2199,"1,40,000",First,Chennai,14 Lakh*
670,2012,Maruti,Maruti Omni 5 Seater Bsiv,Petrol,Manual,796,"51,503",Second,Chennai,2.20 Lakh*
671,2018,Hyundai,Hyundai Verna Vtvt 1.6 Sx,Petrol,Manual,1591,"24,000",First,Chennai,9.25 Lakh*
672,2015,Hyundai,Hyundai Verna 1.6 Vtvt S,Petrol,Manual,1591,"69,800",First,Chennai,6.20 Lakh*
673,2002,Maruti,Maruti Alto Lxi,Petrol,Manual,796,"80,000",Third,Chennai,"90,000*"
674,2017,Jeep,Jeep Compass 2.0 Limited,Diesel,Automatic,1956,"65,000",First,Chennai,12.75 Lakh*
675,2018,Bmw,Bmw 3 Series Gt M Sport Petrol,Petrol,Manual,1998,"60,000",First,Chennai,35 Lakh*
676,2017,Maruti,Maruti Swift Vxi,Petrol,Manual,1197,"57,900",First,Chennai,5.70 Lakh*
677,2016,Maruti,Maruti Swift Dzire Vxi,Petrol,Manual,1197,"47,835",First,Chennai,5.50 Lakh*
678,2016,Maruti,Maruti Swift Vxi Glory Limited Edition,Petrol,Manual,1197,"69,568",First,Chennai,5.10 Lakh*
679,2019,Honda,Honda City Vx Mt,Petrol,Manual,1497,"47,447",First,Chennai,11.75 Lakh*
680,2019,Honda,Honda Wr-v I-dtec Vx,Diesel,Automatic,1498,"50,031",First,Chennai,8.25 Lakh*
681,2015,Honda,Honda City 1.5 Gxi Cvt,Petrol,Manual,,"74,758",Second,Chennai,5.75 Lakh*
682,2007,Honda,Honda Civic 1.8 Mt Sport,Petrol,Manual,1799,"40,000",Third,Chennai,3 Lakh*
683,2014,Honda,Honda Brio S Mt,Petrol,Manual,1198,"62,896",First,Chennai,3.90 Lakh*
684,2006,Ford,Ford Fiesta 1.4 Duratec Exi,Petrol,Manual,1388,"1,03,000",Third,Chennai,1.25 Lakh*
685,2014,Honda,Honda Brio S Mt,Petrol,Manual,1198,"55,890",First,Chennai,4.10 Lakh*
686,2015,Honda,Honda Amaze Vx Petrol,Petrol,Manual,1199,"50,427",First,Chennai,5.10 Lakh*
687,2012,Toyota,Toyota Corolla Altis Diesel D4dj,Diesel,Automatic,1364,"1,40,000",First,Chennai,6.25 Lakh*
688,2021,Isuzu,Isuzu D-max V-cross 4x2 Z,Diesel,Automatic,1898,"25,000",First,Chennai,22.50 Lakh*
689,2016,Volvo,Volvo Xc 90 D5 Inscription,Diesel,Automatic,1969,"1,10,000",Second,Chennai,38 Lakh*
690,2015,Honda,Honda Amaze Vx At I-vtech,Petrol,Manual,1198,"71,830",First,Chennai,4.75 Lakh*
691,2015,Volkswagen,Volkswagen Vento 1.5 Tdi Highline,Diesel,Automatic,1498,"88,400",First,Chennai,6.30 Lakh*
692,2017,Maruti,Maruti Baleno Zeta,Petrol,Manual,1197,"62,604",First,Chennai,6.50 Lakh*
693,2020,Volkswagen,Volkswagen Vento 1.0 Tsi Highline Plus,Petrol,Manual,999,"29,000",First,Chennai,9.90 Lakh*
694,2014,Ford,Ford Ecosport 1.5 Dv5 Mt Titanium Optional,Diesel,Automatic,1498,"65,000",First,Chennai,6.50 Lakh*
695,2006,Maruti,Maruti Swift 1.3 Vxi,Petrol,Manual,1298,"56,000",First,Chennai,2.20 Lakh*
696,2013,Audi,Audi A4 35 Tdi Premium Sport,Diesel,Automatic,1968,"72,000",Second,Chennai,14.90 Lakh*
697,2011,Maruti,Maruti Ritz Ldi,Diesel,Automatic,1248,"78,000",Second,Chennai,2.90 Lakh*
698,2016,Ford,Ford Aspire 1.2 Ti-vct Trend,Petrol,Manual,1196,"48,300",First,Chennai,4.40 Lakh*
699,2014,Honda,Honda Brio Vx,Petrol,Manual,1198,"76,900",First,Chennai,4.20 Lakh*
700,2017,Volkswagen,Volkswagen Polo 1.2 Mpi Comfortline,Petrol,Manual,1198,"78,200",First,Chennai,5.70 Lakh*
701,2006,Hyundai,Hyundai Accent Gle 1,Petrol,Manual,1495,"62,000",Third,Chennai,1.50 Lakh*
702,2009,Audi,Audi A6 3.0 Tdi Quattro,Diesel,Automatic,2967,"98,000",Third,Chennai,4.50 Lakh*
703,2001,Hyundai,Hyundai Santro Dx,Petrol,Manual,999,"1,10,000",Second,Chennai,"45,000*"
704,2014,Honda,Honda City I Vtec Cvt Sv,Petrol,Manual,1497,"80,000",Third,Chennai,5.40 Lakh*
705,2002,Honda,Honda City 1.5 Exi,Petrol,Manual,1493,"1,00,000",Second,Chennai,"75,000*"
706,2019,Mg,Mg Hector Super Diesel Mt,Diesel,Automatic,1956,"55,000",First,Chennai,18 Lakh*
707,2011,Maruti,Maruti Zen Estilo Vxi Bsiv,Petrol,Manual,998,"1,11,877",First,Chennai,1.85 Lakh*
708,2018,Mahindra,Mahindra Xuv500 W11 Option At Bsiv,Diesel,Automatic,2179,"80,000",First,Chennai,15.50 Lakh*
709,2013,Honda,Honda Brio S Mt,Petrol,Manual,1198,"49,925",First,Chennai,3.50 Lakh*
710,2018,Honda,Honda Wr-v I-dtec Vx,Diesel,Automatic,1498,"14,703",Second,Chennai,7.10 Lakh*
711,2007,Mahindra,Mahindra Scorpio Slx 2.6 Turbo 8 Str,Diesel,Automatic,2179,"72,000",First,Chennai,3 Lakh*
712,2014,Mercedes-benz,Mercedes-benz E-class E250 Cdi Avantgrade,Diesel,Automatic,2143,"50,000",Second,Chennai,20 Lakh*
713,2015,Mini,Mini 5 Door Cooper D,Diesel,Automatic,1496,"22,000",Second,Chennai,27.75 Lakh*
714,2015,Honda,Honda City I Vtec V,Petrol,Manual,1497,"36,000",First,Chennai,7.50 Lakh*
715,2021,Hyundai,Hyundai Venue Sx Opt Diesel,Diesel,Automatic,1493,"23,001",First,Chennai,12.26 Lakh*
716,2019,Jeep,Jeep Compass Trailhawk 4x4 Opt,Diesel,Automatic,1956,"24,000",First,Chennai,24 Lakh*
717,2018,Volvo,Volvo Xc40 D4 R-design,Diesel,Automatic,1969,"62,000",First,Chennai,33 Lakh*
718,2007,Honda,Honda Civic 1.8 (e) Mt,Petrol,Manual,1799,"1,35,000",Third,Chennai,1.75 Lakh*
719,2018,Honda,Honda Wr-v I-dtec Vx,Diesel,Automatic,1498,"40,887",First,Chennai,8.05 Lakh*
720,2004,Maruti,Maruti Wagon R Vxi,Petrol,Manual,998,"1,21,732",Third,Chennai,1 Lakh*
721,2019,Maruti,Maruti Swift Dzire Vdi,Diesel,Automatic,1248,"30,411",First,Chennai,7.80 Lakh*
722,2015,Mercedes-benz,Mercedes-benz C-class C 220d Avantgarde Edition C,Diesel,Automatic,2143,"84,000",First,Chennai,23.50 Lakh*
723,2017,Maruti,Maruti Alto 800 Vxi,Petrol,Manual,796,"36,893",Second,Chennai,3.50 Lakh*
724,2015,Maruti,Maruti Alto 800 Lxi,Petrol,Manual,796,"55,417",First,Chennai,3.10 Lakh*
725,2018,Jeep,Jeep Compass 2.0 Limited,Diesel,Automatic,1956,"40,315",First,Chennai,15.39 Lakh*
726,2014,Toyota,Toyota Etios Liva G,Petrol,Manual,1197,"74,353",First,Chennai,4.65 Lakh*
727,2021,Mg,Mg Hector Plus Sharp Diesel Mt,Diesel,Automatic,1956,"38,000",First,Chennai,19.90 Lakh*
728,2014,Honda,Honda Mobilio S I-dtec,Diesel,Automatic,1498,"1,48,000",Second,Chennai,4.25 Lakh*
729,2014,Bmw,Bmw X5 Xdrive 30d,Diesel,Automatic,2993,"1,20,000",First,Chennai,30 Lakh*
730,2015,Honda,Honda City V Mt Avn,Petrol,Manual,1497,"1,30,807",Second,Chennai,5.45 Lakh*
731,2017,Mahindra,Mahindra Xuv500 W8 2wd,Diesel,Automatic,2179,"69,500",First,Chennai,13 Lakh*
732,2018,Honda,Honda City Vx Cvt,Petrol,Manual,1497,"30,000",First,Chennai,11.75 Lakh*
733,2012,Hyundai,Hyundai I20 Magna,Petrol,Manual,1197,"1,01,010",First,Chennai,3.15 Lakh*
734,2019,Bmw,Bmw 6 Series Gt 620d Luxury Line 2019-2021,Diesel,Automatic,1995,"7,000",First,Chennai,59 Lakh*
735,2019,Maruti,Maruti Vitara Brezza Zdi Amt,Diesel,Automatic,1248,"21,300",First,Chennai,9.90 Lakh*
736,2015,Honda,Honda Amaze Vx Petrol,Petrol,Manual,1199,"34,431",First,Chennai,4.95 Lakh*
737,2017,Volkswagen,Volkswagen Polo 1.2 Mpi Highline,Petrol,Manual,1199,"40,480",First,Chennai,6.25 Lakh*
738,2009,Maruti,Maruti Ritz Vxi,Petrol,Manual,1197,"1,00,414",Second,Chennai,2.35 Lakh*
739,2015,Bmw,Bmw 5 Series 520d M Sport,Diesel,Automatic,1995,"85,000",Second,Chennai,20 Lakh*
740,2007,Honda,Honda Civic 1.8 V Mt,Petrol,Manual,1799,"1,10,000",Second,Chennai,2.90 Lakh*
741,2016,Hyundai,Hyundai Grand I10 Sportz,Petrol,Manual,1197,"87,886",First,Chennai,4.40 Lakh*
742,2017,Ford,Ford Aspire 1.5 Tdci Titanium,Diesel,Automatic,1498,"52,000",First,Chennai,5.65 Lakh*
743,2013,Hyundai,Hyundai I20 Magna,Petrol,Manual,1197,"73,997",First,Chennai,3.70 Lakh*
744,2018,Audi,Audi A6 35 Tdi,Diesel,Automatic,1968,"15,000",First,Chennai,41 Lakh*
745,2021,Hyundai,Hyundai Creta Ex,Petrol,Manual,1497,"10,000",First,Chennai,12.25 Lakh*
746,2021,Hyundai,Hyundai Venue S,Petrol,Manual,1197,"19,000",First,Chennai,8.25 Lakh*
747,2022,Jeep,Jeep Compass 1.4 Limited Opt Dct,Petrol,Manual,1368,800,First,Chennai,29 Lakh*
748,2014,Honda,Honda Brio S Mt,Petrol,Manual,1198,"43,094",First,Chennai,4.05 Lakh*
749,2013,Renault,Renault Duster 85ps Diesel Rxl Optional With Nav,Diesel,Automatic,1461,"1,02,358",First,Chennai,5.61 Lakh*
750,2011,Maruti,Maruti Wagon R Vxi Bs Iv,Petrol,Manual,998,"60,000",Third,Chennai,2.30 Lakh*
751,2013,Hyundai,Hyundai I10 Magna,Petrol,Manual,1197,"70,000",First,Chennai,3.25 Lakh*
752,2015,Ford,Ford Ecosport 1.5 Ti Vct At Titanium Bsiv,Petrol,Manual,1499,"39,000",Second,Chennai,6.45 Lakh*
753,2016,Volkswagen,Volkswagen Polo 1.5 Tdi Highline,Diesel,Automatic,1498,"66,672",First,Chennai,6.30 Lakh*
754,2018,Hyundai,Hyundai Verna Vtvt 1.6 Sx Option,Petrol,Manual,1591,"29,000",First,Chennai,11.30 Lakh*
755,2014,Bmw,Bmw 3 Series 320d Prestige,Diesel,Automatic,1995,"54,899",First,Chennai,19.51 Lakh*
756,2011,Maruti,Maruti Zen Estilo Vxi Bsiv,Petrol,Manual,998,"1,00,000",Fourth,Chennai,2.10 Lakh*
757,2017,Jeep,Jeep Compass 2.0 Longitude,Diesel,Automatic,1956,"30,000",First,Chennai,14.65 Lakh*
758,2021,Mg,Mg Gloster Savvy 6-str,Diesel,Automatic,1996,"12,000",First,Chennai,42 Lakh*
759,2020,Maruti,Maruti Celerio Lxi,Petrol,Manual,998,"30,000",First,Chennai,4.65 Lakh*
760,2005,Skoda,Skoda Octavia Ambiente 1.9 Tdi Mt,Diesel,Automatic,1896,"1,20,000",Second,Chennai,2.75 Lakh*
761,2018,Hyundai,Hyundai Xcent 1.2 Vtvt Sx,Petrol,Manual,1197,"13,207",First,Chennai,6.02 Lakh*
762,2017,Volvo,Volvo Xc90 D5 R-design,Diesel,Automatic,1969,"72,000",First,Chennai,55 Lakh*
763,2009,Maruti,Maruti Ritz Vxi,Petrol,Manual,1197,"1,00,626",Second,Chennai,2.35 Lakh*
764,2017,Maruti,Maruti Sx4 S Cross Ddis 200 Zeta,Diesel,Automatic,1248,"76,347",First,Chennai,7.50 Lakh*
765,2013,Maruti,Maruti Swift Dzire Vxi,Petrol,Manual,1197,"78,237",First,Chennai,4.25 Lakh*
766,2018,Skoda,Skoda Rapid 1.5 Tdi Style Bsiv,Diesel,Automatic,1498,"90,000",First,Chennai,8.95 Lakh*
767,2007,Hyundai,Hyundai Santro Xing Xl,Petrol,Manual,1086,"80,000",First,Chennai,1.45 Lakh*
768,2015,Audi,Audi Q7 3.0 Tdi Quattro Technology,Diesel,Automatic,2967,"48,000",First,Chennai,36 Lakh*
769,2015,Tata,Tata Indigo Elx Bs Iv,Diesel,Automatic,1396,"90,000",Second,Chennai,2.30 Lakh*
770,2014,Jaguar,Jaguar Xj 3.0l Portfolio,Diesel,Automatic,2993,"28,000",First,Chennai,49 Lakh*
771,2014,Honda,Honda City I Vtec Cvt Sv,Petrol,Manual,1497,"80,000",Third,Chennai,5.50 Lakh*
772,2016,Maruti,Maruti Swift Dzire Vdi,Diesel,Automatic,1248,"62,000",First,Chennai,6.45 Lakh*
773,2016,Fiat,Fiat Punto Pure 1.3l Advanced Multi-jet,Diesel,Automatic,1248,"40,217",First,Chennai,3.72 Lakh*
774,2014,Maruti,Maruti Ertiga Zdi,Diesel,Automatic,1248,"1,44,618",First,Chennai,5.95 Lakh*
775,2013,Honda,Honda Amaze S I-dtech,Diesel,Automatic,1498,"79,085",First,Chennai,3.80 Lakh*
776,2013,Nissan,Nissan Sunny Diesel Xv,Diesel,Automatic,1461,"75,055",First,Chennai,4.23 Lakh*
777,2015,Toyota,Toyota Innova 2.5 G (diesel) 7 Seater,Diesel,Automatic,2494,"1,20,000",Third,Chennai,7.50 Lakh*
778,2017,Maruti,Maruti Swift Dzire Vdi,Diesel,Automatic,1248,"61,000",First,Chennai,7.65 Lakh*
779,2006,Hyundai,Hyundai Getz Gvs,Petrol,Manual,1341,"1,00,000",First,Chennai,"80,000*"
780,2014,Skoda,Skoda Rapid 1.5 Tdi Elegance,Diesel,Automatic,1498,"66,500",First,Chennai,6 Lakh*
781,2019,Hyundai,Hyundai Verna Vtvt 1.6 Sx,Petrol,Manual,1591,"12,000",First,Chennai,9.75 Lakh*
782,2000,Mitsubishi,Mitsubishi Lancer 2.0 L Diesel Lx,Diesel,Automatic,1998,"1,20,000",Third,Chennai,1 Lakh*
783,2018,Skoda,Skoda Octavia Rs,Petrol,Manual,1984,"41,178",First,Chennai,32 Lakh*
784,2011,Hyundai,Hyundai Verna 1.6 Sx Vtvt (o) At,Petrol,Manual,1591,"61,000",First,Chennai,4.90 Lakh*
785,2015,Volkswagen,Volkswagen Polo 1.5 Tdi Highline,Diesel,Automatic,1498,"1,20,000",Second,Chennai,5 Lakh*
786,2018,Hyundai,Hyundai Creta 1.6 Crdi Sx Plus,Diesel,Automatic,1582,"58,928",First,Chennai,11.68 Lakh*
787,2010,Maruti,Maruti Ritz Vxi,Petrol,Manual,1197,"1,15,581",First,Chennai,2.30 Lakh*
788,2015,Hyundai,Hyundai Creta 1.6 Crdi Sx,Diesel,Automatic,1582,"1,00,927",First,Chennai,9.13 Lakh*
789,2012,Renault,Renault Pulse Rxz Optional,Diesel,Automatic,1461,"82,000",First,Chennai,2.90 Lakh*
790,2013,Honda,Honda Brio Ex Mt,Petrol,Manual,1198,"42,850",First,Chennai,3.30 Lakh*
791,2012,Hyundai,Hyundai Elantra Crdi Sx,Diesel,Automatic,1582,"70,000",Second,Chennai,4.50 Lakh*
792,2016,Honda,Honda Jazz Vx Diesel,Diesel,Automatic,1498,"64,175",First,Chennai,6.03 Lakh*
793,2007,Hyundai,Hyundai Getz 1.3 Gls,Petrol,Manual,1341,"90,000",Third,Chennai,1.75 Lakh*
794,2013,Honda,Honda Brio V Mt,Petrol,Manual,1198,"81,668",First,Chennai,3.35 Lakh*
795,2013,Ford,Ford Figo Diesel Lxi,Diesel,Automatic,1399,"55,787",First,Chennai,2.70 Lakh*
796,2013,Maruti,Maruti Swift Dzire Vxi,Petrol,Manual,1197,"55,320",First,Chennai,4.10 Lakh*
797,2019,Honda,Honda City I-dtec Vx,Diesel,Automatic,1498,"49,452",First,Chennai,11.75 Lakh*
798,2018,Maruti,Maruti Baleno Delta,Petrol,Manual,1197,"12,500",First,Chennai,6.50 Lakh*
799,2007,Maruti,Maruti Alto Lxi Bsiii,Petrol,Manual,796,"99,941",Second,Chennai,1.20 Lakh*
800,2017,Volkswagen,Volkswagen Polo 1.5 Tdi Highline,Diesel,Automatic,1498,"87,000",First,Chennai,6.30 Lakh*
801,2010,Maruti,Maruti Alto K10 2010-2014 Vxi,Petrol,Manual,998,"55,700",First,Chennai,2.20 Lakh*
802,2018,Bmw,Bmw 7 Series 730ld Dpe Signature,Diesel,Automatic,2993,"25,000",Second,Chennai,65.50 Lakh*
803,2018,Honda,Honda Wr-v I-dtec S,Diesel,Automatic,1498,"85,385",First,Chennai,8.50 Lakh*
804,2012,Mercedes-benz,Mercedes-benz E-class 220 Cdi,Diesel,Automatic,2148,"46,000",Second,Chennai,15 Lakh*
805,2018,Mahindra,Mahindra Bolero Slx,Diesel,Automatic,2523,"55,000",First,Chennai,8.25 Lakh*
806,2013,Audi,Audi A4 2.0 Tdi,Diesel,Automatic,1968,"60,000",Second,Chennai,16 Lakh*
807,2014,Honda,Honda City I Dtec Sv,Diesel,Automatic,1498,"58,000",First,Chennai,6.25 Lakh*
808,2011,Volkswagen,Volkswagen Passat 1.8 Tsi Mt,Petrol,Manual,1798,"85,000",First,Chennai,6 Lakh*
809,2010,Mercedes-benz,Mercedes-benz E-class E250 Cdi Elegance,Diesel,Automatic,2143,"1,10,000",Second,Chennai,13 Lakh*
810,2019,Volkswagen,Volkswagen Polo 1.0 Mpi Highline Plus,Petrol,Manual,999,"12,000",First,Chennai,7.45 Lakh*
811,2011,Ford,Ford Figo Diesel Zxi,Diesel,Automatic,1399,"44,000",First,Chennai,2.95 Lakh*
812,2016,Hyundai,Hyundai Grand I10 Sportz,Petrol,Manual,1197,"60,329",First,Chennai,4.50 Lakh*
813,2018,Lexus,Lexus Nx 300h F Sport,Petrol,Manual,2499,"34,000",First,Chennai,50 Lakh*
814,2017,Tata,Tata Nano Xta,Petrol,Manual,624,"20,000",First,Chennai,2.70 Lakh*
815,2017,Chevrolet,Chevrolet Beat Diesel Ltz,Diesel,Automatic,936,"37,000",First,Chennai,3.65 Lakh*
816,2016,Maruti,Maruti Ciaz Vxi Plus,Petrol,Manual,1373,"85,000",First,Chennai,7.15 Lakh*
817,2013,Bmw,Bmw X3 2.0d Sav,Diesel,Automatic,1995,"55,000",First,Chennai,19.90 Lakh*
818,2020,Honda,Honda City I-vtec Vx,Petrol,Manual,1497,"15,000",First,Chennai,12.60 Lakh*
819,2013,Skoda,Skoda Rapid 1.6 Tdi Elegance,Diesel,Automatic,1598,"1,67,315",First,Chennai,3.10 Lakh*
820,2014,Volkswagen,Volkswagen Vento 1.6 Highline,Petrol,Manual,1598,"1,04,000",First,Chennai,4.75 Lakh*
821,2014,Toyota,Toyota Fortuner 4x2 At,Diesel,Automatic,2982,"1,70,000",First,Chennai,16.51 Lakh*
822,2019,Maruti,Maruti Vitara Brezza Vdi,Diesel,Automatic,1248,"24,000",First,Chennai,9.25 Lakh*
823,2018,Toyota,Toyota Yaris J,Petrol,Manual,1496,"25,000",First,Chennai,7.50 Lakh*
824,2013,Volkswagen,Volkswagen Passat Highline Dsg S (spl. Edition),Diesel,Automatic,1968,"91,000",First,Chennai,9.90 Lakh*
825,2001,Toyota,Toyota Qualis Gst D6,Diesel,Automatic,2446,"1,00,000",Third,Chennai,1.80 Lakh*
826,2016,Skoda,Skoda Rapid 1.5 Tdi Ambition Bsiv,Diesel,Automatic,1498,"63,000",Second,Chennai,5.90 Lakh*
827,2018,Skoda,Skoda Superb Style 2.0 Tdi At,Diesel,Automatic,1968,"55,000",First,Chennai,31.50 Lakh*
828,2016,Mercedes-benz,Mercedes-benz Gle 350d,Diesel,Automatic,2987,"1,19,000",Second,Chennai,35 Lakh*
829,2011,Chevrolet,Chevrolet Beat Diesel Ps,Diesel,Automatic,936,"63,132",First,Chennai,1.95 Lakh*
830,2012,Maruti,Maruti Ertiga Vdi Limited Edition,Diesel,Automatic,1248,"89,000",Second,Chennai,5.90 Lakh*
831,2020,Honda,Honda City I-vtec S,Petrol,Manual,1497,"10,059",First,Chennai,16.72 Lakh*
832,2018,Honda,Honda Amaze Vx Petrol,Petrol,Manual,1199,"10,000",First,Chennai,7.25 Lakh*
833,2017,Audi,Audi A4 35 Tdi Premium Plus,Diesel,Automatic,1968,"50,000",First,Chennai,28.75 Lakh*
834,2012,Hyundai,Hyundai I20 1.2 Magna,Petrol,Manual,1197,"1,00,961",First,Chennai,3.15 Lakh*
835,2015,Volvo,Volvo V40 D3 R-design,Diesel,Automatic,1984,"45,000",Second,Chennai,16.90 Lakh*
836,2018,Bmw,Bmw X1 Sdrive 20d Xline,Diesel,Automatic,1995,"19,000",First,Chennai,34.50 Lakh*
837,2016,Hyundai,Hyundai I20 1.2 Spotz,Petrol,Manual,1197,"33,854",First,Chennai,6.10 Lakh*
838,2010,Hyundai,Hyundai I10 Magna,Petrol,Manual,1197,"63,510",First,Chennai,2.70 Lakh*
839,2013,Hyundai,Hyundai I10 Sportz 1.2 At,Petrol,Manual,1197,"47,417",Second,Chennai,3.50 Lakh*
840,2017,Honda,Honda Wr-v I-dtec Vx,Diesel,Automatic,1498,"43,568",First,Chennai,7.60 Lakh*
841,2014,Volvo,Volvo S60 D4 Kinetic,Diesel,Automatic,1984,"90,000",First,Chennai,16.50 Lakh*
842,2017,Maruti,Maruti Ciaz Zxi,Petrol,Manual,1373,"71,965",First,Chennai,6 Lakh*
843,2016,Volvo,Volvo Xc 90 D5 Inscription,Diesel,Automatic,1969,"95,000",First,Chennai,43.50 Lakh*
844,2013,Hyundai,Hyundai Grand I10 Magna,Petrol,Manual,1197,"65,932",First,Chennai,3.95 Lakh*
845,2016,Hyundai,Hyundai I20 Sportz 1.2,Petrol,Manual,1197,"33,854",First,Chennai,6.10 Lakh*
846,2013,Mercedes-benz,Mercedes-benz M-class Ml 250 Cdi,Diesel,Automatic,2143,"1,10,000",First,Chennai,21 Lakh*
847,2020,Mercedes-benz,Mercedes-benz C-class Progressive C 220d,Diesel,Automatic,1950,"30,000",First,Chennai,43 Lakh*
848,2019,Mercedes-benz,Mercedes-benz Gla Class 200 D Sport,Diesel,Automatic,2143,"6,000",First,Chennai,32 Lakh*
849,2007,Maruti,Maruti Zen Estilo Lxi Bsiii,Petrol,Manual,998,"79,280",First,Chennai,1.35 Lakh*
850,2017,Bmw,Bmw 3 Series Gt Luxury Line,Diesel,Automatic,1995,"14,000",First,Chennai,36 Lakh*
851,2010,Hyundai,Hyundai I10 Magna 1.2,Petrol,Manual,1197,"63,510",First,Chennai,2.70 Lakh*
852,2010,Chevrolet,Chevrolet Beat Lt,Petrol,Manual,1199,"56,412",First,Chennai,2 Lakh*
853,2010,Chevrolet,Chevrolet Spark 1.0 Lt,Petrol,Manual,995,"83,900",Third,Chennai,1.45 Lakh*
854,2017,Audi,Audi A6 35 Tdi,Diesel,Automatic,1968,"55,000",First,Chennai,34 Lakh*
855,2017,Volkswagen,Volkswagen Polo 1.5 Tdi Highline,Diesel,Automatic,1498,"1,04,850",First,Chennai,5.60 Lakh*
856,2010,Maruti,Maruti Swift 1.3 Vxi,Petrol,Manual,1298,"40,000",First,Chennai,3.20 Lakh*
857,2015,Honda,Honda Amaze S I-vtech,Petrol,Manual,1198,"82,209",First,Chennai,4.65 Lakh*
858,2020,Renault,Renault Duster Rxs Option Cvt Bsiv,Petrol,Manual,1498,"8,444",First,Chennai,10.75 Lakh*
859,2007,Ford,Ford Fiesta 1.4 Durasport Exi,Petrol,Manual,1388,"31,010",Second,Chennai,1.40 Lakh*
860,2017,Mercedes-benz,Mercedes-benz Gla Class 200 Cdi,Diesel,Automatic,2143,"13,500",First,Chennai,27.50 Lakh*
861,2012,Maruti,Maruti Swift Dzire Lxi,Petrol,Manual,1197,"62,930",First,Chennai,4.10 Lakh*
862,2006,Ford,Ford Fiesta 1.4 Tdci Exi Limited Edition,Diesel,Automatic,1399,"1,52,975",Second,Chennai,1.20 Lakh*
863,2014,Volkswagen,Volkswagen Vento 2013-2015 1.6 Comfortline,Petrol,Manual,1598,"75,504",Second,Chennai,4.25 Lakh*
864,2014,Volkswagen,Volkswagen Vento 1.6 Comfortline,Petrol,Manual,1598,"75,504",Second,Chennai,4.25 Lakh*
865,2016,Honda,Honda Amaze S Petrol,Petrol,Manual,1199,"14,195",First,Chennai,4.50 Lakh*
866,2014,Volkswagen,Volkswagen Vento 1.5 Tdi Highline At,Diesel,Automatic,1498,"75,330",First,Chennai,6 Lakh*
867,2014,Mercedes-benz,Mercedes-benz E-class E250 Cdi Avantgrade,Diesel,Automatic,2143,"23,000",First,Chennai,25 Lakh*
868,2015,Honda,Honda Brio 1.2 Vx Mt,Petrol,Manual,1198,"63,309",First,Chennai,4.30 Lakh*
869,2019,Maruti,Maruti Celerio Zxi,Petrol,Manual,998,"7,267",First,Chennai,5 Lakh*
870,2012,Hyundai,Hyundai I20 Sportz 1.2,Petrol,Manual,1197,"67,900",First,Chennai,2.80 Lakh*
871,2017,Tata,Tata Tiago Xm,Petrol,Manual,1199,"6,92,007",First,Chennai,3.90 Lakh*
872,2017,Maruti,Maruti Wagon R Amt Vxi,Petrol,Manual,998,"47,756",First,Chennai,4.10 Lakh*
873,2016,Hyundai,Hyundai Grand I10 At Asta,Petrol,Manual,1197,"42,856",First,Chennai,5.20 Lakh*
874,2012,Maruti,Maruti Wagon R Vxi,Petrol,Manual,998,"37,126",First,Chennai,2.90 Lakh*
875,2019,Mahindra,Mahindra Marazzo M2 8str Bsiv,Diesel,Automatic,1497,"50,000",First,Chennai,10.78 Lakh*
876,2014,Honda,Honda Amaze S Diesel,Diesel,Automatic,1498,"72,495",First,Chennai,4.90 Lakh*
877,2017,Hyundai,Hyundai Eon Era Plus Option,Petrol,Manual,814,"70,935",First,Chennai,3.30 Lakh*
878,2019,Datsun,Datsun Go D Petrol,Petrol,Manual,1198,"27,000",First,Chennai,3.25 Lakh*
879,2019,Tata,Tata Tiago Xz,Petrol,Manual,1199,"27,000",First,Chennai,6.25 Lakh*
880,2014,Hyundai,Hyundai I20 Sportz 1.2,Petrol,Manual,1197,"29,000",First,Chennai,5.72 Lakh*
881,2014,Hyundai,Hyundai I20 Sportz 1.2,Petrol,Manual,1197,"45,000",First,Chennai,5.35 Lakh*
882,2014,Hyundai,Hyundai I20 Sportz 1.2,Petrol,Manual,1197,"30,000",First,Chennai,5.45 Lakh*
883,2017,Ford,Ford Classic 1.4 Duratorq Titanium,Diesel,Automatic,1399,"91,278",First,Chennai,4.10 Lakh*
884,2010,Hyundai,Hyundai Grand I10 1.2 Kappa Magna At,Petrol,Manual,1197,"74,577",First,Chennai,2.95 Lakh*
885,2011,Ford,Ford Classic 1.4 Duratorq Titanium,Diesel,Automatic,1399,"84,052",First,Chennai,2.25 Lakh*
886,2010,Maruti,Maruti Ritz Vxi (abs) Bs Iv,Petrol,Manual,1197,"81,843",First,Chennai,2.45 Lakh*
887,2012,Toyota,Toyota Corolla Altis 1.8 J,Petrol,Manual,1798,"50,000",First,Chennai,7.75 Lakh*
888,2009,Maruti,Maruti Swift Dzire Ldi,Diesel,Automatic,1248,"93,661",First,Chennai,3.20 Lakh*
889,2015,Maruti,Maruti Wagon R Vxi,Petrol,Manual,998,"53,400",First,Chennai,4 Lakh*
890,2006,Toyota,Toyota Innova 2.0 G1,Petrol,Manual,1998,"1,65,902",First,Chennai,4.85 Lakh*
891,2016,Honda,Honda Amaze E Petrol,Petrol,Manual,1199,"15,849",First,Chennai,5.50 Lakh*
892,2014,Hyundai,Hyundai I20 Sportz 1.2,Petrol,Manual,1197,"39,000",First,Chennai,5.25 Lakh*
893,2013,Honda,Honda City 1.5 V Mt Exclusive,Petrol,Manual,1497,"53,649",Second,Chennai,4.50 Lakh*
894,2012,Maruti,Maruti Swift Dzire Lxi 1.2,Petrol,Manual,1197,"75,448",First,Chennai,4.30 Lakh*
895,2018,Maruti,Maruti Swift Dzire Ldi,Diesel,Automatic,1248,"35,102",First,Chennai,7.30 Lakh*
896,2017,Maruti,Maruti Vitara Brezza Zdi Plus Dual Tone,Diesel,Automatic,1248,"55,000",First,Chennai,8.75 Lakh*
897,2014,Honda,Honda City I Vtec Sv,Petrol,Manual,1497,"72,144",First,Chennai,5.25 Lakh*
898,2016,Maruti,Maruti Alto 800 Lxi,Petrol,Manual,796,"23,136",First,Chennai,3.20 Lakh*
899,2016,Ford,Ford Ecosport 1.5 Ti Vct At Titanium,Petrol,Manual,1499,"58,743",Second,Chennai,5 Lakh*
900,2014,Honda,Honda City I Vtec Sv,Petrol,Manual,1497,"87,000",Second,Chennai,6.25 Lakh*
901,2007,Opelcorsa,Opelcorsa 1.6 Royale,Petrol,Manual,1589,"65,000",Third,Chennai,"90,000*"
902,2018,Honda,Honda Jazz 1.2 S I Vtec,Petrol,Manual,1199,"4,442",First,Chennai,7.75 Lakh*
903,2007,Maruti,Maruti Alto 800 Lxi,Petrol,Manual,796,"1,00,050",Second,Chennai,1.20 Lakh*
904,2008,Maruti,Maruti Zen Estilo 1.1 Lxi Bsiii,Petrol,Manual,1061,"50,000",First,Chennai,1.20 Lakh*
905,2005,Toyota,Toyota Innova 2.5 G (diesel) 8 Seater Bs Iv,Diesel,Automatic,2494,"2,35,000",Fourth,Chennai,3 Lakh*
906,2010,Ford,Ford Fiesta 1.4 Zxi Tdci Abs,Diesel,Automatic,1399,"90,000",Second,Chennai,2.10 Lakh*
