,Year,Brand,Model,Fuel Type,Transmission,Engine Capacity,Kms Driven,No. of Owners,Location,Price
0,2015,Audi,Audi Q7 35 Tdi Quattro Premium,Diesel,Automatic,2967,"45,000",First,New Delhi,26.90 Lakh*
1,2018,Ford,Ford Ecosport 1.5 Petrol Trend Plus At Bsiv,Petrol,Manual,1497,"55,303",First,New Delhi,7.20 Lakh*
2,2016,Audi,Audi Q7 35 Tdi Quattro Premium,Diesel,Automatic,2967,"29,000",First,New Delhi,34.90 Lakh*
3,2013,Audi,Audi Q5 2.0 Tdi Premium Plus,Diesel,Automatic,1968,"69,000",Second,New Delhi,14.90 Lakh*
4,2013,Bmw,Bmw 5 Series 530d,Diesel,Automatic,2993,"39,000",Second,New Delhi,22.90 Lakh*
5,2015,Audi,Audi Q3 35 Tdi Quattro Premium,Diesel,Automatic,1968,"55,000",First,New Delhi,18.90 Lakh*
6,2012,Bmw,Bmw 5 Series 520d Sedan,Diesel,Automatic,1995,"45,000",First,New Delhi,13.90 Lakh*
7,2017,Audi,Audi Q3 30 Tdi,Diesel,Automatic,1968,"45,000",Second,New Delhi,23.90 Lakh*
8,2021,Hyundai,Hyundai Tucson Gls Diesel At,Diesel,Automatic,1995,"17,001",First,New Delhi,26 Lakh*
9,2010,Honda,Honda Jazz S,Petrol,Manual,1198,"53,000",First,New Delhi,2.15 Lakh*
10,2016,Audi,Audi A6 35 Tdi,Diesel,Automatic,1968,"45,000",Second,New Delhi,26.90 Lakh*
11,2014,Audi,Audi A4 2.0 Tdi,Diesel,Automatic,1968,"29,000",First,New Delhi,14.90 Lakh*
12,2014,Toyota,Toyota Innova 2.5 Gx (diesel) 7 Seater,Diesel,Automatic,2494,"88,000",Second,New Delhi,7.21 Lakh*
13,2019,Mercedes-benz,Mercedes-benz C-class Progressive C 220d,Diesel,Automatic,1950,"26,000",First,New Delhi,41 Lakh*
14,2020,Audi,Audi A3 35 Tdi Premium Plus,Diesel,Automatic,1968,"32,000",First,New Delhi,28.90 Lakh*
15,2013,Mercedes-benz,Mercedes-benz C-class C 220 Cdi Avantgarde,Diesel,Automatic,2143,"39,000",First,New Delhi,12.99 Lakh*
16,2016,Bmw,Bmw X3 Xdrive20d Xline,Diesel,Automatic,1995,"45,000",First,New Delhi,27.50 Lakh*
17,2017,Mahindra,Mahindra Scorpio S10 7 Seater,Diesel,Automatic,2179,"69,000",First,New Delhi,11.75 Lakh*
18,2017,Toyota,Toyota Fortuner 2.8 4wd At,Diesel,Automatic,2755,"1,10,000",First,New Delhi,27.45 Lakh*
19,2013,Mahindra,Mahindra Xuv500 W8 2wd,Diesel,Automatic,2179,"1,20,000",Third,New Delhi,4.20 Lakh*
20,2017,Maruti,Maruti Ignis 1.2 Sigma Bsiv,Petrol,Manual,1197,"45,000",First,New Delhi,4.75 Lakh*
21,2017,Maruti,Maruti Alto K10 Vxi,Petrol,Manual,998,"50,000",First,New Delhi,2.90 Lakh*
22,2015,Honda,Honda City I Vtec Cvt Vx,Petrol,Manual,1497,"46,000",First,New Delhi,7.75 Lakh*
23,2010,Hyundai,Hyundai I10 Sportz 1.2 At,Petrol,Manual,1197,"87,000",First,New Delhi,2.25 Lakh*
24,2013,Maruti,Maruti Sx4 Green Vxi (cng),,,1586,"74,000",First,New Delhi,3.20 Lakh*
25,2010,Mercedes-benz,Mercedes-benz C-class C 200 Cgi Elegance,Petrol,Manual,1796,"74,000",Second,New Delhi,8.50 Lakh*
26,2012,Volkswagen,Volkswagen Polo Diesel Comfortline 1.2l,Diesel,Automatic,1199,"1,24,000",Second,New Delhi,1.71 Lakh*
27,2015,Maruti,Maruti Ritz Vdi,Diesel,Automatic,1248,"72,000",First,New Delhi,2.90 Lakh*
28,2018,Jeep,Jeep Compass 1.4 Limited Option Black,Petrol,Manual,1368,"24,000",First,New Delhi,16.50 Lakh*
29,2022,Hyundai,Hyundai Venue Sx Plus Turbo Dct,Petrol,Manual,998,"7,000",First,New Delhi,13.02 Lakh*
30,2016,Honda,Honda Amaze S I-vtech,Petrol,Manual,1198,"65,000",First,New Delhi,4.25 Lakh*
31,2014,Mahindra,Mahindra Scorpio Vlx 2wd 7s Bsiv,Diesel,Automatic,2179,"24,000",First,New Delhi,6.45 Lakh*
32,2009,Honda,Honda Jazz S,Petrol,Manual,1198,"56,000",First,New Delhi,1.95 Lakh*
33,2013,Ford,Ford Ecosport 1.5 Dv5 Mt Titanium,Diesel,Automatic,1498,"84,515",First,New Delhi,3.85 Lakh*
34,2008,Mercedes-benz,Mercedes-benz C-class C 200 Kompressor Elegance Mt,Petrol,Manual,1796,"65,000",Second,New Delhi,3.20 Lakh*
35,2010,Toyota,Toyota Corolla Altis G,Petrol,Manual,1798,"92,000",First,New Delhi,3.40 Lakh*
36,2010,Toyota,Toyota Corolla Altis G,Petrol,Manual,1798,"37,077",First,New Delhi,3.25 Lakh*
37,2021,Jeep,Jeep Wrangler Unlimited,Petrol,Manual,1998,"35,000",First,New Delhi,59 Lakh*
38,2012,Mahindra,Mahindra Thar 4x4,Diesel,Automatic,2498,"49,001",First,New Delhi,3.99 Lakh*
39,2021,Hyundai,Hyundai Alcazar Platinum Diesel At,Diesel,Automatic,1493,"15,000",First,New Delhi,22.50 Lakh*
40,2018,Toyota,Toyota Innova Crysta 2.8 Zx At Bsiv,Diesel,Automatic,2755,"72,000",First,New Delhi,18.50 Lakh*
41,2014,Mahindra,Mahindra Xuv500 W8 2wd,Diesel,Automatic,2179,"64,000",Second,New Delhi,5.75 Lakh*
42,2019,Land,Land Rover Range Rover Sport 3.0 Petrol Se,Petrol,Manual,2995,"15,000",First,New Delhi,1.21 Crore*
43,2019,Toyota,Toyota Innova Crysta 2.7 Zx At Bsiv,Petrol,Manual,2694,"19,000",First,New Delhi,21.50 Lakh*
44,2017,Renault,Renault Duster 110ps Diesel Rxs Amt,Diesel,Automatic,1461,"65,000",First,New Delhi,6 Lakh*
45,2016,Hyundai,Hyundai Creta 1.6 Crdi At Sx Plus,Diesel,Automatic,1582,"60,000",First,New Delhi,8.75 Lakh*
46,2017,Maruti,Maruti Ciaz At Zxi Plus,Petrol,Manual,1373,"34,000",First,New Delhi,7.75 Lakh*
47,2021,Renault,Renault Triber Rxl Bsiv,Petrol,Manual,999,"39,000",First,New Delhi,5.50 Lakh*
48,2016,Maruti,Maruti Vitara Brezza Zdi,Diesel,Automatic,1248,"72,000",First,New Delhi,6.50 Lakh*
49,2017,Maruti,Maruti Ignis 1.3 Alpha,Diesel,Automatic,1248,"56,000",First,New Delhi,5.50 Lakh*
50,2012,Hyundai,Hyundai I10 Era 1.1 Itech Se,Petrol,Manual,1086,"65,000",Second,New Delhi,2.15 Lakh*
51,2010,Hyundai,Hyundai I20 1.2 Magna,Petrol,Manual,1197,"86,000",Second,New Delhi,1.75 Lakh*
52,2020,Renault,Renault Kwid 1.0 Rxt Amt Opt,Petrol,Manual,999,"12,000",First,New Delhi,4.75 Lakh*
53,2019,Mahindra,Mahindra Scorpio S11,Diesel,Automatic,2179,"65,000",First,New Delhi,14.50 Lakh*
54,2014,Hyundai,Hyundai I10 Magna,Petrol,Manual,1197,"64,000",First,New Delhi,2.60 Lakh*
55,2021,Mg,Mg Hector Sharp Dct,Petrol,Manual,1451,"7,100",First,New Delhi,19.75 Lakh*
56,2015,Honda,Honda City I Vtec V,Petrol,Manual,1497,"62,000",First,New Delhi,6.35 Lakh*
57,2019,Hyundai,Hyundai Creta 1.6 Sx Automatic,Petrol,Manual,1591,"32,000",First,New Delhi,13.75 Lakh*
58,2014,Hyundai,Hyundai I20 Sportz 1.2,Petrol,Manual,1197,"47,000",First,New Delhi,4.20 Lakh*
59,2017,Renault,Renault Kwid Climber 1.0 Amt,Petrol,Manual,999,"13,423",First,New Delhi,4.85 Lakh*
60,2015,Mahindra,Mahindra Tuv 300 T8 Amt,Diesel,Automatic,1493,"26,000",First,New Delhi,5.50 Lakh*
61,2017,Hyundai,Hyundai I20 Asta 1.4 Crdi,Diesel,Automatic,1396,"62,000",First,New Delhi,6.75 Lakh*
62,2019,Bmw,Bmw X5 Xdrive 30d Design Pure Experience 5 Seater,Diesel,Automatic,2993,"50,000",First,New Delhi,75 Lakh*
63,2013,Mercedes-benz,Mercedes-benz C-class C 200 Cgi,Petrol,Manual,1991,"72,000",First,New Delhi,13.51 Lakh*
64,2014,Mahindra,Mahindra Scorpio Sle 7s Bsiv,Diesel,Automatic,2179,"74,000",Third,New Delhi,5.75 Lakh*
65,2022,Mahindra,Mahindra Thar Lx 4-str Convert Top Diesel At,Diesel,Automatic,2184,"6,000",First,New Delhi,18.50 Lakh*
66,2015,Honda,Honda City V At,Petrol,Manual,1497,"50,000",First,New Delhi,6.70 Lakh*
67,2011,Toyota,Toyota Etios Liva Vx,Petrol,Manual,1197,"59,000",Second,New Delhi,2.85 Lakh*
68,2010,Volkswagen,Volkswagen Beetle 2.0,Petrol,Manual,1984,"18,000",Second,New Delhi,12.75 Lakh*
69,2020,Hyundai,Hyundai Creta Sx Opt Diesel,Diesel,Automatic,1493,"55,124",First,New Delhi,17 Lakh*
70,2017,Hyundai,Hyundai Creta 1.6 Vtvt Sx Plus,Petrol,Manual,1591,"54,300",Second,New Delhi,9.25 Lakh*
71,2018,Maruti,Maruti Swift Vvt Vxi,Petrol,Manual,1197,"15,000",First,New Delhi,5.50 Lakh*
72,2015,Bmw,Bmw 7 Series 730ld,Diesel,Automatic,2993,"56,000",First,New Delhi,29.75 Lakh*
73,2018,Maruti,Maruti Vitara Brezza Vdi,Diesel,Automatic,1248,"58,001",First,New Delhi,6.90 Lakh*
74,2018,Maruti,Maruti Ertiga Vxi,Petrol,Manual,1462,"2,300",First,New Delhi,8.75 Lakh*
75,2017,Bmw,Bmw 3 Series 320i Luxury Line,Petrol,Manual,1998,"20,000",First,New Delhi,30 Lakh*
76,2017,Toyota,Toyota Fortuner 2.8 4wd At,Diesel,Automatic,2755,"80,001",First,New Delhi,24.90 Lakh*
77,2012,Hyundai,Hyundai I20 1.2 Magna Opt,Petrol,Manual,1197,"36,400",First,New Delhi,3.45 Lakh*
78,2011,Tata,Tata Nano Lx Bsiv,Petrol,Manual,624,"25,000",Third,New Delhi,"79,000*"
79,2013,Mahindra,Mahindra Scorpio Lx 2wd 7s,Diesel,Automatic,2179,"76,000",First,New Delhi,4.45 Lakh*
80,2019,Maruti,Maruti Vitara Brezza Zdi Plus,Diesel,Automatic,1248,"30,001",First,New Delhi,8.25 Lakh*
81,2019,Hyundai,Hyundai Creta 1.4 Ex Diesel,Diesel,Automatic,1396,"36,158",First,New Delhi,10 Lakh*
82,2019,Honda,Honda Amaze E Petrol Bsiv,Petrol,Manual,1199,"55,006",First,New Delhi,5.90 Lakh*
83,2014,Hyundai,Hyundai Grand I10 At Asta,Petrol,Manual,1197,"63,400",First,New Delhi,4.50 Lakh*
84,2014,Toyota,Toyota Fortuner 4x2 4 Speed At,Diesel,Automatic,2982,"43,000",First,New Delhi,16.75 Lakh*
85,2018,Ford,Ford Endeavour 3.2 Titanium At 4x4,Diesel,Automatic,3198,"75,000",First,New Delhi,28.75 Lakh*
86,2021,Audi,Audi A6 45 Tfsi Premium Plus,Petrol,Manual,1984,"17,000",First,New Delhi,52 Lakh*
87,2022,Mahindra,Mahindra Xuv700 Ax3 Diesel,Diesel,Automatic,2198,"4,000",First,New Delhi,18 Lakh*
88,2015,Honda,Honda City I Dtec Vx,Diesel,Automatic,1498,"53,600",First,New Delhi,6.75 Lakh*
89,2014,Mahindra,Mahindra Thar 4x4,Diesel,Automatic,2498,"40,000",Fourth,New Delhi,5.25 Lakh*
90,2015,Porsche,Porsche Cayenne S Diesel Platinum Edition,Diesel,Automatic,4134,"65,000",Second,New Delhi,52 Lakh*
91,2020,Mini,Mini 3 Door Cooper S,Petrol,Manual,1998,"13,000",First,New Delhi,40 Lakh*
92,2011,Toyota,Toyota Etios Liva G,Petrol,Manual,1197,"75,000",Second,New Delhi,2.50 Lakh*
93,2018,Audi,Audi Q5 35tdi Technology,Diesel,Automatic,1968,"42,600",First,New Delhi,41.50 Lakh*
94,2021,Mercedes-benz,Mercedes-benz Gle 300d,Diesel,Automatic,1950,"40,000",First,New Delhi,78 Lakh*
95,2016,Maruti,Maruti Ciaz Vxi Plus,Petrol,Manual,1373,"29,000",First,New Delhi,6.50 Lakh*
96,2018,Honda,Honda Wr-v I-dtec Vx,Diesel,Automatic,1498,"43,600",First,New Delhi,7.40 Lakh*
97,2013,Jaguar,Jaguar Xf 3.0 Litre S Premium Luxury,Diesel,Automatic,2993,"56,000",Second,New Delhi,13.90 Lakh*
98,2019,Mercedes-benz,Mercedes-benz V-class Marco Polo,Diesel,Automatic,2143,"45,000",Second,New Delhi,64 Lakh*
99,2018,Mercedes-benz,Mercedes-benz Glc 43 Amg Coupe,Petrol,Manual,2996,"16,000",First,New Delhi,55 Lakh*
100,2021,Hyundai,Hyundai Creta Sx Executive,Petrol,Manual,1497,"10,000",First,New Delhi,15.14 Lakh*
101,2011,Mercedes-benz,Mercedes-benz C-class C 200 Cgi Avantgarde,Petrol,Manual,1796,"78,000",Second,New Delhi,9.49 Lakh*
102,2011,Mercedes-benz,Mercedes-benz C-class C 200 Cgi Avantgarde,Petrol,Manual,1796,"77,000",First,New Delhi,9.90 Lakh*
103,2021,Tata,Tata Punch Pure Rhythm,Petrol,Manual,1199,"4,500",First,New Delhi,6.25 Lakh*
104,2020,Mercedes-benz,Mercedes-benz C-class Coupe C43 Amg,Petrol,Manual,2996,"9,800",First,New Delhi,69 Lakh*
105,2012,Land,Land Rover Range Rover Vogue Se 4.4 Sdv8,Diesel,Automatic,4367,"85,000",First,New Delhi,34 Lakh*
106,2015,Honda,Honda Amaze S I-vtech,Petrol,Manual,1198,"29,000",First,New Delhi,4.45 Lakh*
107,2016,Honda,Honda Amaze S I-vtec,Petrol,Manual,1198,"54,000",Second,New Delhi,4.09 Lakh*
108,2018,Maruti,Maruti Ertiga Cng Vxi,,,1462,"62,000",First,New Delhi,7.85 Lakh*
109,2017,Mercedes-benz,Mercedes-benz E-class Expression E 200 Bsiv,Petrol,Manual,1991,"24,000",First,New Delhi,45.10 Lakh*
110,2013,Audi,Audi Q3 35 Tdi Quattro Premium Plus,Diesel,Automatic,1968,"79,000",First,New Delhi,9.90 Lakh*
111,2015,Audi,Audi A4 2.0 Tdi 177 Bhp Premium Plus,Diesel,Automatic,1968,"43,000",Second,New Delhi,14.50 Lakh*
112,2020,Maruti,Maruti Vitara Brezza Vxi At,Petrol,Manual,1462,"23,000",First,New Delhi,8.90 Lakh*
113,2021,Mg,Mg Hector Sharp Dct,Petrol,Manual,1451,"17,000",First,New Delhi,19.50 Lakh*
114,2019,Mahindra,Mahindra Scorpio S9 Bsiv,Diesel,Automatic,2179,"8,500",First,New Delhi,15.40 Lakh*
115,2020,Hyundai,Hyundai I20 Sportz,Petrol,Manual,1197,"9,000",First,New Delhi,8.90 Lakh*
116,2019,Bmw,Bmw 6 Series Gt 630d M Sport 2018-2021,Diesel,Automatic,2993,"23,000",First,New Delhi,65 Lakh*
117,2020,Mercedes-benz,Mercedes-benz E-class Exclusive E 200,Petrol,Manual,1991,"3,400",First,New Delhi,65 Lakh*
118,2020,Maruti,Maruti Baleno 1.2 Delta,Petrol,Manual,1197,"13,000",First,New Delhi,7.10 Lakh*
119,2018,Mercedes-benz,Mercedes-benz Gls 350d 4matic,Diesel,Automatic,2987,"42,000",First,New Delhi,65.10 Lakh*
120,2018,Maruti,Maruti Swift Lxi Bsiv,Petrol,Manual,1197,"40,000",First,New Delhi,4.86 Lakh*
121,2021,Maruti,Maruti Wagon R Cng Lxi,,,998,"36,000",First,New Delhi,6.19 Lakh*
122,2019,Maruti,Maruti Baleno 1.2 Delta,Petrol,Manual,1197,"36,000",First,New Delhi,6.25 Lakh*
123,2021,Volvo,Volvo S60 T4 Inscription,Petrol,Manual,1969,"10,500",Second,New Delhi,44.20 Lakh*
124,2013,Honda,Honda Accord 2.4 A/t,Petrol,Manual,2354,"65,000",Second,New Delhi,5.90 Lakh*
125,2019,Mahindra,Mahindra Scorpio S3 9 Seater Bsiv,Diesel,Automatic,2523,"35,000",First,New Delhi,10.75 Lakh*
126,2015,Hyundai,Hyundai I20 Sportz Option 1.2,Petrol,Manual,1197,"60,000",First,New Delhi,5.25 Lakh*
127,2021,Mg,Mg Hector Sharp Dct,Petrol,Manual,1451,"7,000",First,New Delhi,19.75 Lakh*
128,2012,Mahindra,Mahindra Quanto C2,Diesel,Automatic,1493,"1,12,000",First,New Delhi,1.40 Lakh*
129,2017,Hyundai,Hyundai I20 Asta Option 1.2,Petrol,Manual,1197,"45,700",First,New Delhi,5.35 Lakh*
130,2019,Honda,Honda City 1.5 V Mt Exclusive,Petrol,Manual,1497,"28,841",First,New Delhi,9.25 Lakh*
131,2014,Maruti,Maruti Wagon R Vxi,Petrol,Manual,998,"44,500",First,New Delhi,2.95 Lakh*
132,2014,Hyundai,Hyundai I10 Sportz 1.1l,Petrol,Manual,1086,"65,000",First,New Delhi,3.30 Lakh*
133,2018,Maruti,Maruti Alto 800 Lxi Cng,,,796,"43,350",Second,New Delhi,2.95 Lakh*
134,2015,Hyundai,Hyundai I20 Magna 1.2,Petrol,Manual,1197,"75,000",First,New Delhi,5.20 Lakh*
135,2019,Honda,Honda City V Mt Avn,Petrol,Manual,1497,"19,942",First,New Delhi,9.25 Lakh*
136,2018,Hyundai,Hyundai Verna 1.6 Sx Vtvt,Petrol,Manual,1591,"48,735",Second,New Delhi,8.40 Lakh*
137,2015,Honda,Honda City V Mt,Petrol,Manual,1497,"72,000",First,New Delhi,6.10 Lakh*
138,2011,Toyota,Toyota Etios Liva G,Petrol,Manual,1197,"72,000",First,New Delhi,2.40 Lakh*
139,2017,Honda,Honda Amaze Sx I Vtec,Petrol,Manual,1198,"28,000",First,New Delhi,4.80 Lakh*
140,2017,Maruti,Maruti Wagon R Lxi Cng,,,998,"67,000",First,New Delhi,4.19 Lakh*
141,2019,Toyota,Toyota Etios Liva V,Petrol,Manual,1197,"34,390",First,New Delhi,5.25 Lakh*
142,2014,Honda,Honda Amaze S I-vtech,Petrol,Manual,1198,"45,000",First,New Delhi,3.80 Lakh*
143,2016,Skoda,Skoda Rapid 1.6 Mpi Ambition With Alloy Wheel,Petrol,Manual,1598,"56,000",First,New Delhi,5.25 Lakh*
144,2015,Volkswagen,Volkswagen Vento 1.6 Trendline,Petrol,Manual,1598,"75,000",First,New Delhi,4.40 Lakh*
145,2019,Honda,Honda City V Mt Avn,Petrol,Manual,1497,"37,646",First,New Delhi,9.10 Lakh*
146,2014,Honda,Honda City I Vtec Cvt Vx,Petrol,Manual,1497,"95,000",First,New Delhi,6.20 Lakh*
147,2020,Volkswagen,Volkswagen Tiguan Allspace 4motion,Petrol,Manual,1984,"15,000",First,New Delhi,31.50 Lakh*
148,2020,Mercedes-benz,Mercedes-benz Glc 200,Petrol,Manual,1991,"33,000",First,New Delhi,55 Lakh*
149,2017,Maruti,Maruti Swift Dzire S Cng,,,1197,"66,000",First,New Delhi,5.85 Lakh*
150,2015,Maruti,Maruti Ciaz At Zxi,Petrol,Manual,1373,"93,000",Second,New Delhi,5.90 Lakh*
151,2016,Maruti,Maruti Ciaz Vxi Plus,Petrol,Manual,1373,"70,000",First,New Delhi,5.70 Lakh*
152,2015,Maruti,Maruti Ciaz Vxi,Petrol,Manual,1373,"72,000",First,New Delhi,5.60 Lakh*
153,2019,Maruti,Maruti Baleno 1.2 Sigma,Petrol,Manual,1197,"20,000",First,New Delhi,5.75 Lakh*
154,2016,Hyundai,Hyundai Creta 1.6 Sx Automatic,Petrol,Manual,1591,"48,000",First,New Delhi,9.99 Lakh*
155,2019,Maruti,Maruti Alto K10 Lxi Cng,,,998,"35,000",First,New Delhi,3.99 Lakh*
156,2009,Honda,Honda City 1.5 S At,Petrol,Manual,1497,"59,000",First,New Delhi,2.95 Lakh*
157,2018,Maruti,Maruti Baleno 1.2 Delta,Petrol,Manual,1197,"39,000",First,New Delhi,6.15 Lakh*
158,2019,Tata,Tata Nexon 1.2 Revotron Xz Plus,Petrol,Manual,1198,"45,000",First,New Delhi,8.85 Lakh*
159,2010,Hyundai,Hyundai I20 1.2 Sportz Option,Petrol,Manual,1197,"37,000",First,New Delhi,2.31 Lakh*
160,2020,Kia,Kia Carnival Premium,Diesel,Automatic,2199,"24,000",Second,New Delhi,27.50 Lakh*
161,2011,Maruti,Maruti Alto K10 Lxi,Petrol,Manual,998,"31,500",First,New Delhi,1.69 Lakh*
162,2017,Tata,Tata Nexon 1.5 Revotorq Xm,Diesel,Automatic,1497,"59,000",First,New Delhi,6.45 Lakh*
163,2017,Renault,Renault Kwid 1.0 Amt Rxl,Petrol,Manual,999,"60,000",First,New Delhi,2.40 Lakh*
164,2017,Hyundai,Hyundai Eon Era Plus,Petrol,Manual,814,"37,001",First,New Delhi,3.10 Lakh*
165,2014,Honda,Honda City I Dtec V,Diesel,Automatic,1498,"65,000",First,New Delhi,4.45 Lakh*
166,2017,Mahindra,Mahindra Xuv500 At W6 1.99 Mhawk,Diesel,Automatic,1997,"74,000",First,New Delhi,10 Lakh*
167,2021,Hyundai,Hyundai Creta Sx,Petrol,Manual,1497,"12,009",First,New Delhi,13.75 Lakh*
168,2019,Toyota,Toyota Fortuner 2.8 2wd At,Diesel,Automatic,2755,"50,004",First,New Delhi,30.75 Lakh*
169,2017,Land,Land Rover Discovery Sport Td4 Hse,Diesel,Automatic,1999,"77,009",First,New Delhi,36 Lakh*
170,2016,Mercedes-benz,Mercedes-benz C-class C 250d Avantgarde Edition C,Diesel,Automatic,2143,"55,001",First,New Delhi,21.75 Lakh*
171,2020,Hyundai,Hyundai Verna Crdi 1.6 Sx,Diesel,Automatic,1582,"24,009",First,New Delhi,11 Lakh*
172,2021,Hyundai,Hyundai Creta S Diesel,Diesel,Automatic,1493,"12,001",First,New Delhi,12.70 Lakh*
173,2016,Renault,Renault Kwid 1.0 Rxt,Petrol,Manual,999,"65,000",Second,New Delhi,2.95 Lakh*
174,2014,Nissan,Nissan Terrano Xl 85 Ps,Diesel,Automatic,1461,"71,000",First,New Delhi,3.75 Lakh*
175,2019,Volkswagen,Volkswagen Ameo 1.5 Tdi Highline At 16 Alloy,Diesel,Automatic,1498,"1,10,000",First,New Delhi,5.50 Lakh*
176,2017,Toyota,Toyota Camry 2.5 Hybrid,Petrol,Manual,2494,"47,000",First,New Delhi,23.50 Lakh*
177,2020,Kia,Kia Seltos Gtx Plus Dct,Petrol,Manual,1353,"12,000",First,New Delhi,18.50 Lakh*
178,2020,Mahindra,Mahindra Thar Lx 4-str Convert Top Diesel,Diesel,Automatic,2184,"24,000",Second,New Delhi,14.50 Lakh*
179,2015,Hyundai,Hyundai I20 Active 1.2 S,Petrol,Manual,1197,"59,000",First,New Delhi,5.40 Lakh*
180,2017,Jeep,Jeep Compass 2.0 Sport,Diesel,Automatic,1956,"36,000",First,New Delhi,10.75 Lakh*
181,2021,Kia,Kia Seltos Hte G,Petrol,Manual,1497,"10,000",First,New Delhi,10.65 Lakh*
182,2017,Volkswagen,Volkswagen Polo Gt Tsi,Petrol,Manual,1197,"15,000",First,New Delhi,7.20 Lakh*
183,2014,Hyundai,Hyundai Grand I10 At Sportz,Petrol,Manual,1197,"29,000",First,New Delhi,4.45 Lakh*
184,2021,Kia,Kia Sonet 1.2 Htk,Petrol,Manual,1197,"30,742",First,New Delhi,9.50 Lakh*
185,2014,Audi,Audi A4 2.0 Tdi 177 Bhp Premium Plus,Diesel,Automatic,1968,"65,000",Second,New Delhi,11 Lakh*
186,2011,Toyota,Toyota Corolla Altis Diesel D4dg,Diesel,Automatic,1364,"70,000",First,New Delhi,2.55 Lakh*
187,2019,Mitsubishi,Mitsubishi Pajero Sport 4x2 At,Diesel,Automatic,2477,"39,000",First,New Delhi,22.90 Lakh*
188,2017,Maruti,Maruti Swift Dzire Amt Vdi,Diesel,Automatic,1248,"50,000",Second,New Delhi,5.95 Lakh*
189,2019,Renault,Renault Triber Rxl,Petrol,Manual,999,"49,000",First,New Delhi,6.25 Lakh*
190,2019,Bmw,Bmw X3 Xdrive 20d Luxury Line,Diesel,Automatic,1995,"33,000",First,New Delhi,49.50 Lakh*
191,2016,Honda,Honda Cr-v 2.0l 2wd At,Petrol,Manual,1997,"72,000",First,New Delhi,12.50 Lakh*
192,2018,Mercedes-benz,Mercedes-benz S-class S 350 D,Diesel,Automatic,2925,"50,000",First,New Delhi,68 Lakh*
193,2017,Mercedes-benz,Mercedes-benz E-class E 200 Cgi,Petrol,Manual,1991,"56,000",First,New Delhi,42.90 Lakh*
194,2015,Honda,Honda Mobilio V Option I-dtec,Diesel,Automatic,1498,"65,000",First,New Delhi,4.50 Lakh*
195,2019,Maruti,Maruti Ertiga Vxi At,Petrol,Manual,1462,"18,000",First,New Delhi,9.20 Lakh*
196,2012,Porsche,Porsche Cayenne Diesel,Diesel,Automatic,2967,"1,10,000",Second,New Delhi,18.50 Lakh*
197,2015,Mercedes-benz,Mercedes-benz Cla 200 Cdi Sport,Diesel,Automatic,2143,"85,000",Third,New Delhi,16.50 Lakh*
198,2016,Mercedes-benz,Mercedes-benz Cla 200 Cgi Sport,Petrol,Manual,1991,"15,000",First,New Delhi,23.90 Lakh*
199,2020,Renault,Renault Kwid 1.0 Rxt Amt Bsiv,Petrol,Manual,999,"15,000",First,New Delhi,4.85 Lakh*
200,2014,Audi,Audi A4 2.0 Tdi 177 Bhp Premium Plus,Diesel,Automatic,1968,"65,000",First,New Delhi,11.90 Lakh*
201,2019,Nissan,Nissan Kicks Xl Bsiv,Petrol,Manual,1498,"21,000",First,New Delhi,7.65 Lakh*
202,2016,Hyundai,Hyundai Grand I10 1.2 Crdi Sportz,Diesel,Automatic,1186,"31,882",First,New Delhi,4.30 Lakh*
203,2017,Hyundai,Hyundai Verna 1.6 Sx Vtvt,Petrol,Manual,1591,"47,964",First,New Delhi,7.45 Lakh*
204,2020,Hyundai,Hyundai Verna Sx,Petrol,Manual,1497,"6,400",First,New Delhi,12.15 Lakh*
205,2013,Toyota,Toyota Fortuner 4x4 Mt,Diesel,Automatic,2982,"1,46,000",First,New Delhi,12.25 Lakh*
206,2015,Toyota,Toyota Fortuner 4x4 At,Diesel,Automatic,2982,"1,60,000",First,New Delhi,16 Lakh*
207,2014,Bmw,Bmw 5 Series 525d Luxury Line,Diesel,Automatic,1995,"70,000",Second,New Delhi,16.50 Lakh*
208,2021,Mercedes-benz,Mercedes-benz Glc Coupe 300d 4matic,Diesel,Automatic,1950,"10,000",First,New Delhi,77 Lakh*
209,2010,Maruti,Maruti Wagon R Cng Lxi,,,998,"77,000",Second,New Delhi,1.65 Lakh*
210,2013,Hyundai,Hyundai Santro Xing Gls Cng,,,1086,"72,000",Second,New Delhi,2.40 Lakh*
211,2010,Hyundai,Hyundai I10 Magna,Petrol,Manual,1197,"69,000",First,New Delhi,1.65 Lakh*
212,2015,Honda,Honda Brio S Mt,Petrol,Manual,1198,"33,000",First,New Delhi,4.25 Lakh*
213,2018,Ford,Ford Ecosport 1.5 Petrol Titanium Plus At,Petrol,Manual,1496,"45,000",First,New Delhi,8.75 Lakh*
214,2015,Honda,Honda City I Vtec V,Petrol,Manual,1497,"54,200",First,New Delhi,6.85 Lakh*
215,2014,Maruti,Maruti Swift Dzire Vxi,Petrol,Manual,1197,"67,123",First,New Delhi,4.15 Lakh*
216,2020,Maruti,Maruti Swift Amt Vxi,Petrol,Manual,1197,"15,000",First,New Delhi,5.80 Lakh*
217,2015,Mercedes-benz,Mercedes-benz S-class S 350 Cdi,Diesel,Automatic,2987,"67,000",Second,New Delhi,47.50 Lakh*
218,2010,Maruti,Maruti Wagon R Vxi Optional,Petrol,Manual,998,"52,000",First,New Delhi,1.85 Lakh*
219,2015,Ford,Ford Ecosport 1.5 Petrol Titanium,Petrol,Manual,1496,"75,000",First,New Delhi,5.75 Lakh*
220,2017,Mahindra,Mahindra Xuv500 W6 1.99 Mhawk,Diesel,Automatic,1997,"39,000",First,New Delhi,8.75 Lakh*
221,2009,Maruti,Maruti Swift Dzire Zxi,Petrol,Manual,1298,"75,000",Second,New Delhi,1.85 Lakh*
222,2018,Maruti,Maruti Ciaz Alpha Diesel,Diesel,Automatic,1248,"46,000",First,New Delhi,7.81 Lakh*
223,2014,Mahindra,Mahindra Xuv500 W8 2wd,Diesel,Automatic,2179,"58,000",Second,New Delhi,4.81 Lakh*
224,2012,Hyundai,Hyundai I10 Era 1.1 Itech Se,Petrol,Manual,1086,"69,001",First,New Delhi,2.25 Lakh*
225,2015,Mahindra,Mahindra Xuv500 W4,Diesel,Automatic,2179,"72,000",First,New Delhi,5.45 Lakh*
226,2013,Mahindra,Mahindra Xuv500 W8 2wd,Diesel,Automatic,2179,"64,000",First,New Delhi,4.99 Lakh*
227,2014,Renault,Renault Duster 85ps Diesel Rxl,Diesel,Automatic,1461,"68,000",First,New Delhi,3.55 Lakh*
228,2020,Maruti,Maruti Ciaz Delta At,Petrol,Manual,1462,"35,000",First,New Delhi,9.45 Lakh*
229,2019,Hyundai,Hyundai Venue Sx Turbo,Petrol,Manual,998,"51,000",First,New Delhi,8.85 Lakh*
230,2014,Honda,Honda City I Vtec Vx Option,Petrol,Manual,1497,"45,000",First,New Delhi,6.49 Lakh*
231,2015,Toyota,Toyota Camry Hybrid 2.5,Petrol,Manual,2487,"79,000",Second,New Delhi,16.45 Lakh*
232,2010,Honda,Honda City S,Petrol,Manual,1497,"70,000",First,New Delhi,2.85 Lakh*
233,2014,Ford,Ford Ecosport 1.5 Dv5 Mt Titanium,Diesel,Automatic,1498,"75,000",First,New Delhi,3.75 Lakh*
234,2014,Honda,Honda City I Dtec V,Diesel,Automatic,1498,"99,000",First,New Delhi,4.49 Lakh*
235,2019,Maruti,Maruti Celerio Vxi,Petrol,Manual,998,"61,721",First,New Delhi,4.50 Lakh*
236,2013,Mercedes-benz,Mercedes-benz A Class A180 Cdi,Diesel,Automatic,2143,"98,000",First,New Delhi,7.90 Lakh*
237,2020,Ford,Ford Ecosport 1.5 Petrol Titanium,Petrol,Manual,1496,"28,000",First,New Delhi,8.75 Lakh*
238,2014,Honda,Honda City V Mt,Petrol,Manual,1497,"75,000",First,New Delhi,5.75 Lakh*
239,2019,Hyundai,Hyundai Santro Sportz,Petrol,Manual,1086,"50,000",First,New Delhi,4.90 Lakh*
240,2017,Renault,Renault Kwid Rxt Amt,Petrol,Manual,799,"45,000",First,New Delhi,3.10 Lakh*
241,2012,Mahindra,Mahindra Quanto C8,Diesel,Automatic,1493,"82,000",First,New Delhi,2.20 Lakh*
242,2018,Mercedes-benz,Mercedes-benz E-class Expression E 200 Bsiv,Petrol,Manual,1991,"55,000",First,New Delhi,47.90 Lakh*
243,2018,Datsun,Datsun Redigo Amt 1.0 T Option,Petrol,Manual,999,"11,000",First,New Delhi,3.75 Lakh*
244,2011,Honda,Honda City 1.5 S Mt,Petrol,Manual,1497,"67,000",Second,New Delhi,2.60 Lakh*
245,2012,Maruti,Maruti Swift Dzire Vxi At,Petrol,Manual,1197,"58,000",First,New Delhi,3.55 Lakh*
246,2019,Honda,Honda City I-vtec Zx,Petrol,Manual,1497,"29,000",First,New Delhi,11.65 Lakh*
247,2014,Nissan,Nissan Terrano Xe 85 Ps,Diesel,Automatic,1461,"59,000",Second,New Delhi,3.60 Lakh*
248,2019,Bmw,Bmw X1 Sdrive 20d M Sport,Diesel,Automatic,1995,"12,007",First,New Delhi,33.75 Lakh*
249,2020,Bmw,Bmw X1 Sdrive 20d M Sport,Diesel,Automatic,1995,"21,005",First,New Delhi,35.75 Lakh*
250,2017,Bmw,Bmw 3 Series Gt Luxury Line,Diesel,Automatic,1995,"28,008",Second,New Delhi,28.50 Lakh*
251,2017,Mercedes-benz,Mercedes-benz S-class S 350 D,Diesel,Automatic,2925,"37,007",First,New Delhi,65 Lakh*
252,2020,Mercedes-benz,Mercedes-benz Glc 200,Petrol,Manual,1991,"39,007",First,New Delhi,56.50 Lakh*
253,2020,Toyota,Toyota Fortuner 2.8 4wd At,Diesel,Automatic,2755,"12,007",First,New Delhi,38.75 Lakh*
254,2018,Maruti,Maruti Ertiga Zxi Plus Petrol,Petrol,Manual,1462,"43,000",First,New Delhi,9.25 Lakh*
255,2017,Mercedes-benz,Mercedes-benz E-class E 200 Cgi,Petrol,Manual,1991,"45,005",Second,New Delhi,42 Lakh*
256,2021,Audi,Audi A4 Technology,Petrol,Manual,1998,"20,005",First,New Delhi,44.75 Lakh*
257,2017,Bmw,Bmw 3 Series Gt Luxury Line,Diesel,Automatic,1995,"28,005",Second,New Delhi,28.90 Lakh*
258,2016,Maruti,Maruti Vitara Brezza Zdi Plus,Diesel,Automatic,1248,"49,000",First,New Delhi,6.99 Lakh*
259,2014,Honda,Honda Brio S Mt,Petrol,Manual,1198,"55,000",First,New Delhi,3.25 Lakh*
260,2013,Maruti,Maruti Alto 800 Lxi,Petrol,Manual,796,"90,000",First,New Delhi,1.75 Lakh*
261,2017,Toyota,Toyota Innova Crysta 2.4 Zx Mt,Diesel,Automatic,2393,"39,000",First,New Delhi,17.85 Lakh*
262,2015,Mahindra,Mahindra Xuv500 W4,Diesel,Automatic,2179,"52,000",Second,New Delhi,7 Lakh*
263,2013,Mahindra,Mahindra Bolero Sle,Diesel,Automatic,2523,"63,000",First,New Delhi,3.99 Lakh*
264,2017,Honda,Honda Amaze S I-vtec,Petrol,Manual,1198,"70,000",First,New Delhi,4.99 Lakh*
265,2011,Honda,Honda Civic 1.8 V At Sunroof,Petrol,Manual,1799,"65,000",Second,New Delhi,4.75 Lakh*
266,2017,Maruti,Maruti Ciaz Alpha 1.5,Diesel,Automatic,1498,"55,000",First,New Delhi,6.70 Lakh*
267,2014,Mercedes-benz,Mercedes-benz Gl-class 350 Cdi Blue Efficiency,Diesel,Automatic,2987,"60,000",Second,New Delhi,31 Lakh*
268,2015,Mahindra,Mahindra Kuv 100 Mfalcon G80 K8,Petrol,Manual,1198,"60,000",First,New Delhi,3.95 Lakh*
269,2011,Hyundai,Hyundai I20 1.2 Sportz Option,Petrol,Manual,1197,"62,000",First,New Delhi,2.50 Lakh*
270,2019,Honda,Honda City V Cvt,Petrol,Manual,1497,"30,000",First,New Delhi,10.90 Lakh*
271,2021,Mercedes-benz,Mercedes-benz S-class S 350 D,Diesel,Automatic,2925,"26,000",First,New Delhi,1.05 Crore*
272,2017,Hyundai,Hyundai I20 1.2 Spotz,Petrol,Manual,1197,"52,000",First,New Delhi,5.65 Lakh*
273,2015,Hyundai,Hyundai Creta 1.6 Crdi Sx Option,Diesel,Automatic,1582,"80,000",First,New Delhi,8.10 Lakh*
274,2015,Maruti,Maruti Ciaz At Zxi Plus,Petrol,Manual,1373,"70,000",First,New Delhi,6.80 Lakh*
275,2016,Honda,Honda Jazz 1.2 V I Vtec,Petrol,Manual,1199,"43,000",First,New Delhi,5.80 Lakh*
276,2010,Hyundai,Hyundai I10 Era 1.1,Petrol,Manual,1086,"62,000",First,New Delhi,2.25 Lakh*
277,2011,Volkswagen,Volkswagen Vento Petrol Highline At,Petrol,Manual,1598,"38,000",Third,New Delhi,2.90 Lakh*
278,2013,Hyundai,Hyundai Grand I10 Magna,Petrol,Manual,1197,"70,000",First,New Delhi,3.25 Lakh*
279,2017,Mahindra,Mahindra Xuv500 At W6 2wd,Diesel,Automatic,2179,"66,000",First,New Delhi,9.85 Lakh*
280,2010,Hyundai,Hyundai I20 Asta Optional With Sunroof 1.2,Petrol,Manual,1197,"72,000",First,New Delhi,2.99 Lakh*
281,2009,Toyota,Toyota Corolla Altis 1.8 Vl At,Petrol,Manual,1794,"82,000",Second,New Delhi,2.99 Lakh*
282,2014,Tata,Tata Safari Storme Vx,Diesel,Automatic,2179,"70,000",First,New Delhi,4.99 Lakh*
283,2016,Ford,Ford Endeavour 3.2 Titanium At 4x4,Diesel,Automatic,3198,"72,000",First,New Delhi,17 Lakh*
284,2014,Ford,Ford Figo Diesel Zxi,Diesel,Automatic,1399,"65,000",First,New Delhi,2.49 Lakh*
285,2019,Skoda,Skoda Octavia 1.8 Tsi At Style Plus,Petrol,Manual,1798,"11,000",First,New Delhi,17 Lakh*
286,2014,Ford,Ford Ecosport 1.5 Dv5 Mt Titanium Optional,Diesel,Automatic,1498,"94,000",First,New Delhi,3.99 Lakh*
287,2020,Mahindra,Mahindra Scorpio S11,Diesel,Automatic,2179,"68,000",First,New Delhi,15.25 Lakh*
288,2020,Hyundai,Hyundai I20 1.2 Asta Option,Petrol,Manual,1197,"27,000",First,New Delhi,7.50 Lakh*
289,2022,Mg,Mg Astor Sharp Cvt,Petrol,Manual,1498,"15,000",First,New Delhi,16.50 Lakh*
290,2019,Ford,Ford Endeavour 2.2 Titanium At 4x2 Sunroof,Diesel,Automatic,2198,"68,000",First,New Delhi,29.50 Lakh*
291,2020,Ford,Ford Endeavour Titanium Plus 4x4 At,Diesel,Automatic,1996,"15,000",First,New Delhi,38 Lakh*
292,2012,Audi,Audi A6 2.0 Tdi Premium Plus,Diesel,Automatic,1968,"1,03,000",First,New Delhi,9.99 Lakh*
293,2009,Honda,Honda City 1.5 S Mt,Petrol,Manual,1497,"55,000",First,New Delhi,2.45 Lakh*
294,2015,Honda,Honda Jazz 1.2 Sv I Vtec,Petrol,Manual,1199,"55,000",First,New Delhi,5.25 Lakh*
295,2017,Honda,Honda Amaze S I-vtec,Petrol,Manual,1198,"30,000",First,New Delhi,4.99 Lakh*
296,2015,Honda,Honda City I Vtec Vx Option,Petrol,Manual,1497,"51,000",First,New Delhi,6.99 Lakh*
297,2015,Maruti,Maruti Swift Dzire Vdi,Diesel,Automatic,1248,"65,000",First,New Delhi,4.49 Lakh*
298,2017,Hyundai,Hyundai Creta 1.6 Vtvt At Sx Plus,Petrol,Manual,1591,"67,000",First,New Delhi,10.99 Lakh*
299,2016,Maruti,Maruti Ciaz Zdi Plus,Diesel,Automatic,1248,"74,000",First,New Delhi,6.20 Lakh*
300,2010,Honda,Honda City 1.5 S Mt,Petrol,Manual,1497,"80,000",First,New Delhi,2.35 Lakh*
301,2014,Honda,Honda Amaze Sx I-dtec,Diesel,Automatic,1498,"81,000",First,New Delhi,3.70 Lakh*
302,2015,Honda,Honda City I Vtec Cvt Vx,Petrol,Manual,1497,"44,000",First,New Delhi,7.49 Lakh*
303,2013,Toyota,Toyota Fortuner 4x2 Manual,Diesel,Automatic,2982,"1,05,000",First,New Delhi,11.99 Lakh*
304,2012,Volkswagen,Volkswagen Vento Diesel Style Limited Edition,Diesel,Automatic,1598,"65,000",First,New Delhi,2.90 Lakh*
305,2019,Honda,Honda City Vx Mt,Petrol,Manual,1497,"65,040",First,New Delhi,9.75 Lakh*
306,2018,Hyundai,Hyundai Grand I10 1.2 Kappa Sportz Bsiv,Petrol,Manual,1197,"36,447",First,New Delhi,4.95 Lakh*
307,2016,Hyundai,Hyundai I10 Sportz,Petrol,Manual,1197,"80,000",First,New Delhi,2.95 Lakh*
308,2011,Maruti,Maruti A-star At Vxi Aktiv,Petrol,Manual,998,"70,000",First,New Delhi,2.45 Lakh*
309,2013,Mercedes-benz,Mercedes-benz M-class Ml 250 Cdi,Diesel,Automatic,2143,"53,000",Second,New Delhi,16.99 Lakh*
310,2016,Renault,Renault Duster 110ps Diesel Rxz Amt,Diesel,Automatic,1461,"60,000",First,New Delhi,6.99 Lakh*
311,2016,Audi,Audi A3 Cabriolet 40 Tfsi Premium Plus,Petrol,Manual,1798,"29,000",First,New Delhi,35.50 Lakh*
312,2015,Hyundai,Hyundai I20 Asta 1.2,Petrol,Manual,1197,"50,000",Second,New Delhi,4.85 Lakh*
313,2016,Mahindra,Mahindra Scorpio Intelli Hybrid S6 Plus,Diesel,Automatic,2179,"85,000",First,New Delhi,8.90 Lakh*
314,2018,Maruti,Maruti Wagon R Cng Lxi,,,998,"44,000",First,New Delhi,4.30 Lakh*
315,2019,Maruti,Maruti Ertiga Vxi At Petrol,Petrol,Manual,1462,"15,000",First,New Delhi,9.95 Lakh*
316,2012,Renault,Renault Duster 85ps Diesel Rxl Optional,Diesel,Automatic,1461,"1,20,000",First,New Delhi,2.25 Lakh*
317,2020,Toyota,Toyota Innova Crysta 2.4 Gx Mt,Diesel,Automatic,2393,"40,000",First,New Delhi,18.50 Lakh*
318,2019,Maruti,Maruti Baleno 1.2 Cvt Zeta,Petrol,Manual,1197,"30,000",First,New Delhi,8.10 Lakh*
319,2013,Toyota,Toyota Fortuner 4x2 At,Diesel,Automatic,2982,"1,12,000",Second,New Delhi,12 Lakh*
320,2017,Hyundai,Hyundai Grand I10 Sportz,Petrol,Manual,1197,"35,000",Second,New Delhi,4.55 Lakh*
321,2015,Maruti,Maruti Swift Dzire Ldi,Diesel,Automatic,1248,"75,000",First,New Delhi,3.70 Lakh*
322,2019,Maruti,Maruti Baleno 1.2 Cvt Zeta,Petrol,Manual,1197,"9,000",First,New Delhi,8.25 Lakh*
323,2019,Bmw,Bmw 5 Series 520d Luxury Line,Diesel,Automatic,1995,"30,000",First,New Delhi,48 Lakh*
324,2018,Toyota,Toyota Fortuner 2.8 2wd Mt Bsiv,Diesel,Automatic,2755,"53,000",First,New Delhi,27.75 Lakh*
325,2019,Jeep,Jeep Compass 1.4 Limited Plus,Petrol,Manual,1368,"23,000",First,New Delhi,18.75 Lakh*
326,2018,Maruti,Maruti Vitara Brezza Vdi,Diesel,Automatic,1248,"78,000",First,New Delhi,7.25 Lakh*
327,2022,Kia,Kia Carens Premium Turbo,Petrol,Manual,1353,"4,000",First,New Delhi,12.50 Lakh*
328,2015,Tata,Tata Manza Elan Quadrajet Bs Iv,Diesel,Automatic,1248,"44,000",Second,New Delhi,2.90 Lakh*
329,2019,Jaguar,Jaguar Xf 2.0 Diesel Prestige,Diesel,Automatic,1999,"28,000",First,New Delhi,37.50 Lakh*
330,2011,Honda,Honda City 1.5 S Mt,Petrol,Manual,1497,"97,200",First,New Delhi,3.44 Lakh*
331,2016,Bmw,Bmw 3 Series Gt Sport,Diesel,Automatic,1995,"44,000",First,New Delhi,19.90 Lakh*
332,2012,Hyundai,Hyundai Elantra Sx,Petrol,Manual,1797,"65,000",Third,New Delhi,5.56 Lakh*
333,2010,Maruti,Maruti Estilo Lxi Cng,,,998,"1,20,000",Fourth,New Delhi,1.20 Lakh*
334,2017,Mercedes-benz,Mercedes-benz Gla Class 200,Petrol,Manual,1991,"16,000",First,New Delhi,27 Lakh*
335,2009,Toyota,Toyota Corolla Altis G,Petrol,Manual,1798,"1,41,780",First,New Delhi,3 Lakh*
336,2020,Maruti,Maruti Baleno 1.2 Cvt Alpha,Petrol,Manual,1197,"8,001",First,New Delhi,8.75 Lakh*
337,2016,Mercedes-benz,Mercedes-benz Gls 350d 4matic,Diesel,Automatic,2987,"48,000",First,New Delhi,52 Lakh*
338,2021,Mg,Mg Hector Sharp Dct,Petrol,Manual,1451,"10,000",First,New Delhi,19.50 Lakh*
339,2014,Mahindra,Mahindra Xuv500 W8 2wd,Diesel,Automatic,2179,"1,40,000",First,New Delhi,4.44 Lakh*
340,2014,Audi,Audi A6 2.0 Tdi Premium Plus,Diesel,Automatic,1968,"62,000",First,New Delhi,16 Lakh*
341,2021,Volvo,Volvo Xc40 T4 R-design,Petrol,Manual,1969,"20,000",First,New Delhi,42.50 Lakh*
342,2019,Hyundai,Hyundai Creta 1.6 Vtvt At Sx Plus,Petrol,Manual,1591,"40,000",First,New Delhi,12.99 Lakh*
343,2015,Honda,Honda Brio S Mt,Petrol,Manual,1198,"33,000",First,New Delhi,3.91 Lakh*
344,2018,Honda,Honda City I-vtec Cvt Vx,Petrol,Manual,1497,"65,000",First,New Delhi,9.50 Lakh*
345,2020,Toyota,Toyota Urban Cruiser Premium At,Petrol,Manual,1462,"22,000",First,New Delhi,11.75 Lakh*
346,2016,Honda,Honda City I Vtec V,Petrol,Manual,1497,"48,000",First,New Delhi,7 Lakh*
347,2017,Tata,Tata Hexa Xe,Diesel,Automatic,2179,"60,000",First,New Delhi,8 Lakh*
348,2018,Maruti,Maruti Baleno 1.2 Delta,Petrol,Manual,1197,"46,200",First,New Delhi,5.85 Lakh*
349,2019,Mercedes-benz,Mercedes-benz Cla Urban Sport 200d,Diesel,Automatic,2143,"3,000",First,New Delhi,32.50 Lakh*
350,2013,Audi,Audi A6 2.0 Tdi Premium Plus,Diesel,Automatic,1968,"32,000",Second,New Delhi,12.50 Lakh*
351,2013,Volkswagen,Volkswagen Polo Petrol Highline 1.2l,Petrol,Manual,1198,"43,000",First,New Delhi,3.75 Lakh*
352,2015,Mahindra,Mahindra Scorpio S4 7 Seater,Diesel,Automatic,2179,"28,000",First,New Delhi,7.80 Lakh*
353,2019,Hyundai,Hyundai I20 Magna 1.2,Petrol,Manual,1197,"7,000",First,New Delhi,6.25 Lakh*
354,2015,Maruti,Maruti Ciaz Vxi,Petrol,Manual,1373,"48,000",First,New Delhi,5.65 Lakh*
355,2017,Ford,Ford Ecosport 1.5 Tdci Titanium Bsiv,Diesel,Automatic,1498,"62,000",Second,New Delhi,6.75 Lakh*
356,2016,Maruti,Maruti Ciaz Zxi Plus,Petrol,Manual,1373,"36,000",First,New Delhi,7 Lakh*
357,2021,Mahindra,Mahindra Thar Lx 4-str Hard Top Diesel At,Diesel,Automatic,2184,"16,000",First,New Delhi,18.25 Lakh*
358,2021,Maruti,Maruti Ignis Zeta Amt,Petrol,Manual,1197,"14,000",First,New Delhi,6.95 Lakh*
359,2012,Maruti,Maruti Wagon R Cng Lxi Bsiv,,,998,"80,000",First,New Delhi,2.65 Lakh*
360,2021,Tata,Tata Harrier Xza Plus Dual Tone At,Diesel,Automatic,1956,"17,000",First,New Delhi,22.49 Lakh*
361,2020,Toyota,Toyota Yaris Vx Cvt,Petrol,Manual,1496,"28,000",First,New Delhi,10.50 Lakh*
362,2017,Maruti,Maruti Vitara Brezza Vdi Option,Diesel,Automatic,1248,"58,000",First,New Delhi,6.65 Lakh*
363,2012,Honda,Honda City V At Exclusive,Petrol,Manual,1497,"51,000",First,New Delhi,3.50 Lakh*
364,2021,Tata,Tata Nexon Xma Amt S,Petrol,Manual,1199,"10,000",First,New Delhi,9.75 Lakh*
365,2022,Mahindra,Mahindra Thar Lx 4-str Hard Top At,Petrol,Manual,1997,"5,200",First,New Delhi,17.50 Lakh*
366,2016,Mahindra,Mahindra Kuv 100 Mfalcon G80 K8,Petrol,Manual,1198,"53,000",First,New Delhi,3.95 Lakh*
367,2010,Honda,Honda Civic 1.8 V Mt,Petrol,Manual,1799,"64,000",Fifth,New Delhi,2.20 Lakh*
368,2016,Maruti,Maruti Celerio Green Vxi,,,998,"62,000",First,New Delhi,4.15 Lakh*
369,2020,Mg,Mg Hector Plus Sharp Dct,Petrol,Manual,1451,"11,000",First,New Delhi,19.50 Lakh*
370,2018,Mercedes-benz,Mercedes-benz Gla Class 200 Sport,Petrol,Manual,1991,"18,200",First,New Delhi,28 Lakh*
371,2017,Maruti,Maruti Alto 800 Lxi Optional,Petrol,Manual,796,"53,000",First,New Delhi,2.75 Lakh*
372,2017,Hyundai,Hyundai Creta 1.4 Crdi S Plus,Diesel,Automatic,1396,"70,000",First,New Delhi,9 Lakh*
373,2022,Toyota,Toyota Fortuner Legender,Diesel,Automatic,2755,"3,000",First,New Delhi,47.50 Lakh*
374,2012,Maruti,Maruti Wagon R Lxi Cng,,,998,"64,000",Second,New Delhi,2.45 Lakh*
375,2009,Honda,Honda City 1.5 S Mt,Petrol,Manual,1497,"67,000",Second,New Delhi,2.15 Lakh*
376,2015,Mercedes-benz,Mercedes-benz E-class E250 Edition E,Diesel,Automatic,2143,"36,500",First,New Delhi,17.50 Lakh*
377,2012,Maruti,Maruti Swift Dzire Vxi,Petrol,Manual,1197,"58,000",First,New Delhi,3.55 Lakh*
378,2017,Maruti,Maruti Swift Lxi Option,Petrol,Manual,1197,"35,000",First,New Delhi,4.90 Lakh*
379,2018,Tata,Tata Nexon 1.5 Revotorq Xz,Diesel,Automatic,1497,"48,000",First,New Delhi,6.70 Lakh*
380,2012,Volkswagen,Volkswagen Polo Petrol Comfortline 1.2l,Petrol,Manual,1198,"43,000",First,New Delhi,2.70 Lakh*
381,2015,Hyundai,Hyundai Verna 1.6 Vtvt Sx,Petrol,Manual,1591,"65,000",First,New Delhi,5.80 Lakh*
382,2019,Toyota,Toyota Innova Crysta 2.7 Zx At,Petrol,Manual,2694,"32,000",First,New Delhi,22 Lakh*
383,2010,Maruti,Maruti Sx4 Zxi Bsiii,Petrol,Manual,1586,"84,000",Second,New Delhi,1.50 Lakh*
384,2021,Tata,Tata Tiago Xz Plus,Petrol,Manual,1199,"19,000",First,New Delhi,6.45 Lakh*
385,2017,Maruti,Maruti Baleno 1.2 Zeta,Petrol,Manual,1197,"53,000",First,New Delhi,5.25 Lakh*
386,2018,Toyota,Toyota Corolla Altis 1.8 G,Petrol,Manual,1798,"78,000",First,New Delhi,12.50 Lakh*
387,2017,Hyundai,Hyundai Creta 1.6 Sx Diesel,Diesel,Automatic,1582,"69,123",First,New Delhi,8.45 Lakh*
388,2020,Mahindra,Mahindra Scorpio S5,Diesel,Automatic,2179,"28,000",First,New Delhi,13.49 Lakh*
389,2014,Bmw,Bmw X5 Xdrive 30d M Sport,Diesel,Automatic,2993,"83,000",Second,New Delhi,28 Lakh*
390,2014,Mercedes-benz,Mercedes-benz C-class C 220 Cdi Avantgarde,Diesel,Automatic,2143,"90,000",Third,New Delhi,11.75 Lakh*
391,2013,Mahindra,Mahindra Scorpio Vlx 2wd Bsiv,Diesel,Automatic,2179,"80,000",First,New Delhi,4.75 Lakh*
392,2014,Maruti,Maruti Wagon R Cng Lxi,,,998,"56,000",Third,New Delhi,2.70 Lakh*
393,2010,Maruti,Maruti Wagon R Cng Lxi,,,998,"60,000",Second,New Delhi,1.87 Lakh*
394,2009,Hyundai,Hyundai I10 Era,Petrol,Manual,1086,"39,000",First,New Delhi,1.42 Lakh*
395,2016,Maruti,Maruti Vitara Brezza Vdi Option,Diesel,Automatic,1248,"64,000",First,New Delhi,6.25 Lakh*
396,2017,Maruti,Maruti Wagon R Stingray Vxi,Petrol,Manual,998,"30,000",First,New Delhi,4.32 Lakh*
397,2017,Renault,Renault Kwid Rxt,Petrol,Manual,799,"1,20,000",First,New Delhi,2.30 Lakh*
398,2015,Mahindra,Mahindra Xuv500 W10 1.99 Mhawk,Diesel,Automatic,1997,"66,170",Second,New Delhi,8.65 Lakh*
399,2014,Maruti,Maruti Swift Dzire Vxi,Petrol,Manual,1197,"57,001",First,New Delhi,4.15 Lakh*
400,2012,Skoda,Skoda Superb 1.8 Tsi Mt,Petrol,Manual,1798,"52,000",Second,New Delhi,3.95 Lakh*
401,2016,Mahindra,Mahindra Tuv 300 T8,Diesel,Automatic,1493,"46,152",First,New Delhi,5.75 Lakh*
402,2016,Honda,Honda Brio E Mt,Petrol,Manual,1198,"35,001",First,New Delhi,3.75 Lakh*
403,2015,Bmw,Bmw 5 Series 520d Luxury Line,Diesel,Automatic,1995,"50,000",Second,New Delhi,23 Lakh*
404,2008,Honda,Honda City Gxi,Petrol,Manual,1497,"39,000",First,New Delhi,"99,000*"
405,2014,Mercedes-benz,Mercedes-benz Gl-class 350 Cdi Blue Efficiency,Diesel,Automatic,2987,"85,001",Second,New Delhi,30 Lakh*
406,2019,Maruti,Maruti Alto K10 Lxi Cng Optional,,,998,"46,000",First,New Delhi,3.55 Lakh*
407,2012,Mercedes-benz,Mercedes-benz B Class B180 Sports,Petrol,Manual,1595,"66,001",Second,New Delhi,12.90 Lakh*
408,2014,Audi,Audi A8 L 50 Tdi Quattro,Diesel,Automatic,2967,"52,001",Second,New Delhi,33 Lakh*
409,2015,Audi,Audi A8 L 50 Tdi Quattro,Diesel,Automatic,2967,"76,000",First,New Delhi,42 Lakh*
410,2021,Audi,Audi Q8 55 Tfsi Quattro,Petrol,Manual,2995,"12,000",First,New Delhi,1.03 Crore*
411,2013,Audi,Audi Q7 3.0 Tdi Quattro Premium Plus,Diesel,Automatic,2967,"90,001",Second,New Delhi,18 Lakh*
412,2018,Hyundai,Hyundai Creta 1.6 Sx Automatic,Petrol,Manual,1591,"30,000",First,New Delhi,13.50 Lakh*
413,2013,Bmw,Bmw 7 Series 730ld Sedan,Diesel,Automatic,2993,"56,000",Second,New Delhi,22 Lakh*
414,2012,Jaguar,Jaguar Xj 3.0l,Diesel,Automatic,2993,"79,000",Second,New Delhi,22.90 Lakh*
415,2014,Mercedes-benz,Mercedes-benz M-class Ml 250 Cdi,Diesel,Automatic,2143,"78,001",Second,New Delhi,21.90 Lakh*
416,2013,Land,Land Rover Range Rover 5.0 V8 Sc Autobiography,Petrol,Manual,4999,"93,000",First,New Delhi,40.90 Lakh*
417,2013,Audi,Audi Q5 2.0 Tdi Premium Plus,Diesel,Automatic,1968,"60,000",Second,New Delhi,14.25 Lakh*
418,2013,Land,Land Rover Range Rover Vogue Se 4.4 Sdv8,Diesel,Automatic,4367,"87,000",Second,New Delhi,35.90 Lakh*
419,2022,Skoda,Skoda Kushaq 1.0 Tsi Ambition At,Petrol,Manual,999,"8,000",First,New Delhi,15.70 Lakh*
420,2015,Mercedes-benz,Mercedes-benz Cla 200 Cdi Sport,Diesel,Automatic,2143,"69,000",Second,New Delhi,19 Lakh*
421,2013,Audi,Audi A6 2.0 Tdi Premium Plus,Diesel,Automatic,1968,"82,000",Second,New Delhi,14.25 Lakh*
422,2013,Land,Land Rover Range Rover Vogue Se 4.4 Sdv8,Diesel,Automatic,4367,"94,446",First,New Delhi,39.75 Lakh*
423,2013,Mercedes-benz,Mercedes-benz A Class A180 Sport Edition,Petrol,Manual,1595,"20,000",First,New Delhi,14.50 Lakh*
424,2014,Mini,Mini Cooper D,Diesel,Automatic,1998,"27,000",Third,New Delhi,17 Lakh*
425,2014,Honda,Honda City I Vtec V,Petrol,Manual,1497,"48,000",First,New Delhi,6 Lakh*
426,2021,Mg,Mg Hector Sharp Cvt,Petrol,Manual,1451,"3,500",First,New Delhi,21.50 Lakh*
427,2014,Hyundai,Hyundai Grand I10 Sportz,Petrol,Manual,1197,"60,000",First,New Delhi,4.35 Lakh*
428,2017,Land,Land Rover Range Rover Evoque Petrol Hse Dynamic,Petrol,Manual,1997,"11,000",First,New Delhi,47.50 Lakh*
429,2017,Hyundai,Hyundai Grand I10 1.2 Kappa Sportz Bsiv,Petrol,Manual,1197,"59,144",First,New Delhi,4.40 Lakh*
430,2021,Mercedes-benz,Mercedes-benz C-class Progressive C 200,Petrol,Manual,1950,"5,800",First,New Delhi,49.50 Lakh*
431,2017,Maruti,Maruti Ciaz 1.4 At Alpha,Petrol,Manual,1373,"53,600",Second,New Delhi,8.25 Lakh*
432,2018,Maruti,Maruti Celerio Zxi Mt Bsiv,Petrol,Manual,998,"4,000",First,New Delhi,5.25 Lakh*
433,2017,Hyundai,Hyundai Creta 1.6 Vtvt At Sx Plus,Petrol,Manual,1591,"31,000",Second,New Delhi,10.50 Lakh*
434,2018,Maruti,Maruti Ignis Delta,Petrol,Manual,1197,"41,000",First,New Delhi,5 Lakh*
435,2015,Land,Land Rover Range Rover Evoque Hse Dynamic,Diesel,Automatic,2179,"48,600",First,New Delhi,29.85 Lakh*
436,2020,Maruti,Maruti Celerio Zxi Optional,Petrol,Manual,998,"8,600",First,New Delhi,5.85 Lakh*
437,2015,Bmw,Bmw 5 Series 525d Luxury Line,Diesel,Automatic,1995,"74,00,000",Second,New Delhi,21.75 Lakh*
438,2015,Mercedes-benz,Mercedes-benz Gle 350d,Diesel,Automatic,2987,"1,15,000",First,New Delhi,36.90 Lakh*
439,2017,Ford,Ford Endeavour 3.2 Titanium At 4x4,Diesel,Automatic,3198,"62,000",First,New Delhi,26.90 Lakh*
440,2016,Mercedes-benz,Mercedes-benz Gle 250d,Diesel,Automatic,2143,"1,00,000",First,New Delhi,37.90 Lakh*
441,2017,Maruti,Maruti Ciaz Vdi Shvs,Diesel,Automatic,1248,"24,000",First,New Delhi,6.90 Lakh*
442,2016,Honda,Honda City I Vtec Cvt Vx,Petrol,Manual,1497,"54,000",First,New Delhi,7.75 Lakh*
443,2011,Audi,Audi Q7 3.0 Tdi Quattro,Diesel,Automatic,2967,"80,000",Second,New Delhi,12.90 Lakh*
444,2015,Audi,Audi A6 2.0 Tdi Technology,Diesel,Automatic,1968,"88,000",First,New Delhi,23 Lakh*
445,2007,Maruti,Maruti Zen Estilo 1.1 Lxi Bsiii,Petrol,Manual,1061,"1,20,000",Second,New Delhi,"60,000*"
446,2012,Volkswagen,Volkswagen Polo Petrol Comfortline 1.2l,Petrol,Manual,1198,"54,000",Second,New Delhi,2.85 Lakh*
447,2016,Maruti,Maruti Vitara Brezza Zdi Plus Dual Tone,Diesel,Automatic,1248,"65,000",First,New Delhi,7.40 Lakh*
448,2017,Renault,Renault Kwid 1.0 Rxt Optional At 2016-2019,Petrol,Manual,999,"15,000",Second,New Delhi,3.05 Lakh*
449,2022,Hyundai,Hyundai Creta Sx Opt Ivt,Petrol,Manual,1497,"6,500",First,New Delhi,19.40 Lakh*
450,2016,Hyundai,Hyundai Grand I10 Asta Cng,,,1197,"64,000",First,New Delhi,4.49 Lakh*
451,2015,Ford,Ford Ecosport 1.5 Diesel Trend,Diesel,Automatic,1498,"90,000",Second,New Delhi,4.45 Lakh*
452,2016,Chevrolet,Chevrolet Cruze Ltz At,Diesel,Automatic,1998,"46,000",First,New Delhi,6.25 Lakh*
453,2017,Hyundai,Hyundai Grand I10 1.2 Kappa Magna Cng Bsiv,,,1197,"46,000",First,New Delhi,4.80 Lakh*
454,2019,Maruti,Maruti Baleno Zeta,Petrol,Manual,1197,"34,800",First,New Delhi,6.95 Lakh*
455,2020,Hyundai,Hyundai Creta Sx Opt Turbo,Petrol,Manual,1353,"38,000",First,New Delhi,17 Lakh*
456,2013,Mahindra,Mahindra Scorpio Vlx 2wd 7s Bsiv,Diesel,Automatic,2179,"78,600",First,New Delhi,5.25 Lakh*
457,2021,Tata,Tata Harrier Xta Plus Dark Edition At,Diesel,Automatic,1956,"10,000",First,New Delhi,23.50 Lakh*
458,2015,Maruti,Maruti Swift Dzire Vxi 1.2,Petrol,Manual,1197,"65,000",First,New Delhi,4.65 Lakh*
459,2021,Mg,Mg Hector Sharp Dct,Petrol,Manual,1451,"8,000",First,New Delhi,19.50 Lakh*
460,2022,Hyundai,Hyundai Venue Sx Opt Sport Imt,Petrol,Manual,998,"2,000",First,New Delhi,12.10 Lakh*
461,2022,Mahindra,Mahindra Xuv700 Ax5,Petrol,Manual,1999,"3,500",First,New Delhi,19.50 Lakh*
462,2022,Kia,Kia Carens Prestige Plus Turbo Dct,Petrol,Manual,1353,"3,500",First,New Delhi,17 Lakh*
463,2022,Hyundai,Hyundai Alcazar Signature,Petrol,Manual,1999,"5,500",First,New Delhi,19.85 Lakh*
464,2018,Hyundai,Hyundai Xcent 1.2 Vtvt E Plus,Petrol,Manual,1197,"43,238",First,New Delhi,5.85 Lakh*
465,2015,Renault,Renault Lodgy 110ps Rxl,Diesel,Automatic,1461,"16,501",First,New Delhi,5.10 Lakh*
466,2019,Maruti,Maruti Ertiga Zxi Plus Petrol,Petrol,Manual,1462,"26,000",First,New Delhi,10.25 Lakh*
467,2020,Mercedes-benz,Mercedes-benz E-class Exclusive E 200,Petrol,Manual,1991,"3,200",First,New Delhi,65.20 Lakh*
468,2014,Jaguar,Jaguar Xf 2.2 Litre Luxury,Diesel,Automatic,2179,"40,000",Second,New Delhi,15.25 Lakh*
469,2015,Mahindra,Mahindra Xuv500 W6 2wd,Diesel,Automatic,2179,"69,501",First,New Delhi,6.95 Lakh*
470,2009,Honda,Honda City 1.5 V Mt Exclusive,Petrol,Manual,1497,"81,001",First,New Delhi,2.65 Lakh*
471,2017,Skoda,Skoda Rapid 1.6 Mpi Ambition Bsiv,Petrol,Manual,1598,"29,000",First,New Delhi,6.80 Lakh*
472,2020,Honda,Honda City I-vtec Vx,Petrol,Manual,1497,"17,000",First,New Delhi,12.75 Lakh*
473,2015,Mahindra,Mahindra Xuv500 W10 Awd,Diesel,Automatic,2179,"65,000",First,New Delhi,9 Lakh*
474,2016,Mahindra,Mahindra Kuv 100 Mfalcon G80 K4 Plus,Petrol,Manual,1198,"27,001",First,New Delhi,3.95 Lakh*
475,2011,Hyundai,Hyundai I20 1.2 Sportz,Petrol,Manual,1197,"51,001",First,New Delhi,2.95 Lakh*
476,2014,Mahindra,Mahindra Ssangyong Rexton Rx7,Diesel,Automatic,2696,"55,000",First,New Delhi,6.25 Lakh*
477,2018,Mercedes-benz,Mercedes-benz Gla Class 200 Sport,Petrol,Manual,1991,"18,000",First,New Delhi,28 Lakh*
478,2015,Hyundai,Hyundai I10 Sportz 1.1l,Petrol,Manual,1086,"58,000",First,New Delhi,2.90 Lakh*
479,2018,Maruti,Maruti Ciaz Alpha 1.5,Diesel,Automatic,1498,"62,894",First,New Delhi,7.50 Lakh*
480,2010,Skoda,Skoda Superb Elegance 1.8 Tsi At,Petrol,Manual,1798,"47,799",First,New Delhi,4.75 Lakh*
481,2022,Renault,Renault Kiger Rxz Amt,Petrol,Manual,999,"2,700",First,New Delhi,9.25 Lakh*
482,2016,Volkswagen,Volkswagen Ameo 1.5 Tdi Highline,Diesel,Automatic,1498,"63,000",First,New Delhi,5.50 Lakh*
483,2020,Tata,Tata Nexon Xz Plus Dualtone Roof (o) Diesel,Diesel,Automatic,1497,"15,000",First,New Delhi,11.50 Lakh*
484,2018,Hyundai,Hyundai Verna Crdi 1.6 Sx Option,Diesel,Automatic,1582,"15,000",First,New Delhi,11.50 Lakh*
485,2021,Mahindra,Mahindra Thar Lx 4-str Hard Top Diesel,Diesel,Automatic,2184,"9,000",First,New Delhi,15.75 Lakh*
486,2011,Hyundai,Hyundai I20 1.2 Asta,Petrol,Manual,1197,"74,000",First,New Delhi,2.80 Lakh*
487,2015,Honda,Honda Amaze Sx I-vtec,Petrol,Manual,1198,"76,000",First,New Delhi,4.15 Lakh*
488,2014,Maruti,Maruti Swift Dzire Vxi,Petrol,Manual,1197,"42,000",First,New Delhi,4.25 Lakh*
489,2015,Honda,Honda City I Vtec Vx Option,Petrol,Manual,1497,"68,000",First,New Delhi,6.95 Lakh*
490,2020,Jeep,Jeep Compass 1.4 Sport Plus,Petrol,Manual,1368,"20,000",First,New Delhi,15.75 Lakh*
491,2016,Maruti,Maruti Wagon R Vxi Amt,Petrol,Manual,998,"70,000",First,New Delhi,3.85 Lakh*
492,2018,Hyundai,Hyundai Verna Vtvt 1.6 At Sx Option,Petrol,Manual,1591,"44,000",First,New Delhi,10.75 Lakh*
493,2022,Hyundai,Hyundai Venue S,Petrol,Manual,1197,"3,999",First,New Delhi,8.94 Lakh*
494,2014,Hyundai,Hyundai I20 Sportz 1.2,Petrol,Manual,1197,"50,000",First,New Delhi,4.90 Lakh*
495,2016,Volkswagen,Volkswagen Polo 1.2 Mpi Highline,Petrol,Manual,1199,"50,000",First,New Delhi,5.25 Lakh*
496,2014,Ford,Ford Ecosport 1.5 Ti Vct Mt Titanium,Petrol,Manual,1499,"75,000",First,New Delhi,5.20 Lakh*
497,2015,Maruti,Maruti Swift Dzire Lxi Optional-o,Petrol,Manual,1197,"73,280",First,New Delhi,4.15 Lakh*
498,2011,Honda,Honda City 1.5 S Mt,Petrol,Manual,1497,"35,000",First,New Delhi,4.11 Lakh*
499,2013,Hyundai,Hyundai I10 Era 1.1 Itech Se,Petrol,Manual,1086,"68,817",First,New Delhi,3.25 Lakh*
500,2016,Volkswagen,Volkswagen Polo 1.2 Mpi Comfortline,Petrol,Manual,1199,"55,291",Second,New Delhi,4.80 Lakh*
501,2017,Maruti,Maruti Baleno Zeta Cvt,Petrol,Manual,1197,"47,152",First,New Delhi,6.85 Lakh*
502,2020,Tata,Tata Harrier Xz,Diesel,Automatic,1956,300,First,New Delhi,18.49 Lakh*
503,2018,Maruti,Maruti Baleno 1.2 Delta,Petrol,Manual,1197,"44,722",First,New Delhi,6.10 Lakh*
504,2015,Honda,Honda City I Vtec Cvt Vx,Petrol,Manual,1497,"99,125",First,New Delhi,7.45 Lakh*
505,2019,Mahindra,Mahindra Xuv300 W8 Diesel,Diesel,Automatic,1497,"65,353",First,New Delhi,10.15 Lakh*
506,2016,Maruti,Maruti Sx4 S Cross Zeta Ddis 200 Sh,Diesel,Automatic,1248,"61,117",First,New Delhi,6.55 Lakh*
507,2022,Honda,Honda Jazz Vx Cvt,Petrol,Manual,1199,"9,408",First,New Delhi,9.75 Lakh*
508,2010,Chevrolet,Chevrolet Captiva Lt,Diesel,Automatic,1991,"90,000",Second,New Delhi,3.50 Lakh*
509,2011,Maruti,Maruti Wagon R Cng Lxi Bsiv,,,998,"64,000",Second,New Delhi,1.99 Lakh*
510,2015,Maruti,Maruti Swift Dzire Lxi Optional-o,Petrol,Manual,1197,"40,001",First,New Delhi,4.45 Lakh*
511,2014,Toyota,Toyota Innova 2.5 Vx (diesel) 7 Seater Bs Iv,Diesel,Automatic,2494,"1,58,000",First,New Delhi,7.85 Lakh*
512,2018,Honda,Honda Wr-v I-dtec Vx,Diesel,Automatic,1498,"69,101",First,New Delhi,7.85 Lakh*
513,2017,Hyundai,Hyundai Grand I10 Sportz Cng,Petrol,Manual,1197,"60,000",First,New Delhi,4.75 Lakh*
514,2014,Mercedes-benz,Mercedes-benz S-class S 350 D,Diesel,Automatic,2925,"60,000",Second,New Delhi,34.95 Lakh*
515,2011,Maruti,Maruti Wagon R Lxi Bs Iv,Petrol,Manual,998,"85,000",First,New Delhi,2.25 Lakh*
516,2015,Honda,Honda Jazz 1.2 V I Vtec,Petrol,Manual,1199,"50,000",First,New Delhi,5.15 Lakh*
517,2017,Bmw,Bmw 5 Series 520d Luxury Line,Diesel,Automatic,1995,"20,000",First,New Delhi,41.75 Lakh*
518,2014,Toyota,Toyota Corolla Altis Gl Mt,Petrol,Manual,1798,"51,000",Second,New Delhi,7.75 Lakh*
519,2019,Hyundai,Hyundai Venue S Turbo Dct,Petrol,Manual,998,"48,000",First,New Delhi,8.75 Lakh*
520,2016,Toyota,Toyota Innova Crysta 2.8 Zx At Bsiv,Diesel,Automatic,2755,"1,13,000",First,New Delhi,15.90 Lakh*
521,2014,Maruti,Maruti Celerio Vxi,Petrol,Manual,998,"61,000",Second,New Delhi,3.10 Lakh*
522,2021,Hyundai,Hyundai Tucson Gls At,Petrol,Manual,1999,"4,900",First,New Delhi,25 Lakh*
523,2014,Mahindra,Mahindra Scorpio Vlx 2wd Bsiii,Diesel,Automatic,2179,"80,000",First,New Delhi,5.25 Lakh*
524,2012,Mahindra,Mahindra Quanto C8,Diesel,Automatic,1493,"73,000",First,New Delhi,2.60 Lakh*
525,2017,Maruti,Maruti Swift Dzire Zdi,Diesel,Automatic,1248,"71,000",First,New Delhi,6.24 Lakh*
526,2020,Maruti,Maruti Wagon R Cng Lxi,,,998,"21,000",First,New Delhi,6.25 Lakh*
527,2010,Honda,Honda City 1.5 S Mt,Petrol,Manual,1497,"72,000",Second,New Delhi,2.25 Lakh*
528,2020,Bmw,Bmw 5 Series 530i M Sport,Petrol,Manual,1998,"9,500",First,New Delhi,59 Lakh*
529,2016,Renault,Renault Kwid Rxt Optional,Petrol,Manual,799,"41,000",Second,New Delhi,2.25 Lakh*
530,2019,Maruti,Maruti Baleno Delta,Petrol,Manual,1197,"23,256",First,New Delhi,6.70 Lakh*
531,2014,Audi,Audi A6 2.0 Tdi Technology,Diesel,Automatic,1968,"95,000",First,New Delhi,13.85 Lakh*
532,2019,Mercedes-benz,Mercedes-benz C-class Cabriolet C 300,Petrol,Manual,1991,"8,000",First,New Delhi,65 Lakh*
533,2021,Hyundai,Hyundai Venue E,Petrol,Manual,1197,"4,800",First,New Delhi,7.85 Lakh*
534,2018,Hyundai,Hyundai Grand I10 Sportz,Petrol,Manual,1197,"23,000",First,New Delhi,5.25 Lakh*
535,2013,Hyundai,Hyundai I10 Era 1.1 Itech Se,Petrol,Manual,1086,"55,000",Second,New Delhi,2.30 Lakh*
536,2016,Maruti,Maruti Vitara Brezza Zdi Plus Dual Tone,Diesel,Automatic,1248,"65,000",First,New Delhi,6.79 Lakh*
537,2018,Toyota,Toyota Innova Crysta 2.8 Gx At Bsiv,Diesel,Automatic,2755,"55,000",First,New Delhi,16.50 Lakh*
538,2014,Maruti,Maruti Alto K10 Lxi,Petrol,Manual,998,"90,000",First,New Delhi,1.75 Lakh*
539,2015,Hyundai,Hyundai I10 Sportz,Petrol,Manual,1197,"63,814",Second,New Delhi,3 Lakh*
540,2018,Toyota,Toyota Yaris G Cvt Bsiv,Petrol,Manual,1496,"15,000",First,New Delhi,9.75 Lakh*
541,2017,Maruti,Maruti Baleno 1.2 Cvt Delta,Petrol,Manual,1197,"55,000",First,New Delhi,6.25 Lakh*
542,2016,Hyundai,Hyundai Creta 1.4 S,Diesel,Automatic,1396,"62,000",First,New Delhi,8.50 Lakh*
543,2016,Hyundai,Hyundai Eon Era Plus Option,Petrol,Manual,814,"55,000",Second,New Delhi,2.70 Lakh*
544,2019,Honda,Honda City V Mt,Petrol,Manual,1497,"47,000",First,New Delhi,9.50 Lakh*
545,2017,Toyota,Toyota Innova Crysta 2.4 Gx At 8 Str,Diesel,Automatic,2393,"32,000",First,New Delhi,16.50 Lakh*
546,2015,Maruti,Maruti Ertiga Zdi,Diesel,Automatic,1248,"49,000",Second,New Delhi,5.90 Lakh*
547,2021,Ford,Ford Endeavour Titanium Plus 4x2 At,Diesel,Automatic,1996,"25,000",First,New Delhi,39 Lakh*
548,2014,Hyundai,Hyundai I20 Era 1.4 Crdi,Diesel,Automatic,1396,"64,000",First,New Delhi,3.25 Lakh*
549,2008,Honda,Honda City Gxi,Petrol,Manual,1497,"1,05,000",First,New Delhi,1.25 Lakh*
550,2017,Toyota,Toyota Corolla Altis Gl Mt,Petrol,Manual,1798,"45,000",First,New Delhi,11.95 Lakh*
551,2017,Skoda,Skoda Rapid Onyx 1.6 Mpi Mt Bsiv,Petrol,Manual,1598,"48,000",First,New Delhi,5.65 Lakh*
552,2018,Mercedes-benz,Mercedes-benz Gls 350d 4matic,Diesel,Automatic,2987,"39,500",First,New Delhi,65 Lakh*
553,2016,Mini,Mini Cooper 1.6,Petrol,Manual,1598,"36,200",Second,New Delhi,25.10 Lakh*
554,2012,Audi,Audi Q7 3.0 Tdi Quattro Premium Plus,Diesel,Automatic,2967,"70,000",First,New Delhi,16.50 Lakh*
555,2019,Maruti,Maruti Vitara Brezza Vdi,Diesel,Automatic,1248,"27,000",First,New Delhi,9 Lakh*
556,2019,Toyota,Toyota Innova Crysta 2.4 Gx Mt,Diesel,Automatic,2393,"28,000",First,New Delhi,18.50 Lakh*
557,2014,Honda,Honda City I Vtec Sv,Petrol,Manual,1497,"56,000",Second,New Delhi,5.25 Lakh*
558,2020,Mercedes-benz,Mercedes-benz C-class Progressive C 200,Petrol,Manual,1950,"18,000",First,New Delhi,47 Lakh*
559,2018,Honda,Honda City I-vtec V,Petrol,Manual,1497,"58,139",First,New Delhi,7.75 Lakh*
560,2012,Tata,Tata New Safari Dicor 2.2 Lx 4x2 Bs Iv,Diesel,Automatic,2179,"85,000",Second,New Delhi,2.80 Lakh*
561,2018,Mercedes-benz,Mercedes-benz C-class 200 Cdi Elegance,Diesel,Automatic,2148,"32,000",First,New Delhi,24.50 Lakh*
562,2019,Maruti,Maruti Wagon R Vxi Amt Opt 1.2,Petrol,Manual,1197,"12,000",First,New Delhi,5.90 Lakh*
563,2018,Maruti,Maruti Vitara Brezza Vdi,Diesel,Automatic,1248,"85,627",First,New Delhi,7.02 Lakh*
564,2017,Maruti,Maruti Baleno Zeta,Petrol,Manual,1197,"50,000",First,New Delhi,5.95 Lakh*
565,2013,Audi,Audi Q5 2.0 Tdi Premium Plus,Diesel,Automatic,1968,"65,000",Third,New Delhi,12 Lakh*
566,2020,Hyundai,Hyundai I20 1.2 Asta Option,Petrol,Manual,1197,"45,000",First,New Delhi,7.75 Lakh*
567,2016,Toyota,Toyota Corolla Altis 1.8 G Cvt,Petrol,Manual,1798,"65,000",First,New Delhi,10.95 Lakh*
568,2017,Maruti,Maruti Swift Lxi Optional-o,Petrol,Manual,1197,"70,000",First,New Delhi,4.50 Lakh*
569,2019,Honda,Honda Wr-v I-vtec Vx,Petrol,Manual,1199,"15,000",First,New Delhi,8.49 Lakh*
570,2012,Hyundai,Hyundai Accent Executive,Petrol,Manual,1495,"1,00,000",First,New Delhi,1.30 Lakh*
571,2014,Renault,Renault Duster Petrol Rxl,Petrol,Manual,1598,"4,75,000",First,New Delhi,4.75 Lakh*
572,2021,Hyundai,Hyundai I20 Sportz,Petrol,Manual,1197,"3,501",First,New Delhi,7.15 Lakh*
573,2015,Tata,Tata Safari Storme Ex,Diesel,Automatic,2179,"79,743",First,New Delhi,5.75 Lakh*
574,2019,Hyundai,Hyundai Verna Vtvt 1.6 Sx,Petrol,Manual,1591,"50,003",First,New Delhi,9.50 Lakh*
575,2014,Honda,Honda Brio S Mt,Petrol,Manual,1198,"45,000",Second,New Delhi,3.25 Lakh*
576,2018,Maruti,Maruti Wagon R Lxi,Petrol,Manual,998,"36,000",First,New Delhi,4.25 Lakh*
577,2018,Maruti,Maruti Wagon R Cng Lxi Bsiv,,,998,"42,000",First,New Delhi,4.60 Lakh*
578,2017,Toyota,Toyota Fortuner 2.8 2wd Mt,Diesel,Automatic,2755,"95,009",First,New Delhi,23.75 Lakh*
579,2019,Mercedes-benz,Mercedes-benz C-class Progressive C 220d,Diesel,Automatic,1950,"27,000",Second,New Delhi,34.50 Lakh*
580,2014,Maruti,Maruti Swift Vvt Zxi,Petrol,Manual,1197,"40,000",Second,New Delhi,3.80 Lakh*
581,2017,Mercedes-benz,Mercedes-benz Gle 250d,Diesel,Automatic,2143,"45,002",First,New Delhi,36 Lakh*
582,2019,Hyundai,Hyundai Grand I10 Sportz Petrol Bsiv,Petrol,Manual,1197,"28,000",First,New Delhi,6.10 Lakh*
583,2022,Hyundai,Hyundai Venue S,Petrol,Manual,1197,"1,400",First,New Delhi,7.75 Lakh*
584,2014,Audi,Audi Q3 2.0 Tdi Quattro Premium Plus,Diesel,Automatic,1968,"59,000",Second,New Delhi,10.90 Lakh*
585,2019,Maruti,Maruti Swift Dzire Vxi 1.2 Bs Iv,Petrol,Manual,1197,"60,000",First,New Delhi,6.50 Lakh*
586,2018,Maruti,Maruti Eeco 7 Seater Standard Bsiv,Petrol,Manual,1196,"42,000",First,New Delhi,4.50 Lakh*
587,2019,Maruti,Maruti Eeco 5 Str With Ac Plus Htr Cng,,,1196,"48,000",First,New Delhi,4.75 Lakh*
588,2016,Maruti,Maruti Sx4 S Cross Ddis 200 Delta,Diesel,Automatic,1248,"52,000",First,New Delhi,5.50 Lakh*
589,2011,Toyota,Toyota Corolla Altis G,Petrol,Manual,1798,"58,000",First,New Delhi,3.80 Lakh*
590,2019,Maruti,Maruti Wagon R Lxi,Petrol,Manual,998,"18,000",First,New Delhi,4.25 Lakh*
591,2017,Mercedes-benz,Mercedes-benz C-class C 220 Cdi Avantgarde,Diesel,Automatic,2143,"29,000",First,New Delhi,28.50 Lakh*
592,2018,Tata,Tata Nexon 1.2 Revotron Xz Plus,Petrol,Manual,1198,"23,000",First,New Delhi,8.65 Lakh*
593,2012,Honda,Honda City 1.5 S At,Petrol,Manual,1497,"62,000",Second,New Delhi,4.25 Lakh*
594,2015,Hyundai,Hyundai Creta 1.6 Crdi Sx Option,Diesel,Automatic,1582,"70,000",First,New Delhi,8.50 Lakh*
595,2016,Mercedes-benz,Mercedes-benz Gle 250d,Diesel,Automatic,2143,"43,000",First,New Delhi,40.50 Lakh*
596,2020,Mahindra,Mahindra Xuv300 W8 Option,Petrol,Manual,1197,"14,000",First,New Delhi,12.10 Lakh*
597,2018,Hyundai,Hyundai Creta 1.4 E Plus,Diesel,Automatic,1396,"65,000",First,New Delhi,8.70 Lakh*
598,2018,Audi,Audi Q3 35 Tdi Quattro Technology,Diesel,Automatic,1968,"37,000",First,New Delhi,27 Lakh*
599,2020,Mercedes-benz,Mercedes-benz Cla 200 Cdi Style,Diesel,Automatic,2143,"23,000",First,New Delhi,31.50 Lakh*
600,2017,Mahindra,Mahindra Xuv500 W10 2wd,Diesel,Automatic,2179,"57,000",First,New Delhi,11.50 Lakh*
601,2014,Maruti,Maruti Wagon R Lxi Bs Iv,Petrol,Manual,998,"65,000",Second,New Delhi,2.35 Lakh*
602,2013,Maruti,Maruti Alto 800 Cng Lxi,,,796,"28,000",First,New Delhi,2.15 Lakh*
603,2018,Honda,Honda City I-vtec Cvt Vx,Petrol,Manual,1497,"42,000",First,New Delhi,11 Lakh*
604,2009,Hyundai,Hyundai I10 Era,Petrol,Manual,1086,"56,693",First,New Delhi,1.15 Lakh*
605,2013,Maruti,Maruti Alto 800 Vxi,Petrol,Manual,796,"31,856",First,New Delhi,2.10 Lakh*
606,2020,Mahindra,Mahindra Thar Ax Opt 4-str Hard Top Diesel,Diesel,Automatic,2184,"24,000",Second,New Delhi,14.50 Lakh*
607,2011,Honda,Honda City 1.5 V Mt,Petrol,Manual,1497,"55,000",First,New Delhi,3.25 Lakh*
608,2016,Volkswagen,Volkswagen Vento 1.2 Tsi Highline Plus At,Petrol,Manual,1197,"44,000",First,New Delhi,6.75 Lakh*
609,2020,Volvo,Volvo Xc60 D5 Inscription,Diesel,Automatic,2400,"26,000",First,New Delhi,61 Lakh*
610,2007,Mahindra,Mahindra Scorpio 2.6 Turbo 7 Str,Diesel,Automatic,2609,"70,000",Third,New Delhi,"90,000*"
611,2018,Jeep,Jeep Compass 2.0 Limited Plus At,Diesel,Automatic,1956,"40,000",Second,New Delhi,13.75 Lakh*
612,2018,Honda,Honda City I-vtec Cvt Vx,Petrol,Manual,1497,"42,000",First,New Delhi,11 Lakh*
613,2016,Ford,Ford Endeavour 2.2 Trend At 4x2,Diesel,Automatic,2198,"63,000",Second,New Delhi,17.90 Lakh*
614,2021,Tata,Tata Nexon Xz Plus,Petrol,Manual,1199,"26,000",First,New Delhi,9.90 Lakh*
615,2019,Honda,Honda Amaze S I-vtec,Petrol,Manual,1198,"6,000",First,New Delhi,6.90 Lakh*
616,2017,Hyundai,Hyundai Verna 1.6 Vtvt At Sx,Petrol,Manual,1591,"42,000",First,New Delhi,7.20 Lakh*
617,2008,Hyundai,Hyundai Santro Xing Gl,Petrol,Manual,1086,"80,000",First,New Delhi,1.20 Lakh*
618,2018,Tata,Tata Tiago 1.2 Revotron Xt,Petrol,Manual,1199,"46,000",First,New Delhi,4.20 Lakh*
619,2016,Hyundai,Hyundai Elantra 2.0 Sx Option,Petrol,Manual,1999,"58,000",First,New Delhi,8.50 Lakh*
620,2020,Honda,Honda Amaze S I-vtec,Petrol,Manual,1198,"26,000",First,New Delhi,6.95 Lakh*
621,2016,Maruti,Maruti Ciaz Vxi Option,Petrol,Manual,1373,"29,000",First,New Delhi,6.50 Lakh*
622,2012,Hyundai,Hyundai Accent Executive Cng,,,1495,"48,000",Third,New Delhi,1.90 Lakh*
623,2020,Maruti,Maruti Ertiga Cng Vxi,,,1462,"49,000",First,New Delhi,11 Lakh*
624,2019,Skoda,Skoda Superb Lk 1.8 Tsi At,Petrol,Manual,1798,"14,000",First,New Delhi,29.50 Lakh*
625,2021,Jeep,Jeep Compass 2.0 Sport,Diesel,Automatic,1956,"14,000",First,New Delhi,19.26 Lakh*
626,2017,Toyota,Toyota Innova Crysta 2.4 Vx Mt,Diesel,Automatic,2393,"42,000",First,New Delhi,16.16 Lakh*
627,2017,Honda,Honda City I Vtec S,Petrol,Manual,1497,"30,000",First,New Delhi,7.46 Lakh*
628,2021,Tata,Tata Harrier Xza Plus Dual Tone At,Diesel,Automatic,1956,"22,000",First,New Delhi,22.71 Lakh*
629,2021,Toyota,Toyota Glanza G,Petrol,Manual,1197,"10,000",First,New Delhi,8.26 Lakh*
630,2020,Toyota,Toyota Innova Crysta 2.7 Zx At,Petrol,Manual,2694,"13,500",First,New Delhi,23.76 Lakh*
631,2021,Maruti,Maruti Wagon R Cng Lxi,,,998,"15,600",First,New Delhi,6.43 Lakh*
632,2021,Mahindra,Mahindra Thar Ax Opt 4-str Hard Top Diesel,Diesel,Automatic,2184,"21,000",First,New Delhi,16.26 Lakh*
633,2019,Skoda,Skoda Superb Lk 1.8 Tsi At,Petrol,Manual,1798,"12,000",First,New Delhi,28.56 Lakh*
634,2022,Hyundai,Hyundai Alcazar Prestige 7-seater,Petrol,Manual,1999,"1,700",First,New Delhi,17.73 Lakh*
635,2020,Toyota,Toyota Glanza V,Petrol,Manual,1197,"8,000",First,New Delhi,8.42 Lakh*
636,2020,Mg,Mg Hector Smart Dct,Petrol,Manual,1451,"30,000",First,New Delhi,15.86 Lakh*
637,2020,Mg,Mg Hector Sharp Dct,Petrol,Manual,1451,"27,000",First,New Delhi,17.93 Lakh*
638,2022,Hyundai,Hyundai Alcazar Platinum 7-seater,Petrol,Manual,1999,500,First,New Delhi,20.26 Lakh*
639,2014,Maruti,Maruti Wagon R Lxi Cng,,,998,"95,000",Second,New Delhi,3.25 Lakh*
640,2009,Honda,Honda City 1.5 S Mt,Petrol,Manual,1497,"77,000",Second,New Delhi,2.35 Lakh*
641,2017,Honda,Honda Jazz 1.2 S I Vtec,Petrol,Manual,1199,"60,000",First,New Delhi,4 Lakh*
642,2016,Honda,Honda Jazz 1.2 Vx I Vtec,Petrol,Manual,1199,"79,000",First,New Delhi,4.85 Lakh*
643,2014,Mercedes-benz,Mercedes-benz M-class Ml 250 Cdi,Diesel,Automatic,2143,"60,000",First,New Delhi,22.50 Lakh*
644,2017,Volkswagen,Volkswagen Vento 1.6 Highline,Petrol,Manual,1598,"74,826",First,New Delhi,6.25 Lakh*
645,2016,Renault,Renault Kwid 1.0 Rxt 02 Anniversary Edition,Petrol,Manual,999,"57,000",First,New Delhi,2.50 Lakh*
646,2016,Maruti,Maruti Baleno 1.2 Delta,Petrol,Manual,1197,"75,000",First,New Delhi,4.95 Lakh*
647,2020,Kia,Kia Sonet 1.5 Htx Diesel,Diesel,Automatic,1493,"12,000",First,New Delhi,11.85 Lakh*
648,2009,Hyundai,Hyundai I10 Magna 1.2,Petrol,Manual,1197,"26,771",First,New Delhi,1.70 Lakh*
649,2021,Maruti,Maruti Ertiga Cng Vxi,,,1462,"3,903",First,New Delhi,10.80 Lakh*
650,2022,Hyundai,Hyundai Grand I10 Nios Magna,Petrol,Manual,1197,"1,800",First,New Delhi,6.50 Lakh*
651,2014,Mahindra,Mahindra Xuv500 W6 2wd,Diesel,Automatic,2179,"13,000",First,New Delhi,7.50 Lakh*
652,2012,Mahindra,Mahindra Thar Crde Ac,Diesel,Automatic,2498,"49,000",First,New Delhi,4.35 Lakh*
653,2015,Hyundai,Hyundai I20 Asta Option 1.2,Petrol,Manual,1197,"69,000",Second,New Delhi,5.25 Lakh*
654,2021,Maruti,Maruti Vitara Brezza Lxi,Petrol,Manual,1462,"32,000",First,New Delhi,7.55 Lakh*
655,2018,Maruti,Maruti Baleno 1.2 Delta,Petrol,Manual,1197,"58,000",First,New Delhi,5.75 Lakh*
656,2009,Maruti,Maruti Swift Dzire Lxi 1.2,Petrol,Manual,1197,"69,606",First,New Delhi,1.50 Lakh*
657,2014,Hyundai,Hyundai Grand I10 Sportz,Petrol,Manual,1197,"64,000",First,New Delhi,3.88 Lakh*
658,2017,Hyundai,Hyundai Eon Era Plus,Petrol,Manual,814,"37,161",First,New Delhi,3.15 Lakh*
659,2012,Maruti,Maruti Wagon R Vxi 1.2 Bsiv,Petrol,Manual,1197,"58,000",First,New Delhi,2.40 Lakh*
660,2013,Hyundai,Hyundai I20 Magna 1.4 Crdi,Diesel,Automatic,1396,"1,22,536",Second,New Delhi,2.65 Lakh*
661,2015,Maruti,Maruti Wagon R Lxi,Petrol,Manual,998,"98,000",First,New Delhi,3.45 Lakh*
662,2017,Renault,Renault Kwid 1.0 Rxt,Petrol,Manual,999,"1,00,000",First,New Delhi,2.35 Lakh*
663,2017,Maruti,Maruti Celerio Green Vxi Optional,,,998,"52,800",First,New Delhi,4.60 Lakh*
664,2019,Tata,Tata Tigor Xz Plus,Petrol,Manual,1199,"40,001",Second,New Delhi,5.75 Lakh*
665,2015,Nissan,Nissan Terrano Xl,Petrol,Manual,1598,"65,000",Second,New Delhi,4.75 Lakh*
666,2016,Maruti,Maruti Baleno 1.2 Delta,Petrol,Manual,1197,"52,000",First,New Delhi,5.70 Lakh*
667,2013,Audi,Audi Q3 2.0 Tdi Quattro Premium Plus,Diesel,Automatic,1968,"80,000",First,New Delhi,11.75 Lakh*
668,2019,Toyota,Toyota Fortuner 2.8 2wd Mt,Diesel,Automatic,2755,"50,001",First,New Delhi,31 Lakh*
669,2016,Honda,Honda City I Vtec Cvt Vx,Petrol,Manual,1497,"52,000",First,New Delhi,7.90 Lakh*
670,2018,Renault,Renault Kwid 1.0 Rxt Optional At 2016-2019,Petrol,Manual,999,"35,000",First,New Delhi,4 Lakh*
671,2014,Maruti,Maruti Wagon R Lxi Bs Iv,Petrol,Manual,998,"58,000",First,New Delhi,3 Lakh*
672,2012,Hyundai,Hyundai Santro Xing Gls Cng,,,1086,"52,000",Second,New Delhi,2.35 Lakh*
673,2022,Hyundai,Hyundai Alcazar Signature Dual Tone,Petrol,Manual,1999,"4,500",First,New Delhi,19.50 Lakh*
674,2019,Maruti,Maruti Ignis Delta,Petrol,Manual,1197,"42,000",First,New Delhi,5.25 Lakh*
675,2019,Maruti,Maruti Eeco 7 Seater Standard Bsiv,Petrol,Manual,1196,"42,000",First,New Delhi,4.52 Lakh*
676,2018,Mercedes-benz,Mercedes-benz E-class Expression E 220d,Diesel,Automatic,1950,"40,000",First,New Delhi,40.25 Lakh*
677,2014,Mercedes-benz,Mercedes-benz Gl-class 350 Cdi Blue Efficiency,Diesel,Automatic,2987,"40,000",First,New Delhi,25 Lakh*
678,2015,Maruti,Maruti Eeco 5 Str With Ac Plus Htr Cng,,,1196,"44,000",First,New Delhi,2.65 Lakh*
679,2016,Bmw,Bmw 3 Series Gt Luxury Line,Diesel,Automatic,1995,"50,000",First,New Delhi,21 Lakh*
680,2018,Hyundai,Hyundai Creta 1.4 E Plus,Diesel,Automatic,1396,"42,000",First,New Delhi,8.50 Lakh*
681,2019,Maruti,Maruti Swift Lxi,Petrol,Manual,1197,"49,000",First,New Delhi,5.75 Lakh*
682,2021,Honda,Honda Wr-v Vx,Petrol,Manual,1199,"19,000",First,New Delhi,9.50 Lakh*
683,2019,Volkswagen,Volkswagen Passat 2.0 Tdi At Highline,Diesel,Automatic,1968,"30,000",Second,New Delhi,21.50 Lakh*
684,2016,Mahindra,Mahindra Xuv500 W6 1.99 Mhawk,Diesel,Automatic,1997,"1,00,000",First,New Delhi,6.50 Lakh*
685,2017,Hyundai,Hyundai Creta 1.6 Vtvt E Plus,Petrol,Manual,1591,"46,000",First,New Delhi,8.90 Lakh*
686,2008,Maruti,Maruti Sx4 Zxi Bsiii,Petrol,Manual,1586,"65,000",First,New Delhi,1.35 Lakh*
687,2022,Mahindra,Mahindra Thar Lx 4-str Hard Top At,Petrol,Manual,1997,"4,000",First,New Delhi,17.90 Lakh*
688,2017,Tata,Tata Bolt Quadrajet Xe,Diesel,Automatic,1248,"1,20,000",Third,New Delhi,3.47 Lakh*
689,2019,Mercedes-benz,Mercedes-benz C-class Progressive C 200,Petrol,Manual,1950,"35,000",First,New Delhi,39.50 Lakh*
690,2021,Hyundai,Hyundai Alcazar Signature,Petrol,Manual,1999,"4,500",First,New Delhi,19.50 Lakh*
691,2015,Mercedes-benz,Mercedes-benz M-class Ml 350 4matic,Diesel,Automatic,2987,"64,000",Second,New Delhi,23.90 Lakh*
692,2020,Hyundai,Hyundai Creta 1.6 Ex Diesel,Diesel,Automatic,1582,"50,000",Second,New Delhi,13.25 Lakh*
693,2016,Ford,Ford Ecosport 1.5 Petrol Trend,Petrol,Manual,1496,"40,000",First,New Delhi,5.75 Lakh*
694,2019,Maruti,Maruti Celerio X Amt Zxi,Petrol,Manual,998,"13,000",First,New Delhi,5.45 Lakh*
695,2013,Audi,Audi A6 2.0 Tdi Premium Plus,Diesel,Automatic,1968,"74,000",Second,New Delhi,12.25 Lakh*
696,2011,Toyota,Toyota Etios G,Petrol,Manual,1496,"53,400",First,New Delhi,2.80 Lakh*
697,2022,Mahindra,Mahindra Xuv700 Ax5 Diesel,Diesel,Automatic,2198,400,First,New Delhi,20.25 Lakh*
698,2016,Maruti,Maruti Ertiga Shvs Zdi Plus,Diesel,Automatic,1248,"60,000",First,New Delhi,8.50 Lakh*
699,2019,Isuzu,Isuzu D-max High,Diesel,Automatic,2499,"27,800",Second,New Delhi,12.90 Lakh*
700,2021,Volvo,Volvo S90 B5 Inscription,Petrol,Manual,1969,"32,000",First,New Delhi,52 Lakh*
701,2008,Toyota,Toyota Corolla Altis G,Petrol,Manual,1798,"62,400",First,New Delhi,2.59 Lakh*
702,2019,Hyundai,Hyundai Creta 1.6 Vtvt At Sx Plus,Petrol,Manual,1591,"25,000",First,New Delhi,13.75 Lakh*
703,2017,Mahindra,Mahindra Scorpio 1.99 S4 Plus,Diesel,Automatic,1997,"47,800",First,New Delhi,9.50 Lakh*
704,2020,Kia,Kia Seltos Htx Ivt G,Petrol,Manual,1497,"25,600",First,New Delhi,15.90 Lakh*
705,2012,Hyundai,Hyundai Verna 1.6 Ex Vtvt,Petrol,Manual,1591,"76,000",First,New Delhi,4.05 Lakh*
706,2014,Mahindra,Mahindra Scorpio Sle 7s Bsiv,Diesel,Automatic,2179,"76,000",First,New Delhi,4.90 Lakh*
707,2014,Nissan,Nissan Terrano Xl Plus 85 Ps,Diesel,Automatic,1461,"70,000",First,New Delhi,4.25 Lakh*
708,2013,Mahindra,Mahindra Scorpio Vlx 2wd Airbag Bsiv,Diesel,Automatic,2179,"80,000",First,New Delhi,4.75 Lakh*
709,2010,Maruti,Maruti Wagon R Lxi,Petrol,Manual,998,"55,000",First,New Delhi,1.80 Lakh*
710,2013,Ford,Ford Ecosport 1.5 Ti Vct Mt Titanium,Petrol,Manual,1499,"72,000",Second,New Delhi,4.44 Lakh*
711,2009,Mercedes-benz,Mercedes-benz C-class C 200 Kompressor Elegance At,Petrol,Manual,1796,"69,000",Second,New Delhi,4.45 Lakh*
712,2014,Bmw,Bmw 6 Series 640d Gran Coupe,Diesel,Automatic,2993,"93,000",First,New Delhi,24.50 Lakh*
713,2016,Hyundai,Hyundai Creta 1.6 Vtvt Sx Plus,Petrol,Manual,1591,"17,000",First,New Delhi,9.45 Lakh*
714,2018,Bmw,Bmw 5 Series 530i Sport Line,Petrol,Manual,1998,"16,000",First,New Delhi,48 Lakh*
715,2019,Kia,Kia Seltos Htx Plus D,Diesel,Automatic,1493,"28,000",First,New Delhi,15.75 Lakh*
716,2019,Mahindra,Mahindra Xuv500 W5 Bsiv,Diesel,Automatic,2179,"44,002",First,New Delhi,11.75 Lakh*
717,2010,Honda,Honda City 1.5 V Mt,Petrol,Manual,1497,"20,000",First,New Delhi,3.50 Lakh*
718,2020,Kia,Kia Seltos Htk D,Diesel,Automatic,1493,"27,006",First,New Delhi,12.75 Lakh*
719,2016,Honda,Honda Jazz 1.2 V I Vtec,Petrol,Manual,1199,"62,000",First,New Delhi,5.50 Lakh*
720,2013,Maruti,Maruti Alto 800 Cng Lxi,,,796,"59,654",First,New Delhi,2.25 Lakh*
721,2018,Toyota,Toyota Innova Crysta 2.4 Gx At,Diesel,Automatic,2393,"50,000",First,New Delhi,16.50 Lakh*
722,2017,Maruti,Maruti Alto 800 Lxi,Petrol,Manual,796,"40,000",First,New Delhi,3 Lakh*
723,2017,Maruti,Maruti Vitara Brezza Zdi Plus,Diesel,Automatic,1248,"76,720",First,New Delhi,7.05 Lakh*
724,2002,Maruti,Maruti Wagon R Lxi,Petrol,Manual,998,"50,000",Second,New Delhi,1 Lakh*
725,2014,Toyota,Toyota Corolla Altis G Mt,Petrol,Manual,1798,"70,000",Second,New Delhi,6.80 Lakh*
726,2009,Maruti,Maruti Wagon R Lxi Cng,,,998,"80,000",Second,New Delhi,1.04 Lakh*
727,2020,Kia,Kia Seltos Htk Plus At D,Diesel,Automatic,1493,"45,000",First,New Delhi,14.25 Lakh*
728,2021,Hyundai,Hyundai Alcazar Signature,Petrol,Manual,1999,"4,500",First,New Delhi,19.25 Lakh*
729,2020,Honda,Honda Civic Zx,Petrol,Manual,1799,"22,000",First,New Delhi,20.50 Lakh*
730,2015,Honda,Honda City I Vtec V,Petrol,Manual,1497,"48,000",Second,New Delhi,6.50 Lakh*
731,2021,Kia,Kia Seltos Htk G,Petrol,Manual,1497,"2,623",First,New Delhi,12.75 Lakh*
732,2022,Mahindra,Mahindra Thar Lx 4-str Convert Top Diesel At,Diesel,Automatic,2184,"12,000",First,New Delhi,18.50 Lakh*
733,2016,Maruti,Maruti Vitara Brezza Zdi,Diesel,Automatic,1248,"58,000",First,New Delhi,6.55 Lakh*
734,2018,Honda,Honda Wr-v Edge Edition I-vtec S,Petrol,Manual,1199,"60,000",First,New Delhi,6.75 Lakh*
735,2015,Hyundai,Hyundai Creta 1.6 Sx Automatic Diesel,Diesel,Automatic,1582,"84,000",First,New Delhi,7.90 Lakh*
736,2018,Hyundai,Hyundai Creta 1.6 Sx Automatic Diesel,Diesel,Automatic,1582,"51,000",First,New Delhi,13.75 Lakh*
737,2019,Tata,Tata Harrier Xt Bsiv,Diesel,Automatic,1956,"28,694",Second,New Delhi,14.95 Lakh*
738,2018,Mercedes-benz,Mercedes-benz E-class Expression E 220,Petrol,Manual,1991,"55,000",First,New Delhi,47.90 Lakh*
739,2016,Mercedes-benz,Mercedes-benz Cla 200 Cgi Sport,Petrol,Manual,1991,"44,000",First,New Delhi,24.50 Lakh*
740,2016,Maruti,Maruti Wagon R Amt Vxi,Petrol,Manual,998,"59,000",Second,New Delhi,3.85 Lakh*
741,2017,Hyundai,Hyundai Creta 1.6 Vtvt E Plus,Petrol,Manual,1591,"48,000",First,New Delhi,9.75 Lakh*
742,2016,Ford,Ford Ecosport 1.5 Tdci Titanium Plus Bsiv,Diesel,Automatic,1498,"58,000",First,New Delhi,6.50 Lakh*
743,2017,Hyundai,Hyundai Creta 1.6 Sx Automatic,Petrol,Manual,1591,"18,000",First,New Delhi,13.75 Lakh*
744,2019,Hyundai,Hyundai Creta 1.6 Sx Automatic,Petrol,Manual,1591,"42,000",First,New Delhi,13.90 Lakh*
745,2015,Mercedes-benz,Mercedes-benz M-class Ml 350 4matic,Diesel,Automatic,2987,"62,000",Second,New Delhi,23.90 Lakh*
746,2019,Hyundai,Hyundai Creta 1.6 Vtvt Sx Plus,Petrol,Manual,1591,"74,000",First,New Delhi,10.90 Lakh*
747,2009,Honda,Honda City 1.5 E Mt,Petrol,Manual,1497,"70,250",Second,New Delhi,2.25 Lakh*
748,2015,Mercedes-benz,Mercedes-benz C-class 220 Cdi At,Diesel,Automatic,2143,"62,000",First,New Delhi,22.50 Lakh*
749,2021,Hyundai,Hyundai I20 Asta Ivt,Petrol,Manual,1197,"20,000",First,New Delhi,10.25 Lakh*
