,Year,Brand,Model,Fuel Type,Transmission,Engine Capacity,Kms Driven,No. of Owners,Location,Price
0,2019,Maruti,Maruti Ciaz,Petrol,Manual,1462,"34,474",1st,New Delhi,"8,17,000 "
1,2016,Mahindra,Mahindra XUV500,Diesel,Automatic,1997,"1,08,939",1st,New Delhi,"9,10,000 "
2,2015,Renault,Renault KWID,Petrol,Manual,799,"38,286",1st,New Delhi,"2,22,000 "
3,2018,Toyota,Toyota Etios Liva,Petrol,Manual,1197,"24,200",2nd,New Delhi,"5,25,000 "
4,2018,Hyundai,Hyundai Creta,Petrol,Manual,1591,"28,779",1st,New Delhi,"10,33,000"
5,2019,Honda,Honda City,Petrol,Manual,1497,"22,498",1st,New Delhi,"11,30,000 "
6,2017,Honda,Honda Jazz,Petrol,Manual,1199,"26,736",1st,New Delhi,"6,98,000"
7,2019,Hyundai,Hyundai Creta,Petrol,Manual,1591,"24,697",1st,New Delhi,"13,16,000 "
8,2019,Honda,Honda City,Petrol,Manual,1497,"69,918",1st,New Delhi,"12,68,000"
9,2020,Maruti,Maruti Vitara Brezza,Petrol,Manual,1462,"26,278",1st,New Delhi,"10,53,000"
10,2018,Maruti,Maruti Alto 800,Petrol,Manual,796,"47,505",1st,New Delhi,"3,25,000 "
11,2018,Maruti,Maruti Alto K10,Petrol,Manual,998,"28,987",1st,New Delhi,"3,73,000 "
12,2016,Maruti,Maruti Ciaz,Petrol,Manual,1373,"38,387",1st,New Delhi,"7,43,000 "
13,2018,Hyundai,Hyundai Creta,Petrol,Manual,1591,"26,985",2nd,New Delhi,"9,26,000"
14,2017,Mahindra,Mahindra Kuv 100 Mfalcon G80 K6 Plus,Petrol,Manual,1198,"25,000",First,New Delhi,5.50 Lakh*
15,2021,Toyota,Toyota Fortuner 4x4 Diesel At,Diesel,Automatic,2755,"40,000",First,New Delhi,42.75 Lakh*
16,2014,Renault,Renault Duster 110ps Diesel Rxl,Diesel,Automatic,1461,"72,000",Second,New Delhi,3.75 Lakh*
17,2013,Jaguar,Jaguar Xf 2.2 Litre Luxury,Diesel,Automatic,2179,"90,000",Second,New Delhi,13.75 Lakh*
18,2014,Bmw,Bmw 3 Series 320d Prestige,Diesel,Automatic,1995,"80,000",First,New Delhi,12.75 Lakh*
19,2017,Bmw,Bmw 3 Series 320i Luxury Line,Petrol,Manual,1998,"20,000",First,New Delhi,29.50 Lakh*
20,2019,Tata,Tata Harrier,Diesel,Automatic,1956,"31,219",2nd,New Delhi,"14,56,000"
21,2018,Maruti,Maruti Alto K10,Petrol,Manual,998,"65,761",1st,New Delhi,"3,63,000"
22,2020,Maruti,Maruti Baleno,Petrol,Manual,1197,"31,736",1st,New Delhi,"7,47,000 "
23,2019,Maruti,Maruti Ciaz,Petrol,Manual,1462,"33,206",1st,New Delhi,"9,34,000"
24,2017,Maruti,Maruti Baleno,Petrol,Manual,1197,"75,915",1st,New Delhi,"6,01,000 "
25,2016,Honda,Honda Jazz,Petrol,Manual,1199,"71,615",1st,New Delhi,"4,83,000 "
26,2016,Hyundai,Hyundai Creta,Petrol,Manual,1591,"42,940",1st,New Delhi,"9,21,000"
27,2015,Hyundai,Hyundai Grand i10,Petrol,Manual,1197,"72,648",1st,New Delhi,"4,23,000 "
28,2017,Hyundai,Hyundai Grand i10,Petrol,Manual,1197,"8,346",1st,New Delhi,"5,18,000"
29,2017,Tata,Tata Tiago,Petrol,Manual,1199,"1,28,613",1st,New Delhi,"4,17,000"
30,2018,Maruti,Maruti Baleno,Petrol,Manual,1197,"44,114",2nd,New Delhi,"5,55,000"
31,2016,Hyundai,Hyundai i20,Petrol,Manual,1197,"52,300",1st,New Delhi,"4,93,000"
32,2012,Honda,Honda City,Petrol,Manual,1497,"1,01,685",1st,New Delhi,"3,75,000 "
33,2017,Maruti,Maruti SX4 S Cross,Diesel,Automatic,1248,"99,107",1st,New Delhi,"5,74,000 "
34,2017,Hyundai,Hyundai Grand i10,Petrol,Manual,1197,"40,191",1st,New Delhi,"4,30,000"
35,2021,Maruti,Maruti Alto 800,Petrol,Manual,796,"11,413",1st,New Delhi,"4,40,000 "
36,2020,Maruti,Maruti Alto 800,Petrol,Manual,796,"10,960",1st,New Delhi,"3,80,000 "
37,2017,Mahindra,Mahindra XUV500,Diesel,Automatic,1997,"74,429",1st,New Delhi,"10,78,000"
38,2017,Maruti,Maruti Baleno,Petrol,Manual,1197,"49,010",1st,New Delhi,"6,14,000"
39,2021,Tata,Tata Harrier,Diesel,Automatic,1956,"13,995",1st,New Delhi,"18,98,000 "
40,2018,Maruti,Maruti Alto 800,Petrol,Manual,796,"44,711",1st,New Delhi,"3,15,000"
41,2019,Maruti,Maruti Baleno,Petrol,Manual,1197,"36,025",1st,New Delhi,"6,30,000 "
42,2021,Maruti,Maruti Ignis,Petrol,Manual,1197,"6,068",1st,New Delhi,"6,43,000"
43,2016,Maruti,Maruti Baleno,Petrol,Manual,1197,"43,394",1st,New Delhi,"5,25,000 "
44,2017,Mahindra,Mahindra TUV 300,Diesel,Automatic,1493,"68,282",2nd,New Delhi,"6,58,000"
45,2015,Maruti,Maruti Swift,Petrol,Manual,1197,"1,14,528",1st,New Delhi,"4,05,000 "
46,2018,Mahindra,Mahindra Scorpio,Diesel,Automatic,2179,"39,719",1st,New Delhi,"11,78,000 "
47,2020,Tata,Tata Altroz,Petrol,Manual,1199,"43,016",2nd,New Delhi,"6,03,000 "
48,2017,Honda,Honda WR-V,Petrol,Manual,1199,"59,488",1st,New Delhi,"6,74,000 "
49,2019,Hyundai,Hyundai Venue,Petrol,Manual,998,"31,710",1st,New Delhi,"10,46,000 "
50,2018,Renault,Renault Captur,Petrol,Manual,1498,"15,769",1st,New Delhi,"7,59,000"
51,2014,Maruti,Maruti Swift,Petrol,Manual,1197,"69,260",1st,New Delhi,"4,38,000 "
52,2015,Hyundai,Hyundai Creta,Diesel,Automatic,1582,"38,280",1st,New Delhi,"8,11,000 "
53,2021,Tata,Tata Nexon,Petrol,Manual,1199,"11,204",1st,New Delhi,"11,08,000 "
54,2017,Maruti,Maruti Alto 800,Petrol,Manual,796,"21,938",1st,New Delhi,"3,23,000 "
55,2014,Maruti,Maruti Swift Dzire,Diesel,Automatic,1248,"81,505",1st,New Delhi,"4,21,000"
56,2014,Hyundai,Hyundai i10,Petrol,Manual,1086,"33,764",2nd,New Delhi,"3,23,000 "
57,2017,Hyundai,Hyundai i20,Petrol,Manual,1197,"93,131",1st,New Delhi,"5,23,000 "
58,2014,Hyundai,Hyundai Xcent,Petrol,Manual,1197,"81,193",1st,New Delhi,"4,18,000"
59,2017,Maruti,Maruti Swift,Petrol,Manual,1197,"47,879",1st,New Delhi,"4,38,000 "
60,2018,Maruti,Maruti Alto K10,Petrol,Manual,998,"44,841",1st,New Delhi,"3,68,000"
61,2017,Maruti,Maruti Baleno,Petrol,Manual,1197,"1,08,682",1st,New Delhi,"4,85,000"
62,2018,Maruti,Maruti Baleno,Petrol,Manual,1197,"56,422",1st,New Delhi,"5,93,000 "
63,2018,Honda,Honda City,Petrol,Manual,1497,"35,364",1st,New Delhi,"8,74,000 "
64,2018,Mahindra,Mahindra Thar,Diesel,Automatic,2498,"25,881",1st,New Delhi,"8,23,000 "
65,2017,Renault,Renault KWID,Petrol,Manual,799,"23,290",1st,New Delhi,"3,43,000"
66,2020,Maruti,Maruti S-Presso,Petrol,Manual,998,"30,480",1st,New Delhi,"4,33,000"
67,2016,Maruti,Maruti Swift,Petrol,Manual,1197,"55,694",1st,New Delhi,"4,73,000 "
68,2015,Maruti,Maruti Wagon R,Petrol,Manual,998,"90,832",1st,New Delhi,"3,32,000"
69,2019,Maruti,Maruti Baleno,Petrol,Manual,1197,"34,196",1st,New Delhi,"6,86,000 "
70,2017,Hyundai,Hyundai Creta,Diesel,Automatic,1396,"40,113",1st,New Delhi,"9,22,000"
71,2018,Honda,Honda City,Petrol,Manual,1497,"55,564",1st,New Delhi,"9,46,000 "
72,2018,Hyundai,Hyundai Creta,Petrol,Manual,1591,"24,921",1st,New Delhi,"11,13,000 "
73,2018,Maruti,Maruti Baleno,Petrol,Manual,1197,"31,939",1st,New Delhi,"6,69,000"
74,2017,Maruti,Maruti Baleno,Petrol,Manual,1197,"22,258",2nd,New Delhi,"6,03,000 "
75,2017,Hyundai,Hyundai i20,Petrol,Manual,1197,"58,438",1st,New Delhi,"6,29,000"
76,2020,Maruti,Maruti Baleno,Petrol,Manual,1197,"31,499",1st,New Delhi,"6,79,000 "
77,2019,Maruti,Maruti Ciaz,Petrol,Manual,1462,"82,496",1st,New Delhi,"8,72,000 "
78,2020,Honda,Honda City,Petrol,Manual,1497,"16,241",1st,New Delhi,"11,49,000 "
79,2018,Maruti,Maruti Baleno,Petrol,Manual,1197,"47,204",2nd,New Delhi,"5,57,000 "
80,2016,Hyundai,Hyundai Creta,Petrol,Manual,1591,"1,01,914",1st,New Delhi,"8,08,000 "
81,2018,Mahindra,Mahindra XUV500,Diesel,Automatic,2179,"76,342",1st,New Delhi,"11,03,000 "
82,2017,Mahindra,Mahindra Scorpio,Diesel,Automatic,1997,"67,436",1st,New Delhi,"10,55,000 "
83,2017,Maruti,Maruti Wagon R,Petrol,Manual,998,"52,015",1st,New Delhi,"4,23,000"
84,2016,Honda,Honda Jazz,Petrol,Manual,1199,"39,016",1st,New Delhi,"5,25,000"
85,2017,Maruti,Maruti Wagon R,,,998,"94,527",2nd,New Delhi,"4,08,000"
86,2018,Maruti,Maruti Alto 800,Petrol,Manual,796,"52,387",1st,New Delhi,"3,28,000 "
87,2016,Maruti,Maruti Baleno,Petrol,Manual,1197,"22,784",1st,New Delhi,"5,32,000 "
88,2013,Hyundai,Hyundai Elantra,Petrol,Manual,1797,"69,069",2nd,New Delhi,"5,34,000"
89,2013,Renault,Renault Duster,Diesel,Automatic,1461,"91,863",1st,New Delhi,"3,33,000 "
90,2015,Honda,Honda Brio,Petrol,Manual,1198,"29,460",1st,New Delhi,"3,58,000 "
91,2017,Maruti,Maruti Baleno,Petrol,Manual,1197,"51,797",1st,New Delhi,"5,48,000 "
92,2013,Honda,Honda Brio,Petrol,Manual,1198,"80,212",1st,New Delhi,"2,78,000 "
93,2018,Maruti,Maruti Wagon R,,,998,"82,652",1st,New Delhi,"4,46,000"
94,2017,Renault,Renault KWID,Petrol,Manual,999,"68,557",1st,New Delhi,"3,48,000"
95,2016,Maruti,Maruti Baleno,Petrol,Manual,1197,"55,295",1st,New Delhi,"5,16,000 "
96,2017,Hyundai,Hyundai i20,Diesel,Automatic,1396,"49,197",1st,New Delhi,"6,25,000 "
97,2019,Toyota,Toyota Glanza,Petrol,Manual,1197,"25,635",1st,New Delhi,"8,39,000 "
98,2016,Hyundai,Hyundai i20,Petrol,Manual,1197,"68,829",1st,New Delhi,"5,02,000"
99,2020,Maruti,Maruti Alto 800,Petrol,Manual,796,"16,972",1st,New Delhi,"3,83,000 "
100,2019,Tata,Tata Nexon,Petrol,Manual,1198,"36,955",1st,New Delhi,"7,33,000 "
101,2021,Tata,Tata Nexon,Petrol,Manual,1199,"15,277",1st,New Delhi,"10,38,000 "
102,2019,Hyundai,Hyundai Venue,Petrol,Manual,998,"23,352",1st,New Delhi,"10,03,000 "
103,2018,Honda,Honda WR-V,Petrol,Manual,1199,"30,183",1st,New Delhi,"7,87,000"
104,2018,Hyundai,Hyundai i20,Petrol,Manual,1197,"28,886",1st,New Delhi,"6,31,000 "
105,2016,Maruti,Maruti Baleno,Petrol,Manual,1197,"30,458",1st,New Delhi,"5,36,000 "
106,2018,Tata,Tata Nexon,Diesel,Automatic,1497,"69,828",1st,New Delhi,"8,22,000"
107,2016,Maruti,Maruti Swift,Petrol,Manual,1197,"87,737",1st,New Delhi,"4,94,000 "
108,2015,Mahindra,Mahindra XUV500,Diesel,Automatic,2179,"1,04,537",1st,New Delhi,"6,23,000 "
109,2016,Hyundai,Hyundai i20,Petrol,Manual,1197,"60,458",1st,New Delhi,"5,47,000 "
110,2020,Maruti,Maruti Swift,Petrol,Manual,1197,"6,662",1st,New Delhi,"7,47,000"
111,2018,Maruti,Maruti Baleno,Petrol,Manual,1197,"1,00,940",1st,New Delhi,"4,93,000 "
112,2018,Honda,Honda WR-V,Petrol,Manual,1199,"37,408",1st,New Delhi,"6,53,000"
113,2018,Mahindra,Mahindra Scorpio,Diesel,Automatic,2179,"68,307",1st,New Delhi,"9,98,000 "
114,2017,Maruti,Maruti Baleno,Petrol,Manual,1197,"39,781",1st,New Delhi,"5,96,000 "
115,2018,Maruti,Maruti Wagon R,,,998,"58,196",1st,New Delhi,"4,88,000 "
116,2015,Hyundai,Hyundai i10,Petrol,Manual,1086,"33,373",1st,New Delhi,"4,00,000 "
117,2016,Honda,Honda City,Petrol,Manual,1497,"1,16,136",1st,New Delhi,"7,28,000 "
118,2012,Toyota,Toyota Etios,Petrol,Manual,1496,"1,03,776",2nd,New Delhi,"2,49,000"
119,2014,Maruti,Maruti Alto K10,Petrol,Manual,998,"81,851",1st,New Delhi,"2,72,000"
120,2013,Hyundai,Hyundai i20,Petrol,Manual,1197,"58,787",1st,New Delhi,"3,11,000 "
121,2012,Maruti,Maruti Alto K10,Petrol,Manual,998,"75,007",2nd,New Delhi,"2,13,000 "
122,2022,Maruti,Maruti Alto 800,,,796,"5,593",1st,New Delhi,"5,20,000"
123,2017,Maruti,Maruti Alto 800,Petrol,Manual,796,"30,287",1st,New Delhi,"3,09,000"
124,2018,Maruti,Maruti Alto K10,Petrol,Manual,998,"47,133",1st,New Delhi,"3,41,000 "
125,2017,Mahindra,Mahindra XUV500,Diesel,Automatic,1997,"44,081",1st,New Delhi,"11,24,000"
126,2017,Hyundai,Hyundai i20,Petrol,Manual,1197,"36,633",1st,New Delhi,"5,51,000 "
127,2015,Hyundai,Hyundai Verna,Diesel,Automatic,1582,"99,839",1st,New Delhi,"5,50,000 "
128,2015,Hyundai,Hyundai i20,Petrol,Manual,1197,"66,599",1st,New Delhi,"4,96,000"
129,2021,Maruti,Maruti Swift,Petrol,Manual,1197,"19,087",1st,New Delhi,"6,75,000"
130,2015,Hyundai,Hyundai i20,Petrol,Manual,1197,"46,902",1st,New Delhi,"5,48,000 "
131,2019,Maruti,Maruti S-Presso,Petrol,Manual,998,"11,303",1st,New Delhi,"4,41,000"
132,2016,Maruti,Maruti Wagon R,Petrol,Manual,998,"65,457",1st,New Delhi,"3,41,000 "
133,2017,Maruti,Maruti Celerio,Petrol,Manual,998,"29,132",1st,New Delhi,"4,53,000"
134,2016,Hyundai,Hyundai Creta,Petrol,Manual,1591,"36,880",1st,New Delhi,"8,94,000"
135,2015,Maruti,Maruti Swift,Petrol,Manual,1197,"80,575",1st,New Delhi,"4,08,000 "
136,2018,Maruti,Maruti Swift,Petrol,Manual,1197,"60,645",1st,New Delhi,"5,45,000 "
137,2018,Maruti,Maruti Alto K10,Petrol,Manual,998,"40,311",1st,New Delhi,"3,51,000 "
138,2021,Renault,Renault KWID,Petrol,Manual,799,"16,876",1st,New Delhi,"4,33,000"
139,2017,Hyundai,Hyundai i20,Diesel,Automatic,1396,"96,805",1st,New Delhi,"5,62,000 "
140,2015,Maruti,Maruti Alto 800,Petrol,Manual,796,"34,346",1st,New Delhi,"2,73,000 "
141,2021,Tata,Tata Nexon,Diesel,Automatic,1497,"34,960",1st,New Delhi,"12,17,000"
142,2018,Maruti,Maruti Celerio,Petrol,Manual,998,"77,747",1st,New Delhi,"4,23,000"
143,2017,Mahindra,Mahindra XUV500,Diesel,Automatic,1997,"56,602",1st,New Delhi,"9,73,000"
144,2017,Toyota,Toyota Innova Crysta,Diesel,Automatic,2755,"96,927",1st,New Delhi,"15,62,000 "
145,2019,Skoda,Skoda Octavia,Petrol,Manual,1798,"11,555",1st,New Delhi,"18,18,000"
146,2016,Hyundai,Hyundai i10,Petrol,Manual,1086,"57,697",1st,New Delhi,"3,38,000"
147,2015,Honda,Honda Amaze,Petrol,Manual,1198,"66,669",1st,New Delhi,"4,06,000"
148,2015,Ford,Ford Ecosport,Diesel,Automatic,1498,"1,12,013",1st,New Delhi,"4,33,000 "
149,2017,Maruti,Maruti Celerio,,,998,"89,263",1st,New Delhi,"4,52,000"
150,2016,Maruti,Maruti Baleno,Petrol,Manual,1197,"63,077",3rd,New Delhi,"5,41,000"
151,2017,Hyundai,Hyundai Grand i10,Petrol,Manual,1197,"27,361",1st,New Delhi,"4,60,000 "
152,2015,Maruti,Maruti Ciaz,Diesel,Automatic,1248,"1,19,735",1st,New Delhi,"4,78,000 "
153,2014,Hyundai,Hyundai EON,Petrol,Manual,814,"76,701",1st,New Delhi,"2,28,000 "
154,2019,Maruti,Maruti Baleno,Petrol,Manual,1197,"18,098",1st,New Delhi,"6,74,000 "
155,2016,Honda,Honda Amaze,Petrol,Manual,1198,"26,133",1st,New Delhi,"4,81,000 "
156,2020,Maruti,Maruti Vitara Brezza,Petrol,Manual,1462,"30,788",1st,New Delhi,"7,28,000"
157,2017,Hyundai,Hyundai i20,Petrol,Manual,1197,"54,398",1st,New Delhi,"5,70,000"
158,2015,Maruti,Maruti Swift,Petrol,Manual,1197,"62,644",1st,New Delhi,"4,23,000"
159,2018,Maruti,Maruti Ciaz,Petrol,Manual,1373,"19,880",1st,New Delhi,"7,49,000 "
160,2015,Maruti,Maruti Alto 800,Petrol,Manual,796,"54,694",2nd,New Delhi,"2,10,000"
161,2014,Honda,Honda City,Petrol,Manual,1497,"52,348",2nd,New Delhi,"4,98,000"
162,2017,Toyota,Toyota Innova Crysta,Diesel,Automatic,2393,"34,941",1st,New Delhi,"17,49,000 "
163,2020,Toyota,Toyota Innova Crysta,Diesel,Automatic,2393,"76,317",1st,New Delhi,"19,32,000 "
164,2013,Maruti,Maruti Swift Dzire,Diesel,Automatic,1248,"78,995",1st,New Delhi,"3,69,000"
165,2018,Mahindra,Mahindra XUV500,Diesel,Automatic,2179,"55,040",2nd,New Delhi,"13,00,000 "
166,2018,Maruti,Maruti Baleno,Petrol,Manual,1197,"10,009",1st,New Delhi,"6,91,000 "
167,2018,Mahindra,Mahindra Scorpio,Diesel,Automatic,2179,"37,556",1st,New Delhi,"9,95,000 "
168,2017,Ford,Ford Ecosport,Diesel,Automatic,1498,"79,121",1st,New Delhi,"6,73,000"
169,2016,Maruti,Maruti Ciaz,Diesel,Automatic,1248,"92,530",1st,New Delhi,"5,33,000 "
170,2014,Toyota,Toyota Etios Cross,Diesel,Automatic,1364,"92,010",1st,New Delhi,"3,30,000 "
171,2016,Mahindra,Mahindra XUV500,Diesel,Automatic,1997,"1,08,939",1st,New Delhi,"9,10,000 "
172,2015,Mahindra,Mahindra XUV500,Diesel,Automatic,2179,"48,284",1st,New Delhi,"6,93,000"
173,2019,Maruti,Maruti Ciaz,Petrol,Manual,1462,"38,505",1st,New Delhi,"7,82,000 "
174,2017,Mahindra,Mahindra Scorpio,Diesel,Automatic,1997,"91,876",1st,New Delhi,"10,10,000 "
175,2015,Honda,Honda City,Petrol,Manual,1497,"34,031",1st,New Delhi,"7,12,000 "
176,2018,Maruti,Maruti Alto 800,Petrol,Manual,796,"18,263",1st,New Delhi,"3,03,000"
177,2014,Maruti,Maruti Celerio,Petrol,Manual,998,"59,536",2nd,New Delhi,"2,95,000 "
178,2015,Renault,Renault KWID,Petrol,Manual,799,"18,096",1st,New Delhi,"2,78,000"
179,2014,Maruti,Maruti Swift Dzire,Petrol,Manual,1197,"84,805",1st,New Delhi,"4,13,000"
180,2014,Maruti,Maruti Wagon R,,,998,"57,417",1st,New Delhi,"3,33,000 "
181,2014,Maruti,Maruti Swift Dzire,Diesel,Automatic,1248,"86,294",1st,New Delhi,"4,11,000"
182,2016,Hyundai,Hyundai Creta,Petrol,Manual,1591,"44,461",1st,New Delhi,"9,48,000 "
183,2021,Nissan,Nissan Kicks,Petrol,Manual,1498,"9,799",1st,New Delhi,"9,52,000"
184,2018,Maruti,Maruti Swift,Diesel,Automatic,1248,"91,221",1st,New Delhi,"6,05,000"
185,2017,Hyundai,Hyundai Creta,Diesel,Automatic,1582,"43,146",1st,New Delhi,"9,63,000"
186,2020,Renault,Renault KWID,Petrol,Manual,999,"12,390",1st,New Delhi,"4,17,000 "
187,2014,Honda,Honda Amaze,Diesel,Automatic,1498,"68,986",2nd,New Delhi,"2,88,000 "
188,2014,Maruti,Maruti Alto K10,Petrol,Manual,998,"21,191",1st,New Delhi,"2,93,000 "
189,2013,Renault,Renault Duster,Diesel,Automatic,1461,"94,909",1st,New Delhi,"3,99,000"
190,2018,Maruti,Maruti Baleno,Petrol,Manual,1197,"46,804",1st,New Delhi,"6,23,000"
191,2019,Maruti,Maruti Wagon R,,,998,"71,662",1st,New Delhi,"5,60,000 "
192,2015,Hyundai,Hyundai i20,Petrol,Manual,1197,"58,964",1st,New Delhi,"4,98,000"
193,2014,Honda,Honda City,Petrol,Manual,1497,"69,010",1st,New Delhi,"5,85,000 "
194,2015,Maruti,Maruti Swift,Diesel,Automatic,1248,"94,891",2nd,New Delhi,"4,19,000 "
195,2015,Hyundai,Hyundai Creta,Diesel,Automatic,1582,"1,19,807",1st,New Delhi,"7,17,000 "
196,2019,Maruti,Maruti Baleno,Petrol,Manual,1197,"28,627",1st,New Delhi,"7,03,000"
197,2015,Maruti,Maruti Swift,Petrol,Manual,1197,"30,142",1st,New Delhi,"4,56,000"
198,2018,Hyundai,Hyundai Creta,Diesel,Automatic,1396,"50,124",1st,New Delhi,"8,89,000 "
199,2021,MG,MG Hector Plus,Petrol,Manual,1451,"10,061",1st,New Delhi,"19,43,000 "
200,2017,Renault,Renault KWID,Petrol,Manual,999,"48,535",2nd,New Delhi,"2,73,000 "
201,2015,Hyundai,Hyundai i20,Diesel,Automatic,1396,"79,840",1st,New Delhi,"4,68,000 "
202,2020,Maruti,Maruti S-Presso,Petrol,Manual,998,"20,318",2nd,New Delhi,"4,38,000"
203,2011,Toyota,Toyota Etios,Petrol,Manual,1496,"46,215",1st,New Delhi,"2,63,000 "
204,2015,Maruti,Maruti Wagon R,Petrol,Manual,998,"65,343",1st,New Delhi,"3,28,000 "
205,2011,Toyota,Toyota Etios Liva,Petrol,Manual,1197,"1,29,612",2nd,New Delhi,"2,45,000 "
206,2011,Hyundai,Hyundai i20,Petrol,Manual,1197,"84,330",1st,New Delhi,"2,43,000 "
207,2013,Skoda,Skoda Rapid,Diesel,Automatic,1598,"1,12,441",1st,New Delhi,"3,13,000"
208,2015,Honda,Honda Amaze,Petrol,Manual,1198,"60,719",1st,New Delhi,"4,05,000"
209,2017,Hyundai,Hyundai Creta,Diesel,Automatic,1582,"54,114",1st,New Delhi,"8,66,000"
210,2017,Maruti,Maruti Baleno,Petrol,Manual,1197,"34,278",1st,New Delhi,"6,53,000"
211,2017,Mahindra,Mahindra XUV500,Diesel,Automatic,1997,"78,163",2nd,New Delhi,"8,04,000 "
212,2017,Volkswagen,Volkswagen Ameo,Petrol,Manual,1198,"61,931",2nd,New Delhi,"4,43,000"
213,2017,Honda,Honda BR-V,Diesel,Automatic,1498,"47,631",1st,New Delhi,"8,61,000 "
214,2017,Renault,Renault KWID,Petrol,Manual,999,"72,573",2nd,New Delhi,"2,83,000"
215,2016,Maruti,Maruti Vitara Brezza,Diesel,Automatic,1248,"78,703",1st,New Delhi,"5,59,000 "
216,2017,Mahindra,Mahindra XUV500,Diesel,Automatic,1997,"49,623",1st,New Delhi,"8,35,000 "
217,2013,Maruti,Maruti Swift,Petrol,Manual,1197,"51,232",2nd,New Delhi,"3,11,000"
218,2014,Honda,Honda City,Diesel,Automatic,1498,"92,887",1st,New Delhi,"3,93,000 "
219,2017,Honda,Honda WR-V,Petrol,Manual,1199,"26,697",1st,New Delhi,"6,56,000 "
220,2013,Honda,Honda Amaze,Diesel,Automatic,1498,"83,325",2nd,New Delhi,"2,82,000 "
221,2019,Hyundai,Hyundai Venue,Petrol,Manual,998,"24,792",1st,New Delhi,"9,86,000 "
222,2018,Maruti,Maruti Ignis,Petrol,Manual,1197,"63,136",1st,New Delhi,"4,78,000 "
223,2018,Maruti,Maruti Baleno,Diesel,Automatic,1248,"83,666",1st,New Delhi,"5,02,000 "
224,2016,Maruti,Maruti Swift Dzire,Diesel,Automatic,1248,"78,630",1st,New Delhi,"5,27,000"
225,2019,Maruti,Maruti Ignis,Petrol,Manual,1197,"30,903",1st,New Delhi,"5,01,000"
226,2020,Renault,Renault KWID,Petrol,Manual,799,"11,800",1st,New Delhi,"3,64,000 "
227,2014,Honda,Honda Amaze,Petrol,Manual,1198,"76,429",1st,New Delhi,"3,54,000"
228,2019,MG,MG Hector,Petrol,Manual,1451,"35,211",1st,New Delhi,"16,64,000 "
229,2012,Renault,Renault Duster,Diesel,Automatic,1461,"1,37,547",1st,New Delhi,"2,63,000 "
230,2014,Hyundai,Hyundai i20,Diesel,Automatic,1396,"1,38,178",1st,New Delhi,"3,48,000 "
231,2016,Maruti,Maruti Baleno,Petrol,Manual,1197,"43,527",1st,New Delhi,"5,71,000 "
232,2018,Tata,Tata Tiago,Petrol,Manual,1199,"39,946",1st,New Delhi,"3,98,000"
233,2015,Maruti,Maruti Swift,Petrol,Manual,1197,"75,020",1st,New Delhi,"4,38,000 "
234,2016,Datsun,Datsun RediGO,Petrol,Manual,799,"53,069",1st,New Delhi,"2,31,000"
235,2012,Maruti,Maruti Zen Estilo,Petrol,Manual,998,"53,285",2nd,New Delhi,"1,86,000 "
236,2014,Maruti,Maruti Swift,Petrol,Manual,1197,"78,505",1st,New Delhi,"3,48,000"
237,2017,Tata,Tata Tiago,Petrol,Manual,1199,"95,446",1st,New Delhi,"3,77,000 "
238,2016,Volkswagen,Volkswagen Vento,Petrol,Manual,1197,"32,564",1st,New Delhi,"6,83,000"
239,2015,Maruti,Maruti Swift,Petrol,Manual,1197,"43,832",1st,New Delhi,"4,30,000"
240,2014,Volkswagen,Volkswagen Polo,Petrol,Manual,1198,"87,681",1st,New Delhi,"3,09,000 "
241,2014,Maruti,Maruti Swift Dzire,Petrol,Manual,1197,"62,760",2nd,New Delhi,"3,99,000 "
242,2017,Tata,Tata Tiago,Petrol,Manual,1199,"65,674",1st,New Delhi,"3,78,000 "
243,2014,Honda,Honda City,Petrol,Manual,1497,"92,529",1st,New Delhi,"5,08,000"
244,2015,Honda,Honda Jazz,Diesel,Automatic,1498,"1,18,769",1st,New Delhi,"3,77,000 "
245,2019,Hyundai,Hyundai Creta,Diesel,Automatic,1582,"66,368",2nd,New Delhi,"11,82,000 "
246,2014,Honda,Honda City,Diesel,Automatic,1498,"90,402",1st,New Delhi,"3,55,000 "
247,2018,Mahindra,Mahindra Thar,Diesel,Automatic,2498,"33,637",2nd,New Delhi,"8,05,000"
248,2013,Maruti,Maruti Swift,Petrol,Manual,1197,"1,09,580",1st,New Delhi,"3,20,000 "
249,2018,Maruti,Maruti Alto K10,Petrol,Manual,998,"14,190",2nd,New Delhi,"3,86,000 "
250,2018,Maruti,Maruti Vitara Brezza,Diesel,Automatic,1248,"45,340",1st,New Delhi,"6,54,000 "
251,2015,Hyundai,Hyundai i20,Petrol,Manual,1197,"63,615",3rd,New Delhi,"4,10,000"
252,2017,Toyota,Toyota Innova Crysta,Diesel,Automatic,2755,"84,931",1st,New Delhi,"18,40,000"
253,2020,Skoda,Skoda Rapid,Petrol,Manual,999,"9,351",1st,New Delhi,"10,67,000 "
254,2018,Tata,Tata Tiago,Petrol,Manual,1199,"30,121",1st,New Delhi,"4,21,000"
255,2018,Maruti,Maruti Vitara Brezza,Diesel,Automatic,1248,"77,731",1st,New Delhi,"8,00,000"
256,2015,Hyundai,Hyundai i20,Petrol,Manual,1197,"71,084",1st,New Delhi,"5,23,000 "
257,2018,Maruti,Maruti Alto 800,Petrol,Manual,796,"26,979",2nd,New Delhi,"2,83,000 "
258,2013,Maruti,Maruti Swift,Petrol,Manual,1197,"83,441",2nd,New Delhi,"3,13,000 "
259,2016,Honda,Honda City,Petrol,Manual,1497,"18,474",1st,New Delhi,"6,58,000"
260,2018,Honda,Honda City,Petrol,Manual,1497,"27,768",1st,New Delhi,"8,57,000 "
261,2018,Maruti,Maruti Alto K10,Petrol,Manual,998,"49,878",1st,New Delhi,"3,56,000"
262,2018,Renault,Renault KWID,Petrol,Manual,799,"45,940",1st,New Delhi,"2,93,000 "
263,2015,Maruti,Maruti Alto K10,Petrol,Manual,998,"98,772",1st,New Delhi,"2,37,000"
264,2018,Maruti,Maruti Swift,Petrol,Manual,1197,"62,436",1st,New Delhi,"6,37,000 "
265,2020,Maruti,Maruti Alto 800,Petrol,Manual,796,"27,629",1st,New Delhi,"3,53,000 "
266,2018,Maruti,Maruti Ciaz,Petrol,Manual,1462,"25,607",1st,New Delhi,"8,22,000"
267,2016,Maruti,Maruti Wagon R,Petrol,Manual,998,"26,303",1st,New Delhi,"3,43,000"
268,2013,Maruti,Maruti Swift Dzire,Diesel,Automatic,1248,"43,391",1st,New Delhi,"3,15,000 "
269,2017,Mahindra,Mahindra Thar,Diesel,Automatic,2498,"42,218",1st,New Delhi,"7,36,000"
270,2011,Toyota,Toyota Etios,Petrol,Manual,1496,"49,874",1st,New Delhi,"2,66,000 "
271,2015,Maruti,Maruti Baleno,Petrol,Manual,1197,"47,224",1st,New Delhi,"4,75,000 "
272,2018,Toyota,Toyota Corolla Altis,Petrol,Manual,1798,"65,059",1st,New Delhi,"14,53,000"
273,2017,Volkswagen,Volkswagen Polo,Petrol,Manual,1199,"31,696",1st,New Delhi,"4,96,000 "
274,2016,Maruti,Maruti Ciaz,Diesel,Automatic,1248,"89,742",1st,New Delhi,"4,95,000"
275,2016,Renault,Renault KWID,Petrol,Manual,799,"57,547",1st,New Delhi,"2,48,000 "
276,2019,Honda,Honda City,Petrol,Manual,1497,"22,498",1st,New Delhi,"11,30,000 "
277,2018,Maruti,Maruti Alto 800,Petrol,Manual,796,"47,505",1st,New Delhi,"3,25,000 "
278,2020,Honda,Honda City,Petrol,Manual,1497,"23,461",1st,New Delhi,"11,23,000 "
279,2017,Maruti,Maruti Swift,Petrol,Manual,1197,"27,798",1st,New Delhi,"5,04,000"
280,2017,Maruti,Maruti Vitara Brezza,Diesel,Automatic,1248,"58,972",1st,New Delhi,"6,43,000 "
281,2014,Ford,Ford Ecosport,Diesel,Automatic,1498,"84,785",1st,New Delhi,"3,97,000 "
282,2015,Maruti,Maruti Swift,Diesel,Automatic,1248,"65,145",2nd,New Delhi,"3,25,000 "
283,2014,Maruti,Maruti Ciaz,Diesel,Automatic,1248,"66,204",2nd,New Delhi,"4,53,000 "
284,2018,Maruti,Maruti Wagon R,Petrol,Manual,998,"26,819",1st,New Delhi,"4,37,000 "
285,2014,Maruti,Maruti Swift,Diesel,Automatic,1248,"1,18,631",1st,New Delhi,"3,40,000 "
286,2021,Maruti,Maruti Vitara Brezza,Petrol,Manual,1462,"8,481",1st,New Delhi,"10,28,000 "
287,2015,Maruti,Maruti Swift,Diesel,Automatic,1248,"1,15,206",1st,New Delhi,"3,66,000"
288,2021,Renault,Renault Kiger,Petrol,Manual,999,"6,302",1st,New Delhi,"8,05,000 "
289,2011,Maruti,Maruti Swift Dzire,Petrol,Manual,1197,"92,613",1st,New Delhi,"2,86,000 "
290,2016,Maruti,Maruti Wagon R,Petrol,Manual,998,"30,253",1st,New Delhi,"3,75,000 "
291,2014,Honda,Honda Brio,Petrol,Manual,1198,"1,08,487",1st,New Delhi,"2,98,000 "
292,2019,Hyundai,Hyundai Venue,Petrol,Manual,998,"26,521",2nd,New Delhi,"10,40,000"
293,2019,MG,MG Hector,Petrol,Manual,1451,"28,596",2nd,New Delhi,"16,03,000 "
294,2015,Maruti,Maruti Baleno,Diesel,Automatic,1248,"67,089",1st,New Delhi,"4,86,000 "
295,2017,Maruti,Maruti Wagon R,Petrol,Manual,998,"24,136",1st,New Delhi,"3,86,000"
296,2015,Hyundai,Hyundai Verna,Diesel,Automatic,1582,"57,876",2nd,New Delhi,"5,38,000"
297,2014,Hyundai,Hyundai Grand i10,Petrol,Manual,1197,"47,291",1st,New Delhi,"3,73,000 "
298,2015,Maruti,Maruti Alto 800,Petrol,Manual,796,"31,015",1st,New Delhi,"2,38,000 "
299,2017,Mahindra,Mahindra Scorpio,Diesel,Automatic,2179,"53,704",1st,New Delhi,"10,65,000"
300,2016,Ford,Ford Ecosport,Diesel,Automatic,1498,"1,06,865",1st,New Delhi,"5,31,000 "
301,2015,Honda,Honda City,Diesel,Automatic,1498,"98,772",2nd,New Delhi,"5,33,500 "
302,2013,Hyundai,Hyundai i20,Diesel,Automatic,1396,"38,931",1st,New Delhi,"3,50,000"
303,2015,Maruti,Maruti Alto K10,Petrol,Manual,998,"91,937",2nd,New Delhi,"2,38,000 "
304,2015,Mahindra,Mahindra XUV500,Diesel,Automatic,2179,"98,891",2nd,New Delhi,"5,69,000 "
305,2013,Nissan,Nissan Terrano,Diesel,Automatic,1461,"1,23,145",2nd,New Delhi,"2,81,000 "
306,2014,Renault,Renault Duster,Diesel,Automatic,1461,"1,21,605",1st,New Delhi,"3,54,000 "
307,2022,Maruti,Maruti Ciaz,Petrol,Manual,1462,"3,665",1st,New Delhi,"12,78,000 "
308,2021,Renault,Renault Kiger,Petrol,Manual,999,"22,845",1st,New Delhi,"6,71,000 "
309,2016,Datsun,Datsun RediGO,Petrol,Manual,799,"39,949",1st,New Delhi,"2,02,000"
310,2017,Mercedes-benz,Mercedes-benz Cla 200 Cgi Sport,Petrol,Manual,1991,"22,000",First,New Delhi,26.50 Lakh*
311,2021,Maruti,Maruti Wagon R Vxi,Petrol,Manual,998,"11,800",First,New Delhi,5.49 Lakh*
312,2016,Hyundai,Hyundai I20 Sportz 1.2,Petrol,Manual,1197,"46,000",First,New Delhi,5.10 Lakh*
313,2020,Kia,Kia Seltos Gtx Plus At D,Diesel,Automatic,1493,"14,000",First,New Delhi,18 Lakh*
314,2018,Mahindra,Mahindra Tuv 300 T6 Plus,Diesel,Automatic,1493,"75,000",First,New Delhi,6.90 Lakh*
315,2014,Mahindra,Mahindra Xuv500 W8 2wd,Diesel,Automatic,2179,"90,000",Second,New Delhi,6 Lakh*
316,2015,Mercedes-benz,Mercedes-benz C-class C 220d Avantgarde Edition C,Diesel,Automatic,2143,"29,000",First,New Delhi,23 Lakh*
317,2017,Maruti,Maruti Ignis 1.2 Delta Bsiv,Petrol,Manual,1197,"11,000",First,New Delhi,5.25 Lakh*
318,2019,Ford,Ford Ecosport 1.5 Petrol Titanium,Petrol,Manual,1496,"24,000",First,New Delhi,8.45 Lakh*
319,2019,Hyundai,Hyundai Creta 1.6 Sx Automatic,Petrol,Manual,1591,"27,000",First,New Delhi,13.75 Lakh*
320,2018,Mahindra,Mahindra Scorpio 1.99 S4,Diesel,Automatic,1997,"29,000",Second,New Delhi,9.50 Lakh*
321,2017,Toyota,Toyota Fortuner 2.8 4wd Mt,Diesel,Automatic,2755,"48,000",Second,New Delhi,25 Lakh*
322,2016,Ford,Ford Endeavour 3.2 Titanium At 4x4,Diesel,Automatic,3198,"95,000",Third,New Delhi,22 Lakh*
323,2012,Land,Land Rover Range Rover Evoque 2.2l Dynamic,Diesel,Automatic,2179,"78,000",First,New Delhi,15.50 Lakh*
324,2013,Jaguar,Jaguar Xf 2.2 Litre Luxury,Diesel,Automatic,2179,"66,000",First,New Delhi,14 Lakh*
325,2016,Bmw,Bmw X1 Xdrive 20d Xline,Diesel,Automatic,1995,"56,000",Second,New Delhi,19 Lakh*
326,2022,Skoda,Skoda Slavia 1.0 Tsi Ambition,Petrol,Manual,999,"5,300",First,New Delhi,13.25 Lakh*
327,2019,Honda,Honda City I-vtec Cvt Vx,Petrol,Manual,1497,"28,000",First,New Delhi,11.50 Lakh*
328,2021,Maruti,Maruti Wagon R Cng Lxi Opt,,,998,"16,000",First,New Delhi,6.75 Lakh*
329,2014,Mahindra,Mahindra Xuv500 W6 2wd,Diesel,Automatic,2179,"1,15,000",Third,New Delhi,5.49 Lakh*
330,2012,Hyundai,Hyundai I20 Sportz Option Diesel,Diesel,Automatic,1396,"34,000",First,New Delhi,3 Lakh*
331,2019,Kia,Kia Seltos Htk G,Petrol,Manual,1497,"25,000",First,New Delhi,11.25 Lakh*
332,2018,Audi,Audi A3 35 Tdi Technology,Diesel,Automatic,1968,"30,000",Second,New Delhi,24.90 Lakh*
333,2018,Toyota,Toyota Innova Crysta 2.4 Gx At,Diesel,Automatic,2393,"80,000",First,New Delhi,17.90 Lakh*
334,2016,Tata,Tata Tiago 1.2 Revotron Xt,Petrol,Manual,1199,"45,000",First,New Delhi,3.50 Lakh*
335,2018,Bmw,Bmw X1 Sdrive 20d Xline,Diesel,Automatic,1995,"69,000",First,New Delhi,25 Lakh*
336,2017,Honda,Honda Amaze S Option I-vtec,Petrol,Manual,1198,"38,000",First,New Delhi,5.01 Lakh*
337,2021,Maruti,Maruti Ciaz Alpha At,Petrol,Manual,1462,"4,500",First,New Delhi,12.25 Lakh*
338,2018,Maruti,Maruti Baleno 1.2 Cvt Zeta,Petrol,Manual,1197,"32,000",First,New Delhi,6.95 Lakh*
339,2014,Maruti,Maruti Eeco 5 Str With Ac Plus Htr Cng,,,1196,"52,000",First,New Delhi,3.25 Lakh*
340,2018,Volvo,Volvo Xc40 D4 R-design,Diesel,Automatic,1969,"20,000",First,New Delhi,35 Lakh*
341,2015,Renault,Renault Duster 110ps Diesel Rxl,Diesel,Automatic,1461,"54,000",First,New Delhi,4.50 Lakh*
342,2019,Maruti,Maruti Wagon R Lxi Cng,,,998,"51,000",First,New Delhi,5.85 Lakh*
343,2017,Maruti,Maruti Ignis 1.2 Amt Zeta Bsiv,Petrol,Manual,1197,"45,000",First,New Delhi,5.25 Lakh*
344,2019,Hyundai,Hyundai Creta 1.6 Sx Automatic,Petrol,Manual,1591,"34,000",First,New Delhi,13.90 Lakh*
345,2014,Maruti,Maruti Alto 800 Lxi,Petrol,Manual,796,"22,000",First,New Delhi,2.70 Lakh*
346,2022,Kia,Kia Seltos Htx D,Diesel,Automatic,1493,"15,000",First,New Delhi,16.95 Lakh*
347,2014,Maruti,Maruti Ertiga Vxi Cng,,,1373,"84,000",First,New Delhi,6.50 Lakh*
348,2015,Maruti,Maruti Swift Dzire Lxi Option,Petrol,Manual,1197,"58,000",First,New Delhi,4.50 Lakh*
349,2018,Maruti,Maruti Swift Vxi,Petrol,Manual,1197,"45,000",First,New Delhi,5.80 Lakh*
350,2018,Hyundai,Hyundai Creta 1.6 E Plus,Petrol,Manual,1591,"15,000",First,New Delhi,9.40 Lakh*
351,2017,Renault,Renault Kwid 1.0 Rxl,Petrol,Manual,999,"30,000",First,New Delhi,3.35 Lakh*
352,2014,Nissan,Nissan Sunny Xl Cvt,Petrol,Manual,1498,"59,500",First,New Delhi,4.75 Lakh*
353,2016,Hyundai,Hyundai Eon Sportz,Petrol,Manual,814,"72,000",First,New Delhi,2.90 Lakh*
354,2019,Maruti,Maruti Vitara Brezza Ldi Option,Diesel,Automatic,1248,"35,000",First,New Delhi,7.50 Lakh*
355,2010,Honda,Honda City 1.5 S Mt,Petrol,Manual,1497,"73,000",Second,New Delhi,3.25 Lakh*
356,2018,Hyundai,Hyundai Creta 1.6 Sx Automatic,Petrol,Manual,1591,"32,000",First,New Delhi,13.25 Lakh*
357,2013,Chevrolet,Chevrolet Enjoy Tcdi Ltz 7 Seater,Diesel,Automatic,1248,"82,000",First,New Delhi,3 Lakh*
358,2017,Mercedes-benz,Mercedes-benz E-class Expression E 200 Bsiv,Petrol,Manual,1991,"25,000",First,New Delhi,45 Lakh*
359,2015,Toyota,Toyota Corolla Altis G Mt,Petrol,Manual,1798,"60,000",First,New Delhi,7.70 Lakh*
360,2015,Hyundai,Hyundai Santa Fe 4wd At,Diesel,Automatic,2199,"78,000",First,New Delhi,10.50 Lakh*
361,2018,Audi,Audi A3 35 Tdi Technology,Diesel,Automatic,1968,"32,000",Second,New Delhi,25 Lakh*
362,2017,Honda,Honda Amaze S I-vtec,Petrol,Manual,1198,"54,000",First,New Delhi,5.25 Lakh*
363,2014,Audi,Audi Q7 35 Tdi Quattro Technology,Diesel,Automatic,2967,"49,000",Second,New Delhi,23.50 Lakh*
364,2016,Mahindra,Mahindra Xuv500 W4 1.99 Mhawk,Diesel,Automatic,1997,"29,000",First,New Delhi,8.50 Lakh*
365,2018,Hyundai,Hyundai Grand I10 Magna,Petrol,Manual,1197,"24,000",First,New Delhi,5.20 Lakh*
366,2018,Ford,Ford Endeavour 3.2 Titanium At 4x4,Diesel,Automatic,3198,"70,000",First,New Delhi,29.99 Lakh*
367,2015,Mercedes-benz,Mercedes-benz Cla 200 Cdi Sport,Diesel,Automatic,2143,"30,000",Second,New Delhi,18.50 Lakh*
368,2014,Chevrolet,Chevrolet Cruze Ltz At,Diesel,Automatic,1998,"80,000",First,New Delhi,5.25 Lakh*
369,2014,Audi,Audi A6 2.0 Tdi Premium Plus,Diesel,Automatic,1968,"50,000",First,New Delhi,15 Lakh*
370,2015,Audi,Audi Q3 35 Tdi Quattro Premium Plus,Diesel,Automatic,1968,"70,000",First,New Delhi,18.50 Lakh*
371,2020,Kia,Kia Seltos Hte D,Diesel,Automatic,1493,"44,000",First,New Delhi,11.70 Lakh*
372,2016,Bmw,Bmw 3 Series Gt Luxury Line,Diesel,Automatic,1995,"49,001",First,New Delhi,23.75 Lakh*
373,2015,Maruti,Maruti Swift Lxi Optional-o,Petrol,Manual,1197,"58,000",First,New Delhi,4.35 Lakh*
374,2014,Maruti,Maruti Ertiga Zdi,Diesel,Automatic,1248,"42,000",First,New Delhi,6 Lakh*
375,2019,Tata,Tata Nexon 1.2 Revotron Xm,Petrol,Manual,1198,"40,000",First,New Delhi,6.60 Lakh*
376,2019,Jeep,Jeep Compass 1.4 Limited Plus Bsiv,Petrol,Manual,1368,"58,000",First,New Delhi,16.99 Lakh*
377,2016,Maruti,Maruti Wagon R Cng Lxi Bsiv,,,998,"52,000",First,New Delhi,3.65 Lakh*
378,2019,Maruti,Maruti Wagon R Lxi,Petrol,Manual,998,"18,000",First,New Delhi,5.10 Lakh*
379,2015,Maruti,Maruti Wagon R Cng Lxi Bsiv,,,998,"62,000",First,New Delhi,3.41 Lakh*
380,2021,Toyota,Toyota Fortuner 4x4 Diesel,Diesel,Automatic,2755,"29,000",Second,New Delhi,37.50 Lakh*
381,2020,Tata,Tata Harrier Xz Plus Dual Tone,Diesel,Automatic,1956,"32,000",First,New Delhi,18.90 Lakh*
382,2021,Mahindra,Mahindra Thar Lx 4-str Hard Top Diesel,Diesel,Automatic,2184,"14,900",First,New Delhi,16.75 Lakh*
383,2016,Maruti,Maruti Celerio Zxi At,Petrol,Manual,998,"62,000",First,New Delhi,4.40 Lakh*
384,2018,Renault,Renault Kwid Climber 1.0 Amt,Petrol,Manual,999,"31,000",First,New Delhi,3.70 Lakh*
385,2019,Honda,Honda Wr-v I-vtec Vx,Petrol,Manual,1199,"35,000",First,New Delhi,8.35 Lakh*
386,2021,Hyundai,Hyundai Aura S Cng,,,1197,"25,000",First,New Delhi,8.75 Lakh*
387,2017,Mercedes-benz,Mercedes-benz Glc 220d 4matic Sport,Diesel,Automatic,2143,"69,000",First,New Delhi,37.90 Lakh*
388,2015,Mahindra,Mahindra Xuv500 Xclusive Edition,Diesel,Automatic,2179,"68,000",First,New Delhi,6.70 Lakh*
389,2016,Hyundai,Hyundai Verna 1.6 Vtvt S,Petrol,Manual,1591,"47,000",First,New Delhi,7.25 Lakh*
390,2016,Hyundai,Hyundai Creta 1.6 Vtvt Sx Plus,Petrol,Manual,1591,"52,000",First,New Delhi,8.75 Lakh*
391,2014,Audi,Audi A4 2.0 Tdi 177 Bhp Premium Plus,Diesel,Automatic,1968,"67,000",First,New Delhi,10.90 Lakh*
392,2017,Audi,Audi A4 30 Tfsi Technology,Petrol,Manual,1395,"35,000",First,New Delhi,29.50 Lakh*
393,2016,Honda,Honda City I Dtec Vx Option,Diesel,Automatic,1498,"72,000",First,New Delhi,7.25 Lakh*
394,2018,Honda,Honda Amaze E Option I-vtec,Petrol,Manual,1198,"33,000",First,New Delhi,5.15 Lakh*
395,2018,Hyundai,Hyundai Creta 1.4 Crdi S,Diesel,Automatic,1396,"62,445",First,New Delhi,9.25 Lakh*
396,2014,Hyundai,Hyundai I20 Sportz 1.4 Crdi,Diesel,Automatic,1396,"82,000",First,New Delhi,4.60 Lakh*
397,2014,Nissan,Nissan Terrano Xv Premium 110 Ps,Diesel,Automatic,1461,"90,000",First,New Delhi,4.50 Lakh*
398,2018,Mini,Mini 3 Door Cooper S,Petrol,Manual,1998,"12,000",First,New Delhi,35.50 Lakh*
399,2021,Audi,Audi A6 45 Tfsi Technology,Petrol,Manual,1984,"8,000",First,New Delhi,59 Lakh*
400,2021,Bmw,Bmw X7 Xdrive 40i,Petrol,Manual,2998,"17,000",First,New Delhi,1.28 Crore*
401,2022,Bmw,Bmw X7 Xdrive 40i,Petrol,Manual,2998,"9,000",First,New Delhi,1.35 Crore*
402,2020,Mg,Mg Hector Plus Sharp Dct,Petrol,Manual,1451,"14,002",First,New Delhi,18.75 Lakh*
403,2021,Mg,Mg Hector Smart Cvt,Petrol,Manual,1451,"12,000",First,New Delhi,20 Lakh*
404,2022,Honda,Honda City Zx Cvt,Petrol,Manual,1497,"4,000",First,New Delhi,16 Lakh*
405,2019,Mercedes-benz,Mercedes-benz E-class Exclusive E 220 D Bsiv,Diesel,Automatic,1950,"15,000",First,New Delhi,58 Lakh*
406,2016,Bmw,Bmw 7 Series 730ld Design Pure Excellence Cbu,Diesel,Automatic,2993,"41,000",First,New Delhi,65 Lakh*
407,2017,Maruti,Maruti Ciaz 1.4 Alpha,Petrol,Manual,1373,"57,000",First,New Delhi,7.25 Lakh*
408,2017,Maruti,Maruti Swift Lxi Option,Petrol,Manual,1197,"70,000",First,New Delhi,4.50 Lakh*
409,2020,Toyota,Toyota Innova Crysta 2.4 G 7 Str,Diesel,Automatic,2393,"15,000",First,New Delhi,16.50 Lakh*
410,2013,Mercedes-benz,Mercedes-benz Gl-class 350 Cdi Blue Efficiency,Diesel,Automatic,2987,"54,000",First,New Delhi,28.50 Lakh*
411,2013,Audi,Audi A4 2.0 Tdi 177 Bhp Premium Plus,Diesel,Automatic,1968,"69,000",First,New Delhi,8.95 Lakh*
412,2021,Mg,Mg Hector Plus Sharp Cvt,Petrol,Manual,1451,"9,000",First,New Delhi,19.95 Lakh*
413,2012,Mahindra,Mahindra Quanto C2,Diesel,Automatic,1493,"95,000",First,New Delhi,2.25 Lakh*
414,2019,Maruti,Maruti Wagon R Cng Lxi,,,998,"39,000",First,New Delhi,4.75 Lakh*
415,2011,Hyundai,Hyundai I10 Era,Petrol,Manual,1086,"59,000",Second,New Delhi,2.15 Lakh*
416,2014,Honda,Honda City I Vtec Vx,Petrol,Manual,1497,"65,000",First,New Delhi,6.50 Lakh*
417,2020,Kia,Kia Sonet Htk Plus Turbo Dct,Petrol,Manual,998,"37,000",Second,New Delhi,11.50 Lakh*
418,2015,Audi,Audi Q3 35 Tdi Quattro Premium Plus,Diesel,Automatic,1968,"87,000",First,New Delhi,15.50 Lakh*
419,2014,Audi,Audi Q3 2.0 Tdi,Diesel,Automatic,1968,"64,000",Second,New Delhi,13.39 Lakh*
420,2015,Honda,Honda City I Dtec Sv,Diesel,Automatic,1498,"74,000",First,New Delhi,5.50 Lakh*
421,2017,Hyundai,Hyundai I20 Active 1.2 S,Petrol,Manual,1197,"33,000",First,New Delhi,6.15 Lakh*
422,2017,Hyundai,Hyundai Grand I10 1.2 Crdi Sportz,Diesel,Automatic,1186,"70,000",First,New Delhi,4.25 Lakh*
423,2018,Hyundai,Hyundai Creta 1.6 E Plus,Petrol,Manual,1591,"33,000",First,New Delhi,9.35 Lakh*
424,2018,Volkswagen,Volkswagen Polo 1.2 Mpi Highline,Petrol,Manual,1199,"26,000",First,New Delhi,6.40 Lakh*
425,2019,Honda,Honda Amaze S I-vtec,Petrol,Manual,1198,"11,000",First,New Delhi,6.50 Lakh*
426,2015,Maruti,Maruti Ciaz Vxi,Petrol,Manual,1373,"56,645",First,New Delhi,5.50 Lakh*
427,2014,Mercedes-benz,Mercedes-benz M-class Ml 350 4matic,Diesel,Automatic,2987,"1,22,000",Second,New Delhi,19.75 Lakh*
428,2015,Honda,Honda City I Vtec Cvt Sv,Petrol,Manual,1497,"57,000",First,New Delhi,6.10 Lakh*
429,2018,Honda,Honda Amaze V Cvt Petrol Bsiv,Petrol,Manual,1199,"31,000",First,New Delhi,7.25 Lakh*
430,2017,Honda,Honda Jazz 1.2 S At I Vtec,Petrol,Manual,1199,"46,000",First,New Delhi,5.70 Lakh*
431,2014,Honda,Honda City I Vtec Vx Option,Petrol,Manual,1497,"68,000",First,New Delhi,6.15 Lakh*
432,2012,Bmw,Bmw 5 Series 520d,Diesel,Automatic,1995,"74,000",First,New Delhi,9.49 Lakh*
433,2015,Hyundai,Hyundai Grand I10 Sportz,Petrol,Manual,1197,"67,850",First,New Delhi,3.90 Lakh*
434,2015,Maruti,Maruti Wagon R Vxi,Petrol,Manual,998,"59,708",First,New Delhi,3.25 Lakh*
435,2016,Maruti,Maruti Wagon R Lxi,Petrol,Manual,998,"42,456",First,New Delhi,3.60 Lakh*
436,2014,Maruti,Maruti Celerio Vxi At Optional,Petrol,Manual,998,"1,20,000",Second,New Delhi,3 Lakh*
437,2019,Bmw,Bmw 5 Series 520d Luxury Line,Diesel,Automatic,1995,"21,000",First,New Delhi,49.90 Lakh*
438,2020,Mahindra,Mahindra Xuv500 W11 Option At Bsiv,Diesel,Automatic,2179,"32,000",First,New Delhi,19 Lakh*
439,2013,Bmw,Bmw 5 Series 520d Sedan,Diesel,Automatic,1995,"1,03,000",First,New Delhi,12.75 Lakh*
440,2020,Bmw,Bmw X1 Sdrive 20d Xline,Diesel,Automatic,1995,"24,000",First,New Delhi,40 Lakh*
441,2017,Toyota,Toyota Land Cruiser Vx,Diesel,Automatic,4461,"45,000",First,New Delhi,1.41 Crore*
442,2019,Honda,Honda Amaze V Cvt Petrol,Petrol,Manual,1199,"39,101",First,New Delhi,7.45 Lakh*
443,2017,Toyota,Toyota Land Cruiser Vx,Diesel,Automatic,4461,"99,000",First,New Delhi,1.30 Crore*
444,2020,Hyundai,Hyundai Verna Sx,Petrol,Manual,1497,"6,101",First,New Delhi,12.15 Lakh*
445,2014,Jaguar,Jaguar Xj 3.0l Premium Luxury,Diesel,Automatic,2993,"17,000",First,New Delhi,32.50 Lakh*
446,2018,Maruti,Maruti Ciaz Alpha At,Petrol,Manual,1462,"29,108",First,New Delhi,9.25 Lakh*
447,2017,Bmw,Bmw X1 Sdrive 20d Sportline,Diesel,Automatic,1995,"56,000",First,New Delhi,26 Lakh*
448,2016,Toyota,Toyota Camry Hybrid 2.5,Petrol,Manual,2487,"99,101",Second,New Delhi,16.95 Lakh*
449,2017,Renault,Renault Duster 110ps Diesel Rxz Amt,Diesel,Automatic,1461,"38,101",First,New Delhi,7.85 Lakh*
450,2015,Mini,Mini Cooper S,Petrol,Manual,1598,"35,000",Second,New Delhi,24.60 Lakh*
451,2017,Toyota,Toyota Innova Crysta 2.4 Vx Mt,Diesel,Automatic,2393,"39,102",First,New Delhi,16.95 Lakh*
452,2020,Jeep,Jeep Compass 1.4 Sport Plus,Petrol,Manual,1368,"15,102",First,New Delhi,16.75 Lakh*
453,2022,Mahindra,Mahindra Xuv700 Ax5,Petrol,Manual,1999,"8,101",First,New Delhi,19.50 Lakh*
454,2013,Mini,Mini Cooper D,Diesel,Automatic,1998,"47,101",First,New Delhi,15.75 Lakh*
455,2016,Mahindra,Mahindra Tuv 300 T8,Diesel,Automatic,1493,"67,000",First,New Delhi,5.50 Lakh*
456,2015,Hyundai,Hyundai Verna Sx Crdi At,Diesel,Automatic,1582,"51,000",First,New Delhi,6.45 Lakh*
457,2014,Hyundai,Hyundai Santa Fe 2wd At,Diesel,Automatic,2199,"1,05,001",First,New Delhi,8.25 Lakh*
458,2021,Volvo,Volvo S60 T4 Inscription,Petrol,Manual,1969,"10,000",Second,New Delhi,44 Lakh*
459,2010,Maruti,Maruti Swift Vxi Bsiv,Petrol,Manual,1197,"82,000",First,New Delhi,2.25 Lakh*
460,2015,Ford,Ford Ecosport 1.5 Diesel Trend,Diesel,Automatic,1498,"1,09,684",First,New Delhi,4.49 Lakh*
461,2021,Land,Land Rover Range Rover Evoque 2.0 R-dynamic Se Diesel 2020-2021,Diesel,Automatic,1999,"14,000",First,New Delhi,69 Lakh*
462,2014,Audi,Audi A4 2.0 Tdi 177 Bhp Premium Plus,Diesel,Automatic,1968,"95,000",First,New Delhi,12 Lakh*
463,2021,Mahindra,Mahindra Scorpio S5 Bsiv,Diesel,Automatic,2179,"20,000",First,New Delhi,14.25 Lakh*
464,2015,Maruti,Maruti Swift Dzire Lxi Option,Petrol,Manual,1197,"49,000",First,New Delhi,4.50 Lakh*
465,2014,Hyundai,Hyundai Grand I10 Crdi Sportz,Diesel,Automatic,1120,"82,000",First,New Delhi,3.10 Lakh*
466,2020,Land,Land Rover Discovery Sport Sd4 Hse Luxury,Diesel,Automatic,2179,"56,000",First,New Delhi,45 Lakh*
467,2019,Maruti,Maruti Swift Lxi Option,Petrol,Manual,1197,"35,000",Second,New Delhi,5.29 Lakh*
468,2018,Hyundai,Hyundai Creta 1.6 Sx,Petrol,Manual,1591,"15,000",First,New Delhi,11.60 Lakh*
469,2018,Honda,Honda Amaze S Petrol,Petrol,Manual,1199,"65,000",First,New Delhi,6.50 Lakh*
470,2009,Maruti,Maruti Wagon R Lx Bs Iv,Petrol,Manual,998,"78,000",Second,New Delhi,1.30 Lakh*
471,2013,Tata,Tata Safari Storme Lx,Diesel,Automatic,2179,"76,000",First,New Delhi,4.10 Lakh*
472,2019,Hyundai,Hyundai Creta 1.6 Crdi Sx,Diesel,Automatic,1582,"35,000",First,New Delhi,11.90 Lakh*
473,2014,Honda,Honda Amaze Sx I-dtec,Diesel,Automatic,1498,"72,000",Second,New Delhi,2.90 Lakh*
474,2020,Tata,Tata Nexon Ev Prime Xz Plus,,,0,"27,000",First,New Delhi,15.20 Lakh*
475,2017,Honda,Honda City I Vtec S,Petrol,Manual,1497,"65,000",First,New Delhi,6.90 Lakh*
476,2017,Mahindra,Mahindra Scorpio 1.99 S10,Diesel,Automatic,1997,"70,170",First,New Delhi,11.90 Lakh*
477,2015,Volkswagen,Volkswagen Polo 1.5 Tdi Comfortline,Diesel,Automatic,1498,"58,000",Second,New Delhi,3.90 Lakh*
478,2017,Porsche,Porsche Macan S,Petrol,Manual,2997,"46,000",First,New Delhi,52 Lakh*
479,2017,Jeep,Jeep Compass 2.0 Limited Option,Diesel,Automatic,1956,"70,000",First,New Delhi,12 Lakh*
480,2019,Honda,Honda City V Cvt,Petrol,Manual,1497,"20,000",First,New Delhi,10.75 Lakh*
481,2009,Honda,Honda City 1.5 S Mt,Petrol,Manual,1497,"68,000",First,New Delhi,1.99 Lakh*
482,2016,Mercedes-benz,Mercedes-benz E-class E 200 Cgi,Petrol,Manual,1991,"67,000",Second,New Delhi,26.50 Lakh*
483,2019,Maruti,Maruti Baleno 1.2 Delta,Petrol,Manual,1197,"51,017",First,New Delhi,6.25 Lakh*
484,2021,Toyota,Toyota Yaris G Optional Cvt Bsiv,Petrol,Manual,1496,"10,000",First,New Delhi,11.40 Lakh*
485,2020,Hyundai,Hyundai Verna Crdi 1.6 At Sx Plus,Diesel,Automatic,1582,"40,000",First,New Delhi,11.70 Lakh*
486,2016,Mercedes-benz,Mercedes-benz Cla 200 Cdi Style,Diesel,Automatic,2143,"25,001",First,New Delhi,22 Lakh*
487,2014,Honda,Honda Amaze S I-vtech,Petrol,Manual,1198,"65,000",First,New Delhi,3.65 Lakh*
488,2013,Skoda,Skoda Superb Elegance 1.8 Tsi,Petrol,Manual,1798,"75,000",First,New Delhi,6.70 Lakh*
489,2017,Hyundai,Hyundai Creta 1.6 Vtvt Sx Plus,Petrol,Manual,1591,"45,000",First,New Delhi,9.65 Lakh*
490,2012,Maruti,Maruti Wagon R Cng Lxi,,,998,"85,000",First,New Delhi,2.20 Lakh*
491,2018,Hyundai,Hyundai Creta 1.4 E Plus Crdi,Diesel,Automatic,1396,"27,000",First,New Delhi,8.70 Lakh*
492,2018,Maruti,Maruti Sx4 S Cross Zeta Ddis 200 Sh,Diesel,Automatic,1248,"45,000",First,New Delhi,7.25 Lakh*
493,2018,Hyundai,Hyundai Creta 1.4 E Plus Crdi,Diesel,Automatic,1396,"46,000",First,New Delhi,8.25 Lakh*
494,2017,Mahindra,Mahindra Xuv500 W10 Awd,Diesel,Automatic,2179,"49,000",First,New Delhi,10.25 Lakh*
495,2019,Honda,Honda City Vx Mt,Petrol,Manual,1497,"45,000",First,New Delhi,9.61 Lakh*
496,2019,Maruti,Maruti Ciaz Delta Diesel,Diesel,Automatic,1248,"43,000",First,New Delhi,7.41 Lakh*
497,2012,Hyundai,Hyundai Eon Era Plus,Petrol,Manual,814,"61,000",First,New Delhi,2.10 Lakh*
498,2017,Mahindra,Mahindra Scorpio Intelli Hybrid S6 Plus,Diesel,Automatic,2179,"67,000",First,New Delhi,9.65 Lakh*
499,2019,Mercedes-benz,Mercedes-benz C-class Progressive C 200,Petrol,Manual,1950,"8,120",First,New Delhi,45.90 Lakh*
500,2022,Tata,Tata Harrier Xta Plus Dark Edition At,Diesel,Automatic,1956,"7,800",First,New Delhi,21.75 Lakh*
501,2020,Maruti,Maruti Wagon R Cng Lxi Opt,,,998,"26,950",First,New Delhi,6.15 Lakh*
502,2021,Mg,Mg Hector Shine Cvt,Petrol,Manual,1451,"2,200",First,New Delhi,17.50 Lakh*
503,2021,Toyota,Toyota Innova Crysta 2.4 Gx 7 Str,Diesel,Automatic,2393,"35,120",First,New Delhi,20.90 Lakh*
504,2021,Bmw,Bmw 3 Series 330i Sport,Petrol,Manual,1998,"6,120",First,New Delhi,45.25 Lakh*
505,2019,Honda,Honda City I-vtec V,Petrol,Manual,1497,"46,000",First,New Delhi,8.45 Lakh*
506,2019,Ford,Ford Endeavour 3.2 Titanium At 4x4,Diesel,Automatic,3198,"48,120",First,New Delhi,34.50 Lakh*
507,2019,Maruti,Maruti Swift Dzire Lxi 1.2 Bs Iv,Petrol,Manual,1197,"48,000",First,New Delhi,5.25 Lakh*
508,2019,Toyota,Toyota Fortuner 2.8 2wd At Bsiv,Diesel,Automatic,2755,"52,130",First,New Delhi,34.50 Lakh*
509,2017,Maruti,Maruti Swift Ldi Optional,Diesel,Automatic,1248,"58,000",First,New Delhi,3.95 Lakh*
510,2021,Mahindra,Mahindra Thar Lx 4-str Hard Top Diesel,Diesel,Automatic,2184,"21,110",First,New Delhi,15.75 Lakh*
511,2021,Toyota,Toyota Yaris G Optional Cvt Bsiv,Petrol,Manual,1496,"10,000",First,New Delhi,11.45 Lakh*
512,2018,Mahindra,Mahindra Bolero Slx 4wd,Diesel,Automatic,2523,"51,020",Second,New Delhi,6.90 Lakh*
513,2020,Hyundai,Hyundai Verna Crdi 1.6 At Sx Plus,Diesel,Automatic,1582,"41,000",First,New Delhi,11.75 Lakh*
514,2014,Renault,Renault Duster 110ps Diesel Rxl Explore,Diesel,Automatic,1461,"85,000",Second,New Delhi,4.45 Lakh*
515,2011,Skoda,Skoda Fabia 1.2 Mpi Ambition,Petrol,Manual,1198,"56,000",First,New Delhi,2.25 Lakh*
516,2013,Honda,Honda Cr-v 2.4l 4wd At,Petrol,Manual,2354,"81,845",Second,New Delhi,8.45 Lakh*
517,2021,Honda,Honda City V Mt,Petrol,Manual,1498,"8,500",First,New Delhi,10.75 Lakh*
518,2022,Mahindra,Mahindra Thar Lx 4-str Hard Top Diesel At,Diesel,Automatic,2184,"11,000",First,New Delhi,19 Lakh*
519,2015,Honda,Honda Mobilio S I-vtec,Petrol,Manual,1497,"51,000",First,New Delhi,5.90 Lakh*
520,2013,Mahindra,Mahindra Xuv500 W8 Fwd,Diesel,Automatic,2179,"52,650",First,New Delhi,4.95 Lakh*
521,2020,Honda,Honda Amaze Exclusive Edition Petrol,Petrol,Manual,1199,"25,000",First,New Delhi,6.75 Lakh*
522,2019,Toyota,Toyota Fortuner 2.8 2wd Mt,Diesel,Automatic,2755,"65,000",First,New Delhi,26.75 Lakh*
523,2019,Maruti,Maruti Xl6 Alpha,Petrol,Manual,1462,"19,000",First,New Delhi,10.50 Lakh*
524,2017,Maruti,Maruti Ciaz Vdi Option Shvs,Diesel,Automatic,1248,"37,000",First,New Delhi,6.50 Lakh*
525,2011,Honda,Honda City 1.5 V Mt,Petrol,Manual,1497,"75,000",Second,New Delhi,3.55 Lakh*
526,2019,Maruti,Maruti Vitara Brezza Vdi Amt,Diesel,Automatic,1248,"42,000",First,New Delhi,8 Lakh*
527,2019,Honda,Honda City 1.5 V Mt Exclusive,Petrol,Manual,1497,"20,550",First,New Delhi,9.20 Lakh*
528,2014,Renault,Renault Duster 85ps Diesel Rxl,Diesel,Automatic,1461,"64,000",First,New Delhi,3.60 Lakh*
529,2016,Mini,Mini Cooper 1.6,Petrol,Manual,1598,"36,000",Second,New Delhi,25 Lakh*
530,2019,Honda,Honda City 1.5 V Mt Exclusive,Petrol,Manual,1497,"35,452",First,New Delhi,9.20 Lakh*
531,2018,Mercedes-benz,Mercedes-benz E-class Exclusive E 200 Bsiv,Petrol,Manual,1991,"54,000",First,New Delhi,48.75 Lakh*
532,2019,Tata,Tata Harrier Xz,Diesel,Automatic,1956,"55,000",First,New Delhi,13.76 Lakh*
533,2017,Hyundai,Hyundai Creta 1.6 Vtvt Sx Plus Dual Tone,Petrol,Manual,1591,"25,000",Second,New Delhi,9.75 Lakh*
534,2021,Mg,Mg Hector Plus Sharp Cvt,Petrol,Manual,1451,"7,000",First,New Delhi,20.75 Lakh*
535,2016,Mahindra,Mahindra Xuv500 W8 2wd,Diesel,Automatic,2179,"80,000",First,New Delhi,8.25 Lakh*
536,2016,Skoda,Skoda Octavia Ambition Plus 2.0 Tdi At,Diesel,Automatic,1968,"75,000",First,New Delhi,10.90 Lakh*
537,2017,Bmw,Bmw 5 Series 520d Luxury Line,Diesel,Automatic,1995,"70,000",First,New Delhi,25.95 Lakh*
538,2014,Toyota,Toyota Etios Gd,Diesel,Automatic,1364,"61,000",First,New Delhi,4.60 Lakh*
539,2014,Toyota,Toyota Etios Gd,Diesel,Automatic,1364,"28,000",First,New Delhi,4.75 Lakh*
540,2015,Mitsubishi,Mitsubishi Pajero Sport 4x2 At,Diesel,Automatic,2477,"98,000",Second,New Delhi,13.50 Lakh*
541,2018,Maruti,Maruti Ciaz Alpha,Petrol,Manual,1462,"51,500",First,New Delhi,8.99 Lakh*
542,2020,Mg,Mg Hector Sharp At Bsiv,Petrol,Manual,1451,"14,000",First,New Delhi,17.50 Lakh*
543,2014,Hyundai,Hyundai Santa Fe 2wd At,Diesel,Automatic,2199,"98,000",First,New Delhi,9.25 Lakh*
544,2019,Jeep,Jeep Compass 2.0 Limited,Diesel,Automatic,1956,"35,000",First,New Delhi,12.71 Lakh*
545,2017,Toyota,Toyota Platinum Etios 1.4 Gxd,Diesel,Automatic,1364,"76,000",First,New Delhi,5.40 Lakh*
546,2015,Toyota,Toyota Camry 2.5 Hybrid,Petrol,Manual,2498,"89,000",Second,New Delhi,18.25 Lakh*
547,2012,Ford,Ford Figo Petrol Exi,Petrol,Manual,1196,"51,000",First,New Delhi,2.25 Lakh*
548,2017,Honda,Honda Jazz 1.2 V I Vtec,Petrol,Manual,1199,"37,788",First,New Delhi,6.25 Lakh*
549,2010,Mercedes-benz,Mercedes-benz C-class 230 Avantgarde,Petrol,Manual,1796,"90,000",First,New Delhi,6.11 Lakh*
550,2019,Honda,Honda City Vx Mt,Petrol,Manual,1497,"47,000",First,New Delhi,10.40 Lakh*
551,2018,Hyundai,Hyundai Tucson 2.0 E-vgt 2wd At Gl,Diesel,Automatic,1995,"76,500",First,New Delhi,16.25 Lakh*
552,2009,Mercedes-benz,Mercedes-benz E-class E350 Petrol,Petrol,Manual,3498,"80,000",Second,New Delhi,8.75 Lakh*
553,2011,Hyundai,Hyundai Verna 1.6 Sx Vtvt,Petrol,Manual,1591,"56,000",First,New Delhi,4.10 Lakh*
554,2017,Ford,Ford Ecosport 1.0 Ecoboost Platinum Edition Bsiv,Petrol,Manual,999,"59,000",First,New Delhi,7.50 Lakh*
555,2018,Hyundai,Hyundai Creta 1.6 Sx Option,Petrol,Manual,1591,"25,000",First,New Delhi,12.99 Lakh*
556,2013,Mini,Mini Cooper D,Diesel,Automatic,1998,"45,000",First,New Delhi,14.90 Lakh*
557,2018,Toyota,Toyota Corolla Altis 1.8 Gl,Petrol,Manual,1798,"75,000",First,New Delhi,11.99 Lakh*
558,2017,Maruti,Maruti Wagon R Vxi,Petrol,Manual,998,"37,349",First,New Delhi,3.75 Lakh*
559,2017,Bmw,Bmw X5 Xdrive 30d Expedition,Diesel,Automatic,2993,"20,000",First,New Delhi,52 Lakh*
560,2016,Honda,Honda City I Dtec V,Diesel,Automatic,1498,"53,800",First,New Delhi,6.25 Lakh*
561,2018,Bmw,Bmw X1 Sdrive 20d Xline,Diesel,Automatic,1995,"38,000",First,New Delhi,26.91 Lakh*
562,2014,Jaguar,Jaguar Xj 3.0l Portfolio,Diesel,Automatic,2993,"17,500",First,New Delhi,33 Lakh*
563,2022,Mahindra,Mahindra Thar Lx 4-str Hard Top,Petrol,Manual,1997,850,First,New Delhi,16.50 Lakh*
564,2010,Skoda,Skoda Superb Elegance 1.8 Tsi At,Petrol,Manual,1798,"65,000",Second,New Delhi,3.75 Lakh*
565,2018,Hyundai,Hyundai Verna Vtvt 1.6 Sx,Petrol,Manual,1591,"53,000",First,New Delhi,8.50 Lakh*
566,2022,Hyundai,Hyundai Creta Sx Diesel At,Diesel,Automatic,1493,"36,000",Second,New Delhi,14.90 Lakh*
567,2013,Honda,Honda Cr-v 2.4l 4wd At,Petrol,Manual,2354,"75,000",First,New Delhi,8.50 Lakh*
568,2016,Audi,Audi A3 40 Tfsi Premium Plus,Petrol,Manual,1798,"29,000",First,New Delhi,35.90 Lakh*
569,2018,Honda,Honda Amaze E Petrol Bsiv,Petrol,Manual,1199,"38,000",First,New Delhi,4.85 Lakh*
570,2020,Mg,Mg Hector Sharp Dct,Petrol,Manual,1451,"14,000",First,New Delhi,17.50 Lakh*
571,2015,Hyundai,Hyundai Grand I10 Asta Option,Petrol,Manual,1197,"54,000",First,New Delhi,4.40 Lakh*
572,2018,Ford,Ford Ecosport 1.5 Petrol Titanium At,Petrol,Manual,1496,"41,000",First,New Delhi,8.65 Lakh*
573,2013,Honda,Honda City S,Petrol,Manual,1497,"76,000",First,New Delhi,4.60 Lakh*
574,2021,Maruti,Maruti Wagon R Cng Lxi Opt,,,998,"14,500",First,New Delhi,6.50 Lakh*
575,2018,Audi,Audi A3 35 Tdi Premium Plus,Diesel,Automatic,1968,"36,000",Second,New Delhi,27 Lakh*
576,2015,Honda,Honda Amaze Sx I-dtec,Diesel,Automatic,1498,"69,000",First,New Delhi,3.75 Lakh*
577,2015,Mercedes-benz,Mercedes-benz E-class E250 Edition E,Diesel,Automatic,2143,"37,000",First,New Delhi,17.50 Lakh*
578,2017,Hyundai,Hyundai Creta 1.6 Sx Option,Petrol,Manual,1591,"46,000",First,New Delhi,9.75 Lakh*
579,2021,Hyundai,Hyundai Creta Sx Opt Turbo,Petrol,Manual,1353,"15,000",First,New Delhi,19.75 Lakh*
580,2016,Mercedes-benz,Mercedes-benz Cla 200 Cgi Sport,Petrol,Manual,1991,"14,500",First,New Delhi,23.95 Lakh*
581,2021,Tata,Tata New Safari Xz Plus 6 Str,Diesel,Automatic,1956,"17,000",First,New Delhi,21.99 Lakh*
582,2014,Audi,Audi A6 2.0 Tdi Technology,Diesel,Automatic,1968,"72,000",Second,New Delhi,13.75 Lakh*
583,2014,Hyundai,Hyundai I10 Magna,Petrol,Manual,1197,"10,000",First,New Delhi,3.50 Lakh*
584,2017,Maruti,Maruti Ignis Delta,Petrol,Manual,1197,"42,402",First,New Delhi,4.55 Lakh*
585,2018,Maruti,Maruti Ertiga Cng Vxi,,,1462,"55,000",First,New Delhi,8.75 Lakh*
586,2019,Audi,Audi Q5 Technology 2.0 Tfsi,Petrol,Manual,1984,"33,000",First,New Delhi,43 Lakh*
587,2019,Honda,Honda Wr-v I-vtec S,Petrol,Manual,1199,"21,000",First,New Delhi,7.60 Lakh*
588,2017,Audi,Audi Q3 30 Tfsi Premium Fwd,Petrol,Manual,1395,"38,000",First,New Delhi,24.90 Lakh*
589,2017,Ford,Ford Ecosport 1.5 Ti Vct At Titanium Bsiv,Petrol,Manual,1499,"49,000",First,New Delhi,7.70 Lakh*
590,2015,Maruti,Maruti Ciaz Vxi,Petrol,Manual,1373,"48,000",First,New Delhi,5.80 Lakh*
591,2014,Maruti,Maruti Swift Ldi Bsiv,Diesel,Automatic,1248,"70,000",Second,New Delhi,2.37 Lakh*
592,2019,Maruti,Maruti Ciaz 1.4 Delta,Petrol,Manual,1373,"41,000",First,New Delhi,8.50 Lakh*
593,2019,Audi,Audi Q7 45 Tdi Quattro Technology,Diesel,Automatic,2967,"38,000",First,New Delhi,66 Lakh*
594,2016,Honda,Honda City I Vtec Cvt Vx,Petrol,Manual,1497,"63,381",First,New Delhi,7.25 Lakh*
595,2021,Ford,Ford Endeavour Titanium Plus 4x2 At,Diesel,Automatic,1996,"36,500",First,New Delhi,36.75 Lakh*
596,2015,Honda,Honda City I Vtec Cvt Sv,Petrol,Manual,1497,"44,377",First,New Delhi,6.65 Lakh*
597,2018,Maruti,Maruti Wagon R Vxi 1.2,Petrol,Manual,1197,"67,000",First,New Delhi,4.50 Lakh*
598,2021,Mini,Mini Cooper Countryman Cooper S Jcw Inspired,Petrol,Manual,1998,"11,000",Second,New Delhi,40 Lakh*
599,2012,Honda,Honda City V At,Petrol,Manual,1497,"67,000",Second,New Delhi,4.25 Lakh*
