,Year,Brand,Model,Fuel Type,Transmission,Engine Capacity,Kms Driven,No. of Owners,Location,Price
0,2016,Maruti,Maruti Ciaz,Petrol,Manual,1373,"36,534",1st,Ahmedabad,"6,12,000"
1,2020,Datsun,Datsun RediGO,Petrol,Manual,799,"23,840",1st,Ahmedabad,"3,81,000"
2,2020,Honda,Honda City,Petrol,Manual,1498,"38,749",1st,Ahmedabad,"9,90,000"
3,2016,Honda,Honda City,Petrol,Manual,1497,"25,542",1st,Ahmedabad,"7,33,000 "
4,2017,Hyundai,Hyundai Verna,Petrol,Manual,1591,"60,238",1st,Ahmedabad,"8,93,000 "
5,2016,Toyota,Toyota Camry,Petrol,Manual,2494,"60,343",1st,Ahmedabad,"16,66,000 "
6,2020,Renault,Renault KWID,Petrol,Manual,999,"4,463",1st,Ahmedabad,"4,52,000"
7,2017,Jeep,Jeep Compass,Diesel,Automatic,1956,"58,463",1st,Ahmedabad,"12,30,000 "
8,2018,Honda,Honda Jazz,Petrol,Manual,1199,"26,580",1st,Ahmedabad,"7,77,000 "
9,2018,Honda,Honda Jazz,Petrol,Manual,1199,"64,554",1st,Ahmedabad,"7,19,000 "
10,2019,Jeep,Jeep Compass,Diesel,Automatic,1956,"15,414",1st,Ahmedabad,"15,78,000"
11,2010,Rolls-royce,Rolls-royce Ghost Standard,Petrol,Manual,6592,"28,000",Second,Ahmedabad,1.80 Crore*
12,2019,Kia,Kia Seltos,Petrol,Manual,1353,"18,557",1st,Ahmedabad,"15,53,000"
13,2018,Maruti,Maruti Swift Dzire,Petrol,Manual,1197,"51,039",1st,Ahmedabad,"6,12,000"
14,2015,Mahindra,Mahindra XUV500,Diesel,Automatic,2179,"90,281",1st,Ahmedabad,"8,20,000"
15,2020,Mercedes-benz,Mercedes-benz Gls 400d 4matic,Diesel,Automatic,2925,"22,000",First,Ahmedabad,1.25 Crore*
16,2017,Toyota,Toyota Land Cruiser Vx,Diesel,Automatic,4461,"85,000",Second,Ahmedabad,1.31 Crore*
17,2019,Land,Land Rover Range Rover Sport 3.0 D Se,Diesel,Automatic,2993,"27,500",First,Ahmedabad,1.18 Crore*
18,2017,Toyota,Toyota Land Cruiser Vx Premium,Diesel,Automatic,4461,"90,000",Second,Ahmedabad,1.35 Crore*
19,2019,Bmw,Bmw X5 Xdrive 30d Design Pure Experience 5 Seater,Diesel,Automatic,2993,"48,000",First,Ahmedabad,76.50 Lakh*
20,2019,Kia,Kia Seltos,Petrol,Manual,1353,"18,557",1st,Ahmedabad,"15,53,000"
21,2018,Maruti,Maruti Swift Dzire,Petrol,Manual,1197,"51,039",1st,Ahmedabad,"6,12,000 "
22,2016,Honda,Honda Jazz,Petrol,Manual,1199,"39,821",1st,Ahmedabad,"6,28,000 "
23,2017,Mahindra,Mahindra XUV500,Diesel,Automatic,2179,"52,514",1st,Ahmedabad,"10,10,000"
24,2019,Hyundai,Hyundai Verna,Petrol,Manual,1591,"15,416",1st,Ahmedabad,"9,62,000 "
25,2018,Renault,Renault Duster,Petrol,Manual,1498,"33,139",2nd,Ahmedabad,"7,11,000 "
26,2020,Tata,Tata Tiago,Diesel,Automatic,1047,"69,848",1st,Ahmedabad,"5,80,000 "
27,2014,Maruti,Maruti Swift Dzire,Petrol,Manual,1197,"56,431",1st,Ahmedabad,"4,34,000 "
28,2015,Honda,Honda Jazz,Petrol,Manual,1199,"75,530",2nd,Ahmedabad,"5,13,000"
29,2019,Jeep,Jeep Compass,Petrol,Manual,1368,"32,294",1st,Ahmedabad,"16,78,000 "
30,2018,Maruti,Maruti Ciaz,Petrol,Manual,1373,"64,303",1st,Ahmedabad,"7,78,000"
31,2017,Honda,Honda City,Petrol,Manual,1497,"92,246",1st,Ahmedabad,"9,27,000 "
32,2016,Hyundai,Hyundai Grand i10,Petrol,Manual,1197,"59,313",2nd,Ahmedabad,"5,63,000"
33,2020,Honda,Honda City,Petrol,Manual,1498,"21,261",1st,Ahmedabad,"13,35,000"
34,2015,Hyundai,Hyundai Grand i10,Petrol,Manual,1197,"47,431",1st,Ahmedabad,"4,93,000"
35,2015,Honda,Honda Amaze,Petrol,Manual,1198,"1,00,161",1st,Ahmedabad,"4,33,000"
36,2017,Maruti,Maruti Baleno,Petrol,Manual,1197,"38,155",1st,Ahmedabad,"6,33,000 "
37,2018,Jeep,Jeep Compass,Petrol,Manual,1368,"78,151",1st,Ahmedabad,"12,60,000 "
38,2016,Hyundai,Hyundai Creta,Petrol,Manual,1591,"64,011",1st,Ahmedabad,"8,83,000 "
39,2018,Mahindra,Mahindra KUV 100 NXT,Petrol,Manual,1198,"30,812",1st,Ahmedabad,"4,38,000"
40,2013,Honda,Honda Brio,Petrol,Manual,1198,"49,518",1st,Ahmedabad,"3,15,000 "
41,2016,Maruti,Maruti Baleno,Petrol,Manual,1197,"81,057",1st,Ahmedabad,"5,09,000 "
42,2018,Hyundai,Hyundai i20,Petrol,Manual,1197,"52,504",1st,Ahmedabad,"6,98,000 "
43,2016,Honda,Honda Jazz,Petrol,Manual,1199,"15,385",1st,Ahmedabad,"6,00,000 "
44,2015,Maruti,Maruti Ciaz,Diesel,Automatic,1248,"1,07,525",1st,Ahmedabad,"5,68,000 "
45,2014,Maruti,Maruti Wagon R,Petrol,Manual,998,"90,244",1st,Ahmedabad,"3,12,000 "
46,2016,Mahindra,Mahindra XUV500,Diesel,Automatic,2179,"85,443",1st,Ahmedabad,"10,09,000 "
47,2016,Maruti,Maruti Ciaz,Petrol,Manual,1373,"49,401",1st,Ahmedabad,"6,49,000"
48,2020,Maruti,Maruti Alto 800,Petrol,Manual,796,"3,782",1st,Ahmedabad,"3,66,000"
49,2015,Hyundai,Hyundai i20,Petrol,Manual,1197,"44,978",1st,Ahmedabad,"5,55,000 "
50,2021,Hyundai,Hyundai Tucson,Petrol,Manual,1999,"11,877",1st,Ahmedabad,"23,00,000 "
51,2017,Volkswagen,Volkswagen Vento,Petrol,Manual,1197,"49,612",1st,Ahmedabad,"7,53,000 "
52,2015,Honda,Honda Amaze,Petrol,Manual,1198,"82,427",1st,Ahmedabad,"4,50,000 "
53,2017,Maruti,Maruti Ciaz,Petrol,Manual,1373,"34,878",2nd,Ahmedabad,"6,73,000 "
54,2015,Hyundai,Hyundai Verna,Petrol,Manual,1591,"79,290",2nd,Ahmedabad,"5,88,000"
55,2018,Renault,Renault Duster,Diesel,Automatic,1461,"59,869",1st,Ahmedabad,"8,43,000"
56,2017,Volkswagen,Volkswagen Vento,Petrol,Manual,1197,"43,688",1st,Ahmedabad,"7,58,000"
57,2014,Honda,Honda Amaze,Petrol,Manual,1198,"28,720",1st,Ahmedabad,"4,37,000 "
58,2021,Renault,Renault Duster,Petrol,Manual,1330,"13,248",1st,Ahmedabad,"13,05,000 "
59,2015,Volkswagen,Volkswagen Vento,Diesel,Automatic,1498,"71,607",2nd,Ahmedabad,"5,01,000 "
60,2021,Nissan,Nissan Magnite,Petrol,Manual,999,"12,723",1st,Ahmedabad,"8,44,000 "
61,2018,Hyundai,Hyundai Grand i10,Petrol,Manual,1197,"21,159",1st,Ahmedabad,"5,41,000 "
62,2018,Maruti,Maruti Alto 800,Petrol,Manual,796,"21,186",1st,Ahmedabad,"3,23,000 "
63,2018,Renault,Renault KWID,Petrol,Manual,799,"14,278",1st,Ahmedabad,"3,32,000"
64,2018,Renault,Renault KWID,Petrol,Manual,799,"34,972",1st,Ahmedabad,"3,26,000"
65,2018,Maruti,Maruti Alto K10,Petrol,Manual,998,"27,994",1st,Ahmedabad,"3,56,000"
66,2017,Renault,Renault Duster,Petrol,Manual,1598,"73,556",1st,Ahmedabad,"6,31,000 "
67,2019,Maruti,Maruti Swift,Petrol,Manual,1197,"11,241",1st,Ahmedabad,"6,22,000"
68,2016,Hyundai,Hyundai Grand i10,Petrol,Manual,1197,"34,438",1st,Ahmedabad,"4,33,000 "
69,2017,Renault,Renault KWID,Petrol,Manual,799,"48,872",1st,Ahmedabad,"3,11,000"
70,2021,Renault,Renault KWID,Petrol,Manual,799,"4,494",1st,Ahmedabad,"4,43,000 "
71,2014,Maruti,Maruti Wagon R,Petrol,Manual,998,"52,102",1st,Ahmedabad,"3,23,000"
72,2014,Maruti,Maruti Alto K10,Petrol,Manual,998,"62,361",1st,Ahmedabad,"2,13,000 "
73,2015,Maruti,Maruti Wagon R,Petrol,Manual,998,"37,588",1st,Ahmedabad,"3,38,000"
74,2016,Mahindra,Mahindra KUV 100,Petrol,Manual,1198,"39,394",1st,Ahmedabad,"3,37,000 "
75,2018,Hyundai,Hyundai Grand i10,Petrol,Manual,1197,"62,090",1st,Ahmedabad,"5,22,000"
76,2018,Honda,Honda City,Petrol,Manual,1497,"89,340",1st,Ahmedabad,"7,71,000 "
77,2015,Maruti,Maruti Wagon R,Petrol,Manual,998,"45,963",1st,Ahmedabad,"3,64,000 "
78,2015,Honda,Honda City,Petrol,Manual,1497,"21,429",1st,Ahmedabad,"6,99,000 "
79,2019,Renault,Renault KWID,Petrol,Manual,999,"29,321",1st,Ahmedabad,"3,75,000 "
80,2021,Renault,Renault KWID,Petrol,Manual,799,"4,491",1st,Ahmedabad,"4,43,000 "
81,2016,Hyundai,Hyundai i20,Diesel,Automatic,1396,"56,285",1st,Ahmedabad,"6,45,000 "
82,2019,Maruti,Maruti Wagon R,Petrol,Manual,1197,"34,180",1st,Ahmedabad,"5,34,000"
83,2016,Maruti,Maruti Alto 800,Petrol,Manual,796,"30,983",1st,Ahmedabad,"2,98,000"
84,2017,Renault,Renault Duster,Petrol,Manual,1498,"31,525",1st,Ahmedabad,"7,53,000 "
85,2015,Hyundai,Hyundai Grand i10,Petrol,Manual,1197,"67,525",1st,Ahmedabad,"4,51,000"
86,2018,Maruti,Maruti Swift,Petrol,Manual,1197,"18,258",1st,Ahmedabad,"5,96,000 "
87,2016,Maruti,Maruti Celerio,Petrol,Manual,998,"49,083",1st,Ahmedabad,"3,85,000"
88,2019,Mahindra,Mahindra XUV500,Diesel,Automatic,2179,"62,512",2nd,Ahmedabad,"12,53,000"
89,2018,Datsun,Datsun RediGO,Petrol,Manual,799,"9,041",1st,Ahmedabad,"2,78,000 "
90,2014,Hyundai,Hyundai EON,Petrol,Manual,814,"42,593",1st,Ahmedabad,"2,48,000 "
91,2012,Hyundai,Hyundai i10,Petrol,Manual,1197,"42,592",1st,Ahmedabad,"2,73,000 "
92,2021,Hyundai,Hyundai Grand i10 Nios,Petrol,Manual,1197,"28,975",1st,Ahmedabad,"6,58,000 "
93,2015,Honda,Honda Amaze,Petrol,Manual,1198,"46,623",2nd,Ahmedabad,"4,21,000 "
94,2017,Hyundai,Hyundai EON,Petrol,Manual,814,"50,849",1st,Ahmedabad,"2,93,000 "
95,2020,Mahindra,Mahindra XUV300,Petrol,Manual,1197,"10,339",1st,Ahmedabad,"8,62,000"
96,2018,Datsun,Datsun GO,Petrol,Manual,1198,"32,370",1st,Ahmedabad,"2,79,000 "
97,2018,Hyundai,Hyundai Creta,Diesel,Automatic,1582,"67,800",2nd,Ahmedabad,"10,41,000"
98,2016,Hyundai,Hyundai Verna,Diesel,Automatic,1582,"87,115",1st,Ahmedabad,"5,83,000"
99,2014,Nissan,Nissan Micra Active,Petrol,Manual,1198,"58,324",1st,Ahmedabad,"2,75,000 "
100,2019,Jeep,Jeep Compass Trailhawk 4x4 Opt,Diesel,Automatic,1956,"77,000",First,Ahmedabad,21 Lakh*
101,2013,Volkswagen,Volkswagen Polo 1.2 Mpi Comfortline,Petrol,Manual,1198,"72,000",First,Ahmedabad,3.50 Lakh*
102,2012,Hyundai,Hyundai Accent Executive,Petrol,Manual,1495,"55,000",First,Ahmedabad,3.21 Lakh*
103,2016,Volkswagen,Volkswagen Polo 1.5 Tdi Highline,Diesel,Automatic,1498,"65,000",First,Ahmedabad,5.75 Lakh*
104,2016,Maruti,Maruti Swift Vdi,Diesel,Automatic,1248,"85,000",First,Ahmedabad,5.71 Lakh*
105,2017,Tata,Tata Tiago 1.2 Revotron Xza,Petrol,Manual,1199,"55,500",First,Ahmedabad,5.25 Lakh*
106,2019,Hyundai,Hyundai Venue Sx Plus Turbo Dct Dt,Petrol,Manual,998,"32,000",First,Ahmedabad,11 Lakh*
107,2017,Toyota,Toyota Innova Crysta 2.8 Gx At 8s Bsiv,Diesel,Automatic,2755,"1,40,000",Second,Ahmedabad,16 Lakh*
108,2017,Hyundai,Hyundai Grand I10 Magna At,Petrol,Manual,1197,"44,000",Second,Ahmedabad,5.25 Lakh*
109,2020,Hyundai,Hyundai I20 Magna,Petrol,Manual,1197,"25,000",First,Ahmedabad,7.70 Lakh*
110,2020,Kia,Kia Seltos Gtx Plus At D,Diesel,Automatic,1493,"45,000",First,Ahmedabad,17.90 Lakh*
111,2014,Audi,Audi Q3 35 Tdi Quattro Premium Plus,Diesel,Automatic,1968,"84,001",First,Ahmedabad,15.75 Lakh*
112,2010,Toyota,Toyota Innova 2.5 Gx 8 Str Bsiv,Diesel,Automatic,2494,"78,000",First,Ahmedabad,5.51 Lakh*
113,2016,Maruti,Maruti Swift Vdi Bsiv,Diesel,Automatic,1248,"71,000",First,Ahmedabad,5.51 Lakh*
114,2017,Honda,Honda Jazz 1.2 E I Vtec,Petrol,Manual,1199,"37,000",First,Ahmedabad,5.25 Lakh*
115,2016,Tata,Tata Nano Twist Xt,Petrol,Manual,624,"24,000",Second,Ahmedabad,1.80 Lakh*
116,2016,Renault,Renault Kwid Rxt Optional,Petrol,Manual,799,"55,000",First,Ahmedabad,2.35 Lakh*
117,2014,Maruti,Maruti Wagon R Lxi Cng,,,998,"1,16,000",First,Ahmedabad,4.25 Lakh*
118,2018,Hyundai,Hyundai I20 Active 1.2 S,Petrol,Manual,1197,"37,000",First,Ahmedabad,6.50 Lakh*
119,2016,Honda,Honda City I Vtec Vx,Petrol,Manual,1497,"47,000",First,Ahmedabad,7.50 Lakh*
120,2012,Maruti,Maruti Swift Dzire Vxi,Petrol,Manual,1298,"63,000",Second,Ahmedabad,3.90 Lakh*
121,2015,Honda,Honda City I Vtec Cvt Vx,Petrol,Manual,1497,"73,000",First,Ahmedabad,7.50 Lakh*
122,2017,Volkswagen,Volkswagen Ameo 1.5 Tdi Highline,Diesel,Automatic,1498,"59,000",First,Ahmedabad,6.50 Lakh*
123,2017,Hyundai,Hyundai Verna Crdi 1.6 At Ex,Diesel,Automatic,1582,"36,000",First,Ahmedabad,8.90 Lakh*
124,2011,Bmw,Bmw 5 Series 523i,Petrol,Manual,2497,"84,000",First,Ahmedabad,11.50 Lakh*
125,2019,Hyundai,Hyundai Creta 1.6 Crdi Sx Plus,Diesel,Automatic,1582,"51,000",Second,Ahmedabad,12.90 Lakh*
126,2013,Mercedes-benz,Mercedes-benz E-class E250 Cdi Avantgarde,Diesel,Automatic,2143,"84,000",First,Ahmedabad,18 Lakh*
127,2018,Renault,Renault Kwid Rxl,Petrol,Manual,799,"47,000",First,Ahmedabad,3 Lakh*
128,2018,Honda,Honda Jazz 1.5 S I Dtec,Diesel,Automatic,1498,"51,000",First,Ahmedabad,6 Lakh*
129,2018,Maruti,Maruti Baleno 1.3 Sigma,Diesel,Automatic,1248,"35,000",First,Ahmedabad,5.75 Lakh*
130,2016,Honda,Honda Amaze S I-vtec,Petrol,Manual,1198,"60,000",First,Ahmedabad,4.90 Lakh*
131,2019,Honda,Honda Wr-v I-vtec Vx,Petrol,Manual,1199,"42,000",First,Ahmedabad,8 Lakh*
132,2020,Maruti,Maruti Baleno Zeta,Petrol,Manual,1197,"13,000",First,Ahmedabad,7.30 Lakh*
133,2020,Honda,Honda City I-vtec V,Petrol,Manual,1497,"38,000",First,Ahmedabad,10.20 Lakh*
134,2012,Toyota,Toyota Etios Liva Gd,Diesel,Automatic,1364,"60,000",First,Ahmedabad,3.51 Lakh*
135,2015,Honda,Honda Brio S Mt,Petrol,Manual,1198,"45,000",First,Ahmedabad,4 Lakh*
136,2018,Toyota,Toyota Innova Crysta 2.4 Gx At,Diesel,Automatic,2393,"80,000",First,Ahmedabad,17.90 Lakh*
137,2014,Maruti,Maruti Ritz Vdi,Diesel,Automatic,1248,"58,000",First,Ahmedabad,3.25 Lakh*
138,2016,Bmw,Bmw X1 Xdrive 20d Xline,Diesel,Automatic,1995,"78,353",First,Ahmedabad,21.50 Lakh*
139,2021,Hyundai,Hyundai I20 Sportz Dt,Petrol,Manual,1197,"11,000",First,Ahmedabad,8.10 Lakh*
140,2013,Mercedes-benz,Mercedes-benz C-class C 220 Cdi Be Cor,Diesel,Automatic,2143,"58,000",First,Ahmedabad,11.25 Lakh*
141,2019,Maruti,Maruti Swift Dzire Vxi 1.2 Bs Iv,Petrol,Manual,1197,"13,000",First,Ahmedabad,6.90 Lakh*
142,2017,Hyundai,Hyundai Verna Crdi 1.6 Sx,Diesel,Automatic,1582,"72,000",First,Ahmedabad,9 Lakh*
143,2017,Maruti,Maruti Baleno 1.2 Sigma,Petrol,Manual,1197,"56,000",First,Ahmedabad,5 Lakh*
144,2016,Honda,Honda Brio S Mt,Petrol,Manual,1198,"54,000",First,Ahmedabad,4.25 Lakh*
145,2011,Hyundai,Hyundai I10 Sportz,Petrol,Manual,1197,"44,000",First,Ahmedabad,2.70 Lakh*
146,2020,Maruti,Maruti Wagon R Vxi Amt Opt,Petrol,Manual,998,"10,000",First,Ahmedabad,5.75 Lakh*
147,2014,Hyundai,Hyundai I20 Magna Optional 1.2,Petrol,Manual,1197,"23,000",First,Ahmedabad,4.65 Lakh*
148,2018,Hyundai,Hyundai I20 1.2 Spotz,Petrol,Manual,1197,"48,000",First,Ahmedabad,6.50 Lakh*
149,2015,Hyundai,Hyundai Eon Era Plus,Petrol,Manual,814,"52,000",First,Ahmedabad,2.50 Lakh*
150,2014,Honda,Honda Amaze Vx At I-vtech,Petrol,Manual,1198,"45,000",First,Ahmedabad,5 Lakh*
151,2012,Honda,Honda City S,Petrol,Manual,1497,"48,000",First,Ahmedabad,4.25 Lakh*
152,2008,Maruti,Maruti Alto Lxi,Petrol,Manual,796,"60,000",Second,Ahmedabad,1.15 Lakh*
153,2020,Mg,Mg Hector Plus Sharp Dct,Petrol,Manual,1451,"14,000",First,Ahmedabad,16.75 Lakh*
154,2015,Renault,Renault Fluence E2 D,Diesel,Automatic,1461,"53,000",First,Ahmedabad,4.25 Lakh*
155,2019,Hyundai,Hyundai Verna Vtvt 1.6 At Sx Option,Petrol,Manual,1591,"26,000",First,Ahmedabad,11.50 Lakh*
156,2015,Honda,Honda Jazz 1.2 Vx I Vtec,Petrol,Manual,1199,"74,000",First,Ahmedabad,5.40 Lakh*
157,2015,Land,Land Rover Discovery Sport Td4 Hse 7s,Diesel,Automatic,1999,"86,000",Second,Ahmedabad,29 Lakh*
158,2017,Hyundai,Hyundai Grand I10 Magna At,Petrol,Manual,1197,"35,000",First,Ahmedabad,5.10 Lakh*
159,2021,Tata,Tata Nexon Xza Plus Amt Diesel,Diesel,Automatic,1497,"12,000",First,Ahmedabad,11.90 Lakh*
160,2016,Toyota,Toyota Innova Crysta 2.4 Gx Mt 8 Str,Diesel,Automatic,2393,"95,000",First,Ahmedabad,14.50 Lakh*
161,2018,Maruti,Maruti Swift Dzire Vxi 1.2,Petrol,Manual,1197,"50,000",First,Ahmedabad,5.50 Lakh*
162,2011,Hyundai,Hyundai I20 1.2 Magna,Petrol,Manual,1197,"72,000",Second,Ahmedabad,2.50 Lakh*
163,2018,Mercedes-benz,Mercedes-benz Gle 250d,Diesel,Automatic,2143,"80,000",First,Ahmedabad,49.50 Lakh*
164,2017,Hyundai,Hyundai Elantra 1.6 Sx,Diesel,Automatic,1582,"67,000",Second,Ahmedabad,8.90 Lakh*
165,2013,Mercedes-benz,Mercedes-benz Gl-class 350 Cdi Blue Efficiency,Diesel,Automatic,2987,"54,000",First,Ahmedabad,28.50 Lakh*
166,2013,Audi,Audi A4 2.0 Tdi 177 Bhp Premium Plus,Diesel,Automatic,1968,"69,000",First,Ahmedabad,8.95 Lakh*
167,2013,Jaguar,Jaguar Xf 2.2 Litre Luxury,Diesel,Automatic,2179,"80,000",Second,Ahmedabad,16.50 Lakh*
168,2021,Mg,Mg Hector Plus Sharp Cvt,Petrol,Manual,1451,"9,000",First,Ahmedabad,19.95 Lakh*
169,2014,Honda,Honda City V At,Petrol,Manual,1497,"70,000",First,Ahmedabad,6.90 Lakh*
170,2015,Maruti,Maruti Alto 800 Lxi,Petrol,Manual,796,"32,000",First,Ahmedabad,2.75 Lakh*
171,2017,Maruti,Maruti Ciaz Zdi Plus Shvs,Diesel,Automatic,1248,"55,000",First,Ahmedabad,6.90 Lakh*
172,2017,Honda,Honda Jazz 1.2 V At I Vtec,Petrol,Manual,1199,"34,000",First,Ahmedabad,6.90 Lakh*
173,2013,Honda,Honda Brio S Mt,Petrol,Manual,1198,"62,000",Second,Ahmedabad,3.65 Lakh*
174,2012,Mercedes-benz,Mercedes-benz C-class 220 Cdi At,Diesel,Automatic,2143,"83,000",First,Ahmedabad,12.75 Lakh*
175,2016,Hyundai,Hyundai Grand I10 At Asta,Petrol,Manual,1197,"35,000",Second,Ahmedabad,5.15 Lakh*
176,2018,Jeep,Jeep Compass 2.0 Limited Option,Diesel,Automatic,1956,"42,000",First,Ahmedabad,14.75 Lakh*
177,2017,Bmw,Bmw 5 Series 520d Luxury Line,Diesel,Automatic,1995,"70,000",First,Ahmedabad,25.95 Lakh*
178,2019,Tata,Tata Harrier Xz Bsiv,Diesel,Automatic,1956,"92,000",First,Ahmedabad,13.75 Lakh*
179,2011,Audi,Audi Q5 2.0 Tdi,Diesel,Automatic,1968,"91,000",Second,Ahmedabad,12.75 Lakh*
180,2015,Hyundai,Hyundai I20 Asta Option 1.2,Petrol,Manual,1197,"45,000",First,Ahmedabad,5.90 Lakh*
181,2015,Honda,Honda Amaze S I-dtech,Diesel,Automatic,1498,"71,564",First,Ahmedabad,4.25 Lakh*
182,2018,Maruti,Maruti Vitara Brezza Vdi,Diesel,Automatic,1248,"37,000",First,Ahmedabad,8.50 Lakh*
183,2017,Tata,Tata Tiago 1.2 Revotron Xz,Petrol,Manual,1199,"33,534",First,Ahmedabad,4.75 Lakh*
184,2018,Hyundai,Hyundai Verna Crdi 1.6 Sx,Diesel,Automatic,1582,"72,498",First,Ahmedabad,8.75 Lakh*
185,2021,Honda,Honda Jazz Zx Cvt,Petrol,Manual,1199,"24,425",First,Ahmedabad,9.51 Lakh*
186,2019,Bmw,Bmw 5 Series 520d Luxury Line,Diesel,Automatic,1995,"59,500",First,Ahmedabad,39 Lakh*
187,2015,Hyundai,Hyundai Santa Fe 2wd At,Diesel,Automatic,2199,"65,000",First,Ahmedabad,13.50 Lakh*
188,2014,Fiat,Fiat Punto 1.3 Dynamic,Diesel,Automatic,1248,"39,000",First,Ahmedabad,2.90 Lakh*
189,2010,Maruti,Maruti Zen Estilo Vxi Bsiv,Petrol,Manual,998,"40,000",First,Ahmedabad,1.70 Lakh*
190,2017,Bmw,Bmw 3 Series 320d Gt Sport Line,Diesel,Automatic,1995,"53,500",First,Ahmedabad,24.50 Lakh*
191,2014,Maruti,Maruti Alto K10 Vxi Airbag,Petrol,Manual,998,"70,000",First,Ahmedabad,2.51 Lakh*
192,2013,Mercedes-benz,Mercedes-benz C-class C 220 Cdi Avantgarde,Diesel,Automatic,2143,"15,502",First,Ahmedabad,25 Lakh*
193,2021,Mercedes-benz,Mercedes-benz C-class Progressive C 200,Petrol,Manual,1950,"11,000",First,Ahmedabad,47.90 Lakh*
194,2021,Mercedes-benz,Mercedes-benz C-class Progressive C 200,Petrol,Manual,1950,"5,800",First,Ahmedabad,47.95 Lakh*
195,2012,Nissan,Nissan Sunny Xl,Petrol,Manual,1498,"68,000",First,Ahmedabad,3.51 Lakh*
196,2021,Jeep,Jeep Wrangler Rubicon,Petrol,Manual,1998,"10,000",First,Ahmedabad,60.95 Lakh*
197,2018,Ford,Ford Endeavour 3.2 Titanium At 4x4,Diesel,Automatic,3198,"88,000",First,Ahmedabad,27.90 Lakh*
198,2016,Ford,Ford Endeavour 2.2 Trend At 4x2,Diesel,Automatic,2198,"63,000",Second,Ahmedabad,17.85 Lakh*
199,2016,Toyota,Toyota Fortuner 4x2 At,Diesel,Automatic,2982,"79,000",First,Ahmedabad,24.95 Lakh*
200,2014,Land,Land Rover Freelander 2 Se,Diesel,Automatic,2179,"90,000",Second,Ahmedabad,11.85 Lakh*
201,2006,Hyundai,Hyundai Santro Xing Xg Erlx Euro Iii,Petrol,Manual,1086,"70,000",Second,Ahmedabad,1.11 Lakh*
202,2016,Hyundai,Hyundai Creta 1.6 S Automatic,Diesel,Automatic,1582,"69,000",First,Ahmedabad,8.89 Lakh*
203,2008,Maruti,Maruti Alto Lxi,Petrol,Manual,796,"35,000",Second,Ahmedabad,"95,000*"
204,2018,Hyundai,Hyundai Verna Vtvt 1.6 Sx,Petrol,Manual,1591,"35,001",First,Ahmedabad,9.31 Lakh*
205,2014,Hyundai,Hyundai Verna 1.6 Sx Vtvt At,Petrol,Manual,1591,"49,885",First,Ahmedabad,6.11 Lakh*
206,2011,Maruti,Maruti Sx4 Vxi Bsiv,Petrol,Manual,1586,"75,001",Second,Ahmedabad,2.71 Lakh*
207,2019,Hyundai,Hyundai Venue S,Petrol,Manual,1197,"12,001",First,Ahmedabad,8.50 Lakh*
208,2016,Volkswagen,Volkswagen Vento 1.5 Tdi Highline At,Diesel,Automatic,1498,"1,18,001",First,Ahmedabad,6.90 Lakh*
209,2014,Chevrolet,Chevrolet Spark 1.0 Lt,Petrol,Manual,995,"73,002",First,Ahmedabad,1.80 Lakh*
210,2013,Renault,Renault Scala Diesel Rxl,Diesel,Automatic,1461,"90,077",First,Ahmedabad,3.35 Lakh*
211,2013,Audi,Audi Q3 2.0 Tdi Quattro Premium Plus,Diesel,Automatic,1968,"75,000",First,Ahmedabad,15.25 Lakh*
212,2019,Hyundai,Hyundai Creta 1.6 Crdi At Sx Plus,Diesel,Automatic,1582,"35,000",First,Ahmedabad,15.25 Lakh*
213,2019,Mg,Mg Hector Sharp At Bsiv,Petrol,Manual,1451,"18,000",First,Ahmedabad,16.51 Lakh*
214,2014,Hyundai,Hyundai Elantra Crdi Sx,Diesel,Automatic,1582,"72,000",First,Ahmedabad,6.75 Lakh*
215,2010,Maruti,Maruti Zen Estilo Lxi Bs Iv,Petrol,Manual,998,"45,000",Second,Ahmedabad,1.75 Lakh*
216,2012,Maruti,Maruti Wagon R Vxi Minor,Petrol,Manual,998,"71,000",First,Ahmedabad,2.90 Lakh*
217,2015,Ford,Ford Ecosport 1.5 Ti Vct At Titanium Bsiv,Petrol,Manual,1499,"38,000",First,Ahmedabad,6.90 Lakh*
218,2013,Volkswagen,Volkswagen Polo Petrol Comfortline 1.2l,Petrol,Manual,1198,"59,000",First,Ahmedabad,3.90 Lakh*
219,2015,Hyundai,Hyundai Eon Era Plus Option,Petrol,Manual,814,"44,000",First,Ahmedabad,2.85 Lakh*
220,2015,Mahindra,Mahindra Xuv500 W10 1.99 Mhawk,Diesel,Automatic,1997,"61,000",Second,Ahmedabad,8.50 Lakh*
221,2015,Hyundai,Hyundai Verna 1.6 Crdi Sx,Diesel,Automatic,1582,"58,000",First,Ahmedabad,6.10 Lakh*
222,2012,Maruti,Maruti Swift Dzire Vdi,Diesel,Automatic,1248,"56,000",First,Ahmedabad,4.25 Lakh*
223,2014,Chevrolet,Chevrolet Beat Diesel Ls,Diesel,Automatic,936,"61,000",First,Ahmedabad,2.10 Lakh*
224,2019,Mahindra,Mahindra Scorpio S11,Diesel,Automatic,2179,"79,000",First,Ahmedabad,16.75 Lakh*
225,2017,Jeep,Jeep Compass 2.0 Longitude,Diesel,Automatic,1956,"57,001",First,Ahmedabad,11.25 Lakh*
226,2020,Hyundai,Hyundai Venue Sx Diesel,Diesel,Automatic,1493,"51,000",First,Ahmedabad,9.90 Lakh*
227,2015,Hyundai,Hyundai Creta 1.6 Vtvt Sx Plus Dual Tone,Petrol,Manual,1591,"38,000",First,Ahmedabad,8.70 Lakh*
228,2020,Mahindra,Mahindra Scorpio S11,Diesel,Automatic,2179,"60,000",First,Ahmedabad,16.90 Lakh*
229,2008,Hyundai,Hyundai Santro Xing Gl,Petrol,Manual,1086,"72,000",First,Ahmedabad,1.80 Lakh*
230,2018,Honda,Honda Jazz Vx Cvt,Petrol,Manual,1199,"29,001",First,Ahmedabad,7.50 Lakh*
231,2020,Maruti,Maruti Swift Lxi,Petrol,Manual,1197,"28,000",First,Ahmedabad,6.10 Lakh*
232,2013,Audi,Audi Q3 2.0 Tdi,Diesel,Automatic,1968,"74,000",Second,Ahmedabad,12 Lakh*
233,2010,Hyundai,Hyundai I20 Asta,Petrol,Manual,1197,"48,001",First,Ahmedabad,3.35 Lakh*
234,2016,Hyundai,Hyundai I20 Sportz 1.2,Petrol,Manual,1197,"43,001",First,Ahmedabad,6.25 Lakh*
235,2020,Tata,Tata Harrier Xz Plus,Diesel,Automatic,1956,"50,011",First,Ahmedabad,18.75 Lakh*
236,2018,Maruti,Maruti Ertiga Cng Vxi,,,1462,"82,001",First,Ahmedabad,9.10 Lakh*
237,2017,Maruti,Maruti Swift Dzire Amt Vdi,Diesel,Automatic,1248,"67,001",First,Ahmedabad,6.75 Lakh*
238,2018,Maruti,Maruti Swift Dzire Amt Zxi,Petrol,Manual,1197,"52,001",First,Ahmedabad,7.25 Lakh*
239,2015,Maruti,Maruti Baleno 1.3 Alpha,Diesel,Automatic,1248,"67,001",First,Ahmedabad,5.75 Lakh*
240,2014,Audi,Audi A6 2.0 Tdi Premium Plus,Diesel,Automatic,1968,"86,002",First,Ahmedabad,15.75 Lakh*
241,2020,Maruti,Maruti S-presso Vxi At 2019-2022,Petrol,Manual,998,"4,500",First,Ahmedabad,4.90 Lakh*
242,2012,Audi,Audi A4 2.0 Tdi,Diesel,Automatic,1968,"1,05,000",Second,Ahmedabad,8.75 Lakh*
243,2013,Land,Land Rover Range Rover Evoque 2.2l Pure,Diesel,Automatic,2179,"78,000",First,Ahmedabad,24.90 Lakh*
244,2017,Toyota,Toyota Fortuner 2.8 4wd At,Diesel,Automatic,2755,"68,000",First,Ahmedabad,26.90 Lakh*
245,2016,Mercedes-benz,Mercedes-benz Glc 220d 4matic Style,Diesel,Automatic,2143,"86,000",Second,Ahmedabad,31 Lakh*
246,2018,Mahindra,Mahindra Kuv 100 Nxt G80 K2,Petrol,Manual,1198,"52,000",First,Ahmedabad,4.50 Lakh*
247,2018,Mahindra,Mahindra Kuv 100 Nxt G80 K2,Petrol,Manual,1198,"75,000",First,Ahmedabad,4.50 Lakh*
248,2014,Toyota,Toyota Fortuner 4x2 Manual,Diesel,Automatic,2982,"86,000",First,Ahmedabad,13.75 Lakh*
249,2009,Honda,Honda City 1.5 S At,Petrol,Manual,1497,"75,000",First,Ahmedabad,3.75 Lakh*
250,2010,Honda,Honda City 1.5 S Mt,Petrol,Manual,1497,"56,000",Second,Ahmedabad,3.75 Lakh*
251,2017,Toyota,Toyota Fortuner 2.8 4wd Mt,Diesel,Automatic,2755,"65,000",First,Ahmedabad,26 Lakh*
252,2017,Mercedes-benz,Mercedes-benz E-class Expression E 220d,Diesel,Automatic,1950,"80,000",First,Ahmedabad,37 Lakh*
253,2014,Honda,Honda City I Vtec Sv,Petrol,Manual,1497,"65,000",Second,Ahmedabad,5.50 Lakh*
254,2015,Honda,Honda City I Vtec Cvt Vx,Petrol,Manual,1497,"54,000",First,Ahmedabad,7.75 Lakh*
255,2019,Toyota,Toyota Innova Crysta 2.8 Gx At Bsiv,Diesel,Automatic,2755,"61,000",First,Ahmedabad,18.50 Lakh*
256,2017,Maruti,Maruti Ciaz Rs Zxi Plus,Petrol,Manual,1373,"13,000",First,Ahmedabad,7.75 Lakh*
257,2019,Maruti,Maruti Ciaz Alpha Automatic Bsiv,Petrol,Manual,1462,"60,000",First,Ahmedabad,9.25 Lakh*
258,2016,Honda,Honda Brio S Mt,Petrol,Manual,1198,"42,000",First,Ahmedabad,4 Lakh*
259,2016,Toyota,Toyota Innova Crysta 2.8 Gx At Bsiv,Diesel,Automatic,2755,"68,000",First,Ahmedabad,14.75 Lakh*
260,2018,Maruti,Maruti Alto 800 Lxi,Petrol,Manual,796,"50,000",First,Ahmedabad,3.50 Lakh*
261,2017,Volkswagen,Volkswagen Ameo 1.5 Tdi Highline At,Diesel,Automatic,1498,"55,200",First,Ahmedabad,6.50 Lakh*
262,2018,Honda,Honda City Zx Cvt,Petrol,Manual,1497,"74,000",First,Ahmedabad,8.85 Lakh*
263,2017,Volkswagen,Volkswagen Ameo 1.2 Mpi Highline 16 Alloy,Petrol,Manual,1198,"36,700",First,Ahmedabad,5.50 Lakh*
264,2019,Hyundai,Hyundai Creta 1.6 Sx Option Executive Diesel,Diesel,Automatic,1582,"70,000",First,Ahmedabad,13.75 Lakh*
265,2020,Mg,Mg Hector Plus Sharp Dct,Petrol,Manual,1451,"8,600",First,Ahmedabad,18.90 Lakh*
266,2011,Hyundai,Hyundai I10 Era,Petrol,Manual,1086,"65,000",First,Ahmedabad,2.70 Lakh*
267,2000,Maruti,Maruti 800 Dx,Petrol,Manual,796,"25,000",First,Ahmedabad,1 Lakh*
268,2016,Honda,Honda Jazz Vx Cvt,Petrol,Manual,1199,"41,000",First,Ahmedabad,6.75 Lakh*
269,2012,Honda,Honda Brio S Mt,Petrol,Manual,1198,"65,000",First,Ahmedabad,3.25 Lakh*
270,2015,Honda,Honda Brio S Mt,Petrol,Manual,1198,"66,000",Second,Ahmedabad,3.70 Lakh*
271,2021,Audi,Audi A6 45 Tfsi Technology,Petrol,Manual,1984,"19,000",First,Ahmedabad,57 Lakh*
272,2012,Bmw,Bmw 5 Series 520d,Diesel,Automatic,1995,"68,000",First,Ahmedabad,14.25 Lakh*
273,2019,Honda,Honda Amaze S I-vtec,Petrol,Manual,1198,"52,000",First,Ahmedabad,6.50 Lakh*
274,2017,Honda,Honda City I-dtec Zx,Diesel,Automatic,1498,"78,584",First,Ahmedabad,8.50 Lakh*
275,2017,Honda,Honda City I Vtec Cvt Vx,Petrol,Manual,1497,"31,000",First,Ahmedabad,9.75 Lakh*
276,2015,Mahindra,Mahindra Xuv500 W6 2wd,Diesel,Automatic,2179,"61,000",First,Ahmedabad,7.90 Lakh*
277,2020,Renault,Renault Kwid 1.0 Rxt Opt,Petrol,Manual,999,"17,000",First,Ahmedabad,3.95 Lakh*
278,2021,Tata,Tata Nexon Xma Amt,Petrol,Manual,1199,"30,000",First,Ahmedabad,9.75 Lakh*
279,2021,Mercedes-benz,Mercedes-benz A-class Limousine A 200d,Diesel,Automatic,1950,"15,000",First,Ahmedabad,42.50 Lakh*
280,2021,Maruti,Maruti Xl6 Zeta,Petrol,Manual,1462,"16,000",First,Ahmedabad,10.90 Lakh*
281,2015,Honda,Honda Mobilio S I-dtec,Diesel,Automatic,1498,"34,000",First,Ahmedabad,6.75 Lakh*
282,2018,Land,Land Rover Range Rover Velar R-dynamic S Diesel,Diesel,Automatic,1999,"45,000",First,Ahmedabad,75 Lakh*
283,2011,Honda,Honda Brio S Mt,Petrol,Manual,1198,"75,000",First,Ahmedabad,3.50 Lakh*
284,2007,Maruti,Maruti Wagon R Vxi 1.2 Bsiv,Petrol,Manual,1197,"61,000",First,Ahmedabad,1.90 Lakh*
285,2019,Renault,Renault Triber Rxz Bsiv,Petrol,Manual,999,"29,000",First,Ahmedabad,6.25 Lakh*
286,2015,Tata,Tata Nano Cng Xm,,,624,"41,000",First,Ahmedabad,1.75 Lakh*
287,2013,Maruti,Maruti Eeco Cng 5 Seater Ac,,,1196,"62,000",First,Ahmedabad,3.51 Lakh*
288,2019,Maruti,Maruti Alto K10 Vxi Amt,Petrol,Manual,998,"29,000",First,Ahmedabad,4.31 Lakh*
289,2019,Honda,Honda City I-vtec Vx,Petrol,Manual,1497,"25,000",First,Ahmedabad,10.51 Lakh*
290,2019,Honda,Honda Jazz V Cvt,Petrol,Manual,1199,"24,000",First,Ahmedabad,8.25 Lakh*
291,2012,Hyundai,Hyundai I20 1.2 Magna Opt,Petrol,Manual,1197,"48,000",First,Ahmedabad,3.75 Lakh*
292,2013,Mercedes-benz,Mercedes-benz A Class A180 Cdi,Diesel,Automatic,2143,"98,000",First,Ahmedabad,7.90 Lakh*
293,2021,Honda,Honda Amaze V Petrol,Petrol,Manual,1199,"24,000",First,Ahmedabad,7.95 Lakh*
294,2017,Renault,Renault Kwid Rxt Amt,Petrol,Manual,799,"45,000",First,Ahmedabad,3.10 Lakh*
295,2014,Mahindra,Mahindra Xuv500 W8 2wd,Diesel,Automatic,2179,"59,000",First,Ahmedabad,6.75 Lakh*
296,2014,Honda,Honda City V Mt,Petrol,Manual,1497,"75,000",First,Ahmedabad,5.75 Lakh*
297,2018,Maruti,Maruti Celerio Zxi Amt,Petrol,Manual,998,"45,000",First,Ahmedabad,5.50 Lakh*
298,2012,Hyundai,Hyundai Verna 1.6 Sx,Diesel,Automatic,1582,"1,20,000",Second,Ahmedabad,3.29 Lakh*
299,2019,Renault,Renault Kwid 1.0 Rxt,Petrol,Manual,999,"9,000",First,Ahmedabad,4.15 Lakh*
300,2019,Honda,Honda City Vx Mt,Petrol,Manual,1497,"15,000",First,Ahmedabad,10.25 Lakh*
301,2010,Maruti,Maruti Ritz Vxi,Petrol,Manual,1197,"70,000",First,Ahmedabad,2.40 Lakh*
302,2015,Maruti,Maruti Swift Dzire Vxi 1.2 Bs Iv,Petrol,Manual,1197,"36,000",First,Ahmedabad,5.25 Lakh*
303,2020,Honda,Honda City V Cvt,Petrol,Manual,1498,"10,300",First,Ahmedabad,11.90 Lakh*
304,2021,Mercedes-benz,Mercedes-benz C-class Progressive C 200,Petrol,Manual,1950,"5,800",First,Ahmedabad,49.50 Lakh*
305,2010,Nissan,Nissan Micra Xl,Petrol,Manual,1198,"55,000",First,Ahmedabad,2.25 Lakh*
306,2018,Audi,Audi Q5 35tdi,Diesel,Automatic,1968,"70,000",First,Ahmedabad,35 Lakh*
307,2010,Chevrolet,Chevrolet Spark 1.0 Lt,Petrol,Manual,995,"18,000",First,Ahmedabad,1.61 Lakh*
308,2014,Maruti,Maruti Ertiga Vxi,Petrol,Manual,1373,"39,000",First,Ahmedabad,6.75 Lakh*
309,2018,Honda,Honda Brio 1.2 S Mt,Petrol,Manual,1198,"18,000",First,Ahmedabad,4.75 Lakh*
310,2010,Honda,Honda Jazz S,Petrol,Manual,1198,"58,000",First,Ahmedabad,3.21 Lakh*
311,2017,Tata,Tata Nano Twist Xta,Petrol,Manual,624,"6,000",First,Ahmedabad,2.51 Lakh*
312,2015,Honda,Honda City I Vtec Vx,Petrol,Manual,1497,"26,000",First,Ahmedabad,7.75 Lakh*
313,2010,Maruti,Maruti Wagon R Lxi,Petrol,Manual,998,"60,000",First,Ahmedabad,2.21 Lakh*
314,2016,Hyundai,Hyundai Verna 1.6 Crdi At Sx Option,Diesel,Automatic,1582,"54,000",First,Ahmedabad,7.90 Lakh*
315,2012,Toyota,Toyota Etios 2014-2016 G,Petrol,Manual,1496,"76,000",First,Ahmedabad,3.50 Lakh*
316,2017,Hyundai,Hyundai Creta 1.6 E Plus,Petrol,Manual,1591,"1,00,000",First,Ahmedabad,10.25 Lakh*
317,2012,Maruti,Maruti Wagon R Vxi,Petrol,Manual,998,"61,000",First,Ahmedabad,3.11 Lakh*
318,2015,Maruti,Maruti Alto K10 Vxi Amt,Petrol,Manual,998,"56,000",First,Ahmedabad,3.25 Lakh*
319,2012,Maruti,Maruti Alto K10 2010-2014 Vxi,Petrol,Manual,998,"60,000",First,Ahmedabad,2.11 Lakh*
320,2014,Hyundai,Hyundai Verna 1.6 Sx Crdi (o),Diesel,Automatic,1582,"61,000",Second,Ahmedabad,5.75 Lakh*
321,2012,Maruti,Maruti Ertiga Ldi Option,Diesel,Automatic,1248,"65,000",Second,Ahmedabad,4.50 Lakh*
322,2012,Nissan,Nissan Micra Diesel Xv,Diesel,Automatic,1461,"60,200",First,Ahmedabad,2.50 Lakh*
323,2019,Renault,Renault Kwid 1.0 Rxt Optional,Petrol,Manual,999,"9,944",First,Ahmedabad,4.05 Lakh*
324,2016,Hyundai,Hyundai I20 Magna 1.2,Petrol,Manual,1197,"48,000",First,Ahmedabad,5.78 Lakh*
325,2008,Toyota,Toyota Innova 2.5 V Diesel 8-seater,Diesel,Automatic,2494,"1,19,197",First,Ahmedabad,3.67 Lakh*
326,2014,Mercedes-benz,Mercedes-benz S-class S 350 D,Diesel,Automatic,2925,"60,000",Second,Ahmedabad,34.95 Lakh*
327,2020,Hyundai,Hyundai Santro Sportz Bsiv,Petrol,Manual,1086,"19,000",First,Ahmedabad,5.51 Lakh*
328,2021,Mahindra,Mahindra Thar Lx 4-str Hard Top Diesel At,Diesel,Automatic,2184,"5,000",First,Ahmedabad,16.50 Lakh*
329,2021,Kia,Kia Sonet 1.5 Htx Diesel,Diesel,Automatic,1493,"16,700",First,Ahmedabad,12.50 Lakh*
330,2015,Volkswagen,Volkswagen Vento 1.2 Tsi Highline At,Petrol,Manual,1197,"51,000",First,Ahmedabad,5.90 Lakh*
331,2017,Maruti,Maruti Ertiga Shvs Vdi Limited Edition,Diesel,Automatic,1248,"37,000",First,Ahmedabad,8.11 Lakh*
332,2012,Hyundai,Hyundai Verna 1.6 Sx,Diesel,Automatic,1582,"65,000",First,Ahmedabad,4.80 Lakh*
333,2014,Mahindra,Mahindra Xuv500 W8 2wd,Diesel,Automatic,2179,"65,000",First,Ahmedabad,6.50 Lakh*
334,2021,Skoda,Skoda Superb Laurin & Klement,Petrol,Manual,1984,"31,000",First,Ahmedabad,34 Lakh*
335,2012,Hyundai,Hyundai Santro Xing Gls,Petrol,Manual,1086,"70,000",First,Ahmedabad,2.85 Lakh*
336,2012,Maruti,Maruti Swift Dzire Vdi,Diesel,Automatic,1248,"95,000",Second,Ahmedabad,4.50 Lakh*
337,2011,Ford,Ford Figo Petrol Exi Option,Petrol,Manual,1196,"57,000",First,Ahmedabad,2.31 Lakh*
338,2018,Maruti,Maruti Celerio Vxi Cng Bsiv,,,998,"1,00,000",First,Ahmedabad,4.25 Lakh*
339,2012,Maruti,Maruti Wagon R Lxi Optional,Petrol,Manual,998,"54,000",First,Ahmedabad,2.65 Lakh*
340,2019,Tata,Tata Tiago Xz,Petrol,Manual,1199,"43,000",First,Ahmedabad,5.40 Lakh*
341,2013,Toyota,Toyota Innova 2.5 Vx (diesel) 8 Seater Bs Iv,Diesel,Automatic,2494,"1,50,000",First,Ahmedabad,6.80 Lakh*
342,2019,Bmw,Bmw X1 Sdrive 20d Xline,Diesel,Automatic,1995,"35,000",First,Ahmedabad,32 Lakh*
343,2013,Chevrolet,Chevrolet Cruze Ltz,Diesel,Automatic,1998,"54,000",First,Ahmedabad,4.25 Lakh*
344,2016,Chevrolet,Chevrolet Cruze Ltz At,Diesel,Automatic,1998,"84,000",First,Ahmedabad,6.90 Lakh*
345,2017,Renault,Renault Lodgy 85ps Rxl,Diesel,Automatic,1461,"71,000",First,Ahmedabad,5.75 Lakh*
346,2014,Honda,Honda Cr-v 2.4l 4wd At,Petrol,Manual,2354,"59,000",First,Ahmedabad,11.11 Lakh*
347,2011,Chevrolet,Chevrolet Beat Ls,Petrol,Manual,1199,"49,000",First,Ahmedabad,2.20 Lakh*
348,2019,Maruti,Maruti Ignis 1.2 Amt Zeta Bsiv,Petrol,Manual,1197,"20,000",First,Ahmedabad,6.50 Lakh*
349,2018,Jeep,Jeep Compass 2.0 Limited Plus At,Diesel,Automatic,1956,"40,000",Second,Ahmedabad,13.75 Lakh*
350,2014,Honda,Honda Amaze S At I-vtech,Petrol,Manual,1198,"37,000",Second,Ahmedabad,4.65 Lakh*
351,2020,Mahindra,Mahindra Thar Ax Opt 4-str Hard Top Diesel,Diesel,Automatic,2184,"24,000",Second,Ahmedabad,14.50 Lakh*
352,2016,Ford,Ford Endeavour 2.2 Trend At 4x2,Diesel,Automatic,2198,"63,000",Second,Ahmedabad,17.90 Lakh*
353,2016,Honda,Honda Jazz 1.2 S I Vtec,Petrol,Manual,1199,"13,000",First,Ahmedabad,5.50 Lakh*
354,2016,Honda,Honda Br-v I-vtec V Mt,Petrol,Manual,1497,"34,000",First,Ahmedabad,7.90 Lakh*
355,2018,Maruti,Maruti Swift Dzire Amt Zdi,Diesel,Automatic,1248,"33,000",First,Ahmedabad,7.90 Lakh*
356,2019,Honda,Honda Amaze S Diesel Bsiv,Diesel,Automatic,1498,"33,000",First,Ahmedabad,8.50 Lakh*
357,2020,Hyundai,Hyundai Creta Sx Turbo,Petrol,Manual,1353,"26,000",First,Ahmedabad,17.50 Lakh*
358,2019,Hyundai,Hyundai Grand I10 Magna,Petrol,Manual,1197,"41,000",First,Ahmedabad,5.90 Lakh*
359,2009,Maruti,Maruti Alto Lxi Bsiii,Petrol,Manual,796,"71,000",Second,Ahmedabad,1.55 Lakh*
360,2019,Honda,Honda City I-dtec Vx,Diesel,Automatic,1498,"40,000",First,Ahmedabad,10.90 Lakh*
361,2013,Hyundai,Hyundai Verna 1.6 Crdi,Diesel,Automatic,1582,"85,000",Second,Ahmedabad,4.85 Lakh*
362,2013,Ford,Ford Figo Diesel Zxi,Diesel,Automatic,1399,"58,600",First,Ahmedabad,3.40 Lakh*
363,2012,Honda,Honda City 1.5 V Mt Sunroof,Petrol,Manual,1497,"74,000",First,Ahmedabad,4.95 Lakh*
364,2021,Honda,Honda City V Mt,Petrol,Manual,1498,"1,03,000",First,Ahmedabad,10.15 Lakh*
365,2017,Hyundai,Hyundai Grand I10 1.2 Kappa Magna Bsiv,Petrol,Manual,1197,"40,000",First,Ahmedabad,5.11 Lakh*
366,2013,Hyundai,Hyundai I10 Magna 1.1 Itech Se,Petrol,Manual,1086,"52,000",First,Ahmedabad,3.25 Lakh*
367,2014,Mahindra,Mahindra Xuv500 W6 2wd,Diesel,Automatic,2179,"57,000",First,Ahmedabad,6.90 Lakh*
368,2020,Kia,Kia Seltos Htx Plus D,Diesel,Automatic,1493,"35,000",First,Ahmedabad,16.75 Lakh*
369,2012,Nissan,Nissan Micra Diesel Xv,Diesel,Automatic,1461,"55,000",Second,Ahmedabad,2.50 Lakh*
370,2013,Honda,Honda Amaze Sx I-dtec,Diesel,Automatic,1498,"65,000",First,Ahmedabad,3.75 Lakh*
371,2017,Hyundai,Hyundai Grand I10 1.2 Kappa Sportz Option,Petrol,Manual,1197,"18,000",First,Ahmedabad,5.50 Lakh*
372,2011,Maruti,Maruti Wagon R Lxi Bs Iv,Petrol,Manual,998,"80,000",First,Ahmedabad,2.25 Lakh*
373,2012,Hyundai,Hyundai I10 Era,Petrol,Manual,1086,"47,000",First,Ahmedabad,2.25 Lakh*
374,2016,Maruti,Maruti Eeco 5 Str With Ac Plus Htr Cng,,,1196,"70,000",First,Ahmedabad,3.75 Lakh*
375,2018,Ford,Ford Ecosport 1.5 Petrol Titanium Plus At Bsiv,Petrol,Manual,1497,"26,000",First,Ahmedabad,9.25 Lakh*
376,2020,Tata,Tata Harrier Xza Plus At,Diesel,Automatic,1956,"31,000",First,Ahmedabad,18.75 Lakh*
377,2014,Maruti,Maruti Wagon R Lxi Cng Optional,,,998,"1,35,000",Third,Ahmedabad,2.60 Lakh*
378,2018,Hyundai,Hyundai Verna Vtvt 1.6 Sx,Petrol,Manual,1591,"20,000",Second,Ahmedabad,8.90 Lakh*
379,2015,Hyundai,Hyundai Creta 1.6 Vtvt Sx Plus,Petrol,Manual,1591,"54,000",First,Ahmedabad,8.90 Lakh*
380,2016,Toyota,Toyota Innova Crysta 2.7 Gx At,Petrol,Manual,2694,"44,000",First,Ahmedabad,17.51 Lakh*
381,2010,Honda,Honda City 1.5 S Mt,Petrol,Manual,1497,"62,000",Second,Ahmedabad,3.75 Lakh*
382,2018,Hyundai,Hyundai Verna Crdi 1.6 Sx Option,Diesel,Automatic,1582,"54,000",First,Ahmedabad,10.50 Lakh*
383,2021,Maruti,Maruti Baleno Zeta,Petrol,Manual,1197,"12,000",First,Ahmedabad,7.95 Lakh*
384,2020,Maruti,Maruti Ciaz 1.4 Delta,Petrol,Manual,1373,"22,000",First,Ahmedabad,8.75 Lakh*
385,2009,Honda,Honda City 1.5 S At,Petrol,Manual,1497,"40,000",First,Ahmedabad,4.25 Lakh*
386,2013,Maruti,Maruti Eeco Cng 5 Seater Ac,,,1196,"63,000",First,Ahmedabad,3.50 Lakh*
387,2016,Hyundai,Hyundai Creta 1.6 Vtvt At Sx Plus,Petrol,Manual,1591,"43,000",First,Ahmedabad,9.95 Lakh*
388,2014,Honda,Honda Amaze S I-vtech,Petrol,Manual,1198,"38,000",First,Ahmedabad,4.75 Lakh*
389,2015,Hyundai,Hyundai Grand I10 Sportz,Petrol,Manual,1197,"55,000",First,Ahmedabad,4.51 Lakh*
390,2015,Audi,Audi A4 2.0 Tdi Multitronic,Diesel,Automatic,1968,"68,000",First,Ahmedabad,17.51 Lakh*
391,2014,Honda,Honda City I Dtec Sv,Diesel,Automatic,1498,"65,000",First,Ahmedabad,5.50 Lakh*
392,2018,Toyota,Toyota Fortuner 2.8 2wd At Bsiv,Diesel,Automatic,2755,"89,000",First,Ahmedabad,30.75 Lakh*
393,2017,Honda,Honda Jazz 1.2 Sv I Vtec,Petrol,Manual,1199,"30,000",First,Ahmedabad,6 Lakh*
394,2016,Jaguar,Jaguar Xf 2.2 Litre Luxury,Diesel,Automatic,2179,"70,000",First,Ahmedabad,27.51 Lakh*
395,2018,Mercedes-benz,Mercedes-benz E-class Expression E 220,Petrol,Manual,1991,"55,000",First,Ahmedabad,47.90 Lakh*
396,2015,Mercedes-benz,Mercedes-benz C-class 220 Cdi At,Diesel,Automatic,2143,"62,000",First,Ahmedabad,22.50 Lakh*
397,2015,Mercedes-benz,Mercedes-benz M-class Ml 350 4matic,Diesel,Automatic,2987,"62,000",Second,Ahmedabad,23.90 Lakh*
398,2012,Hyundai,Hyundai Eon Magna Plus,Petrol,Manual,814,"70,000",First,Ahmedabad,2.50 Lakh*
399,2019,Mg,Mg Hector Sharp Diesel Mt,Diesel,Automatic,1956,"54,605",First,Ahmedabad,15 Lakh*
400,2018,Maruti,Maruti Vitara Brezza Zdi Plus Amt,Diesel,Automatic,1248,"58,000",First,Ahmedabad,9.51 Lakh*
401,2011,Volkswagen,Volkswagen Vento Diesel Trendline,Diesel,Automatic,1598,"54,000",First,Ahmedabad,3.50 Lakh*
402,2021,Mahindra,Mahindra Thar Lx 4-str Hard Top Diesel At,Diesel,Automatic,2184,"17,223",First,Ahmedabad,16.50 Lakh*
403,2019,Kia,Kia Seltos Htk Plus At D,Diesel,Automatic,1493,"40,000",First,Ahmedabad,14.75 Lakh*
404,2013,Honda,Honda Brio S Mt,Petrol,Manual,1198,"55,000",First,Ahmedabad,3.51 Lakh*
405,2016,Hyundai,Hyundai Grand I10 Crdi Sportz,Diesel,Automatic,1120,"48,000",First,Ahmedabad,4.75 Lakh*
406,2019,Bmw,Bmw X1 Sdrive 20d Xline,Diesel,Automatic,1995,"29,000",First,Ahmedabad,33.51 Lakh*
407,2013,Maruti,Maruti Eeco Smiles 5 Seater Standard,Petrol,Manual,1196,"36,000",Second,Ahmedabad,3.25 Lakh*
408,2020,Hyundai,Hyundai Venue S,Petrol,Manual,1197,"12,574",First,Ahmedabad,7.41 Lakh*
409,2019,Honda,Honda City I-dtec V,Diesel,Automatic,1498,"31,000",First,Ahmedabad,9.75 Lakh*
410,2017,Maruti,Maruti Ciaz Zxi,Petrol,Manual,1373,"45,000",First,Ahmedabad,7.51 Lakh*
411,2015,Hyundai,Hyundai Creta 1.4 Crdi S Plus,Diesel,Automatic,1396,"73,629",First,Ahmedabad,8.50 Lakh*
412,2019,Mahindra,Mahindra Xuv500 W9,Diesel,Automatic,2179,"68,000",First,Ahmedabad,12.95 Lakh*
413,2009,Hyundai,Hyundai Verna Crdi Sx Abs,Diesel,Automatic,1493,"1,20,000",Third,Ahmedabad,1.50 Lakh*
414,2006,Maruti,Maruti Alto Lxi,Petrol,Manual,796,"1,00,000",Third,Ahmedabad,"60,000*"
415,2018,Mahindra,Mahindra Scorpio S7 140 Bsiv,Diesel,Automatic,2179,"16,000",First,Ahmedabad,12.50 Lakh*
416,2010,Bmw,Bmw 5 Series 523i,Petrol,Manual,2497,"67,000",Third,Ahmedabad,9.90 Lakh*
417,2010,Hyundai,Hyundai I20 1.2 Sportz,Petrol,Manual,1197,"60,000",Fourth,Ahmedabad,2 Lakh*
418,2012,Audi,Audi A6 2.0 Tdi,Diesel,Automatic,1968,"1,06,000",First,Ahmedabad,12 Lakh*
419,2017,Jeep,Jeep Wrangler 4x4,Diesel,Automatic,2768,"60,000",First,Ahmedabad,48 Lakh*
420,2006,Tata,Tata Indigo Ls,Diesel,Automatic,1405,"60,000",Second,Ahmedabad,"85,000*"
421,2018,Honda,Honda Wr-v I-vtec Vx,Petrol,Manual,1199,"44,000",First,Ahmedabad,8.40 Lakh*
422,2006,Maruti,Maruti Alto Lx,Petrol,Manual,796,"1,20,000",Second,Ahmedabad,"65,000*"
423,2021,Skoda,Skoda Kushaq 1.0 Tsi Style,Petrol,Manual,999,"7,000",Unregistered Car,Ahmedabad,16.83 Lakh*
424,2010,Ford,Ford Figo Diesel Lxi,Diesel,Automatic,1399,"1,10,000",Second,Ahmedabad,1.30 Lakh*
425,2015,Honda,Honda Amaze S I-vtech,Petrol,Manual,1198,"68,000",Second,Ahmedabad,4.65 Lakh*
426,2014,Hyundai,Hyundai Xcent 1.1 Crdi Sx Option,Diesel,Automatic,1120,"56,000",First,Ahmedabad,4.90 Lakh*
427,2015,Volvo,Volvo Xc60 D4 Summum,Diesel,Automatic,1985,"1,05,241",First,Ahmedabad,15 Lakh*
428,2015,Honda,Honda City V At,Petrol,Manual,1497,"44,410",Second,Ahmedabad,7.50 Lakh*
429,2016,Mahindra,Mahindra Kuv 100 Mfalcon D75 K8 5str,Diesel,Automatic,1198,"63,000",First,Ahmedabad,3.90 Lakh*
430,2021,Hyundai,Hyundai Verna Transform Sx Vgt Crdi,Diesel,Automatic,1493,"30,200",First,Ahmedabad,10.75 Lakh*
431,2014,Hyundai,Hyundai Santa Fe 4wd At,Diesel,Automatic,2199,"60,000",Third,Ahmedabad,8 Lakh*
432,2018,Audi,Audi A3 Cabriolet 40 Tfsi Premium Plus,Petrol,Manual,1798,"7,000",First,Ahmedabad,51 Lakh*
433,2013,Hyundai,Hyundai Elantra Crdi Sx At,Diesel,Automatic,1582,"59,000",Second,Ahmedabad,5.25 Lakh*
434,2010,Maruti,Maruti Alto Lx Bsiii,Petrol,Manual,796,"1,00,000",Fourth,Ahmedabad,1.35 Lakh*
435,2011,Maruti,Maruti Alto K10 Lxi,Petrol,Manual,998,"1,00,000",Second,Ahmedabad,1.30 Lakh*
436,2009,Maruti,Maruti Wagon R Lxi,Petrol,Manual,998,"73,000",First,Ahmedabad,1.75 Lakh*
437,2010,Maruti,Maruti Alto Green Lx Bsiv,,,796,"1,00,000",Fourth,Ahmedabad,1.40 Lakh*
438,2012,Nissan,Nissan Micra Diesel Xv,Diesel,Automatic,1461,"60,200",First,Ahmedabad,2.50 Lakh*
439,2017,Nissan,Nissan Micra Active Xl Option,Petrol,Manual,1198,"21,000",First,Ahmedabad,4 Lakh*
440,2011,Ford,Ford Fiesta 1.4 Tdci Exi,Diesel,Automatic,1399,"59,404",First,Ahmedabad,1.55 Lakh*
441,2017,Honda,Honda Brio S Mt,Petrol,Manual,1198,"1,19,023",First,Ahmedabad,3.10 Lakh*
442,2010,Chevrolet,Chevrolet Spark 1.0 Lt,Petrol,Manual,995,"50,000",Second,Ahmedabad,1.15 Lakh*
443,2010,Mahindra,Mahindra Scorpio Vlx 4wd Airbag Bsiv,Diesel,Automatic,2179,"1,20,000",Second,Ahmedabad,3.19 Lakh*
444,2016,Mahindra,Mahindra Tuv 300 T6,Diesel,Automatic,1493,"1,27,000",First,Ahmedabad,6.25 Lakh*
445,2010,Volkswagen,Volkswagen Polo Diesel Comfortline 1.2l,Diesel,Automatic,1199,"55,000",Second,Ahmedabad,2.90 Lakh*
446,2013,Volkswagen,Volkswagen Polo Diesel Comfortline 1.2l,Diesel,Automatic,1199,"55,000",Second,Ahmedabad,3.75 Lakh*
447,2014,Honda,Honda City I Dtec Vx,Diesel,Automatic,1498,"77,000",Second,Ahmedabad,5.90 Lakh*
448,2022,Honda,Honda City Zx Cvt,Petrol,Manual,1498,"14,000",First,Ahmedabad,14.75 Lakh*
449,2017,Maruti,Maruti Alto 800 Lx,Petrol,Manual,796,"1,20,000",Second,Ahmedabad,1.35 Lakh*
450,2015,Mahindra,Mahindra Xylo H8,Diesel,Automatic,2179,"55,000",First,Ahmedabad,5.75 Lakh*
451,2019,Volkswagen,Volkswagen Vento 1.6 Highline,Petrol,Manual,1598,"33,000",First,Ahmedabad,10.25 Lakh*
452,2021,Kia,Kia Seltos Htx G,Petrol,Manual,1497,"13,400",First,Ahmedabad,14.25 Lakh*
453,2022,Hyundai,Hyundai Alcazar Signature 7-seater Diesel At,Diesel,Automatic,1493,"22,000",First,Ahmedabad,20 Lakh*
454,2018,Ford,Ford Ecosport 1.5 Petrol Titanium Bsiv,Petrol,Manual,1497,"19,000",First,Ahmedabad,7.75 Lakh*
455,2018,Maruti,Maruti Baleno 1.2 Cvt Zeta,Petrol,Manual,1197,"44,000",First,Ahmedabad,7.25 Lakh*
456,2020,Volkswagen,Volkswagen Vento 1.0 Tsi Highline At,Petrol,Manual,999,"23,800",First,Ahmedabad,11.50 Lakh*
457,2017,Honda,Honda Amaze V Petrol Bsiv,Petrol,Manual,1199,"36,300",First,Ahmedabad,6.25 Lakh*
458,2009,Tata,Tata Manza Aura Quadrajet,Diesel,Automatic,1248,"1,04,000",Fourth,Ahmedabad,1 Lakh*
459,2013,Hyundai,Hyundai I10 Magna 1.1l,Petrol,Manual,1086,"37,000",Second,Ahmedabad,3.15 Lakh*
460,2014,Ford,Ford Figo Diesel Zxi,Diesel,Automatic,1399,"1,20,000",First,Ahmedabad,2.11 Lakh*
461,2020,Maruti,Maruti Baleno Zeta,Petrol,Manual,1197,"5,493",First,Ahmedabad,7.13 Lakh*
462,2018,Jeep,Jeep Compass 2.0 Sport,Diesel,Automatic,1956,"89,000",First,Ahmedabad,12 Lakh*
463,2016,Hyundai,Hyundai Creta 1.6 Crdi At Sx Plus,Diesel,Automatic,1582,"56,000",Second,Ahmedabad,9.50 Lakh*
464,2019,Tata,Tata Tigor Xz Diesel,Diesel,Automatic,1047,"68,000",First,Ahmedabad,6.25 Lakh*
465,2019,Jeep,Jeep Compass 1.4 Limited,Petrol,Manual,1368,"48,000",First,Ahmedabad,15.50 Lakh*
466,2017,Honda,Honda Wr-v I-dtec Vx,Diesel,Automatic,1498,"1,06,213",Second,Ahmedabad,6.57 Lakh*
467,2013,Hyundai,Hyundai I20 Magna Optional 1.2,Petrol,Manual,1197,"29,000",First,Ahmedabad,4.25 Lakh*
468,2020,Renault,Renault Triber Rxt,Petrol,Manual,999,"20,000",First,Ahmedabad,5.75 Lakh*
469,2014,Land,Land Rover Freelander 2 Se,Diesel,Automatic,2179,"90,000",Second,Ahmedabad,11.80 Lakh*
470,2014,Maruti,Maruti Ertiga Vdi,Diesel,Automatic,1248,"1,20,000",Third,Ahmedabad,3.90 Lakh*
471,2012,Hyundai,Hyundai I10 Sportz At,Petrol,Manual,1197,"76,000",Second,Ahmedabad,3.40 Lakh*
472,2016,Honda,Honda Jazz V Cvt,Petrol,Manual,1199,"43,000",First,Ahmedabad,6.50 Lakh*
473,2011,Skoda,Skoda Superb 1.8 Tfsi Mt,Petrol,Manual,1798,"90,000",First,Ahmedabad,3.15 Lakh*
474,2018,Jeep,Jeep Compass 1.4 Limited,Petrol,Manual,1368,"33,000",First,Ahmedabad,15.20 Lakh*
475,2011,Toyota,Toyota Etios V,Petrol,Manual,1496,"62,000",Second,Ahmedabad,2.90 Lakh*
476,2018,Mercedes-benz,Mercedes-benz Gls 350d Grand Edition,Diesel,Automatic,2987,"73,000",First,Ahmedabad,62 Lakh*
477,2015,Maruti,Maruti Ciaz Vdi Plus,Diesel,Automatic,1248,"62,000",First,Ahmedabad,5.80 Lakh*
478,2010,Maruti,Maruti Alto Lxi Bsiii,Petrol,Manual,796,"40,000",Second,Ahmedabad,1.55 Lakh*
479,2016,Honda,Honda City I Vtec Cvt Sv,Petrol,Manual,1497,"30,000",First,Ahmedabad,7.90 Lakh*
480,2010,Chevrolet,Chevrolet Aveo 1.4 Ls,Petrol,Manual,1399,"1,28,974",Second,Ahmedabad,1.11 Lakh*
481,2016,Maruti,Maruti Baleno 1.2 Zeta,Petrol,Manual,1197,"15,000",First,Ahmedabad,6.40 Lakh*
482,2013,Honda,Honda Brio Ex Mt,Petrol,Manual,1198,"72,000",First,Ahmedabad,3.55 Lakh*
483,2017,Ford,Ford Figo 1.2p Titanium Mt,Petrol,Manual,1196,"38,000",First,Ahmedabad,4.75 Lakh*
484,2017,Bmw,Bmw 3 Series Gt M Sport Petrol,Petrol,Manual,1998,"40,000",Second,Ahmedabad,28 Lakh*
485,2015,Maruti,Maruti Celerio Zdi,Diesel,Automatic,793,"50,000",First,Ahmedabad,3.50 Lakh*
486,2015,Toyota,Toyota Innova 2.5 Vx (diesel) 8 Seater Bs Iv,Diesel,Automatic,2494,"1,20,000",Second,Ahmedabad,8.25 Lakh*
487,2011,Hyundai,Hyundai I10 Magna,Petrol,Manual,1197,"50,000",First,Ahmedabad,2.70 Lakh*
488,2015,Skoda,Skoda Rapid 1.5 Tdi At Style Plus,Diesel,Automatic,1498,"65,500",First,Ahmedabad,7.50 Lakh*
489,2019,Honda,Honda Amaze S Petrol Bsiv,Petrol,Manual,1199,"38,200",First,Ahmedabad,6.90 Lakh*
490,2013,Hyundai,Hyundai I10 Sportz,Petrol,Manual,1197,"69,000",Second,Ahmedabad,3.50 Lakh*
491,2013,Volkswagen,Volkswagen Vento Petrol Highline At,Petrol,Manual,1598,"67,000",Second,Ahmedabad,4.90 Lakh*
492,2016,Hyundai,Hyundai I20 Asta 1.4 Crdi,Diesel,Automatic,1396,"83,000",First,Ahmedabad,6.85 Lakh*
493,2021,Volkswagen,Volkswagen Taigun 1.5 Tsi Gt Plus,Petrol,Manual,1498,"8,000",First,Ahmedabad,18.90 Lakh*
494,2014,Honda,Honda City I Dtec Sv,Diesel,Automatic,1498,"65,621",First,Ahmedabad,5.10 Lakh*
495,2019,Honda,Honda Jazz Vx,Petrol,Manual,1199,"42,000",First,Ahmedabad,6.95 Lakh*
496,2020,Kia,Kia Seltos Gtx Plus Dct,Petrol,Manual,1353,"27,000",First,Ahmedabad,16.50 Lakh*
497,2019,Toyota,Toyota Corolla Altis 1.8 G,Petrol,Manual,1798,"54,000",First,Ahmedabad,13.90 Lakh*
498,2020,Kia,Kia Seltos Htx Ivt,Petrol,Manual,1497,"16,000",First,Ahmedabad,16.40 Lakh*
499,2017,Hyundai,Hyundai Grand I10 Sportz,Petrol,Manual,1197,"36,000",First,Ahmedabad,5.40 Lakh*
500,2017,Maruti,Maruti Alto 800 Lxi Optional,Petrol,Manual,796,"33,600",First,Ahmedabad,3.40 Lakh*
501,2011,Hyundai,Hyundai Accent Gls,Petrol,Manual,1495,"72,000",First,Ahmedabad,2.50 Lakh*
502,2018,Audi,Audi A6 35 Tdi,Diesel,Automatic,1968,"24,400",First,Ahmedabad,35 Lakh*
503,2021,Mahindra,Mahindra Xuv700 Ax7 Diesel At Luxury Pack,Diesel,Automatic,2198,"3,000",First,Ahmedabad,25.71 Lakh*
504,2017,Datsun,Datsun Redigo T Option,Petrol,Manual,799,"14,800",First,Ahmedabad,2.55 Lakh*
505,2013,Fiat,Fiat Punto Pure 1.3l Advanced Multi-jet,Diesel,Automatic,1248,"1,58,467",First,Ahmedabad,1.25 Lakh*
506,2020,Mercedes-benz,Mercedes-benz Glc 200,Petrol,Manual,1991,"11,700",First,Ahmedabad,58 Lakh*
507,2006,Maruti,Maruti Esteem Vxi,Petrol,Manual,1298,"90,000",Third,Ahmedabad,1.10 Lakh*
508,2021,Maruti,Maruti S-presso Vxi 2019-2022,Petrol,Manual,998,"6,230",First,Ahmedabad,4.21 Lakh*
509,2011,Hyundai,Hyundai I10 Era,Petrol,Manual,1086,"1,15,420",First,Ahmedabad,2 Lakh*
510,2011,Ford,Ford Figo Petrol Zxi,Petrol,Manual,1196,"1,02,042",First,Ahmedabad,1 Lakh*
511,2011,Honda,Honda City 1.5 S Mt,Petrol,Manual,1497,"88,000",First,Ahmedabad,4.25 Lakh*
512,2008,Maruti,Maruti Alto Lxi Bsiii,Petrol,Manual,796,"49,734",First,Ahmedabad,"81,408*"
513,2018,Maruti,Maruti Alto 800 Vxi,Petrol,Manual,796,"35,128",Second,Ahmedabad,3 Lakh*
514,2013,Toyota,Toyota Fortuner 4x2 Manual,Diesel,Automatic,2982,"61,000",First,Ahmedabad,13.25 Lakh*
515,2018,Maruti,Maruti Vitara Brezza Vdi Amt,Diesel,Automatic,1248,"70,940",Second,Ahmedabad,7.34 Lakh*
516,2017,Hyundai,Hyundai Tucson 2.0 E-vgt 2wd At Gl,Diesel,Automatic,1995,"81,000",First,Ahmedabad,14 Lakh*
517,2017,Maruti,Maruti Alto 800 Vxi,Petrol,Manual,796,"98,449",First,Ahmedabad,2.65 Lakh*
518,2019,Honda,Honda Jazz V,Petrol,Manual,1199,"57,300",First,Ahmedabad,6.60 Lakh*
519,2017,Maruti,Maruti Sx4 S Cross Sigma Ddis 200 Sh,Diesel,Automatic,1248,"43,400",First,Ahmedabad,6.90 Lakh*
520,2014,Maruti,Maruti Swift Vvt Vxi,Petrol,Manual,1197,"30,600",First,Ahmedabad,4.70 Lakh*
521,2020,Maruti,Maruti Ciaz Alpha At,Petrol,Manual,1462,"16,700",First,Ahmedabad,10.75 Lakh*
522,2019,Tata,Tata Harrier Xz Bsiv,Diesel,Automatic,1956,"43,000",First,Ahmedabad,15.90 Lakh*
523,2017,Hyundai,Hyundai I20 Asta Option 1.2,Petrol,Manual,1197,"21,000",First,Ahmedabad,6.40 Lakh*
524,2012,Chevrolet,Chevrolet Beat Diesel Lt,Diesel,Automatic,936,"44,122",First,Ahmedabad,1.82 Lakh*
525,2019,Hyundai,Hyundai Verna Vtvt 1.6 At Sx Option,Petrol,Manual,1591,"22,700",First,Ahmedabad,11.50 Lakh*
526,2013,Audi,Audi A6 2.0 Tdi Premium Plus,Diesel,Automatic,1968,"99,000",Second,Ahmedabad,16 Lakh*
527,2014,Toyota,Toyota Etios G,Petrol,Manual,1496,"93,000",First,Ahmedabad,4.75 Lakh*
528,2017,Maruti,Maruti Wagon R Vxi Bs Iv,Petrol,Manual,998,"21,600",First,Ahmedabad,4.60 Lakh*
529,2018,Honda,Honda Jazz Vx Cvt,Petrol,Manual,1199,"29,000",First,Ahmedabad,8.10 Lakh*
530,2020,Hyundai,Hyundai Creta Sx Opt Diesel At,Diesel,Automatic,1493,"36,000",First,Ahmedabad,16.90 Lakh*
531,2011,Volkswagen,Volkswagen Jetta 2.0l Tdi Trendline,Diesel,Automatic,1968,"1,00,000",First,Ahmedabad,3.50 Lakh*
532,2013,Bmw,Bmw 3 Series 320d Prestige,Diesel,Automatic,1995,"1,25,000",Second,Ahmedabad,14.50 Lakh*
533,2016,Hyundai,Hyundai I20 Magna 1.2,Petrol,Manual,1197,"77,169",First,Ahmedabad,4.58 Lakh*
534,2011,Hyundai,Hyundai Accent Executive,Petrol,Manual,1495,"1,11,829",Second,Ahmedabad,1.59 Lakh*
535,2011,Toyota,Toyota Etios Liva G,Petrol,Manual,1197,"60,524",First,Ahmedabad,2.75 Lakh*
536,2019,Maruti,Maruti Baleno Alpha,Petrol,Manual,1197,"52,900",First,Ahmedabad,7.25 Lakh*
537,2020,Renault,Renault Triber Rxl,Petrol,Manual,999,"45,000",First,Ahmedabad,5.75 Lakh*
538,2009,Hyundai,Hyundai I20 Asta (o),Petrol,Manual,1197,"1,20,000",Third,Ahmedabad,2.30 Lakh*
539,2020,Hyundai,Hyundai Elantra Vtvt Sx Option At,Petrol,Manual,1999,"6,000",First,Ahmedabad,17.90 Lakh*
540,2015,Honda,Honda Jazz 1.5 Sv I Dtec,Diesel,Automatic,1498,"84,000",Second,Ahmedabad,4.60 Lakh*
541,2007,Maruti,Maruti Baleno Altura,Petrol,Manual,1590,"20,472",First,Ahmedabad,2.25 Lakh*
542,2016,Hyundai,Hyundai Creta 1.6 Vtvt Sx Plus,Petrol,Manual,1591,"58,000",First,Ahmedabad,9.25 Lakh*
543,2014,Honda,Honda Amaze Ex I-dtech,Diesel,Automatic,1498,"50,247",First,Ahmedabad,4.25 Lakh*
544,2020,Jeep,Jeep Compass 1.4 Limited Plus,Petrol,Manual,1368,"9,000",First,Ahmedabad,20.80 Lakh*
545,2021,Mg,Mg Hector Sharp Cvt,Petrol,Manual,1451,"8,000",First,Ahmedabad,20.60 Lakh*
546,2018,Ford,Ford Endeavour 3.2 Titanium At 4x4,Diesel,Automatic,3198,"88,000",First,Ahmedabad,27.95 Lakh*
547,2016,Toyota,Toyota Fortuner 2.8 2wd At,Diesel,Automatic,2755,"79,000",First,Ahmedabad,25.80 Lakh*
548,2012,Tata,Tata Indica Ev2 Lx,Diesel,Automatic,1396,"30,645",First,Ahmedabad,1.31 Lakh*
549,2018,Hyundai,Hyundai Creta 1.6 Sx Option,Petrol,Manual,1591,"1,20,000",First,Ahmedabad,9.20 Lakh*
550,2022,Jeep,Jeep Compass 1.4 Sport Dct,Petrol,Manual,1368,"3,000",First,Ahmedabad,18.50 Lakh*
551,2007,Maruti,Maruti Swift 1.3 Vxi,Petrol,Manual,1298,"70,000",Second,Ahmedabad,2.35 Lakh*
552,2019,Tata,Tata Harrier Xz Dark Edition Bsiv,Diesel,Automatic,1956,"36,000",First,Ahmedabad,16.50 Lakh*
553,2007,Maruti,Maruti Wagon R Lxi Minor,Petrol,Manual,1061,"90,000",Third,Ahmedabad,1.20 Lakh*
554,2018,Hyundai,Hyundai Creta 1.6 Sx,Petrol,Manual,1591,"21,000",First,Ahmedabad,11.50 Lakh*
555,2016,Honda,Honda City I Vtec V,Petrol,Manual,1497,"73,000",First,Ahmedabad,7.50 Lakh*
556,2020,Kia,Kia Seltos Gtx Plus Dct,Petrol,Manual,1353,"6,000",First,Ahmedabad,17.50 Lakh*
557,2020,Honda,Honda Amaze V Cvt Petrol,Petrol,Manual,1199,"15,700",First,Ahmedabad,8.90 Lakh*
558,2017,Maruti,Maruti Ciaz 1.4 S,Petrol,Manual,1373,"22,000",First,Ahmedabad,7.90 Lakh*
559,2019,Hyundai,Hyundai Verna Vtvt 1.6 Sx,Petrol,Manual,1591,"19,600",First,Ahmedabad,9.50 Lakh*
560,2021,Kia,Kia Seltos Gtx Plus Dct,Petrol,Manual,1353,"12,600",First,Ahmedabad,18.25 Lakh*
561,2014,Hyundai,Hyundai I10 Magna 1.1l,Petrol,Manual,1086,"63,000",First,Ahmedabad,3.90 Lakh*
562,2015,Honda,Honda Jazz 1.2 Vx I Vtec,Petrol,Manual,1199,"28,000",First,Ahmedabad,5.90 Lakh*
563,2017,Honda,Honda Jazz 1.2 V I Vtec,Petrol,Manual,1199,"24,000",First,Ahmedabad,5.90 Lakh*
564,2017,Jeep,Jeep Compass 1.4 Limited,Petrol,Manual,1368,"47,000",First,Ahmedabad,13.50 Lakh*
565,2017,Jeep,Jeep Compass 2.0 Sport,Diesel,Automatic,1956,"47,000",First,Ahmedabad,12.90 Lakh*
566,2015,Audi,Audi A4 2.0 Tdi 177 Bhp Technology Edition,Diesel,Automatic,1968,"48,000",First,Ahmedabad,16.90 Lakh*
567,2020,Kia,Kia Seltos Htx Ivt G,Petrol,Manual,1497,"21,000",First,Ahmedabad,15.75 Lakh*
568,2020,Honda,Honda Wr-v Sv,Petrol,Manual,1199,"24,000",First,Ahmedabad,8.90 Lakh*
569,2016,Honda,Honda Amaze S Cvt I-vtec,Petrol,Manual,1199,"36,000",First,Ahmedabad,6.25 Lakh*
570,2018,Honda,Honda Wr-v I-vtec Vx,Petrol,Manual,1199,"24,400",First,Ahmedabad,8.90 Lakh*
571,2020,Hyundai,Hyundai Venue Sx Turbo,Petrol,Manual,998,"14,000",First,Ahmedabad,9.90 Lakh*
572,2019,Jeep,Jeep Compass 2.0 Sport Plus Bsiv,Diesel,Automatic,1956,"46,600",First,Ahmedabad,14.90 Lakh*
573,2014,Mercedes-benz,Mercedes-benz E-class E250 Cdi Avantgrade,Diesel,Automatic,2143,"80,000",Third,Ahmedabad,14 Lakh*
574,2021,Maruti,Maruti Eeco Cng 5 Seater Ac,,,1196,"40,000",First,Ahmedabad,5.90 Lakh*
575,2012,Hyundai,Hyundai I10 Magna,Petrol,Manual,1197,"31,000",First,Ahmedabad,3.40 Lakh*
576,2018,Honda,Honda Wr-v I-vtec S,Petrol,Manual,1199,"23,000",First,Ahmedabad,7.90 Lakh*
577,2017,Jeep,Jeep Compass 1.4 Limited,Petrol,Manual,1368,"47,000",First,Ahmedabad,13.50 Lakh*
578,2016,Hyundai,Hyundai Grand I10 Sportz,Petrol,Manual,1197,"44,000",First,Ahmedabad,5.50 Lakh*
579,2014,Honda,Honda Amaze S I-dtech,Diesel,Automatic,1498,"49,500",First,Ahmedabad,5.25 Lakh*
580,2014,Honda,Honda Amaze Ex I-vtech,Petrol,Manual,1198,"8,000",First,Ahmedabad,5.25 Lakh*
581,2018,Tata,Tata Tigor Buzz Petrol,Petrol,Manual,1199,"33,100",First,Ahmedabad,5.50 Lakh*
582,2021,Maruti,Maruti Sx4 S Cross Alpha At,Petrol,Manual,1462,"14,000",First,Ahmedabad,12.50 Lakh*
583,2017,Honda,Honda Jazz 1.2 V At I Vtec,Petrol,Manual,1199,"31,000",First,Ahmedabad,7.40 Lakh*
584,2017,Hyundai,Hyundai Grand I10 Magna,Petrol,Manual,1197,"18,000",First,Ahmedabad,5.75 Lakh*
585,2020,Maruti,Maruti Xl6 Zeta,Petrol,Manual,1462,"20,300",First,Ahmedabad,10.50 Lakh*
586,2011,Toyota,Toyota Corolla Altis 1.8 Vl At,Petrol,Manual,1794,"98,200",Second,Ahmedabad,5.50 Lakh*
587,2021,Hyundai,Hyundai Alcazar Platinum At,Petrol,Manual,1999,"2,100",First,Ahmedabad,19.50 Lakh*
588,2014,Maruti,Maruti Alto 800 Vxi,Petrol,Manual,796,"30,000",First,Ahmedabad,2.90 Lakh*
589,2012,Audi,Audi Q3 2.0 Tdi,Diesel,Automatic,1968,"69,500",First,Ahmedabad,13.90 Lakh*
590,2016,Hyundai,Hyundai Grand I10 Magna,Petrol,Manual,1197,"26,000",First,Ahmedabad,5.10 Lakh*
591,2018,Maruti,Maruti Ciaz 1.4 Delta,Petrol,Manual,1373,"36,900",First,Ahmedabad,7.50 Lakh*
592,2019,Maruti,Maruti Swift Dzire Amt Vxi,Petrol,Manual,1197,"26,000",First,Ahmedabad,7.50 Lakh*
593,2020,Maruti,Maruti Vitara Brezza Vxi,Petrol,Manual,1462,"17,000",First,Ahmedabad,8.90 Lakh*
594,2018,Tata,Tata Tiago 1.2 Revotron Xt,Petrol,Manual,1199,"42,000",First,Ahmedabad,4.90 Lakh*
595,2019,Audi,Audi Q3 35 Tdi Quattro Premium Plus,Diesel,Automatic,1968,"59,000",First,Ahmedabad,26.95 Lakh*
596,2015,Volvo,Volvo S60 D4 Summum,Diesel,Automatic,1984,"71,000",Second,Ahmedabad,13 Lakh*
597,2016,Ford,Ford Endeavour 3.2 Trend At 4x4,Diesel,Automatic,3198,"98,000",Second,Ahmedabad,17.90 Lakh*
598,2014,Bmw,Bmw X1 Sdrive 20d Xline,Diesel,Automatic,1995,"80,000",First,Ahmedabad,14.50 Lakh*
599,2017,Jeep,Jeep Compass 1.4 Limited,Petrol,Manual,1368,"85,000",Second,Ahmedabad,11.50 Lakh*
600,2014,Tata,Tata Indica Tdi Ls,Diesel,Automatic,1405,"1,32,063",Second,Ahmedabad,1.13 Lakh*
601,2019,Mg,Mg Hector Sharp Dct,Petrol,Manual,1451,"23,000",First,Ahmedabad,15.50 Lakh*
602,2021,Hyundai,Hyundai Alcazar Signature,Petrol,Manual,1999,"10,000",First,Ahmedabad,17.50 Lakh*
603,2012,Honda,Honda Brio S Mt,Petrol,Manual,1198,"70,000",Second,Ahmedabad,2.60 Lakh*
604,2013,Honda,Honda Cr-v 2.0 2wd,Petrol,Manual,1997,"71,000",First,Ahmedabad,8.90 Lakh*
605,2019,Maruti,Maruti Vitara Brezza Zdi,Diesel,Automatic,1248,"75,000",First,Ahmedabad,9 Lakh*
606,2019,Tata,Tata Tiago 1.2 Revotron Xt,Petrol,Manual,1199,"43,000",First,Ahmedabad,4.75 Lakh*
607,2013,Honda,Honda Cr-v 2.0 At,Petrol,Manual,1997,"67,000",First,Ahmedabad,8.90 Lakh*
608,2015,Honda,Honda City I Vtec V,Petrol,Manual,1497,"54,000",First,Ahmedabad,7.25 Lakh*
609,2016,Volkswagen,Volkswagen Polo 1.2 Mpi Comfortline,Petrol,Manual,1199,"94,000",First,Ahmedabad,4.75 Lakh*
610,2016,Datsun,Datsun Redigo T Option,Petrol,Manual,799,"34,000",First,Ahmedabad,2.60 Lakh*
611,2018,Volkswagen,Volkswagen Vento 1.2 Tsi Highline Plus At,Petrol,Manual,1197,"40,000",First,Ahmedabad,9.90 Lakh*
612,2018,Honda,Honda Wr-v I-vtec Vx,Petrol,Manual,1199,"51,000",First,Ahmedabad,8.90 Lakh*
613,2018,Nissan,Nissan Micra Xl Option Cvt,Petrol,Manual,1198,"10,000",First,Ahmedabad,6.25 Lakh*
614,2020,Maruti,Maruti Sx4 S Cross Alpha At,Petrol,Manual,1462,"10,000",First,Ahmedabad,11.50 Lakh*
615,2022,Mahindra,Mahindra Thar Lx 4-str Hard Top,Petrol,Manual,1997,"5,200",First,Ahmedabad,14.90 Lakh*
616,2019,Hyundai,Hyundai Creta 1.6 Sx Option,Petrol,Manual,1968,"24,000",First,Ahmedabad,13.50 Lakh*
617,2017,Audi,Audi A3 35 Tdi Premium Plus,Diesel,Automatic,1591,"51,000",First,Ahmedabad,21.90 Lakh*
618,2015,Honda,Honda City I Vtec Cvt Sv,Petrol,Manual,1497,"77,000",Second,Ahmedabad,6.50 Lakh*
619,2020,Jeep,Jeep Compass 1.4 Limited Plus Bsiv,Petrol,Manual,1368,"9,000",First,Ahmedabad,20.50 Lakh*
620,2021,Tata,Tata Nexon Xm,Petrol,Manual,1199,"11,200",First,Ahmedabad,8.90 Lakh*
621,2020,Mahindra,Mahindra Marazzo M2 8str Bsiv,Diesel,Automatic,1497,"88,000",First,Ahmedabad,8.90 Lakh*
622,2015,Honda,Honda City I Vtec Sv,Petrol,Manual,1497,"65,000",First,Ahmedabad,6.25 Lakh*
623,2017,Volkswagen,Volkswagen Ameo 1.5 Tdi Highline At 16 Alloy,Diesel,Automatic,1498,"68,000",First,Ahmedabad,6.75 Lakh*
624,2015,Audi,Audi Q3 35 Tdi Quattro Premium,Diesel,Automatic,1968,"90,000",Second,Ahmedabad,17.90 Lakh*
625,2016,Audi,Audi Q3 2.0 Tdi,Diesel,Automatic,1968,"34,000",First,Ahmedabad,17.90 Lakh*
626,2012,Hyundai,Hyundai I20 1.2 Sportz,Petrol,Manual,1197,"50,634",First,Ahmedabad,3.95 Lakh*
627,2017,Honda,Honda Amaze S Petrol Bsiv,Petrol,Manual,1199,"39,900",First,Ahmedabad,5.25 Lakh*
628,2018,Ford,Ford Endeavour 3.2 Titanium At 4x4,Diesel,Automatic,3198,"56,000",Second,Ahmedabad,26.50 Lakh*
629,2019,Honda,Honda Amaze S Petrol Bsiv,Petrol,Manual,1199,"41,900",First,Ahmedabad,6.90 Lakh*
630,2014,Chevrolet,Chevrolet Beat Diesel Ls,Diesel,Automatic,936,"1,20,000",Second,Ahmedabad,1.20 Lakh*
631,2012,Tata,Tata Indica Aqua 1.3 Quadrajet (abs),Diesel,Automatic,1248,"90,000",First,Ahmedabad,1.30 Lakh*
632,2013,Hyundai,Hyundai I20 Magna 1.4 Crdi (diesel),Diesel,Automatic,1396,"98,550",Second,Ahmedabad,3.33 Lakh*
633,2019,Hyundai,Hyundai Santro Sportz,Petrol,Manual,1086,"24,000",First,Ahmedabad,4.99 Lakh*
634,2012,Maruti,Maruti Eeco Cng Htr 5-str,,,1196,"90,000",First,Ahmedabad,2.39 Lakh*
635,2021,Skoda,Skoda Superb Sportline,Petrol,Manual,1984,"24,000",First,Ahmedabad,32.50 Lakh*
636,2008,Maruti,Maruti Swift Dzire Vxi,Petrol,Manual,1298,"39,576",Second,Ahmedabad,1.98 Lakh*
637,2019,Honda,Honda City V Mt,Petrol,Manual,1497,"47,000",First,Ahmedabad,9.90 Lakh*
638,2004,Maruti,Maruti 800 Ac Bsiii,Petrol,Manual,796,"80,000",Fourth,Ahmedabad,"35,000*"
639,2014,Tata,Tata Zest Revotron 1.2 Xt,Petrol,Manual,1193,"20,174",First,Ahmedabad,3.23 Lakh*
640,2011,Hyundai,Hyundai I10 Era,Petrol,Manual,1086,"1,26,000",First,Ahmedabad,2.15 Lakh*
641,2018,Maruti,Maruti Wagon R Amt Vxi,Petrol,Manual,998,"40,000",Second,Ahmedabad,4.10 Lakh*
642,2014,Mahindra,Mahindra Xylo H8 Abs With Airbags,Diesel,Automatic,2179,"55,000",First,Ahmedabad,4.50 Lakh*
643,2011,Hyundai,Hyundai I20 1.2 Asta,Petrol,Manual,1197,"1,00,000",Third,Ahmedabad,2.40 Lakh*
644,2011,Maruti,Maruti Zen Estilo Lxi Bs Iv,Petrol,Manual,998,"54,263",First,Ahmedabad,1.83 Lakh*
645,2015,Mercedes-benz,Mercedes-benz E-class E250 Cdi Avantgrade,Diesel,Automatic,2143,"36,000",Second,Ahmedabad,19.50 Lakh*
646,2018,Maruti,Maruti Baleno 1.2 Delta,Petrol,Manual,1197,"55,427",First,Ahmedabad,5.53 Lakh*
647,2011,Volkswagen,Volkswagen Polo Diesel Trendline 1.2l,Diesel,Automatic,1199,"60,038",Second,Ahmedabad,2.38 Lakh*
648,2017,Hyundai,Hyundai Grand I10 1.2 Crdi Sportz Option,Diesel,Automatic,1186,"58,825",Second,Ahmedabad,4.33 Lakh*
649,2017,Mahindra,Mahindra Kuv 100 Mfalcon G80 K2,Petrol,Manual,1198,"58,922",First,Ahmedabad,3.37 Lakh*
650,2014,Honda,Honda Amaze Sx I-dtec,Diesel,Automatic,1498,"72,000",First,Ahmedabad,4.45 Lakh*
651,2015,Maruti,Maruti Baleno 1.2 Delta,Petrol,Manual,1197,"63,000",First,Ahmedabad,5.05 Lakh*
652,2015,Honda,Honda Amaze E I-vtech,Petrol,Manual,1198,"67,000",First,Ahmedabad,4.40 Lakh*
653,2017,Renault,Renault Kwid Climber 1.0 Amt,Petrol,Manual,999,"26,785",First,Ahmedabad,3.63 Lakh*
654,2010,Fiat,Fiat Linea T-jet Emotion,Petrol,Manual,1368,"1,05,400",First,Ahmedabad,2.60 Lakh*
655,2017,Hyundai,Hyundai Grand I10 Crdi Sportz,Diesel,Automatic,1120,"57,950",First,Ahmedabad,4.68 Lakh*
656,2017,Hyundai,Hyundai Grand I10 1.2 Crdi Asta,Diesel,Automatic,1186,"71,851",Second,Ahmedabad,4.58 Lakh*
657,2019,Bmw,Bmw X5 Xdrive 30d Xline,Diesel,Automatic,2993,"49,000",First,Ahmedabad,83.51 Lakh*
658,2014,Honda,Honda Cr-v 2.4l 4wd At,Petrol,Manual,2354,"85,000",First,Ahmedabad,13.51 Lakh*
659,2013,Honda,Honda Amaze S I-vtech,Petrol,Manual,1198,"88,000",First,Ahmedabad,4.15 Lakh*
660,2019,Mahindra,Mahindra Xuv300 W8 Option Diesel Bsiv,Diesel,Automatic,1497,"70,000",First,Ahmedabad,11 Lakh*
661,2020,Hyundai,Hyundai Creta Sx,Petrol,Manual,1497,"17,200",First,Ahmedabad,15 Lakh*
662,2018,Hyundai,Hyundai Creta 1.6 Sx,Petrol,Manual,1591,"36,000",First,Ahmedabad,11.50 Lakh*
663,2020,Hyundai,Hyundai Venue Sx Opt Imt,Petrol,Manual,998,"14,400",First,Ahmedabad,10.50 Lakh*
664,2017,Jeep,Jeep Compass 1.4 Longitude Plus At,Petrol,Manual,1368,"24,000",First,Ahmedabad,15.50 Lakh*
665,2020,Kia,Kia Seltos Htx G,Petrol,Manual,1497,"19,000",First,Ahmedabad,14 Lakh*
666,2019,Kia,Kia Seltos Htx Ivt G,Petrol,Manual,1497,"24,500",First,Ahmedabad,15.50 Lakh*
667,2020,Kia,Kia Seltos Htx Ivt G,Petrol,Manual,1497,"20,400",First,Ahmedabad,16 Lakh*
668,2021,Mg,Mg Hector Sharp Dct,Petrol,Manual,1451,"14,800",First,Ahmedabad,17.90 Lakh*
669,2021,Skoda,Skoda Superb Sportline,Petrol,Manual,1984,"25,000",First,Ahmedabad,31.50 Lakh*
670,2019,Mercedes-benz,Mercedes-benz C-class Progressive C 220d,Diesel,Automatic,1950,"8,000",First,Ahmedabad,45 Lakh*
671,2019,Bmw,Bmw 5 Series 520d Luxury Line,Diesel,Automatic,1995,"53,500",First,Ahmedabad,45 Lakh*
672,2017,Skoda,Skoda Superb Lk 1.8 Tsi At,Petrol,Manual,1798,"18,200",First,Ahmedabad,25 Lakh*
673,2015,Maruti,Maruti Ciaz Vxi Plus,Petrol,Manual,1373,"53,946",First,Ahmedabad,5.53 Lakh*
674,2012,Honda,Honda City V Mt,Petrol,Manual,1497,"1,00,000",Third,Ahmedabad,4.20 Lakh*
675,2012,Hyundai,Hyundai Eon D Lite Optional,Petrol,Manual,814,"70,518",Fourth,Ahmedabad,1.41 Lakh*
676,2013,Honda,Honda Brio V Mt,Petrol,Manual,1198,"63,895",Second,Ahmedabad,3.04 Lakh*
677,2016,Hyundai,Hyundai Creta 1.6 Vtvt Sx Plus,Petrol,Manual,1591,"58,000",First,Ahmedabad,8.95 Lakh*
678,2021,Mg,Mg Hector Sharp Cvt,Petrol,Manual,1451,"9,000",First,Ahmedabad,20.75 Lakh*
679,2007,Maruti,Maruti Wagon R Lxi Minor,Petrol,Manual,1061,"1,00,000",Third,Ahmedabad,1.10 Lakh*
680,2018,Honda,Honda Jazz V Cvt,Petrol,Manual,1199,"31,858",First,Ahmedabad,7.50 Lakh*
681,2007,Honda,Honda City Gxi,Petrol,Manual,1497,"90,000",Fourth,Ahmedabad,1.40 Lakh*
682,2015,Maruti,Maruti Alto 800 Lxi,Petrol,Manual,796,"50,000",Second,Ahmedabad,2.30 Lakh*
683,2018,Maruti,Maruti Vitara Brezza Vdi,Diesel,Automatic,1248,"75,241",First,Ahmedabad,7.89 Lakh*
684,2019,Renault,Renault Triber Rxz Bsiv,Petrol,Manual,999,"20,858",First,Ahmedabad,6.26 Lakh*
685,2018,Maruti,Maruti Alto 800 Lxi,Petrol,Manual,796,"28,000",First,Ahmedabad,3.60 Lakh*
686,2017,Hyundai,Hyundai Grand I10 Sportz,Petrol,Manual,1197,"52,494",Second,Ahmedabad,4.50 Lakh*
687,2018,Ford,Ford Ecosport Signature Edition Diesel Bsiv,Diesel,Automatic,1498,"49,368",First,Ahmedabad,9.19 Lakh*
688,2017,Maruti,Maruti Swift Lxi Optional-o,Petrol,Manual,1197,"41,797",Second,Ahmedabad,3.93 Lakh*
689,2016,Maruti,Maruti Alto 800 Cng Lxi,,,796,"99,520",Second,Ahmedabad,2.36 Lakh*
690,2019,Datsun,Datsun Redigo T Option,Petrol,Manual,799,"15,526",First,Ahmedabad,2.75 Lakh*
691,2017,Hyundai,Hyundai Grand I10 Magna,Petrol,Manual,1197,"46,000",Second,Ahmedabad,4.80 Lakh*
692,2014,Honda,Honda City I Vtec Cvt Sv,Petrol,Manual,1497,"67,000",First,Ahmedabad,5.15 Lakh*
693,2009,Honda,Honda City 1.5 E Mt,Petrol,Manual,1497,"62,000",Second,Ahmedabad,3.40 Lakh*
694,2014,Renault,Renault Duster 110ps Diesel Rxl,Diesel,Automatic,1461,"94,000",First,Ahmedabad,5.50 Lakh*
695,2018,Jeep,Jeep Compass 1.4 Limited,Petrol,Manual,1368,"41,000",First,Ahmedabad,15.51 Lakh*
696,2009,Maruti,Maruti Zen Estilo Vxi Bsiii,Petrol,Manual,998,"79,000",Second,Ahmedabad,2.15 Lakh*
697,2009,Hyundai,Hyundai I10 Magna,Petrol,Manual,1197,"90,000",First,Ahmedabad,2.45 Lakh*
698,2007,Maruti,Maruti 800 Ac,Petrol,Manual,796,"80,000",Second,Ahmedabad,"70,000*"
699,2017,Hyundai,Hyundai Grand I10 Magna,Petrol,Manual,1197,"53,000",First,Ahmedabad,5.05 Lakh*
700,2001,Maruti,Maruti Wagon R Lxi Bsii,Petrol,Manual,998,"90,000",First,Ahmedabad,"45,000*"
701,2010,Maruti,Maruti Ritz Lxi,Petrol,Manual,1197,"77,000",First,Ahmedabad,2.45 Lakh*
702,2010,Maruti,Maruti Swift Vxi Bsiii,Petrol,Manual,1298,"83,000",First,Ahmedabad,2.85 Lakh*
703,2010,Maruti,Maruti Alto Lxi,Petrol,Manual,796,"70,000",Second,Ahmedabad,1.30 Lakh*
704,2012,Tata,Tata Indica Quadrajet Vx,Diesel,Automatic,1248,"79,729",Third,Ahmedabad,1.22 Lakh*
705,2015,Hyundai,Hyundai Xcent 1.2 Kappa Sx Option,Petrol,Manual,1197,"65,000",First,Ahmedabad,5.25 Lakh*
706,2011,Tata,Tata Aria Pleasure 4x2,Diesel,Automatic,2179,"1,20,000",Second,Ahmedabad,3.50 Lakh*
707,2019,Mahindra,Mahindra Marazzo M2 8str Bsiv,Diesel,Automatic,1497,"40,000",First,Ahmedabad,8.85 Lakh*
708,2013,Hyundai,Hyundai I10 Magna,Petrol,Manual,1197,"90,000",Second,Ahmedabad,2.60 Lakh*
709,2004,Maruti,Maruti Wagon R Lx,Petrol,Manual,998,"1,10,000",Second,Ahmedabad,"50,000*"
710,2010,Hyundai,Hyundai I10 Era 1.1,Petrol,Manual,1086,"50,000",First,Ahmedabad,2.60 Lakh*
711,2018,Mahindra,Mahindra Bolero Power Plus Zlx,Diesel,Automatic,1493,"60,000",First,Ahmedabad,7.25 Lakh*
712,2012,Bmw,Bmw 5 Series 530d,Diesel,Automatic,2993,"98,524",First,Ahmedabad,17.49 Lakh*
713,2012,Toyota,Toyota Corolla Altis D-4d G,Diesel,Automatic,1364,"60,524",First,Ahmedabad,4.72 Lakh*
714,2009,Honda,Honda City 1.5 S At,Petrol,Manual,1497,"65,243",Second,Ahmedabad,3.49 Lakh*
715,2010,Honda,Honda City 1.5 S Mt,Petrol,Manual,1497,"60,524",First,Ahmedabad,4.15 Lakh*
716,2012,Nissan,Nissan Sunny Xe,Petrol,Manual,1498,"60,542",First,Ahmedabad,3 Lakh*
717,2012,Honda,Honda City V Mt,Petrol,Manual,1497,"60,542",First,Ahmedabad,4.75 Lakh*
718,2013,Honda,Honda City 1.5 S At,Petrol,Manual,1497,"49,532",Second,Ahmedabad,5.25 Lakh*
719,2015,Honda,Honda Amaze S I-vtech,Petrol,Manual,1198,"65,324",First,Ahmedabad,4.49 Lakh*
720,2017,Honda,Honda City I Vtec V,Petrol,Manual,1497,"80,542",First,Ahmedabad,7.75 Lakh*
721,2014,Honda,Honda Amaze S At I-vtech,Petrol,Manual,1198,"41,253",Second,Ahmedabad,4.89 Lakh*
722,2007,Hyundai,Hyundai Sonata At Leather,Petrol,Manual,2359,"69,852",First,Ahmedabad,3 Lakh*
723,2011,Hyundai,Hyundai I20 1.2 Magna,Petrol,Manual,1197,"62,534",Second,Ahmedabad,2.87 Lakh*
724,2005,Hyundai,Hyundai Sonata 2.4l At,Petrol,Manual,2359,"95,241",First,Ahmedabad,2.75 Lakh*
725,2019,Hyundai,Hyundai Verna Vtvt 1.6 Sx Option,Petrol,Manual,1591,"50,421",First,Ahmedabad,11.48 Lakh*
726,2014,Maruti,Maruti Ritz Vxi,Petrol,Manual,1197,"58,632",First,Ahmedabad,2.90 Lakh*
727,2018,Maruti,Maruti Eeco 5 Seater Ac,Petrol,Manual,1196,"9,526",First,Ahmedabad,4.55 Lakh*
728,2018,Maruti,Maruti Ciaz Alpha,Petrol,Manual,1462,"20,635",First,Ahmedabad,8.25 Lakh*
729,2004,Maruti,Maruti 800 Std,Petrol,Manual,796,"64,000",Second,Ahmedabad,"40,000*"
730,2019,Maruti,Maruti Alto 800 Vxi,Petrol,Manual,796,"20,092",First,Ahmedabad,3.69 Lakh*
731,2016,Maruti,Maruti Baleno 1.3 Delta,Diesel,Automatic,1248,"92,315",First,Ahmedabad,5.50 Lakh*
732,2018,Hyundai,Hyundai Grand I10 1.2 Kappa Magna Bsiv,Petrol,Manual,1197,"70,000",Second,Ahmedabad,4 Lakh*
733,2015,Maruti,Maruti Ciaz Vdi,Diesel,Automatic,1248,"50,747",First,Ahmedabad,5.19 Lakh*
734,2007,Maruti,Maruti Wagon R Lxi Minor,Petrol,Manual,1061,"66,000",Second,Ahmedabad,1.45 Lakh*
735,2004,Toyota,Toyota Qualis Fs B2,Diesel,Automatic,2446,"1,20,000",Second,Ahmedabad,2.50 Lakh*
736,2017,Tata,Tata Zest Quadrajet 1.3 75ps Xm,Diesel,Automatic,1248,"90,712",First,Ahmedabad,2.96 Lakh*
737,2015,Honda,Honda City I Vtec V,Petrol,Manual,1497,"83,000",Second,Ahmedabad,6.75 Lakh*
738,2011,Hyundai,Hyundai I10 Magna,Petrol,Manual,1197,"64,000",First,Ahmedabad,2.95 Lakh*
739,2018,Datsun,Datsun Go T Bsiv,Petrol,Manual,1198,"32,210",First,Ahmedabad,2.87 Lakh*
740,2020,Mahindra,Mahindra Marazzo M2 8str,Diesel,Automatic,1497,"97,290",First,Ahmedabad,7.70 Lakh*
741,2018,Mahindra,Mahindra Xuv500 W7 At Bsiv,Diesel,Automatic,2179,"34,639",First,Ahmedabad,12.48 Lakh*
742,2016,Toyota,Toyota Fortuner 4x2 At,Diesel,Automatic,2982,"79,000",First,Ahmedabad,25.45 Lakh*
743,2008,Hyundai,Hyundai I10 Asta W/sun Roof,Petrol,Manual,1197,"38,000",First,Ahmedabad,2.55 Lakh*
744,2021,Maruti,Maruti Vitara Brezza Vxi,Petrol,Manual,1462,"15,000",First,Ahmedabad,8.50 Lakh*
745,2011,Maruti,Maruti Kizashi Mt,Petrol,Manual,2393,"1,20,000",Second,Ahmedabad,4 Lakh*
746,2017,Tata,Tata Nexon 1.5 Revotorq Xz Plus Dual Tone,Diesel,Automatic,1497,"40,000",Second,Ahmedabad,7.75 Lakh*
747,2015,Hyundai,Hyundai Xcent 1.2 Kappa Sx Option,Petrol,Manual,1197,"84,847",Second,Ahmedabad,3.53 Lakh*
748,2017,Maruti,Maruti Vitara Brezza Zdi,Diesel,Automatic,1248,"67,410",First,Ahmedabad,7.75 Lakh*
749,2015,Tata,Tata Bolt Revotron Xe,Petrol,Manual,1193,"48,000",First,Ahmedabad,3.40 Lakh*
750,2009,Maruti,Maruti Zen Estilo 1.1 Vxi Bsiii,Petrol,Manual,1061,"79,000",Second,Ahmedabad,2.10 Lakh*
751,2018,Maruti,Maruti Ciaz 1.4 Delta,Petrol,Manual,1373,"61,000",First,Ahmedabad,7.70 Lakh*
752,2014,Honda,Honda City I Dtec V,Diesel,Automatic,1498,"97,408",First,Ahmedabad,5.20 Lakh*
753,2014,Hyundai,Hyundai Grand I10 At Asta,Petrol,Manual,1197,"15,955",First,Ahmedabad,4.29 Lakh*
754,2018,Hyundai,Hyundai Grand I10 1.2 Kappa Magna Bsiv,Petrol,Manual,1197,"11,621",First,Ahmedabad,4.96 Lakh*
755,2019,Skoda,Skoda Kodiaq 2.0 Tdi Laurin Klement,Diesel,Automatic,1968,"29,000",First,Ahmedabad,35 Lakh*
756,2012,Honda,Honda City S,Petrol,Manual,1497,"61,000",First,Ahmedabad,4.70 Lakh*
757,2016,Maruti,Maruti Celerio Vxi,Petrol,Manual,998,"1,20,000",First,Ahmedabad,3.80 Lakh*
758,2018,Renault,Renault Kwid 1.0 Rxl 02 Anniversary Edition,Petrol,Manual,999,"30,000",Second,Ahmedabad,3.30 Lakh*
759,2013,Volkswagen,Volkswagen Polo Petrol Trendline 1.2l,Petrol,Manual,1198,"77,000",Second,Ahmedabad,3.25 Lakh*
760,2018,Bmw,Bmw X5 Xdrive30d Edition X,Diesel,Automatic,2993,"68,000",First,Ahmedabad,51 Lakh*
761,2019,Bmw,Bmw 6 Series Gt 630d Luxury Line,Diesel,Automatic,2993,"20,000",First,Ahmedabad,60 Lakh*
762,2012,Hyundai,Hyundai Eon Era Plus,Petrol,Manual,814,"60,201",First,Ahmedabad,2.40 Lakh*
763,2007,Maruti,Maruti Wagon R Lxi Minor,Petrol,Manual,1061,"70,000",Third,Ahmedabad,1.50 Lakh*
764,2011,Hyundai,Hyundai Santro Xing Gls,Petrol,Manual,1086,"1,00,000",Fourth,Ahmedabad,1.70 Lakh*
765,2018,Ford,Ford Endeavour 3.2 Titanium At 4x4,Diesel,Automatic,3198,"84,000",First,Ahmedabad,28 Lakh*
766,2019,Mg,Mg Hector Hybrid Smart Mt,Petrol,Manual,1451,"20,000",First,Ahmedabad,14.50 Lakh*
767,2019,Bmw,Bmw 3 Series 320d Luxury Line,Diesel,Automatic,1995,"37,000",First,Ahmedabad,37 Lakh*
768,2017,Datsun,Datsun Redigo T,Petrol,Manual,799,"55,000",First,Ahmedabad,2.70 Lakh*
769,2015,Honda,Honda Amaze E I-vtech,Petrol,Manual,1198,"30,000",First,Ahmedabad,4.80 Lakh*
770,2015,Honda,Honda Jazz 1.2 Vx I Vtec,Petrol,Manual,1199,"57,000",First,Ahmedabad,5.25 Lakh*
771,2017,Honda,Honda Jazz 1.2 E I Vtec,Petrol,Manual,1199,"52,000",First,Ahmedabad,5.70 Lakh*
772,2009,Honda,Honda Jazz Basic,Petrol,Manual,1198,"45,000",First,Ahmedabad,2.80 Lakh*
773,2017,Maruti,Maruti Eeco Cng 5 Seater Ac,,,1196,"52,000",Second,Ahmedabad,4.50 Lakh*
774,2009,Honda,Honda Jazz Mode,Petrol,Manual,1198,"63,000",First,Ahmedabad,2.80 Lakh*
775,2018,Honda,Honda City I-vtec V,Petrol,Manual,1497,"59,000",First,Ahmedabad,7.95 Lakh*
776,2018,Honda,Honda City I-vtec V,Petrol,Manual,1497,"72,000",First,Ahmedabad,7.95 Lakh*
777,2018,Honda,Honda City I-vtec V,Petrol,Manual,1497,"60,000",First,Ahmedabad,8.21 Lakh*
778,2009,Honda,Honda City S,Petrol,Manual,1497,"66,000",First,Ahmedabad,3.50 Lakh*
779,2018,Honda,Honda City I-vtec V,Petrol,Manual,1497,"73,000",First,Ahmedabad,8.15 Lakh*
780,2013,Honda,Honda Brio Ex Mt,Petrol,Manual,1198,"74,000",First,Ahmedabad,3.15 Lakh*
781,2011,Hyundai,Hyundai Accent Gle,Petrol,Manual,1495,"75,000",First,Ahmedabad,2.50 Lakh*
782,2016,Hyundai,Hyundai Xcent 1.2 Kappa S,Petrol,Manual,1197,"83,000",First,Ahmedabad,5.15 Lakh*
783,2015,Hyundai,Hyundai Xcent 1.2 Kappa S,Petrol,Manual,1197,"75,000",First,Ahmedabad,4.70 Lakh*
784,2016,Hyundai,Hyundai Grand I10 Magna,Petrol,Manual,1197,"69,000",First,Ahmedabad,4.90 Lakh*
785,2017,Hyundai,Hyundai Grand I10 Magna,Petrol,Manual,1197,"46,000",First,Ahmedabad,4.90 Lakh*
786,2016,Hyundai,Hyundai Grand I10 Asta,Petrol,Manual,1197,"82,000",First,Ahmedabad,5.30 Lakh*
787,2011,Hyundai,Hyundai Santro Xing Gls,Petrol,Manual,1086,"84,000",First,Ahmedabad,2.60 Lakh*
788,2019,Hyundai,Hyundai Santro Sportz Bsiv,Petrol,Manual,1086,"32,000",First,Ahmedabad,5.20 Lakh*
789,2015,Maruti,Maruti Ciaz Vxi,Petrol,Manual,1373,"56,000",First,Ahmedabad,5.80 Lakh*
790,2009,Maruti,Maruti Wagon R Lxi Minor,Petrol,Manual,1061,"77,000",First,Ahmedabad,2.35 Lakh*
791,2018,Maruti,Maruti Sx4 S Cross Zeta Ddis 200 Sh,Diesel,Automatic,1248,"71,000",First,Ahmedabad,7.70 Lakh*
792,2017,Bmw,Bmw X1 Sdrive 20d Xline,Diesel,Automatic,1995,"36,000",First,Ahmedabad,27.50 Lakh*
793,2013,Renault,Renault Scala Diesel Rxz,Diesel,Automatic,1461,"65,000",First,Ahmedabad,2.55 Lakh*
794,2016,Honda,Honda Jazz 1.2 S At I Vtec,Petrol,Manual,1199,"60,000",First,Ahmedabad,5.25 Lakh*
795,2019,Hyundai,Hyundai Creta 1.6 Sx Option,Petrol,Manual,1591,"39,000",First,Ahmedabad,13.50 Lakh*
796,2012,Hyundai,Hyundai Verna 1.6 Sx Vtvt (o) At,Petrol,Manual,1591,"56,000",Second,Ahmedabad,5 Lakh*
797,2021,Mercedes-benz,Mercedes-benz C-class Progressive C 200,Petrol,Manual,1950,"5,600",First,Ahmedabad,48 Lakh*
798,2021,Mercedes-benz,Mercedes-benz C-class Progressive C 200,Petrol,Manual,1950,"9,500",First,Ahmedabad,48 Lakh*
799,2021,Mercedes-benz,Mercedes-benz C-class Progressive C 200,Petrol,Manual,1950,"9,800",First,Ahmedabad,48 Lakh*
800,2014,Honda,Honda Amaze Sx I-vtec,Petrol,Manual,1198,"53,000",First,Ahmedabad,4.60 Lakh*
801,2017,Bmw,Bmw X1 Sdrive20d Expedition,Diesel,Automatic,1995,"79,000",First,Ahmedabad,22 Lakh*
802,2018,Hyundai,Hyundai Verna Vtvt 1.6 At Sx Option,Petrol,Manual,1591,"60,575",First,Ahmedabad,9.50 Lakh*
803,2015,Hyundai,Hyundai Xcent 1.2 Kappa S,Petrol,Manual,1197,"60,000",First,Ahmedabad,4.85 Lakh*
804,2011,Hyundai,Hyundai I10 Sportz,Petrol,Manual,1197,"68,000",First,Ahmedabad,2.85 Lakh*
805,2020,Maruti,Maruti Xl6 Alpha At,Petrol,Manual,1462,"18,270",First,Ahmedabad,12.50 Lakh*
806,2012,Honda,Honda City I Vtec V,Petrol,Manual,1497,"89,000",First,Ahmedabad,4.25 Lakh*
807,2014,Maruti,Maruti Swift Lxi,Petrol,Manual,1197,"61,000",First,Ahmedabad,4.85 Lakh*
808,2016,Hyundai,Hyundai Creta 1.6 S Automatic,Diesel,Automatic,1582,"69,000",First,Ahmedabad,8.95 Lakh*
809,2021,Tata,Tata New Safari Xza At,Diesel,Automatic,1956,"9,000",First,Ahmedabad,21.65 Lakh*
810,2012,Bmw,Bmw 5 Series 530d,Diesel,Automatic,2993,"71,000",Second,Ahmedabad,15 Lakh*
811,2015,Honda,Honda City I Dtec Sv,Diesel,Automatic,1498,"65,286",First,Ahmedabad,6 Lakh*
812,2011,Honda,Honda Accord 2.4 Mt,Petrol,Manual,2354,"66,561",First,Ahmedabad,4.13 Lakh*
813,2012,Maruti,Maruti Ritz Vdi,Diesel,Automatic,1248,"83,868",First,Ahmedabad,2.58 Lakh*
814,2012,Honda,Honda Brio S Option Mt,Petrol,Manual,1198,"96,703",First,Ahmedabad,2.68 Lakh*
815,2017,Renault,Renault Kwid Rxt,Petrol,Manual,799,"33,317",First,Ahmedabad,2.88 Lakh*
816,2018,Audi,Audi A3 Cabriolet 1.4 Tfsi,Petrol,Manual,1395,"21,728",First,Ahmedabad,51 Lakh*
817,2015,Hyundai,Hyundai Eon Magna Plus,Petrol,Manual,814,"69,411",First,Ahmedabad,2.73 Lakh*
818,2018,Jeep,Jeep Compass 2.0 Sport Diesel,Diesel,Automatic,1956,"80,198",First,Ahmedabad,14.33 Lakh*
819,2018,Jeep,Jeep Compass 2.0 Longitude Opt Diesel,Diesel,Automatic,1956,"59,618",First,Ahmedabad,12.89 Lakh*
820,2016,Renault,Renault Kwid Rxl,Petrol,Manual,799,"32,585",First,Ahmedabad,2.60 Lakh*
821,2016,Mahindra,Mahindra Kuv 100 Mfalcon G80 K6,Petrol,Manual,1198,"69,366",First,Ahmedabad,3.28 Lakh*
822,2012,Hyundai,Hyundai I20 Sportz 1.4 Crdi,Diesel,Automatic,1396,"1,34,967",First,Ahmedabad,3.16 Lakh*
823,2017,Datsun,Datsun Go Plus T Bsiv,Petrol,Manual,1198,"59,575",First,Ahmedabad,2.97 Lakh*
824,2018,Land,Land Rover Range Rover Evoque 2.0 Td4 Hse Dynamic,Diesel,Automatic,1999,"66,000",First,Ahmedabad,44.50 Lakh*
825,2014,Land,Land Rover Freelander 2 Se,Diesel,Automatic,2179,"80,000",Second,Ahmedabad,11.90 Lakh*
826,2014,Porsche,Porsche Cayenne S Diesel,Diesel,Automatic,4134,"48,894",First,Ahmedabad,45 Lakh*
827,2014,Bmw,Bmw 1 Series 118d Sport Line,Diesel,Automatic,1995,"60,000",Second,Ahmedabad,11.95 Lakh*
828,2018,Maruti,Maruti Ciaz 1.4 Sigma,Petrol,Manual,1373,"35,000",First,Ahmedabad,7.30 Lakh*
829,2015,Hyundai,Hyundai Eon Sportz,Petrol,Manual,814,"28,323",First,Ahmedabad,2.68 Lakh*
830,2014,Bmw,Bmw 3 Series 320d,Diesel,Automatic,1995,"49,000",Second,Ahmedabad,16.50 Lakh*
831,2013,Maruti,Maruti Wagon R Pro,Petrol,Manual,998,"46,000",Second,Ahmedabad,3.25 Lakh*
832,2013,Mahindra,Mahindra Ssangyong Rexton Rx7,Diesel,Automatic,2696,"1,00,001",Second,Ahmedabad,7 Lakh*
833,2014,Toyota,Toyota Innova 2.5 G (diesel) 7 Seater Bs Iv,Diesel,Automatic,2494,"1,10,000",First,Ahmedabad,8.75 Lakh*
834,2011,Mercedes-benz,Mercedes-benz C-class 220 Cdi At,Diesel,Automatic,2143,"70,800",First,Ahmedabad,12.50 Lakh*
835,2016,Hyundai,Hyundai Creta 1.6 Sx Option Diesel,Diesel,Automatic,1582,"78,000",First,Ahmedabad,9.51 Lakh*
836,2017,Hyundai,Hyundai I20 Petrol Asta,Petrol,Manual,1197,"71,355",First,Ahmedabad,6.40 Lakh*
837,2016,Hyundai,Hyundai Xcent 1.1 Crdi S Option,Diesel,Automatic,1120,"63,000",Second,Ahmedabad,3.90 Lakh*
838,2017,Honda,Honda Wr-v I-vtec Vx,Petrol,Manual,1199,"58,000",First,Ahmedabad,7.75 Lakh*
839,2009,Hyundai,Hyundai I10 Sportz 1.2 At,Petrol,Manual,1197,"60,000",Second,Ahmedabad,3 Lakh*
840,2015,Maruti,Maruti Ciaz At Zxi Plus,Petrol,Manual,1373,"67,000",First,Ahmedabad,6.75 Lakh*
841,2012,Ford,Ford Fiesta 1.4 Duratorq Zxi,Diesel,Automatic,1399,"86,100",First,Ahmedabad,1.25 Lakh*
842,2020,Kia,Kia Carnival Limousine,Diesel,Automatic,2199,"50,000",First,Ahmedabad,31 Lakh*
843,2016,Maruti,Maruti Wagon R Lxi,Petrol,Manual,998,"60,046",First,Ahmedabad,3.65 Lakh*
844,2021,Hyundai,Hyundai Verna Sx Opt,Petrol,Manual,1497,"27,700",First,Ahmedabad,13.75 Lakh*
845,2022,Kia,Kia Carens Luxury Plus Diesel At,Diesel,Automatic,1493,"14,900",First,Ahmedabad,18.75 Lakh*
846,2020,Mg,Mg Hector Sharp At Bsiv,Petrol,Manual,1451,"30,500",First,Ahmedabad,18 Lakh*
847,2018,Mercedes-benz,Mercedes-benz Cla Urban Sport 200d,Diesel,Automatic,2143,"6,000",First,Ahmedabad,31.50 Lakh*
848,2018,Hyundai,Hyundai Verna Crdi 1.6 Sx Option,Diesel,Automatic,1582,"76,613",Second,Ahmedabad,8.37 Lakh*
849,2016,Maruti,Maruti Swift Dzire Ldi,Diesel,Automatic,1248,"1,25,450",First,Ahmedabad,5 Lakh*
850,2014,Bmw,Bmw Z4 35i Dpt,Petrol,Manual,2979,"17,000",First,Ahmedabad,42 Lakh*
851,2015,Maruti,Maruti Alto 800 Vxi,Petrol,Manual,796,"1,20,000",First,Ahmedabad,2.80 Lakh*
852,2011,Volkswagen,Volkswagen Polo Diesel Comfortline 1.2l,Diesel,Automatic,1199,"80,000",Second,Ahmedabad,1.95 Lakh*
853,2018,Maruti,Maruti Swift Dzire Amt Vxi Bs Iv,Petrol,Manual,1197,"1,20,000",First,Ahmedabad,6 Lakh*
854,2017,Maruti,Maruti Ciaz 1.3 Delta,Diesel,Automatic,1248,"87,000",First,Ahmedabad,6.95 Lakh*
