,Year,Brand,Model,Fuel Type,Transmission,Engine Capacity,Kms Driven,No. of Owners,Location,Price
0,2018,Jeep,Jeep Compass,Petrol,Manual,1368,"69,072",1st,Hyderabad,"15,53,000 "
1,2015,Honda,Honda City,Petrol,Manual,1497,"42,166",1st,Hyderabad,"6,70,000"
2,2018,Maruti,Maruti Celerio,Petrol,Manual,998,"30,504",1st,Hyderabad,"4,93,000"
3,2017,Toyota,Toyota Corolla Altis,Petrol,Manual,1798,"41,046",2nd,Hyderabad,"10,83,000"
4,2016,Hyundai,Hyundai Grand i10,Petrol,Manual,1197,"39,651",1st,Hyderabad,"4,96,000 "
5,2021,Tata,Tata Harrier,Diesel,Automatic,1956,"14,258",1st,Hyderabad,"21,31,000 "
6,2015,Hyundai,Hyundai Grand i10,Petrol,Manual,1197,"73,475",1st,Hyderabad,"4,84,000 "
7,2019,Hyundai,Hyundai Verna,Petrol,Manual,1591,"20,858",1st,Hyderabad,"9,58,000 "
8,2018,Volkswagen,Volkswagen Polo,Diesel,Automatic,1498,"83,465",1st,Hyderabad,"7,08,000 "
9,2018,Jeep,Jeep Compass,Petrol,Manual,1368,"46,521",1st,Hyderabad,"16,99,000 "
10,2017,Renault,Renault KWID,Petrol,Manual,999,"30,976",1st,Hyderabad,"4,41,000"
11,2017,Maruti,Maruti Wagon R,Petrol,Manual,998,"55,913",1st,Hyderabad,"4,48,000"
12,2015,Maruti,Maruti Wagon R,Petrol,Manual,998,"97,197",1st,Hyderabad,"4,23,000 "
13,2018,Mercedes-benz,Mercedes-benz S-class Maybach S560,Petrol,Manual,3982,"8,000",First,Hyderabad,1.67 Crore*
14,2021,MG,MG Hector,Petrol,Manual,1451,"29,131",1st,Hyderabad,"20,20,000 "
15,2021,Mercedes-benz,Mercedes-benz C-class Progressive C 220d,Diesel,Automatic,1950,"15,000",First,Hyderabad,46 Lakh*
16,2018,Mercedes-benz,Mercedes-benz S-class Maybach S560,Petrol,Manual,3982,"11,000",First,Hyderabad,1.67 Crore*
17,2020,Mercedes-benz,Mercedes-benz Amg G 63 4matic,Petrol,Manual,3982,"8,000",First,Hyderabad,2.71 Crore*
18,2021,Mercedes-benz,Mercedes-benz E-class Expression E 220d,Diesel,Automatic,1950,400,First,Hyderabad,71 Lakh*
19,2016,Mercedes-benz,Mercedes-benz S-class Amg S63 Coupe,Petrol,Manual,3982,"16,000",First,Hyderabad,1.63 Crore*
20,2017,Maruti,Maruti Wagon R,Petrol,Manual,998,"55,913",1st,Hyderabad,"4,48,000"
21,2021,MG,MG Hector,Petrol,Manual,1451,"29,131",1st,Hyderabad,"20,20,000 "
22,2019,Maruti,Maruti Ciaz,Petrol,Manual,1462,"67,241",1st,Hyderabad,"8,89,000"
23,2020,Honda,Honda City,Petrol,Manual,1498,"24,688",1st,Hyderabad,"11,53,000"
24,2016,Maruti,Maruti Wagon R,Petrol,Manual,998,"36,467",1st,Hyderabad,"4,31,000"
25,2017,Honda,Honda City,Petrol,Manual,1497,"34,872",1st,Hyderabad,"7,70,000 "
26,2017,Maruti,Maruti Ciaz,Petrol,Manual,1373,"30,475",1st,Hyderabad,"6,88,000 "
27,2021,Honda,Honda Jazz,Petrol,Manual,1199,"23,375",1st,Hyderabad,"9,52,000 "
28,2020,Nissan,Nissan Kicks,Petrol,Manual,1330,"23,249",1st,Hyderabad,"13,00,000 "
29,2017,Maruti,Maruti Baleno,Petrol,Manual,1197,"30,330",1st,Hyderabad,"6,93,000 "
30,2017,Maruti,Maruti Wagon R,Petrol,Manual,998,"36,139",1st,Hyderabad,"4,26,000"
31,2017,Maruti,Maruti Wagon R,Petrol,Manual,998,"63,004",1st,Hyderabad,"4,46,000 "
32,2017,Maruti,Maruti Baleno,Petrol,Manual,1197,"24,376",1st,Hyderabad,"6,85,000"
33,2020,Mahindra,Mahindra XUV500,Diesel,Automatic,2179,"41,640",1st,Hyderabad,"16,00,000 "
34,2014,Hyundai,Hyundai Verna,Diesel,Automatic,1582,"1,07,186",1st,Hyderabad,"5,43,000 "
35,2013,Maruti,Maruti Alto 800,Petrol,Manual,796,"50,579",1st,Hyderabad,"2,88,000"
36,2016,Maruti,Maruti Swift Dzire,Petrol,Manual,1197,"68,281",2nd,Hyderabad,"5,50,000 "
37,2016,Maruti,Maruti Swift Dzire,Petrol,Manual,1197,"47,981",1st,Hyderabad,"5,85,000 "
38,2014,Hyundai,Hyundai i20,Diesel,Automatic,1396,"91,184",1st,Hyderabad,"4,62,000 "
39,2021,Maruti,Maruti Baleno,Petrol,Manual,1197,"24,103",1st,Hyderabad,"8,44,000 "
40,2014,Honda,Honda City,Petrol,Manual,1497,"70,683",2nd,Hyderabad,"5,78,000 "
41,2016,Maruti,Maruti Vitara Brezza,Diesel,Automatic,1248,"85,838",1st,Hyderabad,"8,13,000 "
42,2020,Maruti,Maruti Celerio,Petrol,Manual,998,"27,253",1st,Hyderabad,"5,43,000 "
43,2018,Maruti,Maruti Ignis,Petrol,Manual,1197,"1,02,085",1st,Hyderabad,"5,28,000"
44,2018,Maruti,Maruti Baleno,Petrol,Manual,1197,"53,338",1st,Hyderabad,"7,06,000 "
45,2018,Maruti,Maruti Swift Dzire,Petrol,Manual,1197,"36,643",1st,Hyderabad,"7,52,000 "
46,2019,Kia,Kia Seltos,Diesel,Automatic,1493,"61,699",1st,Hyderabad,"14,98,000"
47,2019,MG,MG Hector,Petrol,Manual,1451,"18,466",1st,Hyderabad,"17,30,000 "
48,2014,Hyundai,Hyundai Grand i10,Petrol,Manual,1197,"89,888",1st,Hyderabad,"4,10,000"
49,2016,Maruti,Maruti Wagon R,Petrol,Manual,998,"42,394",1st,Hyderabad,"4,55,000"
50,2017,Jeep,Jeep Compass,Petrol,Manual,1368,"66,302",1st,Hyderabad,"14,73,000"
51,2018,Maruti,Maruti Vitara Brezza,Diesel,Automatic,1248,"51,366",1st,Hyderabad,"9,43,000 "
52,2020,MG,MG Hector,Petrol,Manual,1451,"9,817",1st,Hyderabad,"18,45,000 "
53,2016,Hyundai,Hyundai Verna,Petrol,Manual,1591,"57,853",1st,Hyderabad,"7,23,000 "
54,2018,Nissan,Nissan Micra Active,Petrol,Manual,1198,"42,065",1st,Hyderabad,"4,60,000"
55,2016,Maruti,Maruti Baleno,Petrol,Manual,1197,"21,271",1st,Hyderabad,"6,03,000 "
56,2015,Nissan,Nissan Micra Active,Petrol,Manual,1198,"79,568",1st,Hyderabad,"3,58,000 "
57,2018,Jeep,Jeep Compass,Petrol,Manual,1368,"15,801",1st,Hyderabad,"14,43,000 "
58,2019,Hyundai,Hyundai i20,Diesel,Automatic,1396,"91,375",1st,Hyderabad,"8,09,000"
59,2014,Maruti,Maruti Swift,Petrol,Manual,1197,"32,228",2nd,Hyderabad,"5,32,000 "
60,2020,Skoda,Skoda Rapid,Petrol,Manual,999,"43,151",1st,Hyderabad,"9,85,000"
61,2020,Mahindra,Mahindra Thar,Diesel,Automatic,2184,"24,779",1st,Hyderabad,"15,95,000 "
62,2019,Hyundai,Hyundai Verna,Diesel,Automatic,1582,"48,432",1st,Hyderabad,"12,36,000 "
63,2018,Maruti,Maruti Baleno,Petrol,Manual,1197,"42,774",1st,Hyderabad,"7,09,000 "
64,2015,Renault,Renault Duster,Diesel,Automatic,1461,"94,237",1st,Hyderabad,"6,15,000 "
65,2013,Skoda,Skoda Rapid,Diesel,Automatic,1598,"1,03,942",1st,Hyderabad,"4,23,000"
66,2019,Tata,Tata Tiago,Petrol,Manual,1199,"15,772",1st,Hyderabad,"6,39,000"
67,2018,Renault,Renault KWID,Petrol,Manual,999,"36,843",1st,Hyderabad,"4,01,000"
68,2017,Maruti,Maruti Baleno,Petrol,Manual,1197,"40,355",1st,Hyderabad,"6,28,000 "
69,2018,Mahindra,Mahindra Thar,Diesel,Automatic,2498,"22,569",1st,Hyderabad,"8,42,000 "
70,2019,Maruti,Maruti Baleno,Petrol,Manual,1197,"34,884",1st,Hyderabad,"7,40,000 "
71,2017,Maruti,Maruti Baleno,Petrol,Manual,1197,"57,394",1st,Hyderabad,"6,23,000 "
72,2015,Maruti,Maruti Wagon R,Petrol,Manual,998,"50,374",1st,Hyderabad,"3,73,000 "
73,2017,Maruti,Maruti Swift Dzire,Diesel,Automatic,1248,"54,695",1st,Hyderabad,"7,33,000"
74,2014,Maruti,Maruti Alto 800,Petrol,Manual,796,"69,133",1st,Hyderabad,"2,73,000 "
75,2017,Honda,Honda Jazz,Petrol,Manual,1199,"39,691",1st,Hyderabad,"6,68,000 "
76,2018,Hyundai,Hyundai Creta,Diesel,Automatic,1582,"53,127",1st,Hyderabad,"13,41,000 "
77,2016,Honda,Honda City,Petrol,Manual,1497,"64,142",1st,Hyderabad,"7,38,000"
78,2018,Maruti,Maruti Ciaz,Petrol,Manual,1373,"28,432",1st,Hyderabad,"8,39,000"
79,2018,Hyundai,Hyundai Santro,Petrol,Manual,1086,"57,338",1st,Hyderabad,"5,01,000"
80,2017,Maruti,Maruti Ciaz,Petrol,Manual,1373,"41,724",1st,Hyderabad,"7,85,000 "
81,2017,Hyundai,Hyundai Grand i10,Petrol,Manual,1197,"36,089",1st,Hyderabad,"5,28,000 "
82,2016,Honda,Honda City,Petrol,Manual,1497,"31,818",1st,Hyderabad,"7,33,000 "
83,2016,Maruti,Maruti Swift,Petrol,Manual,1197,"51,792",1st,Hyderabad,"5,74,000 "
84,2013,Maruti,Maruti Swift Dzire,Petrol,Manual,1197,"65,691",1st,Hyderabad,"4,58,000"
85,2014,Maruti,Maruti Swift Dzire,Petrol,Manual,1197,"44,814",1st,Hyderabad,"4,95,000 "
86,2015,Hyundai,Hyundai i20,Diesel,Automatic,1396,"49,979",1st,Hyderabad,"6,42,000"
87,2018,Hyundai,Hyundai Santro,Petrol,Manual,1086,"58,795",1st,Hyderabad,"4,76,000 "
88,2016,Maruti,Maruti Vitara Brezza,Diesel,Automatic,1248,"1,10,219",1st,Hyderabad,"7,89,000 "
89,2019,Maruti,Maruti Alto 800,Petrol,Manual,796,"22,467",1st,Hyderabad,"3,58,000 "
90,2015,Maruti,Maruti Alto 800,Petrol,Manual,796,"59,398",1st,Hyderabad,"2,81,000"
91,2020,Maruti,Maruti Alto 800,Petrol,Manual,796,"38,272",1st,Hyderabad,"3,88,000 "
92,2021,Renault,Renault Kiger,Petrol,Manual,999,"11,388",1st,Hyderabad,"8,24,000 "
93,2020,Maruti,Maruti Baleno,Petrol,Manual,1197,"16,819",1st,Hyderabad,"7,68,000 "
94,2017,Hyundai,Hyundai Grand i10,Diesel,Automatic,1186,"1,26,588",1st,Hyderabad,"5,25,000 "
95,2016,Honda,Honda Jazz,Petrol,Manual,1199,"51,432",1st,Hyderabad,"6,83,000"
96,2017,Hyundai,Hyundai i20,Petrol,Manual,1197,"40,627",1st,Hyderabad,"6,48,000 "
97,2014,Renault,Renault Duster,Diesel,Automatic,1461,"1,17,652",1st,Hyderabad,"5,06,000"
98,2017,Maruti,Maruti Ciaz,Diesel,Automatic,1248,"50,414",1st,Hyderabad,"8,11,000 "
99,2017,Honda,Honda City,Petrol,Manual,1497,"62,125",1st,Hyderabad,"7,41,000 "
100,2015,Hyundai,Hyundai Grand i10,Petrol,Manual,1197,"1,27,000",2nd,Hyderabad,"4,00,000 "
101,2019,Renault,Renault KWID,Petrol,Manual,999,"30,451",1st,Hyderabad,"4,44,000"
102,2016,Maruti,Maruti Swift Dzire,Petrol,Manual,1197,"40,658",1st,Hyderabad,"5,71,000 "
103,2019,Volkswagen,Volkswagen Ameo,Petrol,Manual,999,"26,502",1st,Hyderabad,"6,63,000"
104,2017,Maruti,Maruti Wagon R,Petrol,Manual,998,"77,518",1st,Hyderabad,"4,03,000"
105,2017,Hyundai,Hyundai Grand i10,Petrol,Manual,1197,"39,956",1st,Hyderabad,"5,96,000 "
106,2018,Maruti,Maruti Vitara Brezza,Diesel,Automatic,1248,"48,577",1st,Hyderabad,"9,18,000 "
107,2021,Datsun,Datsun RediGO,Petrol,Manual,799,"7,318",1st,Hyderabad,"4,15,000 "
108,2021,Hyundai,Hyundai i20,Diesel,Automatic,1493,"12,876",1st,Hyderabad,"11,58,000 "
109,2013,Toyota,Toyota Etios,Petrol,Manual,1496,"79,159",1st,Hyderabad,"3,66,000 "
110,2016,Hyundai,Hyundai Grand i10,Diesel,Automatic,1120,"94,411",1st,Hyderabad,"4,85,000 "
111,2015,Hyundai,Hyundai EON,Petrol,Manual,814,"93,868",1st,Hyderabad,"3,08,000 "
112,2021,Maruti,Maruti Ciaz,Petrol,Manual,1462,"4,844",1st,Hyderabad,"11,33,000 "
113,2014,Volkswagen,Volkswagen Polo,Diesel,Automatic,1498,"81,754",1st,Hyderabad,"4,43,000 "
114,2019,Hyundai,Hyundai Grand i10,Petrol,Manual,1197,"31,971",1st,Hyderabad,"6,05,000 "
115,2014,Maruti,Maruti Swift,Diesel,Automatic,1248,"99,666",1st,Hyderabad,"4,41,000"
116,2018,Toyota,Toyota Yaris,Petrol,Manual,1496,"21,985",1st,Hyderabad,"8,98,000"
117,2019,Hyundai,Hyundai Grand i10,Petrol,Manual,1197,"22,694",1st,Hyderabad,"5,83,000 "
118,2015,Volkswagen,Volkswagen Polo,Diesel,Automatic,1498,"72,378",1st,Hyderabad,"5,34,000"
119,2016,Maruti,Maruti Swift,Petrol,Manual,1197,"69,193",1st,Hyderabad,"5,77,000 "
120,2015,Maruti,Maruti Wagon R,Petrol,Manual,998,"33,905",1st,Hyderabad,"3,86,000"
121,2020,Hyundai,Hyundai Verna,Petrol,Manual,1497,"17,581",1st,Hyderabad,"11,63,000"
122,2017,Maruti,Maruti Baleno,Petrol,Manual,1197,"73,650",1st,Hyderabad,"5,97,000"
123,2016,Volkswagen,Volkswagen Ameo,Diesel,Automatic,1498,"98,461",1st,Hyderabad,"4,91,000 "
124,2017,Tata,Tata Tiago,Petrol,Manual,1199,"71,160",1st,Hyderabad,"4,53,000"
125,2016,Mahindra,Mahindra TUV 300,Diesel,Automatic,1493,"1,00,659",1st,Hyderabad,"6,33,000 "
126,2017,Hyundai,Hyundai Verna,Diesel,Automatic,1582,"43,335",2nd,Hyderabad,"8,39,000 "
127,2017,Hyundai,Hyundai Grand i10,Petrol,Manual,1197,"35,539",1st,Hyderabad,"5,18,000 "
128,2019,Hyundai,Hyundai Grand i10,Petrol,Manual,1197,"47,072",2nd,Hyderabad,"5,37,000 "
129,2016,Maruti,Maruti Baleno,Petrol,Manual,1197,"53,191",1st,Hyderabad,"5,98,000"
130,2017,Tata,Tata Tiago,Petrol,Manual,1199,"49,272",1st,Hyderabad,"5,16,000"
131,2018,Maruti,Maruti Baleno,Petrol,Manual,1197,"47,418",1st,Hyderabad,"6,73,000 "
132,2017,Maruti,Maruti Baleno,Petrol,Manual,1197,"25,664",1st,Hyderabad,"6,78,000"
133,2016,Maruti,Maruti Alto 800,Petrol,Manual,796,"51,393",1st,Hyderabad,"2,53,000 "
134,2016,Hyundai,Hyundai Grand i10,Petrol,Manual,1197,"65,674",1st,Hyderabad,"5,23,000 "
135,2015,Maruti,Maruti Swift,Diesel,Automatic,1248,"36,962",1st,Hyderabad,"5,15,000 "
136,2017,Maruti,Maruti Alto 800,Petrol,Manual,796,"24,867",1st,Hyderabad,"3,23,000 "
137,2016,Maruti,Maruti Ciaz,Diesel,Automatic,1248,"79,440",1st,Hyderabad,"6,93,000 "
138,2021,Hyundai,Hyundai Santro,Petrol,Manual,1086,"5,078",1st,Hyderabad,"5,90,000"
139,2021,Tata,Tata Nexon,Petrol,Manual,1199,"8,403",1st,Hyderabad,"11,68,000"
140,2017,Hyundai,Hyundai Verna,Diesel,Automatic,1582,"85,963",1st,Hyderabad,"9,63,000 "
141,2017,Hyundai,Hyundai Creta,Diesel,Automatic,1582,"82,752",1st,Hyderabad,"11,92,000 "
142,2012,Hyundai,Hyundai i10,Petrol,Manual,1197,"67,152",1st,Hyderabad,"2,95,000 "
143,2017,Mahindra,Mahindra XUV500,Diesel,Automatic,2179,"39,445",1st,Hyderabad,"15,83,000"
144,2014,Hyundai,Hyundai i20,Diesel,Automatic,1396,"1,19,974",1st,Hyderabad,"4,31,000 "
145,2017,Datsun,Datsun RediGO,Petrol,Manual,999,"49,913",2nd,Hyderabad,"2,28,000 "
146,2018,Mahindra,Mahindra XUV500,Diesel,Automatic,2179,"72,374",1st,Hyderabad,"12,66,000 "
147,2015,Hyundai,Hyundai Grand i10,Petrol,Manual,1197,"60,862",1st,Hyderabad,"4,44,000 "
148,2015,Datsun,Datsun GO,Petrol,Manual,1198,"53,932",2nd,Hyderabad,"2,89,000"
149,2019,Renault,Renault KWID,Petrol,Manual,999,"17,122",1st,Hyderabad,"4,43,000"
150,2021,Hyundai,Hyundai Grand i10 Nios,Petrol,Manual,1197,"11,683",1st,Hyderabad,"7,50,000 "
151,2015,Hyundai,Hyundai i10,Petrol,Manual,1086,"81,205",1st,Hyderabad,"3,49,000"
152,2015,Hyundai,Hyundai i20,Petrol,Manual,1197,"75,238",2nd,Hyderabad,"5,12,000 "
153,2017,Hyundai,Hyundai Creta,Petrol,Manual,1591,"45,750",1st,Hyderabad,"10,55,000 "
154,2017,Hyundai,Hyundai i20,Petrol,Manual,1197,"17,993",1st,Hyderabad,"7,05,000 "
155,2013,Hyundai,Hyundai Grand i10,Petrol,Manual,1197,"78,467",1st,Hyderabad,"3,73,000"
156,2017,Maruti,Maruti Swift,Petrol,Manual,1197,"39,373",1st,Hyderabad,"5,00,000 "
157,2012,Audi,Audi Q3 2.0 Tdi Quattro Premium Plus,Diesel,Automatic,1968,"1,09,467",First,Hyderabad,15.80 Lakh*
158,2016,Hyundai,Hyundai i20,Petrol,Manual,1197,"74,752",1st,Hyderabad,"5,98,000 "
159,2017,Hyundai,Hyundai Creta,Diesel,Automatic,1396,"52,204",1st,Hyderabad,"8,66,000 "
160,2015,Maruti,Maruti Swift,Petrol,Manual,1197,"85,763",1st,Hyderabad,"4,68,000 "
161,2019,Maruti,Maruti Swift Dzire,Petrol,Manual,1197,"15,375",1st,Hyderabad,"7,44,000 "
162,2019,Maruti,Maruti Ciaz Alpha Diesel,Diesel,Automatic,1248,"77,491",First,Hyderabad,9.80 Lakh*
163,2011,Maruti,Maruti Alto Green Lxi (cng),,,796,"72,000",First,Hyderabad,1.85 Lakh*
164,2014,Maruti,Maruti Wagon R Vxi,Petrol,Manual,998,"65,707",First,Hyderabad,3.65 Lakh*
165,2013,Maruti,Maruti Swift Vdi,Diesel,Automatic,1248,"92,000",First,Hyderabad,4.30 Lakh*
166,2011,Maruti,Maruti Wagon R Lxi Cng,,,998,"85,000",First,Hyderabad,2.75 Lakh*
167,2017,Maruti,Maruti Swift Dzire Vdi,Diesel,Automatic,1248,"40,000",First,Hyderabad,6.50 Lakh*
168,2009,Maruti,Maruti Swift Vdi Bsiv,Diesel,Automatic,1248,"1,24,505",First,Hyderabad,3.30 Lakh*
169,2005,Maruti,Maruti Wagon R Lxi Bs Iv,Petrol,Manual,998,"85,240",First,Hyderabad,1.45 Lakh*
170,2017,Datsun,Datsun Go Plus T Bsiv,Petrol,Manual,1198,"42,076",First,Hyderabad,3.50 Lakh*
171,2018,Tata,Tata Nexon 1.5 Revotorq Xza Plus,Diesel,Automatic,1497,"22,280",First,Hyderabad,10.50 Lakh*
172,2006,Tata,Tata Indigo Glx,Petrol,Manual,1396,"1,45,000",Third,Hyderabad,1.25 Lakh*
173,2020,Tata,Tata Altroz Xz Option,Petrol,Manual,1199,"20,000",Second,Hyderabad,6.50 Lakh*
174,2016,Volkswagen,Volkswagen Vento 1.5 Tdi Highline At,Diesel,Automatic,1498,"90,000",First,Hyderabad,7.50 Lakh*
175,2015,Maruti,Maruti Swift Ddis Vdi,Diesel,Automatic,1248,"1,17,000",First,Hyderabad,5.99 Lakh*
176,2017,Toyota,Toyota Fortuner 2.8 4wd Mt,Diesel,Automatic,2755,"48,000",Second,Hyderabad,25 Lakh*
177,2016,Ford,Ford Endeavour 3.2 Titanium At 4x4,Diesel,Automatic,3198,"95,000",Third,Hyderabad,22 Lakh*
178,2012,Land,Land Rover Range Rover Evoque 2.2l Dynamic,Diesel,Automatic,2179,"78,000",First,Hyderabad,15.50 Lakh*
179,2020,Mahindra,Mahindra Xuv300 W6 Diesel,Diesel,Automatic,1497,"27,850",First,Hyderabad,10.50 Lakh*
180,2013,Jaguar,Jaguar Xf 2.2 Litre Luxury,Diesel,Automatic,2179,"66,000",First,Hyderabad,14 Lakh*
181,2016,Bmw,Bmw X1 Xdrive 20d Xline,Diesel,Automatic,1995,"56,000",Second,Hyderabad,19 Lakh*
182,2013,Hyundai,Hyundai I10 Magna 1.1l,Petrol,Manual,1086,"73,373",First,Hyderabad,3.80 Lakh*
183,2013,Maruti,Maruti Swift Vdi,Diesel,Automatic,1248,"1,36,000",Second,Hyderabad,4.65 Lakh*
184,2016,Honda,Honda City I Vtec Cvt Vx,Petrol,Manual,1497,"72,165",First,Hyderabad,8.45 Lakh*
185,2015,Toyota,Toyota Innova 2.5 Z Diesel 7 Seater Bs Iv,Diesel,Automatic,2494,"1,61,505",First,Hyderabad,14.50 Lakh*
186,2011,Ford,Ford Figo Diesel Zxi,Diesel,Automatic,1399,"67,612",First,Hyderabad,2.95 Lakh*
187,2014,Chevrolet,Chevrolet Beat Ls,Petrol,Manual,1199,"66,505",First,Hyderabad,2.65 Lakh*
188,2017,Tata,Tata Tiago 1.2 Revotron Xz,Petrol,Manual,1199,"70,000",First,Hyderabad,4.85 Lakh*
189,2017,Maruti,Maruti Alto K10 Vxi Amt,Petrol,Manual,998,"39,000",First,Hyderabad,4.25 Lakh*
190,2016,Maruti,Maruti Swift Dzire Vdi,Diesel,Automatic,1248,"63,374",First,Hyderabad,6.45 Lakh*
191,2020,Hyundai,Hyundai Grand I10 Nios Asta,Petrol,Manual,1197,"7,000",First,Hyderabad,7.85 Lakh*
192,2021,Maruti,Maruti Swift Vxi Amt,Petrol,Manual,1197,"29,000",First,Hyderabad,7.45 Lakh*
193,2012,Hyundai,Hyundai Verna 1.6 Sx,Diesel,Automatic,1582,"1,36,000",Second,Hyderabad,4.10 Lakh*
194,2016,Skoda,Skoda Rapid 1.5 Tdi At Ambition,Diesel,Automatic,1498,"1,01,802",First,Hyderabad,7.49 Lakh*
195,2018,Hyundai,Hyundai Grand I10 1.2 Kappa Sportz Option,Petrol,Manual,1197,"34,000",First,Hyderabad,5.85 Lakh*
196,2018,Maruti,Maruti Ciaz Delta Diesel,Diesel,Automatic,1248,"88,000",First,Hyderabad,8.50 Lakh*
197,2018,Maruti,Maruti Baleno Alpha Diesel,Diesel,Automatic,1248,"68,323",First,Hyderabad,8.20 Lakh*
198,2020,Hyundai,Hyundai I20 Asta Opt,Petrol,Manual,1197,"48,000",First,Hyderabad,8.65 Lakh*
199,2011,Honda,Honda City 1.5 S Mt,Petrol,Manual,1497,"73,000",First,Hyderabad,4.30 Lakh*
200,2016,Honda,Honda Jazz Vx,Petrol,Manual,1199,"30,000",First,Hyderabad,5.95 Lakh*
201,2020,Tata,Tata Nexon Xma Amt,Petrol,Manual,1199,"28,228",First,Hyderabad,10 Lakh*
202,2017,Tata,Tata Tiago 1.2 Revotron Xta,Petrol,Manual,1199,"58,000",First,Hyderabad,4.85 Lakh*
203,2015,Mahindra,Mahindra Xuv500 W8 2wd,Diesel,Automatic,2179,"49,000",First,Hyderabad,10.95 Lakh*
204,2016,Maruti,Maruti Ertiga Shvs Vdi,Diesel,Automatic,1248,"96,000",First,Hyderabad,7.95 Lakh*
205,2018,Honda,Honda Wr-v Edge Edition I-vtec S,Petrol,Manual,1199,"50,000",First,Hyderabad,7.85 Lakh*
206,2014,Renault,Renault Duster 85ps Diesel Rxl,Diesel,Automatic,1461,"1,34,000",First,Hyderabad,4.65 Lakh*
207,2019,Mahindra,Mahindra Xuv300 W8 Option,Petrol,Manual,1197,"56,088",First,Hyderabad,10.25 Lakh*
208,2018,Mahindra,Mahindra E Verito D2,,,0,"50,000",First,Hyderabad,4.50 Lakh*
209,2018,Mahindra,Mahindra E Verito D2,,,0,"52,561",First,Hyderabad,4.50 Lakh*
210,2018,Mahindra,Mahindra E Verito D2,,,0,"50,117",First,Hyderabad,4.50 Lakh*
211,2018,Mahindra,Mahindra E Verito D2,,,0,"70,023",First,Hyderabad,4.50 Lakh*
212,2018,Mahindra,Mahindra E Verito D2,,,0,"56,750",First,Hyderabad,4.50 Lakh*
213,2010,Mercedes-benz,Mercedes-benz E-class E250 Cdi Classic,Diesel,Automatic,2143,"68,283",First,Hyderabad,11.50 Lakh*
214,2018,Mahindra,Mahindra E Verito D2,,,0,"62,232",First,Hyderabad,4.50 Lakh*
215,2018,Maruti,Maruti Celerio X Amt Zxi Bsiv,Petrol,Manual,998,"52,606",First,Hyderabad,5.25 Lakh*
216,2019,Maruti,Maruti Vitara Brezza Zdi Amt,Diesel,Automatic,1248,"47,044",First,Hyderabad,9.90 Lakh*
217,2018,Maruti,Maruti Swift Vxi,Petrol,Manual,1197,"34,180",First,Hyderabad,6.25 Lakh*
218,2020,Maruti,Maruti Swift Dzire Vxi,Petrol,Manual,1197,"17,510",First,Hyderabad,7.50 Lakh*
219,2018,Renault,Renault Kwid 1.0 Amt Rxt,Petrol,Manual,999,"33,672",First,Hyderabad,4.20 Lakh*
220,2019,Maruti,Maruti Baleno 1.2 Cvt Delta,Petrol,Manual,1197,"27,120",First,Hyderabad,7.50 Lakh*
221,2017,Maruti,Maruti Alto K10 Vxi Optional,Petrol,Manual,998,"41,372",First,Hyderabad,3.45 Lakh*
222,2008,Maruti,Maruti 800 Ac,Petrol,Manual,796,"38,891",First,Hyderabad,1.15 Lakh*
223,2018,Hyundai,Hyundai Verna Crdi 1.6 Sx Option,Diesel,Automatic,1582,"93,000",First,Hyderabad,9.50 Lakh*
224,2014,Volkswagen,Volkswagen Polo 1.5 Tdi Highline,Diesel,Automatic,1498,"93,000",First,Hyderabad,4.50 Lakh*
225,2014,Maruti,Maruti Wagon R Vxi,Petrol,Manual,998,"81,000",First,Hyderabad,3.59 Lakh*
226,2006,Skoda,Skoda New Laura L And K At,Diesel,Automatic,1896,"98,000",Second,Hyderabad,1.95 Lakh*
227,2020,Kia,Kia Seltos Gtx Plus At D,Diesel,Automatic,1493,"36,000",First,Hyderabad,17.75 Lakh*
228,2012,Hyundai,Hyundai Verna 1.6 Sx,Diesel,Automatic,1582,"90,331",First,Hyderabad,4.75 Lakh*
229,2015,Hyundai,Hyundai Xcent 1.1 Crdi S,Diesel,Automatic,1120,"91,000",Second,Hyderabad,3.45 Lakh*
230,2010,Maruti,Maruti Swift Dzire Vdi,Diesel,Automatic,1248,"85,863",Second,Hyderabad,3.55 Lakh*
231,2013,Maruti,Maruti Alto 800 Vxi,Petrol,Manual,796,"74,000",First,Hyderabad,2.60 Lakh*
232,2018,Maruti,Maruti Swift Amt Vdi,Diesel,Automatic,1248,"76,000",First,Hyderabad,6.65 Lakh*
233,2004,Mercedes-benz,Mercedes-benz C-class 200 K At,Petrol,Manual,1796,"59,106",First,Hyderabad,4.35 Lakh*
234,2017,Maruti,Maruti Sx4 S Cross Ddis 200 Zeta,Diesel,Automatic,1248,"88,000",First,Hyderabad,7.80 Lakh*
235,2010,Hyundai,Hyundai I10 Sportz,Petrol,Manual,1197,"1,15,733",First,Hyderabad,2.95 Lakh*
236,2017,Honda,Honda City Cvt,Petrol,Manual,1497,"38,790",First,Hyderabad,12.90 Lakh*
237,2018,Mahindra,Mahindra Xuv500 W11 Bsiv,Diesel,Automatic,2179,"1,42,000",First,Hyderabad,16.50 Lakh*
238,2016,Mercedes-benz,Mercedes-benz C-class C 220d Avantgarde Edition C,Diesel,Automatic,2143,"1,02,000",First,Hyderabad,29.50 Lakh*
239,2019,Mercedes-benz,Mercedes-benz E-class All-terrain E 220 D,Diesel,Automatic,1950,"20,501",First,Hyderabad,54 Lakh*
240,2015,Maruti,Maruti Wagon R Lxi Optional,Petrol,Manual,998,"69,000",First,Hyderabad,4.40 Lakh*
241,2018,Skoda,Skoda Rapid 1.6 Mpi Style Bsiv,Petrol,Manual,1598,"50,000",First,Hyderabad,8.80 Lakh*
242,2020,Toyota,Toyota Innova Crysta 2.4 Vx Mt 8 Str,Diesel,Automatic,2393,"20,629",First,Hyderabad,25 Lakh*
243,2017,Hyundai,Hyundai Eon Magna,Petrol,Manual,814,"40,000",First,Hyderabad,3.70 Lakh*
244,2020,Tata,Tata Altroz Xz,Petrol,Manual,1199,"15,000",First,Hyderabad,9 Lakh*
245,2016,Maruti,Maruti Swift Vdi,Diesel,Automatic,1248,"1,29,258",First,Hyderabad,6.35 Lakh*
246,2015,Volkswagen,Volkswagen Polo 1.5 Tdi Highline,Diesel,Automatic,1498,"96,000",First,Hyderabad,5.85 Lakh*
247,2014,Honda,Honda City I Dtec V,Diesel,Automatic,1498,"85,000",First,Hyderabad,6.10 Lakh*
248,2012,Fiat,Fiat Linea 1.3 Emotion,Diesel,Automatic,1248,"98,000",First,Hyderabad,3.50 Lakh*
249,2011,Hyundai,Hyundai Verna 1.6 Sx Vtvt At,Petrol,Manual,1591,"94,000",First,Hyderabad,4.95 Lakh*
250,2014,Maruti,Maruti Ritz Ldi,Diesel,Automatic,1248,"98,000",First,Hyderabad,3.50 Lakh*
251,2013,Volkswagen,Volkswagen Polo Diesel Highline 1.2l,Diesel,Automatic,1199,"94,000",First,Hyderabad,3.95 Lakh*
252,2013,Hyundai,Hyundai Verna 1.6 Sx,Diesel,Automatic,1582,"96,837",First,Hyderabad,5.25 Lakh*
253,2019,Maruti,Maruti Baleno Alpha,Petrol,Manual,1197,"43,000",First,Hyderabad,7.95 Lakh*
254,2015,Maruti,Maruti Ertiga Zdi,Diesel,Automatic,1248,"83,260",Second,Hyderabad,7 Lakh*
255,2018,Renault,Renault Lodgy Stepway 110ps Rxz 8s,Diesel,Automatic,1461,"83,874",First,Hyderabad,9.50 Lakh*
256,2013,Ford,Ford Figo Diesel Zxi,Diesel,Automatic,1399,"1,00,000",First,Hyderabad,2.90 Lakh*
257,2009,Maruti,Maruti Alto Lxi,Petrol,Manual,796,"9,360",First,Hyderabad,1.95 Lakh*
258,2017,Jeep,Jeep Compass 2.0 Limited Option 4x4,Diesel,Automatic,1956,"37,000",First,Hyderabad,16.90 Lakh*
259,2018,Maruti,Maruti Ertiga Shvs Vdi,Diesel,Automatic,1248,"1,03,000",First,Hyderabad,10.70 Lakh*
260,2015,Toyota,Toyota Innova 2.5 G (diesel) 7 Seater,Diesel,Automatic,2494,"1,30,000",First,Hyderabad,12.20 Lakh*
261,2014,Maruti,Maruti Alto 800 Lxi,Petrol,Manual,796,"56,000",First,Hyderabad,2.80 Lakh*
262,2019,Hyundai,Hyundai Verna Crdi 1.6 Sx Option,Diesel,Automatic,1582,"52,000",First,Hyderabad,12.50 Lakh*
263,2012,Skoda,Skoda Rapid 1.6 Tdi Ambition,Diesel,Automatic,1598,"1,00,000",First,Hyderabad,3.95 Lakh*
264,2014,Mahindra,Mahindra Xuv500 W6 2wd,Diesel,Automatic,2179,"1,03,000",First,Hyderabad,8.30 Lakh*
265,2019,Maruti,Maruti Swift Vdi,Diesel,Automatic,1248,"62,000",First,Hyderabad,7.80 Lakh*
266,2016,Tata,Tata Tiago 1.2 Revotron Xz,Petrol,Manual,1199,"61,000",First,Hyderabad,4.80 Lakh*
267,2004,Maruti,Maruti Wagon R Lxi,Petrol,Manual,998,"24,563",First,Hyderabad,1.50 Lakh*
268,2013,Maruti,Maruti Alto 800 Lxi,Petrol,Manual,796,"84,000",First,Hyderabad,2.60 Lakh*
269,2013,Volkswagen,Volkswagen Vento Diesel Comfortline,Diesel,Automatic,1598,"65,000",First,Hyderabad,4.80 Lakh*
270,2015,Maruti,Maruti Baleno 1.3 Delta,Diesel,Automatic,1248,"60,000",First,Hyderabad,6 Lakh*
271,2019,Hyundai,Hyundai Grand I10 Nios Asta,Petrol,Manual,1197,"16,000",First,Hyderabad,7.35 Lakh*
272,2019,Maruti,Maruti Wagon R Zxi 1.2bsiv,Petrol,Manual,1197,"39,000",First,Hyderabad,5.65 Lakh*
273,2014,Nissan,Nissan Terrano Xe 85 Ps,Diesel,Automatic,1461,"8,60,000",First,Hyderabad,4.85 Lakh*
274,2015,Hyundai,Hyundai Eon 1.0 Kappa Magna Plus,Petrol,Manual,998,"37,348",First,Hyderabad,3.75 Lakh*
275,2015,Honda,Honda Amaze Vx I-dtec,Diesel,Automatic,1498,"54,000",First,Hyderabad,5.60 Lakh*
276,2012,Chevrolet,Chevrolet Beat Diesel Lt,Diesel,Automatic,936,"60,000",First,Hyderabad,2.60 Lakh*
277,2015,Honda,Honda Mobilio V I-dtec,Diesel,Automatic,1498,"80,000",First,Hyderabad,6.45 Lakh*
278,2010,Hyundai,Hyundai I10 Era 1.1,Petrol,Manual,1086,"65,000",First,Hyderabad,2.80 Lakh*
279,2012,Hyundai,Hyundai Verna 1.6 Sx Crdi (o),Diesel,Automatic,1582,"94,000",First,Hyderabad,4.95 Lakh*
280,2005,Maruti,Maruti Zen Vxi,Petrol,Manual,993,"70,000",Second,Hyderabad,1 Lakh*
281,2013,Mahindra,Mahindra Xuv500 W8 Fwd,Diesel,Automatic,2179,"1,46,565",First,Hyderabad,5.50 Lakh*
282,2013,Ford,Ford Ecosport 1.5 Dv5 Mt Titanium,Diesel,Automatic,1498,"76,000",Second,Hyderabad,5.50 Lakh*
283,2020,Kia,Kia Sonet Htx Plus Turbo Imt Dt,Petrol,Manual,998,"22,000",First,Hyderabad,12.75 Lakh*
284,2018,Honda,Honda Amaze Vx Petrol,Petrol,Manual,1199,"17,700",First,Hyderabad,6.95 Lakh*
285,2021,Maruti,Maruti Vitara Brezza Vxi,Petrol,Manual,1462,"40,000",First,Hyderabad,9.70 Lakh*
286,2010,Maruti,Maruti Wagon R Vxi,Petrol,Manual,998,"72,000",First,Hyderabad,2.45 Lakh*
287,2013,Maruti,Maruti Wagon R Lxi Cng,,,998,"74,000",First,Hyderabad,3.15 Lakh*
288,2019,Maruti,Maruti Vitara Brezza Zdi,Diesel,Automatic,1248,"77,759",First,Hyderabad,9.95 Lakh*
289,2012,Porsche,Porsche Cayenne Diesel,Diesel,Automatic,2967,"1,10,000",Second,Hyderabad,18.50 Lakh*
290,2015,Mercedes-benz,Mercedes-benz Cla 200 Cdi Sport,Diesel,Automatic,2143,"85,000",Third,Hyderabad,16.50 Lakh*
291,2009,Skoda,Skoda New Laura 1.9 Tdi At Ambiente,Diesel,Automatic,1896,"1,17,000",Second,Hyderabad,4.50 Lakh*
292,2013,Toyota,Toyota Fortuner 4x4 Mt,Diesel,Automatic,2982,"1,46,000",First,Hyderabad,12.25 Lakh*
293,2014,Bmw,Bmw 5 Series 525d Luxury Line,Diesel,Automatic,1995,"70,000",Second,Hyderabad,16.50 Lakh*
294,2015,Toyota,Toyota Fortuner 4x4 At,Diesel,Automatic,2982,"1,60,000",First,Hyderabad,16 Lakh*
295,2017,Maruti,Maruti Swift Dzire Ags Zdi Plus,Diesel,Automatic,1248,"82,085",First,Hyderabad,7.95 Lakh*
296,2011,Maruti,Maruti Alto Green Lxi (cng),,,796,"88,000",First,Hyderabad,2.15 Lakh*
297,2015,Hyundai,Hyundai I20 Sportz 1.4 Crdi,Diesel,Automatic,1396,"61,216",First,Hyderabad,6.40 Lakh*
298,2013,Skoda,Skoda Rapid 1.6 Tdi Ambition,Diesel,Automatic,1598,"80,000",First,Hyderabad,4.95 Lakh*
299,2012,Hyundai,Hyundai Verna 1.4 Crdi,Diesel,Automatic,1396,"70,000",First,Hyderabad,4.95 Lakh*
300,2017,Maruti,Maruti Swift Dzire Amt Vxi Bs Iv,Petrol,Manual,1197,"37,851",Second,Hyderabad,5.95 Lakh*
301,2017,Maruti,Maruti Celerio Vxi Amt,Petrol,Manual,998,"69,569",First,Hyderabad,5.20 Lakh*
302,2020,Hyundai,Hyundai Grand I10 Nios Amt Sportz,Petrol,Manual,1197,"33,088",First,Hyderabad,7.50 Lakh*
303,2016,Volvo,Volvo Xc 90 D5 Inscription Bsiv,Diesel,Automatic,1969,"1,33,000",First,Hyderabad,42.50 Lakh*
304,2006,Hyundai,Hyundai Santro Xing Xo,Petrol,Manual,1086,"69,000",First,Hyderabad,1.70 Lakh*
305,2012,Maruti,Maruti Swift Dzire Lxi,Petrol,Manual,1197,"65,207",First,Hyderabad,4.35 Lakh*
306,2019,Maruti,Maruti Swift Amt Zdi,Diesel,Automatic,1248,"19,100",First,Hyderabad,7.20 Lakh*
307,2014,Mahindra,Mahindra Xuv500 W8 2wd,Diesel,Automatic,2179,"9,00,400",First,Hyderabad,8.50 Lakh*
308,2016,Honda,Honda Jazz S Diesel,Diesel,Automatic,1498,"74,000",First,Hyderabad,6.25 Lakh*
309,2014,Mahindra,Mahindra Xuv500 W6 2wd,Diesel,Automatic,2179,"90,300",First,Hyderabad,8.75 Lakh*
310,2013,Toyota,Toyota Innova 2.5 Gx (diesel) 8 Seater Bs Iv,Diesel,Automatic,2494,"1,85,000",Third,Hyderabad,7 Lakh*
311,2013,Volkswagen,Volkswagen Polo Diesel Highline 1.2l,Diesel,Automatic,1199,"87,000",Second,Hyderabad,4.25 Lakh*
312,2020,Mahindra,Mahindra Marazzo M8,Diesel,Automatic,1497,"37,777",First,Hyderabad,14.50 Lakh*
313,2018,Renault,Renault Kwid 1.0 Rxt,Petrol,Manual,999,"53,000",First,Hyderabad,3.90 Lakh*
314,2008,Maruti,Maruti Zen Estilo Vxi Bsiii,Petrol,Manual,998,"83,000",Third,Hyderabad,1.30 Lakh*
315,2017,Hyundai,Hyundai Xcent 1.1 Crdi Base,Diesel,Automatic,1120,"1,02,000",First,Hyderabad,4 Lakh*
316,2016,Toyota,Toyota Innova Crysta 2.4 Vx Mt 8s Bsiv,Diesel,Automatic,2393,"1,04,000",First,Hyderabad,18 Lakh*
317,2013,Renault,Renault Duster 85ps Diesel Rxl,Diesel,Automatic,1461,"1,14,000",First,Hyderabad,5.15 Lakh*
318,2020,Maruti,Maruti Baleno 1.2 Delta,Petrol,Manual,1197,"27,616",First,Hyderabad,6.85 Lakh*
319,2015,Hyundai,Hyundai Creta 1.6 Crdi At Sx Plus,Diesel,Automatic,1582,"99,000",First,Hyderabad,10.65 Lakh*
320,2015,Maruti,Maruti Ertiga Zdi Plus,Diesel,Automatic,1248,"89,000",First,Hyderabad,8.25 Lakh*
321,2011,Hyundai,Hyundai I10 Sportz At,Petrol,Manual,1197,"91,835",First,Hyderabad,3.35 Lakh*
322,2020,Tata,Tata Harrier Xza Plus Dual Tone At,Diesel,Automatic,1956,"53,000",First,Hyderabad,21 Lakh*
323,2017,Renault,Renault Kwid 1.0 Rxt,Petrol,Manual,999,"40,398",First,Hyderabad,3.95 Lakh*
324,2005,Hyundai,Hyundai Santro Xing Xl,Petrol,Manual,1086,"58,000",First,Hyderabad,1.70 Lakh*
325,2020,Volkswagen,Volkswagen Ameo 1.5 Tdi Trendline,Diesel,Automatic,1498,"25,000",First,Hyderabad,7 Lakh*
326,2017,Maruti,Maruti Celerio Vxi,Petrol,Manual,998,"35,216",First,Hyderabad,4.45 Lakh*
327,2011,Skoda,Skoda New Laura Ambiente 2.0 Tdi Cr At,Diesel,Automatic,1968,"87,200",First,Hyderabad,3.75 Lakh*
328,2017,Maruti,Maruti Swift Vxi,Petrol,Manual,1197,"69,500",First,Hyderabad,5.35 Lakh*
329,2018,Renault,Renault Kwid Rxt,Petrol,Manual,799,"48,000",First,Hyderabad,4.45 Lakh*
330,2011,Maruti,Maruti Swift Vxi Bsiii,Petrol,Manual,1298,"71,000",First,Hyderabad,3.85 Lakh*
331,2012,Maruti,Maruti Ritz Vdi,Diesel,Automatic,1248,"86,000",First,Hyderabad,3.50 Lakh*
332,2015,Renault,Renault Duster 85ps Diesel Rxl,Diesel,Automatic,1461,"88,000",First,Hyderabad,5.85 Lakh*
333,2020,Hyundai,Hyundai Venue S,Petrol,Manual,1197,"32,366",First,Hyderabad,8.50 Lakh*
334,2016,Toyota,Toyota Innova Crysta 2.4 G Mt 8 Str,Diesel,Automatic,2393,"1,72,000",First,Hyderabad,15.50 Lakh*
335,2014,Fiat,Fiat Punto 1.3 Active,Diesel,Automatic,1248,"84,523",First,Hyderabad,3.95 Lakh*
336,2010,Hyundai,Hyundai Verna Transform Sx Vgt Crdi,Diesel,Automatic,1493,"75,000",First,Hyderabad,2.90 Lakh*
337,2017,Ford,Ford Ecosport 1.5 Diesel Ambiente Bsiv,Diesel,Automatic,1498,"80,000",First,Hyderabad,7.25 Lakh*
338,2013,Mahindra,Mahindra Xuv500 W8 Awd,Diesel,Automatic,2179,"83,000",First,Hyderabad,7.60 Lakh*
339,2020,Toyota,Toyota Innova Crysta 2.4 Vx 8 Str,Diesel,Automatic,2393,"43,000",First,Hyderabad,26.50 Lakh*
340,2017,Tata,Tata Tiago 1.2 Revotron Xza,Petrol,Manual,1199,"31,000",First,Hyderabad,5.75 Lakh*
341,2013,Volkswagen,Volkswagen Vento 1.5 Tdi Highline,Diesel,Automatic,1498,"83,000",First,Hyderabad,4.85 Lakh*
342,2018,Hyundai,Hyundai I20 1.2 Asta,Petrol,Manual,1197,"45,000",First,Hyderabad,7.90 Lakh*
343,2012,Volkswagen,Volkswagen Vento Diesel Trendline,Diesel,Automatic,1598,"88,000",Second,Hyderabad,3.05 Lakh*
344,2003,Toyota,Toyota Corolla H1,Petrol,Manual,1794,"1,12,000",Second,Hyderabad,1.65 Lakh*
345,2008,Hyundai,Hyundai Santro Xing Gls,Petrol,Manual,1086,"73,000",First,Hyderabad,1.95 Lakh*
346,2016,Hyundai,Hyundai Eon Era Plus Option,Petrol,Manual,814,"26,000",First,Hyderabad,3.26 Lakh*
347,2011,Toyota,Toyota Innova 2.5 V Diesel 7-seater,Diesel,Automatic,2494,"1,50,551",First,Hyderabad,8.20 Lakh*
348,2017,Maruti,Maruti Vitara Brezza Zdi Plus,Diesel,Automatic,1248,"59,000",First,Hyderabad,9 Lakh*
349,2020,Maruti,Maruti Sx4 S Cross Zeta,Petrol,Manual,1462,"24,093",First,Hyderabad,10.20 Lakh*
350,2018,Toyota,Toyota Fortuner 2.8 4wd Mt Bsiv,Diesel,Automatic,2755,"51,000",First,Hyderabad,34.70 Lakh*
351,2015,Honda,Honda Amaze Vx I-dtec,Diesel,Automatic,1498,"63,000",First,Hyderabad,5.30 Lakh*
352,2015,Honda,Honda Amaze S I-vtech,Petrol,Manual,1198,"70,271",First,Hyderabad,4.45 Lakh*
353,2019,Maruti,Maruti Swift Vdi,Diesel,Automatic,1248,"57,000",First,Hyderabad,6.80 Lakh*
354,2015,Toyota,Toyota Etios Cross 1.2l G,Petrol,Manual,1197,"63,042",First,Hyderabad,6.30 Lakh*
355,2017,Maruti,Maruti Sx4 S Cross Ddis 200 Zeta,Diesel,Automatic,1248,"1,32,843",First,Hyderabad,8.50 Lakh*
356,2014,Maruti,Maruti Swift Dzire Vdi,Diesel,Automatic,1248,"82,283",First,Hyderabad,5.75 Lakh*
357,2009,Maruti,Maruti Swift Vdi Bsiv,Diesel,Automatic,1248,"90,117",First,Hyderabad,3.10 Lakh*
358,2016,Maruti,Maruti Ciaz Vdi Shvs,Diesel,Automatic,1248,"72,889",First,Hyderabad,6.95 Lakh*
359,2017,Maruti,Maruti Swift Ddis Vdi,Diesel,Automatic,1248,"67,792",First,Hyderabad,6.80 Lakh*
360,2019,Maruti,Maruti Swift Dzire Amt Vdi,Diesel,Automatic,1248,"38,195",First,Hyderabad,8.90 Lakh*
361,2013,Maruti,Maruti Ertiga Zdi,Diesel,Automatic,1248,"92,738",First,Hyderabad,6.80 Lakh*
362,2021,Kia,Kia Seltos Htx D,Diesel,Automatic,1493,"12,000",First,Hyderabad,17.25 Lakh*
363,2017,Hyundai,Hyundai Grand I10 1.2 Kappa Asta,Petrol,Manual,1197,"25,000",Second,Hyderabad,4.60 Lakh*
364,2010,Maruti,Maruti Swift Dzire Zdi,Diesel,Automatic,1248,"1,20,000",Third,Hyderabad,2.90 Lakh*
365,2018,Maruti,Maruti Alto K10 Vxi,Petrol,Manual,998,"35,000",First,Hyderabad,3.75 Lakh*
366,2015,Maruti,Maruti Swift Vdi Bsiv,Diesel,Automatic,1248,"83,000",First,Hyderabad,5.45 Lakh*
367,2014,Maruti,Maruti Alto K10 Vxi,Petrol,Manual,998,"47,000",First,Hyderabad,3.25 Lakh*
368,2010,Chevrolet,Chevrolet Spark 1.0 Ls,Petrol,Manual,995,"88,000",Second,Hyderabad,1.55 Lakh*
369,2011,Ford,Ford Figo Diesel Zxi,Diesel,Automatic,1399,"78,000",Second,Hyderabad,1.85 Lakh*
370,2006,Honda,Honda City Gxi,Petrol,Manual,1497,"1,00,000",Third,Hyderabad,"80,000*"
371,2012,Maruti,Maruti Wagon R Cng Lxi Bsiv,,,998,"61,000",First,Hyderabad,3.35 Lakh*
372,2007,Honda,Honda City Gxi,Petrol,Manual,1497,"1,10,000",Second,Hyderabad,1.80 Lakh*
373,2015,Ford,Ford Aspire 1.5 Tdci Ambiente,Diesel,Automatic,1498,"81,529",First,Hyderabad,4.74 Lakh*
374,2018,Jeep,Jeep Compass 2.0 Sport,Diesel,Automatic,1956,"73,750",First,Hyderabad,16 Lakh*
375,2014,Maruti,Maruti Ertiga Zdi,Diesel,Automatic,1248,"89,000",First,Hyderabad,7.25 Lakh*
376,2011,Maruti,Maruti Wagon R Lxi Duo Bs Iv,,,998,"85,000",First,Hyderabad,2.95 Lakh*
377,2015,Maruti,Maruti Celerio Vxi,Petrol,Manual,998,"78,500",First,Hyderabad,4.25 Lakh*
378,2017,Mahindra,Mahindra Xuv500 At W6 2wd,Diesel,Automatic,2179,"37,770",First,Hyderabad,12.50 Lakh*
379,2012,Maruti,Maruti Wagon R Lxi Bs Iv,Petrol,Manual,998,"31,000",First,Hyderabad,3.35 Lakh*
380,2007,Maruti,Maruti Swift Vdi Bsiii,Diesel,Automatic,1248,"94,000",Second,Hyderabad,2.55 Lakh*
381,2018,Honda,Honda Jazz 1.2 Vx I Vtec,Petrol,Manual,1199,"22,000",First,Hyderabad,6.45 Lakh*
382,2021,Nissan,Nissan Magnite Turbo Xv,Petrol,Manual,999,"4,898",First,Hyderabad,8 Lakh*
383,2021,Kia,Kia Seltos Anniversary Edition D,Diesel,Automatic,1493,"82,574",First,Hyderabad,17 Lakh*
384,2019,Honda,Honda Amaze V Diesel Bsiv,Diesel,Automatic,1498,"33,495",First,Hyderabad,8.50 Lakh*
385,2016,Maruti,Maruti Swift Dzire Vdi,Diesel,Automatic,1248,"85,000",First,Hyderabad,6.50 Lakh*
386,2004,Toyota,Toyota Qualis Gs G9,Diesel,Automatic,2446,"1,20,000",Third,Hyderabad,2.20 Lakh*
387,2014,Honda,Honda Amaze Vx I-dtec,Diesel,Automatic,1498,"72,000",First,Hyderabad,4.50 Lakh*
388,2014,Maruti,Maruti Ertiga Zdi,Diesel,Automatic,1248,"43,000",First,Hyderabad,7.20 Lakh*
389,2019,Maruti,Maruti Wagon R Zxi Amt 1.2bsiv,Petrol,Manual,1197,"43,200",First,Hyderabad,6.19 Lakh*
390,2017,Maruti,Maruti Wagon R Vxi Plus,Petrol,Manual,998,"38,800",Second,Hyderabad,4.69 Lakh*
391,2021,Volvo,Volvo S90 B5 Inscription,Petrol,Manual,1969,"32,000",First,Hyderabad,52 Lakh*
392,2021,Nissan,Nissan Magnite Xe,Petrol,Manual,999,"27,618",First,Hyderabad,7.25 Lakh*
393,2019,Maruti,Maruti Sx4 S Cross Delta Ddis 200 Sh,Diesel,Automatic,1248,"64,000",First,Hyderabad,9.50 Lakh*
394,2013,Mahindra,Mahindra Xuv500 W8 Fwd,Diesel,Automatic,2179,"94,808",First,Hyderabad,7.25 Lakh*
395,2008,Hyundai,Hyundai I10 Magna,Petrol,Manual,1197,"60,000",First,Hyderabad,2.35 Lakh*
396,2019,Tata,Tata Harrier Xz,Diesel,Automatic,1956,"1,05,769",First,Hyderabad,17 Lakh*
397,2011,Skoda,Skoda Superb Elegance 2.0 Tdi Cr At,Diesel,Automatic,1968,"1,12,000",First,Hyderabad,6.25 Lakh*
398,2017,Hyundai,Hyundai Eon 1.0 Era Plus,Petrol,Manual,998,"69,600",First,Hyderabad,2.90 Lakh*
399,2021,Maruti,Maruti Baleno 1.2 Zeta,Petrol,Manual,1197,"33,130",First,Hyderabad,8.24 Lakh*
400,2015,Mahindra,Mahindra Xuv500 W10 2wd,Diesel,Automatic,2179,"86,000",First,Hyderabad,12.50 Lakh*
401,2018,Mercedes-benz,Mercedes-benz Gle 350d,Diesel,Automatic,2987,"80,000",First,Hyderabad,57.99 Lakh*
402,2016,Hyundai,Hyundai Xcent 1.2 Crdi Sx,Diesel,Automatic,1186,"74,000",First,Hyderabad,4.60 Lakh*
403,2011,Bmw,Bmw X1 Sdrive20d,Diesel,Automatic,1995,"1,01,000",First,Hyderabad,10.99 Lakh*
404,2019,Maruti,Maruti Vitara Brezza Vdi,Diesel,Automatic,1248,"72,730",First,Hyderabad,8.80 Lakh*
405,2019,Ford,Ford Endeavour Titanium Plus 4x4,Diesel,Automatic,3198,"49,000",Second,Hyderabad,36.50 Lakh*
406,2007,Mahindra,Mahindra Scorpio 2.6 Turbo 7 Str,Diesel,Automatic,2609,"1,10,000",Second,Hyderabad,2.65 Lakh*
407,2016,Mercedes-benz,Mercedes-benz Cla 200 Cdi Sport,Diesel,Automatic,2143,"60,000",First,Hyderabad,25.99 Lakh*
408,2017,Hyundai,Hyundai I20 Active 1.2 Sx,Petrol,Manual,1197,"53,000",First,Hyderabad,7.90 Lakh*
409,2013,Honda,Honda Amaze Vx O Idtec,Diesel,Automatic,1498,"88,000",Second,Hyderabad,4.30 Lakh*
410,2011,Audi,Audi A4 1.8 Tfsi Multitronic,Petrol,Manual,1798,"1,15,000",Second,Hyderabad,6.85 Lakh*
411,2019,Jeep,Jeep Compass 2.0 Limited Plus 4x4 Bsiv,Diesel,Automatic,1956,"27,000",First,Hyderabad,21.99 Lakh*
412,2006,Hyundai,Hyundai Getz Gls,Petrol,Manual,1341,"80,000",Second,Hyderabad,1.25 Lakh*
413,2015,Maruti,Maruti Ertiga Zdi,Diesel,Automatic,1248,"82,801",First,Hyderabad,7.80 Lakh*
414,2020,Renault,Renault Kwid Climber 1.0 Mt Opt,Petrol,Manual,999,"37,184",First,Hyderabad,4.60 Lakh*
415,2015,Maruti,Maruti Wagon R Vxi,Petrol,Manual,998,"72,463",First,Hyderabad,3.95 Lakh*
416,2017,Nissan,Nissan Micra Xl Cvt,Petrol,Manual,1198,"35,400",First,Hyderabad,5.45 Lakh*
417,2007,Honda,Honda Civic 1.8 V Mt,Petrol,Manual,1799,"32,000",First,Hyderabad,4 Lakh*
418,2021,Tata,Tata Harrier Xza Plus Dual Tone At,Diesel,Automatic,1956,"2,174",First,Hyderabad,22.90 Lakh*
419,2013,Hyundai,Hyundai Grand I10 Crdi Magna,Diesel,Automatic,1120,"96,000",First,Hyderabad,3.85 Lakh*
420,2009,Hyundai,Hyundai Accent Executive,Petrol,Manual,1495,"55,000",First,Hyderabad,2.25 Lakh*
421,2017,Maruti,Maruti Swift Dzire Vdi Optional,Diesel,Automatic,1248,"1,12,959",First,Hyderabad,6.90 Lakh*
422,2013,Maruti,Maruti Swift Vdi,Diesel,Automatic,1248,"90,000",First,Hyderabad,4.45 Lakh*
423,2015,Maruti,Maruti Swift Dzire Zdi,Diesel,Automatic,1248,"75,000",First,Hyderabad,6.50 Lakh*
424,2010,Tata,Tata Manza Club Class Quadrajet90 Ls,Diesel,Automatic,1248,"85,000",First,Hyderabad,2 Lakh*
425,2006,Hyundai,Hyundai Santro Dx,Petrol,Manual,999,"1,10,000",Third,Hyderabad,1.50 Lakh*
426,2017,Hyundai,Hyundai I20 1.2 Magna Executive,Petrol,Manual,1197,"38,000",First,Hyderabad,6.35 Lakh*
427,2015,Volkswagen,Volkswagen Vento 1.5 Tdi Highline At,Diesel,Automatic,1498,"90,600",First,Hyderabad,6.95 Lakh*
428,2012,Hyundai,Hyundai I10 Magna 1.1l,Petrol,Manual,1086,"75,000",First,Hyderabad,3.35 Lakh*
429,2012,Nissan,Nissan Sunny Diesel Xl,Diesel,Automatic,1461,"86,000",First,Hyderabad,4.25 Lakh*
430,2015,Maruti,Maruti Swift Ddis Zdi,Diesel,Automatic,1248,"89,000",First,Hyderabad,5.75 Lakh*
431,2011,Bmw,Bmw X1 Sdrive 20d Exclusive,Diesel,Automatic,1995,"88,539",First,Hyderabad,9.50 Lakh*
432,2014,Hyundai,Hyundai Santro Xing Gls,Petrol,Manual,1086,"40,000",First,Hyderabad,3.25 Lakh*
433,2014,Hyundai,Hyundai Verna 1.6 Sx Crdi (o),Diesel,Automatic,1582,"1,00,000",First,Hyderabad,6 Lakh*
434,2020,Mg,Mg Hector Style Mt Bsiv,Petrol,Manual,1451,"25,750",First,Hyderabad,15.28 Lakh*
435,2013,Volkswagen,Volkswagen Vento Diesel Highline,Diesel,Automatic,1598,"86,278",First,Hyderabad,4.75 Lakh*
436,2015,Hyundai,Hyundai Verna 1.6 Sx,Diesel,Automatic,1582,"87,614",First,Hyderabad,7.30 Lakh*
437,2012,Maruti,Maruti Swift Vdi,Diesel,Automatic,1248,"71,896",First,Hyderabad,4.25 Lakh*
438,2011,Tata,Tata Manza Elan Quadrajet Bs Iv,Diesel,Automatic,1248,"68,000",First,Hyderabad,3.05 Lakh*
439,2019,Mahindra,Mahindra Xuv300 W8 Option Diesel Bsiv,Diesel,Automatic,1497,"67,000",First,Hyderabad,11.50 Lakh*
440,2013,Hyundai,Hyundai Eon Magna Plus,Petrol,Manual,814,"72,000",First,Hyderabad,2.65 Lakh*
441,2020,Kia,Kia Sonet 1.5 Gtx Plus Diesel,Diesel,Automatic,1493,"35,000",First,Hyderabad,15.50 Lakh*
442,2015,Toyota,Toyota Etios Cross 1.4 Gd,Diesel,Automatic,1364,"1,40,000",First,Hyderabad,5.10 Lakh*
443,2011,Ford,Ford Figo Diesel Titanium,Diesel,Automatic,1399,"96,000",First,Hyderabad,2.50 Lakh*
444,2011,Audi,Audi Q7 3.0 Tdi Quattro,Diesel,Automatic,2967,"1,10,000",First,Hyderabad,9.50 Lakh*
445,2015,Hyundai,Hyundai Verna 1.6 Crdi Sx,Diesel,Automatic,1582,"1,07,691",First,Hyderabad,6.80 Lakh*
446,2016,Maruti,Maruti Swift Ldi Bsiv,Diesel,Automatic,1248,"60,910",First,Hyderabad,5.75 Lakh*
447,2013,Volvo,Volvo V40 Cross Country D3,Diesel,Automatic,1984,"1,29,189",First,Hyderabad,9.90 Lakh*
448,2015,Maruti,Maruti Swift Dzire Zdi,Diesel,Automatic,1248,"82,000",First,Hyderabad,6.50 Lakh*
449,2012,Renault,Renault Duster 85ps Diesel Rxl,Diesel,Automatic,1461,"91,879",First,Hyderabad,4.65 Lakh*
450,2016,Porsche,Porsche Boxster S Tiptronic,Petrol,Manual,2706,"28,000",First,Hyderabad,70 Lakh*
451,2013,Maruti,Maruti Alto 800 Lxi,Petrol,Manual,796,"78,651",First,Hyderabad,2.70 Lakh*
452,2016,Mahindra,Mahindra Kuv 100 Mfalcon D75 K8,Diesel,Automatic,1198,"39,000",First,Hyderabad,5.95 Lakh*
453,2011,Maruti,Maruti Alto Green Lxi (cng),,,796,"79,000",First,Hyderabad,1.85 Lakh*
454,2016,Maruti,Maruti Wagon R Amt Vxi,Petrol,Manual,998,"48,000",First,Hyderabad,4.90 Lakh*
455,2017,Hyundai,Hyundai Grand I10 1.2 Crdi Sportz Option,Diesel,Automatic,1186,"80,000",Second,Hyderabad,4.50 Lakh*
456,2009,Hyundai,Hyundai I20 Magna,Petrol,Manual,1197,"1,21,927",First,Hyderabad,2.95 Lakh*
457,2018,Maruti,Maruti Celerio Zxi,Petrol,Manual,998,"54,167",First,Hyderabad,5.30 Lakh*
458,2017,Maruti,Maruti Wagon R Vxi,Petrol,Manual,998,"41,645",First,Hyderabad,4.15 Lakh*
459,2020,Kia,Kia Seltos Htx Plus D,Diesel,Automatic,1493,"34,941",First,Hyderabad,16.20 Lakh*
460,2021,Maruti,Maruti Ertiga Zxi Plus,Petrol,Manual,1462,"25,000",First,Hyderabad,11.75 Lakh*
461,2011,Bmw,Bmw 5 Series 520d Sedan,Diesel,Automatic,1995,"92,000",First,Hyderabad,14.25 Lakh*
462,2012,Land,Land Rover Freelander 2 Hse Sd4,Diesel,Automatic,2179,"1,35,000",First,Hyderabad,14.75 Lakh*
463,2017,Ford,Ford Ecosport 1.5 Tdci Titanium Plus Bsiv,Diesel,Automatic,1498,"85,000",First,Hyderabad,7.55 Lakh*
464,2017,Ford,Ford Figo 1.5d Titanium Mt,Diesel,Automatic,1498,"72,800",First,Hyderabad,4.75 Lakh*
465,2006,Hyundai,Hyundai Santro Xing Xl Erlx Euro Iii,Petrol,Manual,1086,"80,000",Second,Hyderabad,1.65 Lakh*
466,2018,Hyundai,Hyundai I20 Active Sx Diesel,Diesel,Automatic,1396,"1,07,384",First,Hyderabad,7.80 Lakh*
467,2018,Honda,Honda Br-v Style Edition Diesel V,Diesel,Automatic,1498,"80,054",First,Hyderabad,8.90 Lakh*
468,2015,Honda,Honda Brio S Mt,Petrol,Manual,1198,"52,913",First,Hyderabad,4.25 Lakh*
469,2015,Maruti,Maruti Ciaz Zdi Plus,Diesel,Automatic,1248,"1,02,840",First,Hyderabad,6.60 Lakh*
470,2008,Mercedes-benz,Mercedes-benz S-class 320 Cdi,Diesel,Automatic,2987,"80,000",Second,Hyderabad,8.50 Lakh*
471,2021,Renault,Renault Kwid 1.0 Rxl,Petrol,Manual,999,"25,000",First,Hyderabad,4.50 Lakh*
472,2019,Mahindra,Mahindra Xuv300 W8 Option Dual Tone Diesel Bsiv,Diesel,Automatic,1497,"1,10,000",First,Hyderabad,10.50 Lakh*
473,2016,Mahindra,Mahindra Xuv500 At W10 Fwd,Diesel,Automatic,2179,"1,60,000",Second,Hyderabad,12.50 Lakh*
474,2015,Maruti,Maruti Swift Dzire Vxi,Petrol,Manual,1197,"59,000",First,Hyderabad,5.40 Lakh*
475,2019,Bmw,Bmw 5 Series 520d Luxury Line,Diesel,Automatic,1995,"31,000",Second,Hyderabad,44.50 Lakh*
476,2016,Hyundai,Hyundai Creta 1.6 Crdi Sx,Diesel,Automatic,1582,"1,47,000",Second,Hyderabad,9.95 Lakh*
477,2016,Tata,Tata New Safari Dicor Vx 4x2 Bs Iv,Diesel,Automatic,2179,"1,16,000",Second,Hyderabad,8.75 Lakh*
478,2010,Chevrolet,Chevrolet Spark 1.0 Lt,Petrol,Manual,995,"1,20,000",Second,Hyderabad,1.25 Lakh*
479,2018,Honda,Honda Wr-v I-vtec Vx,Petrol,Manual,1199,"31,600",Second,Hyderabad,8.25 Lakh*
480,2014,Maruti,Maruti Celerio Vxi Optional,Petrol,Manual,998,"84,000",First,Hyderabad,4.25 Lakh*
481,2013,Maruti,Maruti Swift Zdi,Diesel,Automatic,1248,"1,16,000",First,Hyderabad,4.85 Lakh*
482,2019,Ford,Ford Figo 1.5d Titanium Mt,Diesel,Automatic,1498,"39,900",First,Hyderabad,6.95 Lakh*
483,2011,Hyundai,Hyundai I10 Sportz,Petrol,Manual,1197,"50,500",First,Hyderabad,2.99 Lakh*
484,2012,Nissan,Nissan Micra Diesel Xv,Diesel,Automatic,1461,"76,000",First,Hyderabad,3.25 Lakh*
485,2018,Toyota,Toyota Fortuner 2.8 2wd Mt Bsiv,Diesel,Automatic,2755,"1,74,000",First,Hyderabad,29.99 Lakh*
486,2007,Toyota,Toyota Innova 2.5 Vx (diesel) 8 Seater,Diesel,Automatic,2494,"3,00,000",First,Hyderabad,5.25 Lakh*
487,2015,Toyota,Toyota Etios Liva 1.4 Gd,Diesel,Automatic,1364,"71,000",First,Hyderabad,5.60 Lakh*
488,2011,Hyundai,Hyundai I10 Magna 1.1l,Petrol,Manual,1086,"78,000",Second,Hyderabad,2.85 Lakh*
489,2016,Mahindra,Mahindra Tuv 300 T10,Diesel,Automatic,1493,"1,14,000",First,Hyderabad,6.40 Lakh*
490,2013,Renault,Renault Fluence 1.5,Diesel,Automatic,1461,"1,26,000",First,Hyderabad,4.25 Lakh*
491,2016,Tata,Tata Tiago 1.05 Revotorq Xz,Diesel,Automatic,1047,"49,441",First,Hyderabad,4.90 Lakh*
492,2015,Hyundai,Hyundai Verna 1.6 Crdi Sx,Diesel,Automatic,1582,"1,07,000",First,Hyderabad,7.25 Lakh*
493,2010,Hyundai,Hyundai I10 Magna,Petrol,Manual,1197,"84,000",First,Hyderabad,2.85 Lakh*
494,2017,Maruti,Maruti Vitara Brezza Zdi,Diesel,Automatic,1248,"49,000",First,Hyderabad,9.15 Lakh*
495,2006,Ford,Ford Fiesta 1.4 Duratec Exi,Petrol,Manual,1388,"58,000",First,Hyderabad,2.25 Lakh*
496,2019,Mg,Mg Hector Sharp Diesel Mt Bsiv,Diesel,Automatic,1956,"63,000",First,Hyderabad,17.65 Lakh*
497,2015,Jaguar,Jaguar Xf 2.2 Litre Luxury,Diesel,Automatic,2179,"77,405",First,Hyderabad,19.50 Lakh*
498,2016,Volkswagen,Volkswagen Polo 1.5 Tdi Trendline,Diesel,Automatic,1498,"85,000",First,Hyderabad,5.75 Lakh*
499,2018,Hyundai,Hyundai I20 1.2 Asta Option,Petrol,Manual,1197,"50,169",First,Hyderabad,7.50 Lakh*
500,2013,Maruti,Maruti Swift Vdi,Diesel,Automatic,1248,"85,000",Second,Hyderabad,4.50 Lakh*
501,2014,Maruti,Maruti Swift Dzire Vxi,Petrol,Manual,1197,"66,345",First,Hyderabad,4.90 Lakh*
502,2016,Volkswagen,Volkswagen Polo 1.5 Tdi Trendline,Diesel,Automatic,1498,"85,000",First,Hyderabad,5.90 Lakh*
503,2018,Maruti,Maruti Ertiga Vdi,Diesel,Automatic,1248,"1,05,000",First,Hyderabad,10.85 Lakh*
504,2021,Hyundai,Hyundai I20 Sportz Diesel,Diesel,Automatic,1493,"60,000",First,Hyderabad,10.20 Lakh*
505,2019,Tata,Tata Tiago 1.2 Revotron Xe,Petrol,Manual,1199,"70,378",First,Hyderabad,4.30 Lakh*
506,2017,Maruti,Maruti Sx4 S Cross Ddis 320 Zeta,Diesel,Automatic,1598,"1,10,000",First,Hyderabad,8.65 Lakh*
507,2011,Maruti,Maruti Alto K10 2010-2014 Vxi,Petrol,Manual,998,"62,000",Second,Hyderabad,1.95 Lakh*
508,2018,Maruti,Maruti Vitara Brezza Zdi,Diesel,Automatic,1248,"84,800",First,Hyderabad,9.50 Lakh*
509,2007,Maruti,Maruti Sx4 Zxi Bsiii,Petrol,Manual,1586,"60,000",Second,Hyderabad,1.89 Lakh*
510,2016,Honda,Honda City I Vtec Vx,Petrol,Manual,1497,"77,563",First,Hyderabad,7.90 Lakh*
511,2015,Renault,Renault Lodgy 85ps Rxe,Diesel,Automatic,1461,"1,38,116",First,Hyderabad,4.65 Lakh*
512,2011,Hyundai,Hyundai I20 1.2 Asta,Petrol,Manual,1197,"6,33,451",First,Hyderabad,4.25 Lakh*
513,2011,Maruti,Maruti Alto K10 2010-2014 Vxi,Petrol,Manual,998,"40,000",First,Hyderabad,2.45 Lakh*
514,2015,Hyundai,Hyundai I10 Sportz 1.1l,Petrol,Manual,1086,"45,415",First,Hyderabad,3.95 Lakh*
515,2017,Toyota,Toyota Innova Crysta 2.4 G Mt 8s Bsiv,Diesel,Automatic,2393,"1,80,000",First,Hyderabad,16.95 Lakh*
516,2018,Mercedes-benz,Mercedes-benz Cla 200 Cdi Sport,Diesel,Automatic,2143,"38,000",First,Hyderabad,31.50 Lakh*
517,2011,Hyundai,Hyundai Verna 1.6 Sx Vtvt,Petrol,Manual,1591,"96,384",First,Hyderabad,4.30 Lakh*
518,2016,Maruti,Maruti Wagon R Amt Vxi,Petrol,Manual,998,"70,000",First,Hyderabad,4.60 Lakh*
519,2017,Mahindra,Mahindra Bolero Power Plus Zlx,Diesel,Automatic,1493,"1,06,155",First,Hyderabad,7 Lakh*
520,2013,Mahindra,Mahindra Xuv500 W6 2wd,Diesel,Automatic,2179,"75,000",First,Hyderabad,8.99 Lakh*
521,2015,Maruti,Maruti Sx4 S Cross Delta Ddis 200 Sh,Diesel,Automatic,1248,"79,000",First,Hyderabad,6.50 Lakh*
522,2011,Maruti,Maruti Swift Dzire Vdi,Diesel,Automatic,1248,"79,000",First,Hyderabad,3.70 Lakh*
523,2007,Maruti,Maruti Wagon R Duo Lpg,,,998,"11,20,000",First,Hyderabad,1.85 Lakh*
524,2010,Hyundai,Hyundai Accent Executive Lpg,,,1495,"65,000",First,Hyderabad,3.10 Lakh*
525,2014,Skoda,Skoda Octavia Elegance 1.8 Tsi At,Petrol,Manual,1798,"1,00,000",First,Hyderabad,9.80 Lakh*
526,2018,Hyundai,Hyundai Creta 1.6 Crdi Sx Option,Diesel,Automatic,1582,"75,000",First,Hyderabad,14.10 Lakh*
527,2016,Hyundai,Hyundai Grand I10 Crdi Asta,Diesel,Automatic,1120,"58,000",First,Hyderabad,5.10 Lakh*
528,2015,Honda,Honda City I Dtec S,Diesel,Automatic,1498,"1,01,111",First,Hyderabad,6.49 Lakh*
529,2017,Porsche,Porsche Cayman 3.0l,Petrol,Manual,2706,"30,000",Second,Hyderabad,83 Lakh*
530,2010,Maruti,Maruti Alto K10 2010-2014 Vxi,Petrol,Manual,998,"90,000",First,Hyderabad,2.10 Lakh*
531,2018,Maruti,Maruti Swift Dzire Vdi,Diesel,Automatic,1248,"98,000",First,Hyderabad,8.45 Lakh*
532,2020,Jaguar,Jaguar F-pace Prestige 2.0 Petrol,Petrol,Manual,1997,"26,000",First,Hyderabad,62 Lakh*
533,2019,Tata,Tata Harrier Xz Bsiv,Diesel,Automatic,1956,"42,000",First,Hyderabad,17.50 Lakh*
534,2014,Maruti,Maruti Swift Dzire Vdi,Diesel,Automatic,1248,"1,10,239",First,Hyderabad,5.50 Lakh*
535,2012,Hyundai,Hyundai Elantra Crdi Sx,Diesel,Automatic,1582,"76,500",First,Hyderabad,6.25 Lakh*
536,2012,Volvo,Volvo S60 D3,Diesel,Automatic,1985,"85,000",First,Hyderabad,9.65 Lakh*
537,2018,Maruti,Maruti Vitara Brezza Zdi Plus Dual Tone,Diesel,Automatic,1248,"70,000",First,Hyderabad,9.85 Lakh*
538,2015,Hyundai,Hyundai Creta 1.6 Sx Option Diesel,Diesel,Automatic,1582,"93,000",First,Hyderabad,10.45 Lakh*
539,2011,Ford,Ford Figo Diesel Zxi,Diesel,Automatic,1399,"61,000",First,Hyderabad,3.10 Lakh*
540,2015,Mercedes-benz,Mercedes-benz A Class A200 Cdi,Diesel,Automatic,2143,"86,967",First,Hyderabad,19.90 Lakh*
541,2014,Nissan,Nissan Terrano Xv Premium 110 Ps,Diesel,Automatic,1461,"77,803",First,Hyderabad,5.80 Lakh*
542,2018,Honda,Honda City Vtec,Petrol,Manual,1493,"39,633",First,Hyderabad,10.20 Lakh*
543,2018,Bmw,Bmw X5 Xdrive 30d Design Pure Experience 5 Seater,Diesel,Automatic,2993,"45,000",First,Hyderabad,58.50 Lakh*
544,2017,Honda,Honda Amaze S Option I-dtec,Diesel,Automatic,1498,"75,474",First,Hyderabad,7.25 Lakh*
545,2019,Land,Land Rover Range Rover Velar R-dynamic S Diesel,Diesel,Automatic,1999,"21,000",First,Hyderabad,83 Lakh*
546,2019,Maruti,Maruti Alto 800 Lx,Petrol,Manual,796,"56,728",First,Hyderabad,3.60 Lakh*
547,2011,Toyota,Toyota Innova 2.5 Gx (diesel) 7 Seater,Diesel,Automatic,2494,"1,83,000",First,Hyderabad,7.50 Lakh*
548,2015,Audi,Audi A6 35 Tdi Premium,Diesel,Automatic,1968,"78,000",First,Hyderabad,26.99 Lakh*
549,2017,Honda,Honda City I Dtec Vx,Diesel,Automatic,1498,"1,15,634",First,Hyderabad,7.80 Lakh*
550,2020,Land,Land Rover Range Rover Evoque 2.0 Td4 Se,Diesel,Automatic,1999,"26,000",First,Hyderabad,49 Lakh*
551,2021,Toyota,Toyota Fortuner 4x4 Diesel At,Diesel,Automatic,2755,"22,000",Second,Hyderabad,44 Lakh*
552,2020,Jaguar,Jaguar Xf 2.0 Diesel Prestige,Diesel,Automatic,1999,"16,500",First,Hyderabad,45 Lakh*
553,2019,Jaguar,Jaguar F-pace Prestige 2.0 Awd,Diesel,Automatic,1999,"40,000",First,Hyderabad,52 Lakh*
554,2019,Bmw,Bmw 5 Series 520d Luxury Line,Diesel,Automatic,1995,"37,000",First,Hyderabad,46 Lakh*
555,2022,Bmw,Bmw X1 Sdrive20i Xline,Petrol,Manual,1998,"13,000",First,Hyderabad,45 Lakh*
556,2022,Bmw,Bmw 5 Series 530i M Sport,Petrol,Manual,1998,"7,000",First,Hyderabad,69 Lakh*
557,2021,Mercedes-benz,Mercedes-benz Glc Coupe 43 Amg 4matic,Petrol,Manual,2991,"8,000",First,Hyderabad,88 Lakh*
558,2018,Mercedes-benz,Mercedes-benz Gla Class 200 D Sport,Diesel,Automatic,2143,"22,000",First,Hyderabad,29 Lakh*
559,2013,Audi,Audi Q3 2.0 Tdi,Diesel,Automatic,1968,"24,000",Second,Hyderabad,11.50 Lakh*
560,2006,Ford,Ford Fiesta 1.4 Duratec Zxi,Petrol,Manual,1388,"1,20,000",Third,Hyderabad,1.20 Lakh*
561,2011,Maruti,Maruti Swift Vdi Bsiv,Diesel,Automatic,1248,"1,04,513",First,Hyderabad,3.30 Lakh*
562,2017,Hyundai,Hyundai Creta 1.6 Sx Automatic Diesel,Diesel,Automatic,1582,"73,000",First,Hyderabad,13.25 Lakh*
563,2017,Jeep,Jeep Compass 2.0 Sport,Diesel,Automatic,1956,"52,000",First,Hyderabad,15.99 Lakh*
564,2008,Honda,Honda Civic 1.8 V Mt,Petrol,Manual,1799,"1,12,000",First,Hyderabad,3.50 Lakh*
565,2018,Hyundai,Hyundai I20 1.4 Sportz,Diesel,Automatic,1396,"99,000",First,Hyderabad,8.25 Lakh*
566,2003,Toyota,Toyota Qualis Fs F7,Diesel,Automatic,2446,"2,60,000",First,Hyderabad,4.90 Lakh*
567,2014,Maruti,Maruti Alto 800 Lxi,Petrol,Manual,796,"62,000",First,Hyderabad,2.75 Lakh*
568,2009,Toyota,Toyota Innova 2.5 V Diesel 8-seater,Diesel,Automatic,2494,"1,23,000",First,Hyderabad,8.99 Lakh*
569,2011,Volvo,Volvo S60 D5 Summum,Diesel,Automatic,2400,"1,20,000",First,Hyderabad,11 Lakh*
570,2006,Maruti,Maruti Wagon R Lxi Bsii,Petrol,Manual,998,"49,000",First,Hyderabad,2.10 Lakh*
571,2016,Volkswagen,Volkswagen Polo 1.2 Mpi Comfortline,Petrol,Manual,1199,"64,000",First,Hyderabad,6.25 Lakh*
572,2010,Mercedes-benz,Mercedes-benz S-class S 350 Cdi,Diesel,Automatic,2987,"91,000",First,Hyderabad,19.99 Lakh*
573,2017,Volkswagen,Volkswagen Polo 1.5 Tdi Comfortline,Diesel,Automatic,1498,"41,964",First,Hyderabad,7.50 Lakh*
574,2007,Hyundai,Hyundai Santro Xing Xo,Petrol,Manual,1086,"85,000",First,Hyderabad,1.90 Lakh*
575,2016,Maruti,Maruti Swift Dzire Vdi,Diesel,Automatic,1248,"72,365",First,Hyderabad,6.95 Lakh*
576,2017,Hyundai,Hyundai I20 Sportz Option 1.2,Petrol,Manual,1197,"19,000",First,Hyderabad,7.45 Lakh*
577,2014,Jaguar,Jaguar Xf 2.2 Litre Luxury,Diesel,Automatic,2179,"63,000",First,Hyderabad,23.50 Lakh*
578,2007,Honda,Honda City Vtec,Petrol,Manual,1493,"57,000",First,Hyderabad,3.10 Lakh*
579,2010,Volkswagen,Volkswagen Jetta 1.6 Tdi,Diesel,Automatic,1596,"90,000",First,Hyderabad,4.90 Lakh*
580,2013,Audi,Audi A4 2.0 Tdi,Diesel,Automatic,1968,"66,000",First,Hyderabad,15.75 Lakh*
581,2011,Honda,Honda City 1.5 V Elegance,Petrol,Manual,1497,"76,601",First,Hyderabad,4 Lakh*
582,2021,Tata,Tata Harrier Xz Dual Tone,Diesel,Automatic,1956,"16,000",First,Hyderabad,21.50 Lakh*
583,2007,Skoda,Skoda Octavia Classic 1.9 Tdi Mt,Diesel,Automatic,1896,"1,10,000",First,Hyderabad,2.49 Lakh*
584,2018,Honda,Honda Br-v Style Edition Diesel V,Diesel,Automatic,1498,"80,085",First,Hyderabad,9.50 Lakh*
585,2019,Audi,Audi A5 Sportback,Diesel,Automatic,1968,"9,000",First,Hyderabad,54 Lakh*
586,2010,Ford,Ford Figo Diesel Titanium,Diesel,Automatic,1399,"90,000",First,Hyderabad,2.99 Lakh*
587,2019,Hyundai,Hyundai Venue E Diesel,Diesel,Automatic,1493,"89,068",First,Hyderabad,9.75 Lakh*
588,2017,Maruti,Maruti Ciaz Vdi Option Shvs,Diesel,Automatic,1248,"70,000",First,Hyderabad,7.75 Lakh*
589,2014,Skoda,Skoda Octavia Ambition 2.0 Tdi At,Diesel,Automatic,1968,"1,07,000",First,Hyderabad,9.99 Lakh*
590,2012,Bmw,Bmw 3 Series 320d Sport Line,Diesel,Automatic,1995,"83,000",First,Hyderabad,13.50 Lakh*
591,2012,Volkswagen,Volkswagen Jetta 2.0l Tdi Trendline,Diesel,Automatic,1968,"1,07,000",First,Hyderabad,5.99 Lakh*
592,2011,Hyundai,Hyundai I10 Sportz At,Petrol,Manual,1197,"50,000",First,Hyderabad,4.25 Lakh*
593,2013,Mercedes-benz,Mercedes-benz E-class E250 Cdi Avantgrade,Diesel,Automatic,2143,"1,01,000",First,Hyderabad,23.99 Lakh*
594,2011,Volkswagen,Volkswagen Passat Diesel Comfortline At,Diesel,Automatic,1968,"1,05,000",First,Hyderabad,7.25 Lakh*
595,2008,Hyundai,Hyundai I10 Era 1.1,Petrol,Manual,1086,"85,000",First,Hyderabad,2.65 Lakh*
596,2017,Hyundai,Hyundai Creta 1.6 Crdi Sx,Diesel,Automatic,1582,"91,000",First,Hyderabad,10.99 Lakh*
597,2012,Volvo,Volvo S60 D3,Diesel,Automatic,1985,"1,07,000",First,Hyderabad,9.99 Lakh*
598,2012,Hyundai,Hyundai I10 Magna,Petrol,Manual,1197,"69,000",First,Hyderabad,3.45 Lakh*
599,2008,Hyundai,Hyundai I10 Magna 1.1,Petrol,Manual,1086,"45,000",First,Hyderabad,2.50 Lakh*
600,2017,Honda,Honda Amaze S I-vtec,Petrol,Manual,1198,"35,000",First,Hyderabad,6.50 Lakh*
601,2014,Datsun,Datsun Go T Bsiv,Petrol,Manual,1198,"61,000",First,Hyderabad,2.99 Lakh*
602,2011,Hyundai,Hyundai Verna 1.6 Vtvt,Petrol,Manual,1591,"76,000",First,Hyderabad,4.75 Lakh*
603,2007,Skoda,Skoda Superb 2.5 Tdi At,Diesel,Automatic,2496,"1,33,000",First,Hyderabad,2.79 Lakh*
604,2013,Jaguar,Jaguar Xj 3.0l,Diesel,Automatic,2993,"66,000",First,Hyderabad,35 Lakh*
605,2006,Chevrolet,Chevrolet Optra 1.6,Petrol,Manual,1599,"1,40,000",First,Hyderabad,1.99 Lakh*
606,2013,Hyundai,Hyundai Santa Fe 4x2,Diesel,Automatic,2199,"7,99,000",First,Hyderabad,7.99 Lakh*
607,2008,Bmw,Bmw X3 2.5si,Petrol,Manual,2497,"1,31,000",First,Hyderabad,8.50 Lakh*
608,2014,Tata,Tata Nano Twist Xt,Petrol,Manual,624,"40,000",First,Hyderabad,1.85 Lakh*
609,2018,Hyundai,Hyundai Creta 1.6 E Plus,Petrol,Manual,1591,"34,000",First,Hyderabad,10.99 Lakh*
610,2008,Maruti,Maruti Sx4 Zxi Bsiii,Petrol,Manual,1586,"96,000",First,Hyderabad,2.50 Lakh*
611,2002,Mercedes-benz,Mercedes-benz C-class 180 Elegance,Petrol,Manual,,"1,35,000",First,Hyderabad,2.25 Lakh*
612,2012,Volvo,Volvo S60 D5 Summum,Diesel,Automatic,2400,"92,000",First,Hyderabad,11.50 Lakh*
613,2012,Chevrolet,Chevrolet Beat Diesel Lt,Diesel,Automatic,936,"41,000",First,Hyderabad,3.20 Lakh*
614,2008,Toyota,Toyota Innova 2.5 G4 Diesel 8-seater,Diesel,Automatic,2494,"2,36,000",First,Hyderabad,5.49 Lakh*
615,2008,Toyota,Toyota Innova 2.5 G4 Diesel 8-seater,Diesel,Automatic,2494,"1,52,000",First,Hyderabad,6.50 Lakh*
616,2017,Bmw,Bmw 5 Series 520d Luxury Line,Diesel,Automatic,1995,"5,200",First,Hyderabad,49 Lakh*
617,1990,Maruti,Maruti 800 Std,Petrol,Manual,796,"60,000",Third,Hyderabad,"35,000*"
618,2012,Volkswagen,Volkswagen Vento Diesel Trendline,Diesel,Automatic,1598,"90,123",First,Hyderabad,3.95 Lakh*
619,2019,Skoda,Skoda Kodiaq 2.0 Tdi Laurin Klement,Diesel,Automatic,1968,"60,400",First,Hyderabad,32.95 Lakh*
620,2018,Ford,Ford Ecosport 1.5 Petrol Titanium Plus At Bsiv,Petrol,Manual,1497,"59,900",First,Hyderabad,8.69 Lakh*
621,2012,Nissan,Nissan Sunny Diesel Xv,Diesel,Automatic,1461,"59,600",First,Hyderabad,4.69 Lakh*
622,2021,Ford,Ford Freestyle Flair Edition,Petrol,Manual,1194,"10,000",First,Hyderabad,7.93 Lakh*
623,2009,Volkswagen,Volkswagen Jetta 1.9 Tdi Comfortline Dsg,Diesel,Automatic,1896,"76,000",First,Hyderabad,3.35 Lakh*
624,2001,Maruti,Maruti 800 Dx 5 Speed,Petrol,Manual,796,"90,000",First,Hyderabad,"65,000*"
625,2022,Mg,Mg Astor Smart,Petrol,Manual,1498,"1,800",First,Hyderabad,14.85 Lakh*
626,2017,Ford,Ford Endeavour 3.2 Titanium At 4x4,Diesel,Automatic,3198,"67,000",First,Hyderabad,25 Lakh*
627,2019,Toyota,Toyota Fortuner 2.8 2wd At,Diesel,Automatic,2755,"85,000",First,Hyderabad,32 Lakh*
628,2016,Mercedes-benz,Mercedes-benz Gl-class 350 Cdi Blue Efficiency,Diesel,Automatic,2987,"52,000",Third,Hyderabad,35 Lakh*
629,2017,Toyota,Toyota Fortuner 2.8 2wd Mt,Diesel,Automatic,2755,"85,000",First,Hyderabad,25 Lakh*
630,2017,Maruti,Maruti Vitara Brezza Zdi,Diesel,Automatic,1248,"85,000",Second,Hyderabad,6.75 Lakh*
631,2020,Mercedes-benz,Mercedes-benz Glc 220d 4matic,Diesel,Automatic,1950,"29,000",First,Hyderabad,48 Lakh*
632,2013,Maruti,Maruti Ertiga Zdi,Diesel,Automatic,1248,"1,18,000",Second,Hyderabad,5.90 Lakh*
633,2014,Honda,Honda City I Dtec Sv,Diesel,Automatic,1498,"76,720",First,Hyderabad,6.50 Lakh*
634,2009,Maruti,Maruti Wagon R Lxi,Petrol,Manual,998,"34,000",First,Hyderabad,2.15 Lakh*
635,2011,Hyundai,Hyundai I20 1.2 Sportz,Petrol,Manual,1197,"1,10,205",First,Hyderabad,3.90 Lakh*
636,2019,Maruti,Maruti Swift Dzire Tour 1.3 S Diesel,Diesel,Automatic,1248,"84,000",First,Hyderabad,6.50 Lakh*
637,2014,Honda,Honda Amaze Vx I-dtec,Diesel,Automatic,1498,"72,000",First,Hyderabad,4.65 Lakh*
638,2015,Maruti,Maruti Celerio Vxi,Petrol,Manual,998,"58,000",First,Hyderabad,4.30 Lakh*
639,2020,Maruti,Maruti Alto 800 Vxi Plus,Petrol,Manual,796,"13,001",First,Hyderabad,3.65 Lakh*
640,2014,Mercedes-benz,Mercedes-benz M-class Ml 350 4matic,Diesel,Automatic,2987,"88,085",First,Hyderabad,32.50 Lakh*
641,2015,Hyundai,Hyundai Grand I10 Crdi Asta,Diesel,Automatic,1120,"63,000",First,Hyderabad,5.45 Lakh*
642,2012,Toyota,Toyota Fortuner 4x2 At,Diesel,Automatic,2982,"1,60,217",First,Hyderabad,15.80 Lakh*
643,2008,Mercedes-benz,Mercedes-benz C-class 230 Avantgarde,Petrol,Manual,1796,"91,000",First,Hyderabad,11 Lakh*
644,2014,Toyota,Toyota Innova 2.5 G (diesel) 8 Seater,Diesel,Automatic,2494,"1,22,000",First,Hyderabad,11.25 Lakh*
645,2013,Maruti,Maruti Wagon R Lxi Bs Iv,Petrol,Manual,998,"34,000",First,Hyderabad,3.75 Lakh*
646,2014,Maruti,Maruti Swift Dzire Vxi,Petrol,Manual,1197,"38,000",First,Hyderabad,5.90 Lakh*
647,2016,Hyundai,Hyundai Creta 1.6 Sx Diesel,Diesel,Automatic,1582,"1,05,555",First,Hyderabad,11.25 Lakh*
648,2014,Maruti,Maruti Ertiga Vdi,Diesel,Automatic,1248,"72,265",First,Hyderabad,6.95 Lakh*
649,2010,Hyundai,Hyundai Santro Xing Gl,Petrol,Manual,1086,"52,000",First,Hyderabad,2.90 Lakh*
650,2021,Renault,Renault Kwid 1.0 Rxt Opt,Petrol,Manual,999,"11,700",Second,Hyderabad,4.75 Lakh*
651,2014,Tata,Tata Indica Tdi Ls,Diesel,Automatic,1405,"1,20,000",Second,Hyderabad,1.70 Lakh*
652,2016,Mahindra,Mahindra Kuv 100 Mfalcon D75 K6 Plus Aw,Diesel,Automatic,1198,"1,10,000",First,Hyderabad,3.90 Lakh*
653,2012,Hyundai,Hyundai Eon Magna Plus,Petrol,Manual,814,"84,500",First,Hyderabad,2.60 Lakh*
654,2006,Hyundai,Hyundai Santro Xing Xs Erlx Euro Iii,Petrol,Manual,1086,"80,000",Second,Hyderabad,1.90 Lakh*
655,2003,Mercedes-benz,Mercedes-benz E-class 220 Cdi,Diesel,Automatic,2148,"86,198",First,Hyderabad,5.25 Lakh*
656,2017,Volkswagen,Volkswagen Gti 1.8 Tsi,Petrol,Manual,1798,"47,000",First,Hyderabad,19.99 Lakh*
657,2015,Maruti,Maruti Ciaz Zdi Plus Shvs,Diesel,Automatic,1248,"76,000",First,Hyderabad,7.25 Lakh*
658,2015,Maruti,Maruti Ertiga Shvs Vdi,Diesel,Automatic,1248,"82,000",First,Hyderabad,7.45 Lakh*
659,2016,Volvo,Volvo Xc60 D5 Inscription,Diesel,Automatic,2400,"1,03,000",First,Hyderabad,19.99 Lakh*
660,2010,Hyundai,Hyundai I10 Magna 1.1,Petrol,Manual,1086,"79,000",First,Hyderabad,2.90 Lakh*
661,2019,Toyota,Toyota Innova Crysta 2.4 Vx Mt 8 Str,Diesel,Automatic,2393,"24,206",First,Hyderabad,24.50 Lakh*
662,2016,Maruti,Maruti Swift Dzire Amt Zdi,Diesel,Automatic,1248,"51,936",First,Hyderabad,6.90 Lakh*
663,2014,Hyundai,Hyundai Grand I10 Asta Option At,Petrol,Manual,1197,"75,084",First,Hyderabad,4.95 Lakh*
664,2016,Maruti,Maruti Swift Vdi,Diesel,Automatic,1248,"92,000",First,Hyderabad,5.80 Lakh*
665,2016,Ford,Ford Figo 1.5d Titanium Mt,Diesel,Automatic,1498,"56,398",First,Hyderabad,5.25 Lakh*
666,2018,Maruti,Maruti Ciaz Zeta Diesel,Diesel,Automatic,1248,"78,321",First,Hyderabad,8.75 Lakh*
667,2012,Maruti,Maruti Ertiga Zdi,Diesel,Automatic,1248,"99,263",First,Hyderabad,5.55 Lakh*
668,2007,Mercedes-benz,Mercedes-benz M-class Ml 320 Cdi,Diesel,Automatic,2987,"93,278",First,Hyderabad,9.45 Lakh*
669,2017,Volkswagen,Volkswagen Ameo 1.2 Mpi Highline,Petrol,Manual,1198,"62,000",First,Hyderabad,5.95 Lakh*
670,2007,Hyundai,Hyundai Santro Xing Xo,Petrol,Manual,1086,"50,000",First,Hyderabad,2 Lakh*
671,2010,Audi,Audi A6 2.7 Tdi,Diesel,Automatic,2698,"90,000",First,Hyderabad,11.25 Lakh*
672,2013,Mahindra,Mahindra Bolero Zlx,Diesel,Automatic,2523,"77,500",First,Hyderabad,5 Lakh*
673,2012,Renault,Renault Fluence Diesel E4,Diesel,Automatic,1461,"90,000",First,Hyderabad,4.25 Lakh*
674,2018,Toyota,Toyota Fortuner 2.8 4wd At,Diesel,Automatic,2755,"1,35,213",First,Hyderabad,36.50 Lakh*
675,2012,Audi,Audi A6 2.0 Tdi Premium Plus,Diesel,Automatic,1968,"68,000",First,Hyderabad,14.25 Lakh*
676,2007,Maruti,Maruti 800 Std Mpfi,Petrol,Manual,796,"56,000",First,Hyderabad,"85,000*"
677,2008,Honda,Honda City 1.5 S Mt,Petrol,Manual,1497,"89,188",First,Hyderabad,3.25 Lakh*
678,2009,Volvo,Volvo Xc90 D5 At Awd,Diesel,Automatic,2400,"98,000",First,Hyderabad,9.99 Lakh*
679,2014,Audi,Audi A4 2.0 Tdi,Diesel,Automatic,1968,"99,000",First,Hyderabad,15.50 Lakh*
680,2019,Jeep,Jeep Compass 1.4 Sport,Petrol,Manual,1368,"23,000",First,Hyderabad,17.99 Lakh*
681,2014,Maruti,Maruti Swift Dzire Vdi,Diesel,Automatic,1248,"77,000",First,Hyderabad,5.99 Lakh*
682,2017,Maruti,Maruti Vitara Brezza Zdi Plus,Diesel,Automatic,1248,"75,232",First,Hyderabad,9.25 Lakh*
683,2019,Jeep,Jeep Compass 1.4 Sport Plus Bsiv,Petrol,Manual,1368,"9,800",First,Hyderabad,17.99 Lakh*
684,2010,Hyundai,Hyundai Santro Xing Gls,Petrol,Manual,1086,"73,000",First,Hyderabad,2.65 Lakh*
685,2012,Audi,Audi A6 2.0 Tdi Premium Plus,Diesel,Automatic,1968,"84,000",First,Hyderabad,15.99 Lakh*
686,2013,Volkswagen,Volkswagen Polo Diesel Highline 1.2l,Diesel,Automatic,1199,"1,70,000",First,Hyderabad,3.20 Lakh*
687,2008,Maruti,Maruti Gypsy King St Bsiii,Petrol,Manual,1298,"29,000",First,Hyderabad,4.65 Lakh*
688,2011,Hyundai,Hyundai Santa Fe 4x2,Diesel,Automatic,2199,"85,000",First,Hyderabad,5.50 Lakh*
689,2016,Hyundai,Hyundai Creta 1.6 Crdi Sx,Diesel,Automatic,1582,"54,000",First,Hyderabad,9.99 Lakh*
690,2020,Maruti,Maruti S-presso Vxi Plus 2019-2022,Petrol,Manual,998,"8,326",First,Hyderabad,4.85 Lakh*
691,2018,Hyundai,Hyundai Grand I10 1.2 Kappa Sportz Option At,Petrol,Manual,1197,"26,000",First,Hyderabad,6.95 Lakh*
692,2017,Maruti,Maruti Swift Dzire Vxi,Petrol,Manual,1197,"69,707",First,Hyderabad,6.80 Lakh*
693,2017,Jeep,Jeep Compass 2.0 Limited Option,Diesel,Automatic,1956,"64,000",First,Hyderabad,13 Lakh*
694,2017,Maruti,Maruti Swift Dzire Amt Vdi,Diesel,Automatic,1248,"83,000",First,Hyderabad,7.25 Lakh*
695,2017,Mahindra,Mahindra Xuv500 W10 Awd,Diesel,Automatic,2179,"1,00,000",First,Hyderabad,13.50 Lakh*
696,2011,Mercedes-benz,Mercedes-benz E-class E250 Cdi Avantgarde,Diesel,Automatic,2143,"54,000",First,Hyderabad,14.50 Lakh*
697,2016,Hyundai,Hyundai I20 Sportz 1.4 Crdi,Diesel,Automatic,1396,"1,04,000",First,Hyderabad,6.30 Lakh*
698,2021,Maruti,Maruti S-presso Vxi Opt 2019-2022,Petrol,Manual,998,"34,285",First,Hyderabad,5.20 Lakh*
699,2017,Hyundai,Hyundai Grand I10 1.2 Crdi Sportz Option,Diesel,Automatic,1186,"34,000",First,Hyderabad,5.75 Lakh*
700,2012,Hyundai,Hyundai Verna Sx Crdi At,Diesel,Automatic,1582,"1,18,000",First,Hyderabad,5.75 Lakh*
701,2018,Jeep,Jeep Compass 2.0 Limited Option,Diesel,Automatic,1956,"26,055",First,Hyderabad,17.50 Lakh*
702,2018,Mahindra,Mahindra Thar Crde,Diesel,Automatic,2498,"29,708",First,Hyderabad,9.50 Lakh*
703,2018,Honda,Honda Wr-v I-dtec Vx,Diesel,Automatic,1498,"80,412",First,Hyderabad,9 Lakh*
704,2015,Maruti,Maruti Ertiga Zdi,Diesel,Automatic,1248,"1,03,469",First,Hyderabad,7.75 Lakh*
705,2021,Maruti,Maruti Ertiga Vxi,Petrol,Manual,1462,"44,654",First,Hyderabad,10.60 Lakh*
706,2004,Maruti,Maruti Alto Lxi,Petrol,Manual,796,"1,10,000",Second,Hyderabad,1.25 Lakh*
707,2012,Maruti,Maruti A-star Vxi,Petrol,Manual,998,"45,400",First,Hyderabad,2.99 Lakh*
708,2014,Toyota,Toyota Fortuner 4x2 At,Diesel,Automatic,2982,"1,10,000",Second,Hyderabad,13.50 Lakh*
709,2012,Hyundai,Hyundai I20 1.4 Crdi Asta,Diesel,Automatic,1396,"70,692",First,Hyderabad,3.70 Lakh*
710,2014,Toyota,Toyota Fortuner 4x4 Mt,Diesel,Automatic,2982,"1,51,000",Second,Hyderabad,13.25 Lakh*
711,2007,Toyota,Toyota Innova 2.5 G (diesel) 8 Seater Bs Iv,Diesel,Automatic,2494,"1,20,000",Second,Hyderabad,3.50 Lakh*
712,2010,Ford,Ford Figo Petrol Zxi,Petrol,Manual,1196,"55,000",First,Hyderabad,2.95 Lakh*
713,2018,Maruti,Maruti Ertiga Shvs Vdi,Diesel,Automatic,1248,"92,193",First,Hyderabad,11.45 Lakh*
714,2017,Maruti,Maruti Omni Mpi Std Bsiv,Petrol,Manual,796,"70,794",First,Hyderabad,2.90 Lakh*
715,2016,Renault,Renault Kwid 1.0 Rxt Optional At 2016-2019,Petrol,Manual,999,"54,789",First,Hyderabad,4.50 Lakh*
716,2015,Maruti,Maruti Swift Zxi,Petrol,Manual,1197,"49,883",First,Hyderabad,5.65 Lakh*
717,2019,Hyundai,Hyundai Santro Sportz Bsiv,Petrol,Manual,1086,"17,400",First,Hyderabad,5.25 Lakh*
718,2016,Toyota,Toyota Etios 2014-2016 Gd,Diesel,Automatic,1364,"1,20,000",Second,Hyderabad,5 Lakh*
719,2016,Maruti,Maruti Ertiga Shvs Vdi Limited Edition,Diesel,Automatic,1248,"93,612",First,Hyderabad,8.30 Lakh*
720,2011,Hyundai,Hyundai I10 Magna,Petrol,Manual,1197,"65,400",Second,Hyderabad,2.99 Lakh*
721,2015,Hyundai,Hyundai Verna 1.6 Crdi Sx,Diesel,Automatic,1582,"1,09,901",Fourth,Hyderabad,5.38 Lakh*
722,2007,Honda,Honda City Gxi,Petrol,Manual,1497,"65,749",First,Hyderabad,1.95 Lakh*
723,2016,Ford,Ford Ecosport 1.5 Tdci Titanium Plus Bsiv,Diesel,Automatic,1498,"1,08,534",First,Hyderabad,6.75 Lakh*
724,2011,Honda,Honda City 1.5 V Mt,Petrol,Manual,1497,"74,000",First,Hyderabad,4.70 Lakh*
725,2015,Hyundai,Hyundai I20 Active Sx Diesel,Diesel,Automatic,1396,"92,521",First,Hyderabad,5.85 Lakh*
726,2011,Honda,Honda Civic 1.8 V At Sunroof,Petrol,Manual,1799,"85,521",First,Hyderabad,4.85 Lakh*
727,2011,Chevrolet,Chevrolet Cruze Lt,Diesel,Automatic,1991,"61,000",First,Hyderabad,4.85 Lakh*
728,2019,Tata,Tata Harrier Xz,Diesel,Automatic,1956,"17,000",First,Hyderabad,18.25 Lakh*
729,2017,Hyundai,Hyundai Verna Vtvt 1.6 Sx,Petrol,Manual,1591,"76,504",First,Hyderabad,9.30 Lakh*
730,2014,Maruti,Maruti Ertiga Zdi,Diesel,Automatic,1248,"1,47,691",Second,Hyderabad,6.90 Lakh*
731,2015,Jaguar,Jaguar Xf 2.0 Diesel Pure,Diesel,Automatic,1999,"67,185",First,Hyderabad,26.25 Lakh*
732,2008,Honda,Honda Civic 1.8 V At,Petrol,Manual,1799,"1,01,680",First,Hyderabad,3.95 Lakh*
733,2014,Maruti,Maruti Swift Dzire Vdi,Diesel,Automatic,1248,"72,128",First,Hyderabad,5.20 Lakh*
734,2007,Ford,Ford Fiesta 1.4 Duratorq Zxi,Diesel,Automatic,1399,"1,20,000",Second,Hyderabad,1.80 Lakh*
735,2014,Honda,Honda Cr-v 2.4l 4wd At,Petrol,Manual,2354,"1,17,163",First,Hyderabad,13.45 Lakh*
736,2014,Ford,Ford Classic 1.4 Duratorq Clxi,Diesel,Automatic,1399,"1,08,000",Second,Hyderabad,3 Lakh*
737,2019,Maruti,Maruti Swift Dzire Tour 1.3 S Diesel,Diesel,Automatic,1248,"77,000",First,Hyderabad,7 Lakh*
738,2012,Hyundai,Hyundai I20 Asta 1.4 Crdi,Diesel,Automatic,1396,"89,782",First,Hyderabad,4.45 Lakh*
739,2021,Ford,Ford Endeavour Titanium Plus 4x2 At,Diesel,Automatic,1996,"35,000",First,Hyderabad,38.50 Lakh*
740,2009,Hyundai,Hyundai I10 Sportz 1.2 At,Petrol,Manual,1197,"53,132",First,Hyderabad,3.75 Lakh*
741,2016,Mini,Mini 5 Door Cooper D,Diesel,Automatic,1496,"60,000",Second,Hyderabad,22.50 Lakh*
742,2003,Maruti,Maruti Zen D Ps,Diesel,Automatic,1527,"1,16,000",First,Hyderabad,1.10 Lakh*
743,2012,Hyundai,Hyundai Verna 1.6 Sx,Diesel,Automatic,1582,"1,01,900",First,Hyderabad,4.85 Lakh*
744,2017,Hyundai,Hyundai I20 Magna 1.4 Crdi,Diesel,Automatic,1396,"62,888",First,Hyderabad,6.55 Lakh*
745,2016,Hyundai,Hyundai Creta 1.6 Crdi Sx,Diesel,Automatic,1582,"67,377",First,Hyderabad,10.75 Lakh*
746,2019,Hyundai,Hyundai Grand I10 Nios Amt Sportz,Petrol,Manual,1197,"20,094",First,Hyderabad,6.95 Lakh*
747,2007,Bmw,Bmw 3 Series 320d,Diesel,Automatic,1995,"1,27,575",First,Hyderabad,4.75 Lakh*
748,2012,Volvo,Volvo S60 D5 Summum,Diesel,Automatic,2400,"72,511",First,Hyderabad,12.25 Lakh*
749,2020,Hyundai,Hyundai Grand I10 Nios Sportz,Petrol,Manual,1197,"11,300",First,Hyderabad,6.68 Lakh*
750,2018,Renault,Renault Kwid 1.0 Amt Rxt,Petrol,Manual,999,"80,000",First,Hyderabad,4.20 Lakh*
751,2012,Audi,Audi Q5 2.0 Tdi,Diesel,Automatic,1968,"77,460",First,Hyderabad,14.85 Lakh*
752,2018,Skoda,Skoda Kodiaq 2.0 Tdi Style,Diesel,Automatic,1968,"1,33,113",First,Hyderabad,22.35 Lakh*
753,2012,Honda,Honda Brio Ex Mt,Petrol,Manual,1198,"53,857",First,Hyderabad,3.80 Lakh*
754,2014,Honda,Honda Brio S Mt,Petrol,Manual,1198,"54,000",First,Hyderabad,4.25 Lakh*
755,2012,Maruti,Maruti Ritz Vdi,Diesel,Automatic,1248,"1,20,000",Second,Hyderabad,2.80 Lakh*
756,2019,Tata,Tata Harrier Xz,Diesel,Automatic,1956,"64,946",First,Hyderabad,17 Lakh*
757,2007,Toyota,Toyota Innova 2.5 G (diesel) 8 Seater Bs Iv,Diesel,Automatic,2494,"1,20,000",Second,Hyderabad,3.70 Lakh*
758,2015,Maruti,Maruti Swift Dzire Vdi,Diesel,Automatic,1248,"1,05,000",First,Hyderabad,6.10 Lakh*
759,2018,Hyundai,Hyundai I20 Active S Diesel,Diesel,Automatic,1396,"1,07,384",First,Hyderabad,7.85 Lakh*
760,2015,Skoda,Skoda Rapid 1.6 Mpi Ambition,Petrol,Manual,1598,"27,870",First,Hyderabad,7.20 Lakh*
761,2011,Maruti,Maruti Swift 1.3 Vxi,Petrol,Manual,1298,"63,219",First,Hyderabad,4.30 Lakh*
762,2010,Hyundai,Hyundai I10 Sportz 1.2,Petrol,Manual,1197,"60,000",First,Hyderabad,2.90 Lakh*
763,2014,Ford,Ford Figo Diesel Exi,Diesel,Automatic,1399,"74,000",First,Hyderabad,3.25 Lakh*
764,2019,Jaguar,Jaguar F-pace Prestige 2.0 Petrol,Petrol,Manual,1997,"8,000",First,Hyderabad,56.50 Lakh*
765,2015,Maruti,Maruti Ritz Vxi,Petrol,Manual,1197,"93,000",First,Hyderabad,3.75 Lakh*
766,2014,Mahindra,Mahindra Bolero Zlx,Diesel,Automatic,2523,"1,10,343",First,Hyderabad,5.65 Lakh*
767,2012,Renault,Renault Duster Rxz Awd,Diesel,Automatic,1461,"93,785",First,Hyderabad,4.65 Lakh*
768,2014,Skoda,Skoda Rapid 1.5 Tdi Ambition,Diesel,Automatic,1498,"74,000",First,Hyderabad,5.70 Lakh*
769,2009,Hyundai,Hyundai Verna Crdi Sx,Diesel,Automatic,1493,"86,318",First,Hyderabad,2.85 Lakh*
770,2014,Ford,Ford Ecosport 1.5 Dv5 Mt Titanium,Diesel,Automatic,1498,"64,000",First,Hyderabad,6.20 Lakh*
771,2018,Tata,Tata Bolt Quadrajet Xe,Diesel,Automatic,1248,"80,000",Second,Hyderabad,3.80 Lakh*
772,2014,Honda,Honda Mobilio V I-vtec,Petrol,Manual,1497,"75,763",First,Hyderabad,6.15 Lakh*
773,2010,Hyundai,Hyundai Verna Crdi,Diesel,Automatic,1493,"65,000",First,Hyderabad,3.90 Lakh*
774,2015,Hyundai,Hyundai Grand I10 At Asta,Petrol,Manual,1197,"54,000",First,Hyderabad,5.75 Lakh*
775,2015,Mahindra,Mahindra Xuv500 W6 2wd,Diesel,Automatic,2179,"63,200",Second,Hyderabad,7.45 Lakh*
776,2010,Nissan,Nissan Micra Xv,Petrol,Manual,1198,"29,000",First,Hyderabad,2.75 Lakh*
777,2014,Maruti,Maruti Swift Dzire Vdi,Diesel,Automatic,1248,"1,26,374",Second,Hyderabad,5.35 Lakh*
778,2014,Volkswagen,Volkswagen Vento 1.5 Tdi Comfortline,Diesel,Automatic,1498,"94,000",First,Hyderabad,4.60 Lakh*
779,2011,Maruti,Maruti Swift Dzire Zdi,Diesel,Automatic,1248,"97,585",Second,Hyderabad,3.60 Lakh*
780,2014,Tata,Tata Indica Ev2 Elx Bsiii,Diesel,Automatic,1396,"87,000",First,Hyderabad,1.65 Lakh*
781,2020,Maruti,Maruti Swift Dzire Vxi 1.2,Petrol,Manual,1197,"16,222",First,Hyderabad,7.80 Lakh*
782,2010,Maruti,Maruti Alto Lxi Bsiii,Petrol,Manual,796,"65,426",First,Hyderabad,2.60 Lakh*
783,2013,Hyundai,Hyundai I20 Sportz 1.4 Crdi,Diesel,Automatic,1396,"75,000",First,Hyderabad,4.35 Lakh*
784,2019,Mahindra,Mahindra Scorpio S3 7 Seater,Diesel,Automatic,2523,"38,879",First,Hyderabad,10.65 Lakh*
785,2012,Honda,Honda City E,Petrol,Manual,1497,"58,028",First,Hyderabad,5.20 Lakh*
786,2015,Maruti,Maruti Wagon R Vxi,Petrol,Manual,998,"96,909",First,Hyderabad,4.30 Lakh*
787,2014,Mahindra,Mahindra Bolero Zlx,Diesel,Automatic,2523,"1,05,000",First,Hyderabad,6.15 Lakh*
788,2014,Maruti,Maruti Celerio Lxi,Petrol,Manual,998,"53,370",First,Hyderabad,3.90 Lakh*
789,2017,Mahindra,Mahindra Xuv500 W9 2wd,Diesel,Automatic,2179,"89,958",Second,Hyderabad,13.77 Lakh*
790,2014,Audi,Audi A4 2.0 Tdi,Diesel,Automatic,1968,"98,000",Second,Hyderabad,12.50 Lakh*
791,2019,Maruti,Maruti Swift Dzire Vdi,Diesel,Automatic,1248,"70,241",First,Hyderabad,8 Lakh*
792,2008,Hyundai,Hyundai Santro Xing Gl,Petrol,Manual,1086,"69,575",Second,Hyderabad,1.70 Lakh*
793,2018,Hyundai,Hyundai I20 1.2 Asta,Petrol,Manual,1197,"41,596",First,Hyderabad,7.85 Lakh*
794,2018,Hyundai,Hyundai Eon Magna,Petrol,Manual,814,"65,744",Second,Hyderabad,3.65 Lakh*
795,2020,Maruti,Maruti Swift Dzire Vxi 1.2,Petrol,Manual,1197,"17,639",First,Hyderabad,7.80 Lakh*
796,2007,Maruti,Maruti Wagon R Lxi Lpg Bsiv,,,998,"73,000",Second,Hyderabad,1.70 Lakh*
797,2013,Porsche,Porsche Cayenne Diesel,Diesel,Automatic,2967,"76,000",First,Hyderabad,28 Lakh*
798,2008,Maruti,Maruti Swift 1.3 Vxi,Petrol,Manual,1298,"75,244",Second,Hyderabad,2.45 Lakh*
799,2017,Maruti,Maruti Celerio Vdi,Diesel,Automatic,793,"87,729",Second,Hyderabad,4.25 Lakh*
800,2011,Bmw,Bmw X1 Sdrive 20d Exclusive,Diesel,Automatic,1995,"79,838",First,Hyderabad,11.50 Lakh*
801,2010,Maruti,Maruti Alto Lxi Bsiii,Petrol,Manual,796,"68,455",First,Hyderabad,1.65 Lakh*
802,2015,Maruti,Maruti Celerio Zxi,Petrol,Manual,998,"45,000",First,Hyderabad,4.35 Lakh*
803,2014,Toyota,Toyota Land Cruiser Vx,Diesel,Automatic,4461,"1,55,000",First,Hyderabad,75 Lakh*
804,2010,Hyundai,Hyundai Verna Transform Crdi Vgt Sx Abs,Diesel,Automatic,1493,"87,000",First,Hyderabad,2.65 Lakh*
805,2013,Bmw,Bmw 3 Series 320d Luxury Line,Diesel,Automatic,1995,"79,000",First,Hyderabad,16.99 Lakh*
806,2007,Maruti,Maruti Alto Lxi,Petrol,Manual,796,"35,000",First,Hyderabad,1.75 Lakh*
807,2019,Volvo,Volvo S90 D4 Inscription Bsiv,Diesel,Automatic,1969,"52,000",First,Hyderabad,50 Lakh*
808,2006,Maruti,Maruti Alto Lxi,Petrol,Manual,796,"49,000",First,Hyderabad,1.55 Lakh*
809,2021,Hyundai,Hyundai Grand I10 Nios Sportz Crdi,Diesel,Automatic,1186,"48,000",First,Hyderabad,7.95 Lakh*
810,2020,Kia,Kia Sonet 1.5 Htx Plus Diesel,Diesel,Automatic,1493,"28,000",First,Hyderabad,12.90 Lakh*
811,2014,Maruti,Maruti Swift Dzire Zdi,Diesel,Automatic,1248,"72,815",First,Hyderabad,6.20 Lakh*
812,2019,Kia,Kia Seltos Htk Plus D,Diesel,Automatic,1493,"24,735",First,Hyderabad,11.11 Lakh*
813,2013,Renault,Renault Duster 85ps Diesel Rxl,Diesel,Automatic,1461,"91,800",Second,Hyderabad,4.87 Lakh*
814,2015,Maruti,Maruti Sx4 S Cross Ddis 200 Delta,Diesel,Automatic,1248,"78,240",First,Hyderabad,7.10 Lakh*
815,2022,Maruti,Maruti Swift Dzire Vxi,Petrol,Manual,1197,"10,000",First,Hyderabad,7 Lakh*
816,2016,Maruti,Maruti Sx4 S Cross Alpha Ddis 200 Sh,Diesel,Automatic,1248,"72,585",First,Hyderabad,7.80 Lakh*
817,2009,Skoda,Skoda Superb Elegance 2.0 Tdi Cr At,Diesel,Automatic,1968,"1,43,428",First,Hyderabad,5.40 Lakh*
818,2012,Skoda,Skoda Rapid 1.6 Tdi Elegance,Diesel,Automatic,1598,"89,232",First,Hyderabad,3.95 Lakh*
819,2018,Maruti,Maruti Alto 800 Vxi,Petrol,Manual,796,"54,378",First,Hyderabad,3.80 Lakh*
820,2019,Mercedes-benz,Mercedes-benz Gla 4matic,Petrol,Manual,1991,"8,491",First,Hyderabad,23.29 Lakh*
821,2020,Mg,Mg Hector Sharp Diesel Mt,Diesel,Automatic,1956,"23,000",First,Hyderabad,20.50 Lakh*
822,2012,Maruti,Maruti Sx4 Zdi,Diesel,Automatic,1248,"1,11,471",First,Hyderabad,3.70 Lakh*
823,2016,Maruti,Maruti Swift Vdi Optional,Diesel,Automatic,1248,"1,04,000",First,Hyderabad,6.20 Lakh*
824,2003,Toyota,Toyota Qualis Gs C2,Diesel,Automatic,2446,"1,00,000",Second,Hyderabad,1.69 Lakh*
825,2009,Honda,Honda City 1.5 S Mt,Petrol,Manual,1497,"1,13,000",First,Hyderabad,3.50 Lakh*
826,2006,Toyota,Toyota Innova 2.5 G (diesel) 7 Seater Bs Iv,Diesel,Automatic,2494,"1,80,000",Third,Hyderabad,3.50 Lakh*
827,2013,Hyundai,Hyundai Eon Era,Petrol,Manual,814,"15,000",First,Hyderabad,2.75 Lakh*
828,2012,Hyundai,Hyundai I10 Magna,Petrol,Manual,1197,"88,000",First,Hyderabad,3.10 Lakh*
829,2010,Honda,Honda Civic 1.8 V At,Petrol,Manual,1799,"60,000",First,Hyderabad,3.85 Lakh*
830,2017,Hyundai,Hyundai Eon Magna Plus Option,Petrol,Manual,814,"49,229",First,Hyderabad,3.80 Lakh*
831,2017,Honda,Honda Wr-v I-dtec S,Diesel,Automatic,1498,"82,195",First,Hyderabad,7.90 Lakh*
832,2015,Mahindra,Mahindra Scorpio 1.99 S10,Diesel,Automatic,1997,"1,54,549",First,Hyderabad,11.20 Lakh*
833,2016,Mahindra,Mahindra Thar Crde,Diesel,Automatic,2498,"60,000",First,Hyderabad,7 Lakh*
834,2018,Jeep,Jeep Compass 2.0 Longitude Option Bsiv,Diesel,Automatic,1956,"45,798",First,Hyderabad,14.60 Lakh*
835,2015,Hyundai,Hyundai I20 Asta 1.2,Petrol,Manual,1197,"68,908",First,Hyderabad,5.90 Lakh*
836,2011,Ford,Ford Figo Petrol Titanium,Petrol,Manual,1196,"72,000",First,Hyderabad,2.45 Lakh*
837,2007,Maruti,Maruti Swift 1.3 Vxi,Petrol,Manual,1298,"91,723",First,Hyderabad,2.60 Lakh*
838,2017,Hyundai,Hyundai I20 Sportz 1.4 Crdi,Diesel,Automatic,1396,"48,528",First,Hyderabad,7.45 Lakh*
839,2019,Maruti,Maruti Vitara Brezza Zdi Plus Amt,Diesel,Automatic,1248,"48,000",First,Hyderabad,11.35 Lakh*
840,2017,Mahindra,Mahindra Xuv500 W6 2wd,Diesel,Automatic,2179,"95,000",First,Hyderabad,10.50 Lakh*
841,2008,Hyundai,Hyundai I10 Era,Petrol,Manual,1086,"52,779",First,Hyderabad,1.62 Lakh*
842,2017,Mahindra,Mahindra Xuv500 W6 1.99 Mhawk,Diesel,Automatic,1997,"95,000",First,Hyderabad,10.50 Lakh*
843,2013,Hyundai,Hyundai Verna 1.4 Ex,Diesel,Automatic,1396,"83,000",First,Hyderabad,4.90 Lakh*
844,2013,Mercedes-benz,Mercedes-benz Gl-class 350 Cdi Luxury,Diesel,Automatic,2987,"88,000",First,Hyderabad,25 Lakh*
845,2002,Maruti,Maruti Zen Lxi,Petrol,Manual,993,"15,000",Second,Hyderabad,"80,000*"
846,2016,Maruti,Maruti Wagon R Vxi Bs Iv With Abs,Petrol,Manual,998,"75,306",First,Hyderabad,4.50 Lakh*
847,2014,Maruti,Maruti Ertiga Zdi,Diesel,Automatic,1248,"95,000",First,Hyderabad,6.95 Lakh*
848,2020,Maruti,Maruti Sx4 S Cross Delta,Petrol,Manual,1462,"50,000",First,Hyderabad,9.70 Lakh*
849,2004,Toyota,Toyota Camry V6 (at),Petrol,Manual,2362,"90,000",Third,Hyderabad,2.10 Lakh*
850,2017,Maruti,Maruti Alto 800 Lxi,Petrol,Manual,796,"45,503",First,Hyderabad,3.65 Lakh*
851,2018,Maruti,Maruti Alto K10 Vxi,Petrol,Manual,998,"21,083",First,Hyderabad,4.30 Lakh*
852,2017,Hyundai,Hyundai Eon Era Plus,Petrol,Manual,814,"66,796",First,Hyderabad,2.87 Lakh*
853,2010,Hyundai,Hyundai I10 Magna 1.1,Petrol,Manual,1086,"51,000",First,Hyderabad,2.75 Lakh*
854,2014,Hyundai,Hyundai Grand I10 Crdi Asta Option,Diesel,Automatic,1120,"81,379",First,Hyderabad,3.85 Lakh*
855,2010,Hyundai,Hyundai I10 Magna,Petrol,Manual,1197,"65,000",First,Hyderabad,2.85 Lakh*
856,2016,Hyundai,Hyundai Xcent 1.1 Crdi Sx,Diesel,Automatic,1120,"74,000",First,Hyderabad,4.60 Lakh*
857,2019,Maruti,Maruti Vitara Brezza Vdi,Diesel,Automatic,1248,"57,000",First,Hyderabad,9.70 Lakh*
858,2019,Hyundai,Hyundai I20 Petrol Spotz,Petrol,Manual,1197,"35,000",Second,Hyderabad,6.50 Lakh*
859,2011,Skoda,Skoda Fabia 1.2l Diesel Ambiente,Diesel,Automatic,1199,"1,00,000",First,Hyderabad,2.80 Lakh*
860,2011,Hyundai,Hyundai I20 1.4 Crdi Sportz,Diesel,Automatic,1396,"75,000",First,Hyderabad,3.40 Lakh*
861,2007,Maruti,Maruti Omni Mpi Std Bsiii 8-str W/ Immobiliser,Petrol,Manual,796,"50,000",Second,Hyderabad,1.75 Lakh*
862,2009,Hyundai,Hyundai I10 Magna,Petrol,Manual,1197,"70,000",First,Hyderabad,2.60 Lakh*
863,2010,Maruti,Maruti Swift Dzire Vdi,Diesel,Automatic,1248,"1,90,000",Second,Hyderabad,2.70 Lakh*
864,2012,Ford,Ford Figo Diesel Exi,Diesel,Automatic,1399,"1,20,000",Second,Hyderabad,1.85 Lakh*
865,2013,Hyundai,Hyundai Verna 1.6 Crdi,Diesel,Automatic,1582,"1,04,362",First,Hyderabad,5.40 Lakh*
866,2007,Maruti,Maruti Wagon R Lxi Minor,Petrol,Manual,1061,"1,10,000",Second,Hyderabad,1.40 Lakh*
867,2009,Maruti,Maruti Swift Dzire Vxi,Petrol,Manual,1298,"75,000",Second,Hyderabad,2.95 Lakh*
868,2004,Honda,Honda City 1.5 Gxi Cvt,Petrol,Manual,,"80,000",Third,Hyderabad,1.10 Lakh*
869,2014,Maruti,Maruti Celerio Vxi At,Petrol,Manual,998,"78,000",First,Hyderabad,4.15 Lakh*
870,2004,Ford,Ford Ikon 1.3 Clxi,Petrol,Manual,1299,"5,000",First,Hyderabad,"90,000*"
871,2020,Renault,Renault Kwid 1.0 Neotech,Petrol,Manual,999,"12,000",First,Hyderabad,5.45 Lakh*
872,2002,Hyundai,Hyundai Santro Ls Zipplus,Petrol,Manual,1086,"90,000",First,Hyderabad,"40,000*"
873,2002,Maruti,Maruti Alto Lx,Petrol,Manual,796,"1,10,000",Third,Hyderabad,"70,000*"
874,2012,Nissan,Nissan Sunny Xv,Petrol,Manual,1498,"1,00,000",Second,Hyderabad,3.35 Lakh*
875,2006,Maruti,Maruti Alto Lx,Petrol,Manual,796,"90,000",Third,Hyderabad,"95,000*"
876,2015,Tata,Tata Zest Revotron 1.2 Xt,Petrol,Manual,1193,"54,000",First,Hyderabad,4.50 Lakh*
877,2014,Ford,Ford Ecosport 1.5 Dv5 Mt Titanium,Diesel,Automatic,1498,"66,000",First,Hyderabad,6.90 Lakh*
878,2002,Maruti,Maruti 800 Duo Ac Lpg,,,796,"50,000",Second,Hyderabad,"80,000*"
879,2017,Toyota,Toyota Innova Crysta 2.4 G Mt Bsiv,Diesel,Automatic,2393,"1,80,000",First,Hyderabad,16.80 Lakh*
880,2008,Honda,Honda City Cvt,Petrol,Manual,1497,"1,03,000",First,Hyderabad,3.25 Lakh*
881,2016,Maruti,Maruti Swift Vdi Bsiv,Diesel,Automatic,1248,"95,321",First,Hyderabad,6.75 Lakh*
882,2018,Maruti,Maruti Swift Dzire Amt Vxi Bs Iv,Petrol,Manual,1197,"56,400",First,Hyderabad,5.90 Lakh*
883,2011,Mahindra,Mahindra Scorpio Vlx 2wd 7s Bsiv,Diesel,Automatic,2179,"1,10,000",Third,Hyderabad,4.10 Lakh*
884,2020,Toyota,Toyota Fortuner 2.8 4wd At Bsiv,Diesel,Automatic,2755,"56,000",First,Hyderabad,37.50 Lakh*
885,2016,Honda,Honda Brio Vx At,Petrol,Manual,1198,"32,421",First,Hyderabad,5.75 Lakh*
886,2015,Audi,Audi A3 35 Tdi Premium Plus,Diesel,Automatic,1968,"63,000",First,Hyderabad,18.75 Lakh*
887,2017,Maruti,Maruti Swift Vdi Optional,Diesel,Automatic,1248,"81,710",First,Hyderabad,6.80 Lakh*
888,2018,Mahindra,Mahindra Scorpio S5 Bsiv,Diesel,Automatic,2179,"81,000",First,Hyderabad,11 Lakh*
889,2005,Honda,Honda City 1.5 Ex-s,Petrol,Manual,,"70,000",First,Hyderabad,1.65 Lakh*
890,2017,Maruti,Maruti Ignis 1.2 Amt Delta Bsiv,Petrol,Manual,1197,"19,893",First,Hyderabad,5.75 Lakh*
891,2020,Kia,Kia Seltos Gtx Plus At D,Diesel,Automatic,1493,"59,000",First,Hyderabad,18.45 Lakh*
892,2010,Maruti,Maruti Swift Vdi Bsiii,Diesel,Automatic,1248,"70,000",First,Hyderabad,3.20 Lakh*
893,2014,Mahindra,Mahindra Verito Vibe 1.5 Dci D6,Diesel,Automatic,1461,"3,00,000",First,Hyderabad,2.45 Lakh*
894,2013,Maruti,Maruti Wagon R Lxi,Petrol,Manual,998,"56,000",First,Hyderabad,3.60 Lakh*
895,2012,Maruti,Maruti Alto K10 2010-2014 Vxi,Petrol,Manual,998,"62,000",First,Hyderabad,2.45 Lakh*
896,2014,Maruti,Maruti Ritz Vdi,Diesel,Automatic,1248,"75,000",First,Hyderabad,3.90 Lakh*
897,2016,Hyundai,Hyundai Grand I10 Crdi Magna,Diesel,Automatic,1120,"62,000",First,Hyderabad,4.85 Lakh*
898,2017,Hyundai,Hyundai Creta 1.6 Sx Option,Petrol,Manual,1591,"48,406",First,Hyderabad,10.85 Lakh*
899,2009,Hyundai,Hyundai I10 Magna,Petrol,Manual,1197,"73,000",First,Hyderabad,2.60 Lakh*
900,2020,Maruti,Maruti Ertiga Vxi At Petrol,Petrol,Manual,1462,"8,321",First,Hyderabad,11.03 Lakh*
901,2014,Honda,Honda City I Dtec V,Diesel,Automatic,1498,"93,421",First,Hyderabad,5.75 Lakh*
902,2009,Hyundai,Hyundai I10 Sportz At,Petrol,Manual,1197,"76,321",First,Hyderabad,3.10 Lakh*
903,2009,Hyundai,Hyundai I10 Magna At,Petrol,Manual,1197,"74,321",First,Hyderabad,2.85 Lakh*
904,2019,Maruti,Maruti Vitara Brezza Zdi,Diesel,Automatic,1248,"49,792",First,Hyderabad,10.85 Lakh*
905,2012,Mahindra,Mahindra Xuv500 W8 Fwd,Diesel,Automatic,2179,"95,250",First,Hyderabad,6.75 Lakh*
906,2018,Toyota,Toyota Innova Crysta 2.8 Gx At Bsiv,Diesel,Automatic,2755,"77,982",First,Hyderabad,21.50 Lakh*
907,2013,Hyundai,Hyundai I10 Sportz At,Petrol,Manual,1197,"48,492",First,Hyderabad,4.50 Lakh*
908,2008,Hyundai,Hyundai Santro Xing Gls,Petrol,Manual,1086,"48,321",First,Hyderabad,1.65 Lakh*
909,2010,Volkswagen,Volkswagen Beetle 2.0,Petrol,Manual,1984,"55,321",First,Hyderabad,15.50 Lakh*
910,2011,Volkswagen,Volkswagen Vento Diesel Highline,Diesel,Automatic,1598,"69,000",First,Hyderabad,3.05 Lakh*
911,2014,Land,Land Rover Freelander 2 Se,Diesel,Automatic,2179,"73,849",First,Hyderabad,22.50 Lakh*
912,2009,Tata,Tata Indica Aqua 1.4 Tdi,Diesel,Automatic,1405,"87,321",First,Hyderabad,1.55 Lakh*
913,2015,Honda,Honda City I Vtec Cvt Sv,Petrol,Manual,1497,"64,999",First,Hyderabad,7.25 Lakh*
914,2013,Volkswagen,Volkswagen Polo Gt Tsi,Petrol,Manual,1197,"63,699",First,Hyderabad,5.75 Lakh*
915,2016,Mahindra,Mahindra Tuv 300 T6 Plus,Diesel,Automatic,1493,"1,46,799",First,Hyderabad,6.75 Lakh*
916,2016,Hyundai,Hyundai Creta 1.6 Sx,Petrol,Manual,1591,"67,351",First,Hyderabad,10.25 Lakh*
917,2018,Toyota,Toyota Innova Crysta 2.4 G Mt 8 Str,Diesel,Automatic,2393,"98,999",First,Hyderabad,19.25 Lakh*
918,2013,Maruti,Maruti Ritz Zdi,Diesel,Automatic,1248,"1,06,982",First,Hyderabad,4.25 Lakh*
919,2010,Honda,Honda Civic 1.8 S Mt,Petrol,Manual,1799,"61,399",First,Hyderabad,4.25 Lakh*
920,2016,Honda,Honda Cr-v 2.0l 2wd At,Petrol,Manual,1997,"74,000",First,Hyderabad,15.50 Lakh*
921,2019,Tata,Tata Harrier Xz,Diesel,Automatic,1956,"41,899",First,Hyderabad,19.25 Lakh*
922,2016,Hyundai,Hyundai Verna 1.6 Crdi At S,Diesel,Automatic,1582,"73,899",First,Hyderabad,8.10 Lakh*
923,2017,Volkswagen,Volkswagen Polo 1.5 Tdi Highline,Diesel,Automatic,1498,"90,421",First,Hyderabad,6.75 Lakh*
924,2017,Maruti,Maruti Celerio Zxi Amt,Petrol,Manual,998,"8,237",First,Hyderabad,5.80 Lakh*
925,2012,Land,Land Rover Range Rover Evoque 2.2l Pure,Diesel,Automatic,2179,"74,996",First,Hyderabad,24.50 Lakh*
926,2009,Skoda,Skoda Superb 1.8 Tsi,Petrol,Manual,1798,"99,321",First,Hyderabad,4.75 Lakh*
927,2008,Honda,Honda City Gxi,Petrol,Manual,1497,"75,321",First,Hyderabad,2.45 Lakh*
928,2015,Hyundai,Hyundai Verna 1.6 Crdi Sx,Diesel,Automatic,1582,"85,432",First,Hyderabad,5.85 Lakh*
929,2011,Bmw,Bmw 3 Series 320d Sedan,Diesel,Automatic,1995,"85,699",First,Hyderabad,10.75 Lakh*
930,2019,Hyundai,Hyundai Creta 1.6 E Plus,Petrol,Manual,1591,"10,000",First,Hyderabad,8.25 Lakh*
931,2008,Honda,Honda City 1.5 V Mt,Petrol,Manual,1497,"80,000",Second,Hyderabad,2.90 Lakh*
932,2013,Hyundai,Hyundai Eon D Lite Plus,Petrol,Manual,814,"63,421",First,Hyderabad,2.95 Lakh*
933,2013,Maruti,Maruti Ertiga Zdi,Diesel,Automatic,1248,"1,18,561",First,Hyderabad,6.65 Lakh*
934,2007,Hyundai,Hyundai Santro Xing Abs,Petrol,Manual,1086,"90,000",Third,Hyderabad,1.25 Lakh*
935,2016,Maruti,Maruti Swift Dzire Vxi,Petrol,Manual,1197,"63,000",First,Hyderabad,5.60 Lakh*
936,2014,Audi,Audi A4 2.0 Tdi,Diesel,Automatic,1968,"98,000",Second,Hyderabad,12.50 Lakh*
937,2017,Hyundai,Hyundai Grand I10 1.2 Kappa Sportz Bsiv,Petrol,Manual,1197,"65,258",First,Hyderabad,4.70 Lakh*
938,2014,Nissan,Nissan Terrano Xv Premium 110 Ps,Diesel,Automatic,1461,"80,122",First,Hyderabad,5.80 Lakh*
939,2007,Hyundai,Hyundai Santro Xing Xo,Petrol,Manual,1086,"80,000",Second,Hyderabad,1.45 Lakh*
940,2016,Maruti,Maruti Baleno 1.2 Delta,Petrol,Manual,1197,"20,000",First,Hyderabad,5.78 Lakh*
941,2012,Jaguar,Jaguar Xf 2.0 Diesel Pure,Diesel,Automatic,1999,"75,000",First,Hyderabad,12 Lakh*
942,2003,Hyundai,Hyundai Sonata Gold,Petrol,Manual,1997,"35,000",Third,Hyderabad,3 Lakh*
943,2012,Hyundai,Hyundai Verna 1.4 Ex,Diesel,Automatic,1396,"94,180",Second,Hyderabad,4.15 Lakh*
944,2016,Maruti,Maruti Swift Dzire Amt Zdi,Diesel,Automatic,1248,"76,287",First,Hyderabad,6.95 Lakh*
945,2007,Toyota,Toyota Innova 2.5 V Diesel 8-seater,Diesel,Automatic,2494,"1,20,000",Second,Hyderabad,4 Lakh*
946,2005,Hyundai,Hyundai Santro Xing Xl,Petrol,Manual,1086,"1,20,000",Second,Hyderabad,"90,000*"
947,2009,Honda,Honda Accord 2.4 Mt,Petrol,Manual,2354,"1,00,000",Third,Hyderabad,3.10 Lakh*
948,2006,Hyundai,Hyundai Santro Xing Xl,Petrol,Manual,1086,"90,000",Second,Hyderabad,1.58 Lakh*
949,2007,Maruti,Maruti Sx4 Zxi With Leather Bsiii,Petrol,Manual,1586,"1,00,000",Second,Hyderabad,2 Lakh*
950,2011,Maruti,Maruti Alto Lxi,Petrol,Manual,796,"90,000",Second,Hyderabad,1.65 Lakh*
951,2016,Maruti,Maruti Swift Vdi Bsiv,Diesel,Automatic,1248,"76,000",First,Hyderabad,5.90 Lakh*
952,2020,Honda,Honda City I-vtec Cvt Zx,Petrol,Manual,1497,"23,000",First,Hyderabad,14.50 Lakh*
953,2016,Maruti,Maruti Ertiga Shvs Zdi Plus,Diesel,Automatic,1248,"1,25,000",First,Hyderabad,8.30 Lakh*
954,2015,Audi,Audi A3 35 Tdi Premium Plus,Diesel,Automatic,1968,"63,321",First,Hyderabad,22.50 Lakh*
955,2017,Renault,Renault Kwid 1.0 Rxt Optional At 2016-2019,Petrol,Manual,999,"57,292",First,Hyderabad,3.55 Lakh*
956,2014,Hyundai,Hyundai I20 Sportz 1.4 Crdi,Diesel,Automatic,1396,"69,000",Second,Hyderabad,4.15 Lakh*
957,2013,Maruti,Maruti Alto 800 Lxi,Petrol,Manual,796,"78,000",First,Hyderabad,2.60 Lakh*
958,2017,Honda,Honda City I Vtec V,Petrol,Manual,1497,"53,000",First,Hyderabad,8.50 Lakh*
959,2016,Datsun,Datsun Go Plus T,Petrol,Manual,1198,"65,000",Second,Hyderabad,3.35 Lakh*
960,2017,Maruti,Maruti Swift Dzire Vdi,Diesel,Automatic,1248,"68,000",First,Hyderabad,7.60 Lakh*
961,2017,Hyundai,Hyundai Creta 1.6 Crdi Sx Plus,Diesel,Automatic,1582,"88,142",First,Hyderabad,11 Lakh*
962,2018,Skoda,Skoda Rapid 1.6 Mpi Style Bsiv,Petrol,Manual,1598,"34,000",First,Hyderabad,8.95 Lakh*
963,2020,Tata,Tata Altroz Xz Plus,Petrol,Manual,1199,"20,000",First,Hyderabad,8.85 Lakh*
964,2010,Hyundai,Hyundai I10 Sportz 1.1l,Petrol,Manual,1086,"78,840",First,Hyderabad,2.50 Lakh*
965,2015,Nissan,Nissan Micra Xl Cvt,Petrol,Manual,1198,"68,000",First,Hyderabad,4.50 Lakh*
966,2014,Maruti,Maruti Swift Vvt Vxi,Petrol,Manual,1197,"82,113",First,Hyderabad,4.90 Lakh*
967,2014,Mercedes-benz,Mercedes-benz E-class E250 Cdi Avantgarde,Diesel,Automatic,2143,"85,009",First,Hyderabad,16.25 Lakh*
968,2018,Mahindra,Mahindra Bolero Mhawk D70 Zlx,Diesel,Automatic,1493,"61,605",First,Hyderabad,8.85 Lakh*
969,2018,Maruti,Maruti Swift Amt Ddis Vdi,Diesel,Automatic,1248,"61,000",First,Hyderabad,6.80 Lakh*
970,2013,Ford,Ford Figo Diesel Exi,Diesel,Automatic,1399,"74,205",First,Hyderabad,3.30 Lakh*
971,2013,Land,Land Rover Range Rover Evoque 2.2l Dynamic,Diesel,Automatic,2179,"94,000",Second,Hyderabad,18 Lakh*
972,2016,Toyota,Toyota Innova Crysta 2.4 Vx Mt,Diesel,Automatic,2393,"1,27,000",First,Hyderabad,16.85 Lakh*
973,2008,Hyundai,Hyundai Santro Xing Gls Lpg,,,1086,"84,000",First,Hyderabad,2 Lakh*
974,2018,Jeep,Jeep Compass 2.0 Limited,Diesel,Automatic,1956,"55,000",First,Hyderabad,17.50 Lakh*
975,2013,Mahindra,Mahindra Scorpio Lx 2wd 7s,Diesel,Automatic,2179,"1,30,000",Second,Hyderabad,5.65 Lakh*
976,2016,Maruti,Maruti Alto K10 Vxi,Petrol,Manual,998,"47,766",First,Hyderabad,3.46 Lakh*
977,2019,Mercedes-benz,Mercedes-benz V-class Exclusive,Diesel,Automatic,1950,"46,500",Second,Hyderabad,64 Lakh*
978,2011,Maruti,Maruti Alto K10 Lxi,Petrol,Manual,998,"20,711",First,Hyderabad,2.60 Lakh*
979,2019,Hyundai,Hyundai Verna Vtvt 1.6 Sx Option,Petrol,Manual,1591,"33,000",First,Hyderabad,11.80 Lakh*
980,2019,Maruti,Maruti Celerio Zxi,Petrol,Manual,998,"23,064",First,Hyderabad,4.80 Lakh*
981,2002,Toyota,Toyota Qualis Fs B2,Diesel,Automatic,2446,"1,29,000",First,Hyderabad,2 Lakh*
982,2018,Hyundai,Hyundai I20 Petrol Cvt Asta,Petrol,Manual,1197,"11,707",First,Hyderabad,9.50 Lakh*
983,2021,Volkswagen,Volkswagen Vento Petrol Highline,Petrol,Manual,1598,"16,049",First,Hyderabad,14.80 Lakh*
984,2018,Honda,Honda City I-dtec V,Diesel,Automatic,1498,"43,688",First,Hyderabad,10.30 Lakh*
985,2021,Honda,Honda City Vtec,Petrol,Manual,1493,"18,039",First,Hyderabad,13.50 Lakh*
986,2020,Honda,Honda City Vtec,Petrol,Manual,1493,"2,236",First,Hyderabad,12.70 Lakh*
987,2012,Volkswagen,Volkswagen Polo Diesel Highline 1.2l,Diesel,Automatic,1199,"94,569",First,Hyderabad,3.85 Lakh*
988,2007,Maruti,Maruti Swift Vxi Bsiii,Petrol,Manual,1298,"75,000",First,Hyderabad,2.50 Lakh*
989,2015,Toyota,Toyota Innova 2.5 Ev (diesel) Ps 8 Seater Bs Iv,Diesel,Automatic,2494,"2,07,099",First,Hyderabad,10.80 Lakh*
990,2014,Hyundai,Hyundai I20 Sportz 1.4 Crdi,Diesel,Automatic,1396,"94,000",First,Hyderabad,4.45 Lakh*
991,2010,Maruti,Maruti Alto K10 Lxi,Petrol,Manual,998,"77,241",First,Hyderabad,1.95 Lakh*
992,2017,Maruti,Maruti Celerio Lxi Mt Bsiv,Petrol,Manual,998,"40,000",First,Hyderabad,4.50 Lakh*
993,2019,Hyundai,Hyundai I20 1.2 Magna Executive,Petrol,Manual,1197,"47,000",Second,Hyderabad,6.90 Lakh*
994,2012,Maruti,Maruti Swift Dzire Ldi,Diesel,Automatic,1248,"1,18,746",First,Hyderabad,4.25 Lakh*
995,2012,Maruti,Maruti Alto K10 Lxi,Petrol,Manual,998,"93,869",First,Hyderabad,2.70 Lakh*
996,2011,Maruti,Maruti Swift Dzire Ldi,Diesel,Automatic,1248,"1,37,571",First,Hyderabad,3.65 Lakh*
997,2011,Ford,Ford Fiesta Exi 1.4 Tdci Ltd,Diesel,Automatic,1399,"53,000",First,Hyderabad,3.25 Lakh*
998,2015,Maserati,Maserati Ghibli Diesel Bsiv,Diesel,Automatic,2987,"15,000",First,Hyderabad,59 Lakh*
999,2012,Mahindra,Mahindra Bolero Sle,Diesel,Automatic,2523,"80,000",First,Hyderabad,3.99 Lakh*
1000,2012,Mahindra,Mahindra Bolero Sle,Diesel,Automatic,2523,"75,000",First,Hyderabad,3.65 Lakh*
1001,2014,Renault,Renault Duster 110ps Diesel Rxz Optional With Nav,Diesel,Automatic,1461,"1,04,000",First,Hyderabad,4.95 Lakh*
1002,2018,Renault,Renault Kwid 1.0 Rxt,Petrol,Manual,999,"31,100",First,Hyderabad,3.60 Lakh*
1003,2003,Mercedes-benz,Mercedes-benz E-class 250 D W 210,Diesel,Automatic,1796,"64,630",First,Hyderabad,5.75 Lakh*
1004,2007,Honda,Honda Civic 1.8 S Mt,Petrol,Manual,1799,"65,321",Second,Hyderabad,3.55 Lakh*
1005,2017,Maruti,Maruti Swift Vdi,Diesel,Automatic,1248,"88,321",First,Hyderabad,6.75 Lakh*
1006,2012,Mercedes-benz,Mercedes-benz M-class Ml 350 4matic,Diesel,Automatic,2987,"1,02,321",First,Hyderabad,22.50 Lakh*
1007,2020,Volkswagen,Volkswagen Vento 1.0 Tsi Highline Plus,Petrol,Manual,999,"5,000",First,Hyderabad,10.50 Lakh*
1008,2007,Hyundai,Hyundai Santro Gs Zipdrive - Euro Ii,Petrol,Manual,999,"90,000",Second,Hyderabad,1.30 Lakh*
1009,2017,Maruti,Maruti Swift Dzire Zdi,Diesel,Automatic,1248,"57,241",First,Hyderabad,7.95 Lakh*
1010,2013,Ford,Ford Ecosport 1.5 Dv5 Mt Titanium,Diesel,Automatic,1498,"85,321",First,Hyderabad,5.50 Lakh*
1011,2020,Hyundai,Hyundai Aura S,Petrol,Manual,1197,"50,000",First,Hyderabad,6.39 Lakh*
1012,2022,Tata,Tata Nexon Ev Xz Plus Lux,,,0,"1,006",First,Hyderabad,17.50 Lakh*
1013,2017,Mahindra,Mahindra Bolero Power Plus Zlx,Diesel,Automatic,1493,"1,10,000",Second,Hyderabad,6.05 Lakh*
1014,2010,Maruti,Maruti Swift Zxi Bsiv,Petrol,Manual,1197,"1,10,000",Third,Hyderabad,3.30 Lakh*
1015,2017,Ford,Ford Aspire 1.2 Ti-vct Titanium,Petrol,Manual,1196,"30,000",First,Hyderabad,4.80 Lakh*
1016,2016,Maruti,Maruti Celerio Vdi,Diesel,Automatic,793,"88,365",First,Hyderabad,3.75 Lakh*
