,Year,Brand,Model,Fuel Type,Transmission,Engine Capacity,Kms Driven,No. of Owners,Location,Price
0,2016,Maruti,Maruti Swift Dzire VXI OPT,Petrol,MANUAL,,"6,846",2nd,Bangalore,"5,80,199"
1,2022,KIA,KIA SONET GTX PLUS 1.5D AT DUAL,Diesel,TONE,,"3,556",1st,Bangalore,"16,40,299"
2,2020,Maruti,Maruti Ertiga ZXI SMART HYBRID,Petrol,MANUAL,,"17,115",1st,Bangalore,"11,75,599"
3,2011,Hyundai,Hyundai i10 SPORTZ 1.2 KAPPA2,Petrol,MANUAL,,"30,874",3rd,Bangalore,"3,17,699"
4,2009,Hyundai,Hyundai Santro Xing GLS,Petrol,MANUAL,,"48,797",1st,Bangalore,"2,51,799"
5,2010,Maruti,Maruti Swift VXI,Petrol,MANUAL,,"58,731",1st,Bangalore,"3,75,899"
6,2018,Maruti,Maruti Ertiga ZDI PLUS SHVS,Diesel,MANUAL,,"34,083",1st,Bangalore,"11,43,099"
7,2011,Maruti,Maruti Swift ZXI,Petrol,MANUAL,,"59,791",2nd,Bangalore,"4,73,099"
8,2021,Renault,Renault Kiger RXZ 1.0,Petrol,MT,,"1,462",1st,Bangalore,"10,24,199"
9,2010,Maruti,Maruti Ritz ZXI,Petrol,MANUAL,,"64,372",1st,Bangalore,"3,85,999"
10,2011,Hyundai,Hyundai i10 SPORTZ 1.2 KAPPA2,Petrol,MANUAL,,"50,828",3rd,Bangalore,"3,11,699"
11,2019,KIA,KIA SELTOS 1.4 GTX+ TURBO GDI PETROL AT,Petrol,AUTOMATIC,,"10,882",1st,Bangalore,"17,81,199"
12,2021,Tata,Tata Tiago XZ+ 1.2 Revotron,Petrol,MANUAL,,"14,194",1st,Bangalore,"7,21,099"
13,2020,Maruti,Maruti Swift ZXI,Petrol,MANUAL,,"8,830",1st,Bangalore,"8,52,999"
14,2022,Hyundai,Hyundai AURA SX (O),Petrol,MT,,"2,903",1st,Bangalore,"8,74,299"
15,2021,Maruti,Maruti Vitara Brezza VXI,Petrol,MANUAL,,"3,171",1st,Bangalore,"9,80,699"
16,2010,Toyota,Toyota Corolla Altis 1.8 G,Petrol,MANUAL,,"87,355",2nd,Bangalore,"3,66,199"
17,2020,KIA,KIA SELTOS 1.5 GTX+ AT,Diesel,AUTOMATIC,,"10,427",1st,Bangalore,"20,53,699"
18,2010,Hyundai,Hyundai i20 MAGNA O 1.2,Petrol,MANUAL,,"75,325",1st,Bangalore,"3,52,499"
19,2012,Maruti,Maruti Swift VXI,Petrol,MANUAL,,"76,615",2nd,Bangalore,"4,76,299"
20,2012,Maruti,Maruti Swift ZXI,Petrol,MANUAL,,"51,481",1st,Bangalore,"5,04,999"
21,2019,Tata,Tata Tiago XZ 1.2 REVOTRON,Petrol,MANUAL,,"14,648",1st,Bangalore,"5,95,799"
22,2020,Honda,Honda City V MT PETROL,Petrol,MANUAL,,"14,825",1st,Bangalore,"11,01,149"
23,2019,Hyundai,Hyundai Elite i20 1.2 SPORTS PLUS VTVT CVT,Petrol,AUTOMATIC,,"3,268",1st,Bangalore,"9,32,349"
24,2021,Renault,Renault Kiger RXZ 1.0 AT DUAL,Petrol,TONE,,"7,972",1st,Bangalore,"9,88,199"
25,2018,Volkswagen,Volkswagen Polo Trendline 1.0 L Petrol,Petrol,MANUAL,,"35,201",1st,Bangalore,"6,12,899"
26,2020,Maruti,Maruti Swift ZXI + AMT,Petrol,AUTOMATIC,,"24,093",1st,Bangalore,"8,88,599"
27,2012,Maruti,Maruti Ritz VDI,Diesel,MANUAL,,"93,102",1st,Bangalore,"3,94,199"
28,2014,Maruti,Maruti Swift Dzire ZDI,Diesel,MANUAL,,"97,853",1st,Bangalore,"6,26,199"
29,2012,Maruti,Maruti Swift VDI,Diesel,MANUAL,,"78,175",1st,Bangalore,"4,89,199"
30,2021,Renault,Renault Kiger RXZ 1.0 TURBO,Petrol,MT,,"4,647",1st,Bangalore,"10,06,799"
31,2014,Maruti,Maruti Swift VDI,Diesel,MANUAL,,"41,795",1st,Bangalore,"5,67,799"
32,2021,Toyota,Toyota URBAN CRUISER PREMIUM,Petrol,MT,,"4,126",2nd,Bangalore,"11,07,899"
33,2011,Hyundai,Hyundai i20 MAGNA O 1.2,Petrol,MANUAL,,"61,954",2nd,Bangalore,"3,69,299"
34,2021,Maruti,Maruti Swift ZXI,Petrol,MANUAL,,"9,511",1st,Bangalore,"8,33,399"
35,2022,Maruti,Maruti Vitara Brezza VXI,Petrol,MANUAL,,"3,771",1st,Bangalore,"9,80,699"
36,2011,Maruti,Maruti Ritz VXI,Petrol,MANUAL,,"99,832",1st,Bangalore,"3,96,299"
37,2019,Tata,Tata NEXON XZA + 1.2 PETROL A/T,Petrol,AUTOMATIC,,"20,099",1st,Bangalore,"10,71,599"
38,2021,KIA,KIA SELTOS GTX 1.4 GDI PETROL,Petrol,MANUAL,,"4,317",1st,Bangalore,"17,90,999"
39,2021,MG,MG HECTOR PLUS Style 7Str,Petrol,Petrol,,"9,453",1st,Bangalore,"14,66,099"
40,2012,Maruti,Maruti A Star VXI ABS AT,Petrol,AUTOMATIC,,"40,936",3rd,Bangalore,"3,21,899"
41,2020,Maruti,Maruti Swift ZXI+,Petrol,MANUAL,,"13,366",2nd,Bangalore,"7,94,699"
42,2010,Maruti,Maruti Zen Estilo VXI,Petrol,MANUAL,,"52,195",1st,Bangalore,"2,43,299"
43,2012,Honda,Honda Brio 1.2 S MT I VTEC,Petrol,MANUAL,,"55,630",1st,Bangalore,"3,70,199"
44,2018,Mahindra,Mahindra XUV500 W10 AT,Diesel,AUTOMATIC,,"75,852",2nd,Bangalore,"16,35,499"
45,2010,Maruti,Maruti Alto LXI,Petrol,MANUAL,,"71,169",2nd,Bangalore,"2,22,299"
46,2014,Maruti,Maruti Swift Dzire VXI,Petrol,MANUAL,,"51,092",2nd,Bangalore,"5,38,399"
47,2019,KIA,KIA SELTOS HTX+ AT 1.5 DIESEL,Diesel,AUTOMATIC,,"23,995",1st,Bangalore,"17,27,299"
48,2013,Maruti,Maruti A Star VXI ABS AT,Petrol,AUTOMATIC,,"34,742",2nd,Bangalore,"3,38,299"
49,2020,Hyundai,Hyundai Creta E,Diesel,MANUAL,,"31,855",1st,Bangalore,"12,82,899"
50,2021,Hyundai,Hyundai Creta 1.4 SX(O) TURBO GDI DCT,Petrol,AUTOMATIC,,"1,408",1st,Bangalore,"20,71,099"
51,2020,Mahindra,Mahindra XUV500 W11 (O) AT,Diesel,AUTOMATIC,,"21,834",1st,Bangalore,"19,90,599"
52,2020,KIA,KIA SELTOS HTK PLUS 1.5 DIESEL,Diesel,MANUAL,,"25,961",1st,Bangalore,"14,97,699"
53,2015,Hyundai,Hyundai i10 MAGNA 1.1 IRDE2,Petrol,MANUAL,,"27,578",2nd,Bangalore,"3,85,999"
54,2018,Renault,Renault Duster RXS CVT 106 PS,Petrol,AUTOMATIC,,"35,115",1st,Bangalore,"9,85,299"
55,2018,Hyundai,Hyundai Creta 1.6 SX (O) CRDI,Diesel,MANUAL,,"41,010",1st,Bangalore,"15,11,999"
56,2017,Hyundai,Hyundai Tucson New 2WD AT GLS DIESEL,Diesel,AUTOMATIC,,"65,387",1st,Bangalore,"17,89,099"
57,2011,Maruti,Maruti Alto K10 VXI,Petrol,MANUAL,,"74,485",2nd,Bangalore,"2,39,999"
58,2019,Honda,Honda Amaze 1.2 VX CVT I VTEC,Petrol,AUTOMATIC,,"20,481",2nd,Bangalore,"8,15,599"
59,2017,Maruti,Maruti Swift ZDI,Diesel,MANUAL,,"84,582",2nd,Bangalore,"6,44,599"
60,2020,Hyundai,Hyundai Elite i20 1.2 SPORTS PLUS VTVT,Petrol,MANUAL,,"22,005",2nd,Bangalore,"7,73,899"
61,2016,Maruti,Maruti Ertiga VDI SHVS,Diesel,MANUAL,,"43,579",1st,Bangalore,"8,22,699"
62,2012,Hyundai,Hyundai i20 ASTA 1.2,Petrol,MANUAL,,"74,189",3rd,Bangalore,"4,34,499"
63,2014,Maruti,Maruti Ertiga ZXI,Petrol,MANUAL,,"72,295",2nd,Bangalore,"6,55,599"
64,2012,Hyundai,Hyundai i20 SPORTZ 1.2 VTVT,Petrol,MANUAL,,"81,866",1st,Bangalore,"4,46,099"
65,2016,Mahindra,Mahindra XUV500 W8 FWD AT,Diesel,AUTOMATIC,,"51,461",2nd,Bangalore,"12,76,849"
66,2012,Honda,Honda Brio 1.2 S MT I VTEC,Petrol,MANUAL,,"71,884",2nd,Bangalore,"3,50,199"
67,2012,Maruti,Maruti A Star VXI ABS AT,Petrol,AUTOMATIC,,"25,337",1st,Bangalore,"3,56,199"
68,2014,Ford,Ford Ecosport 1.5TITANIUM TDCI,Diesel,MANUAL,,"67,830",1st,Bangalore,"6,43,299"
69,2020,KIA,KIA SELTOS HTX 1.5 PETROL MT,Petrol,MANUAL,,"16,588",1st,Bangalore,"14,93,199"
70,2010,Maruti,Maruti Ritz LXI,Petrol,MANUAL,,"62,308",2nd,Bangalore,"3,27,299"
71,2017,Mahindra,Mahindra XUV500 W6 4X2,Diesel,MANUAL,,"51,367",2nd,Bangalore,"10,99,999"
72,2020,Hyundai,Hyundai VENUE S MT 1.2 KAPPA,Petrol,MANUAL,,"46,832",1st,Bangalore,"8,74,599"
73,2011,Maruti,Maruti Alto LXI,Petrol,MANUAL,,"72,715",1st,Bangalore,"2,39,999"
74,2017,Renault,Renault Kwid CLIMBER 1.0,Petrol,MANUAL,,"8,529",2nd,Bangalore,"4,06,699"
75,2014,Renault,Renault Pulse RX Z DIESEL,Diesel,MANUAL,,"77,064",2nd,Bangalore,"3,99,999"
76,2012,Honda,Honda Brio 1.2 S MT I VTEC,Petrol,MANUAL,,"46,039",1st,Bangalore,"3,65,099"
77,2016,Maruti,Maruti Swift Dzire VXI OPT,Petrol,MANUAL,,"71,722",1st,Bangalore,"5,67,099"
78,2014,Renault,Renault Duster RXL PLUS DIESEL 85,Diesel,MANUAL,,"77,862",1st,Bangalore,"7,02,799"
79,2015,Maruti,Maruti Swift ZXI,Petrol,MANUAL,,"35,592",2nd,Bangalore,"5,93,699"
80,2019,Renault,Renault Duster RXS 85 PS,Diesel,MANUAL,,"22,797",1st,Bangalore,"10,71,799"
81,2019,MG,MG HECTOR SMART DIESEL,Diesel,MANUAL,,"49,686",2nd,Bangalore,"13,42,099"
82,2017,Hyundai,Hyundai Creta 1.6 CRDI SX PLUS AUTO,Diesel,AUTOMATIC,,"44,335",1st,Bangalore,"13,29,899"
83,2017,Mahindra,Mahindra XUV500 W8 FWD,Diesel,MANUAL,,"51,299",1st,Bangalore,"13,21,199"
84,2020,KIA,KIA SELTOS HTX 1.5 PETROL MT,Petrol,MANUAL,,"13,094",1st,Bangalore,"14,93,199"
85,2018,Hyundai,Hyundai Creta 1.6 SX (O) CRDI,Diesel,MANUAL,,"63,569",1st,Bangalore,"14,91,999"
86,2017,Mahindra,Mahindra XUV500 W10 AT FWD,Diesel,AUTOMATIC,,"68,611",2nd,Bangalore,"14,57,999"
87,2021,Renault,Renault Kiger RXZ 1.0,Petrol,MT,,"8,200",1st,Bangalore,"10,24,199"
88,2013,Maruti,Maruti Swift VDI,Diesel,MANUAL,,"49,056",2nd,Bangalore,"4,91,099"
89,2020,Skoda,Skoda Rapid ACTIVE 1.0 TSI,Petrol,MANUAL,,"3,116",1st,Bangalore,"9,81,799"
90,2018,Maruti,Maruti Alto K10 VXI,Petrol,MANUAL,,"8,683",2nd,Bangalore,"3,79,599"
91,2018,Maruti,Maruti Swift VDI,Diesel,MANUAL,,"78,350",1st,Bangalore,"6,56,299"
92,2012,Hyundai,Hyundai i10 SPORTZ 1.2 KAPPA2,Petrol,MANUAL,,"76,400",2nd,Bangalore,"3,19,999"
93,2012,Hyundai,Hyundai i10 MAGNA 1.2 KAPPA2,Petrol,MANUAL,,"65,725",2nd,Bangalore,"3,25,399"
94,2013,Maruti,Maruti Swift Dzire ZXI 1.2 BS IV,Petrol,MANUAL,,"84,665",2nd,Bangalore,"5,75,199"
95,2020,KIA,KIA SONET GTX PLUS DCT,Petrol,1.0,,"14,949",2nd,Bangalore,"14,02,999"
96,2020,Maruti,Maruti Swift ZXI AMT,Petrol,AUTOMATIC,,"15,386",2nd,Bangalore,"7,98,699"
97,2014,Hyundai,Hyundai Elite i20 ASTA 1.2,Petrol,MANUAL,,"17,298",1st,Bangalore,"6,44,049"
98,2020,Mahindra,Mahindra XUV 3OO W8 (O) DIESEL  AT,Diesel,AUTOMATIC,,"15,262",1st,Bangalore,"14,68,799"
99,2010,Hyundai,Hyundai i20 MAGNA O 1.2,Petrol,MANUAL,,"76,523",2nd,Bangalore,"3,49,899"
100,2013,Maruti,Maruti Swift Dzire ZDI,Diesel,MANUAL,,"40,294",1st,Bangalore,"5,72,499"
101,2015,Renault,Renault Duster RXZ DIESEL 110,Diesel,MANUAL,,"80,875",2nd,Bangalore,"7,16,299"
102,2014,Renault,Renault Duster RXL PLUS DIESEL 85,Diesel,MANUAL,,"44,136",1st,Bangalore,"7,18,599"
103,2013,Maruti,Maruti Alto 800 LXI OPT,Petrol,MANUAL,,"59,672",2nd,Bangalore,"2,81,799"
104,2019,Maruti,Maruti Baleno ALPHA DDIS 190,Diesel,MANUAL,,"30,921",1st,Bangalore,"8,98,899"
105,2019,Maruti,Maruti Celerio ZXI OPT AMT,Petrol,AUTOMATIC,,"21,005",2nd,Bangalore,"5,91,499"
106,2019,KIA,KIA SELTOS HTX+ AT 1.5 DIESEL,Diesel,AUTOMATIC,,"75,529",1st,Bangalore,"14,84,399"
107,2019,Renault,Renault Duster RXS 85 PS,Diesel,MANUAL,,"28,435",1st,Bangalore,"10,81,399"
108,2011,Toyota,Toyota Etios G,Petrol,MANUAL,,"79,273",3rd,Bangalore,"2,94,899"
109,2011,Hyundai,Hyundai i20 MAGNA O 1.2,Petrol,MANUAL,,"65,247",3rd,Bangalore,"3,47,099"
110,2020,KIA,KIA SELTOS HTX 1.5 DIESEL,Diesel,MANUAL,,"59,892",1st,Bangalore,"15,79,799"
111,2016,Honda,Honda Brio 1.2 E MT I VTEC,Petrol,MANUAL,,"22,813",2nd,Bangalore,"4,11,899"
112,2017,Maruti,Maruti Vitara Brezza ZDI,Diesel,MANUAL,,"30,559",2nd,Bangalore,"8,91,399"
113,2014,Maruti,Maruti Swift ZXI,Petrol,MANUAL,,"40,040",1st,Bangalore,"6,12,599"
114,2016,Honda,Honda Jazz 1.2 S MT,Petrol,MANUAL,,"45,508",2nd,Bangalore,"5,13,299"
115,2016,Maruti,Maruti Vitara Brezza ZDI,Diesel,MANUAL,,"93,425",1st,Bangalore,"8,85,299"
116,2015,Honda,Honda Amaze 1.2 SMT I VTEC,Petrol,MANUAL,,"36,186",2nd,Bangalore,"5,20,199"
117,2021,Renault,Renault Duster RXZ,Petrol,MANUAL,,"10,373",2nd,Bangalore,"11,42,499"
118,2016,Ford,Ford New Figo 1.2 TITANIUM,Petrol,MANUAL,,"36,983",1st,Bangalore,"5,42,199"
119,2019,MG,MG HECTOR SHARP 2.0 DIESEL,Diesel,MANUAL,,"21,063",1st,Bangalore,"17,08,899"
120,2014,Maruti,Maruti Alto 800 LXI,Petrol,MANUAL,,"70,882",2nd,Bangalore,"2,72,499"
121,2013,Hyundai,Hyundai i10 ERA 1.1 IRDE,Petrol,MANUAL,,"53,517",1st,Bangalore,"3,47,999"
122,2018,Maruti,Maruti Swift VXI AMT,Petrol,AUTOMATIC,,"23,547",2nd,Bangalore,"7,14,799"
123,2019,Hyundai,Hyundai NEW SANTRO ASTA 1.1 MT,Petrol,MANUAL,,"6,851",1st,Bangalore,"5,72,999"
124,2018,Maruti,Maruti Swift ZDI +,Diesel,MANUAL,,"66,463",1st,Bangalore,"7,69,899"
125,2017,Maruti,Maruti Vitara Brezza ZDI PLUS DUAL TONE,Diesel,MANUAL,,"27,592",1st,Bangalore,"9,71,849"
126,2019,Hyundai,Hyundai Verna 1.6 SX VTVT AT (O),Petrol,AUTOMATIC,,"30,324",1st,Bangalore,"12,20,299"
127,2019,Hyundai,Hyundai VENUE 1.0 TURBO GDI SX+ AT,Petrol,AUTOMATIC,,"18,646",1st,Bangalore,"12,47,599"
128,2016,Maruti,Maruti Vitara Brezza ZDI,Diesel,MANUAL,,"67,864",3rd,Bangalore,"8,38,099"
129,2014,Maruti,Maruti Ciaz ZXI AMT,Petrol,AUTOMATIC,,"44,997",2nd,Bangalore,"7,15,299"
130,2013,Hyundai,Hyundai i10 SPORTZ 1.2 AT KAPPA2,Petrol,AUTOMATIC,,"42,649",1st,Bangalore,"4,09,399"
131,2019,Hyundai,Hyundai New Elantra 1.6 SX MT,Diesel,MANUAL,,"25,472",2nd,Bangalore,"15,29,199"
132,2013,Hyundai,Hyundai i10 ERA 1.1 IRDE,Petrol,MANUAL,,"65,294",1st,Bangalore,"3,43,749"
133,2018,Maruti,Maruti Vitara Brezza ZDI+ DUAL TONE AMT,Diesel,AUTOMATIC,,"40,575",1st,Bangalore,"11,23,999"
134,2013,Maruti,Maruti Swift VDI,Diesel,MANUAL,,"54,510",1st,Bangalore,"5,40,499"
135,2015,Honda,Honda Brio 1.2 S MT I VTEC,Petrol,MANUAL,,"45,720",1st,Bangalore,"4,70,499"
136,2018,Tata,Tata NEXON XMA 1.5,Diesel,MANUAL,,"17,934",1st,Bangalore,"9,39,199"
137,2010,Maruti,Maruti Ritz VXI ABS,Petrol,MANUAL,,"99,646",1st,Bangalore,"3,03,899"
138,2019,Hyundai,Hyundai Elite i20 1.2 MAGNA PLUS VTVT,Petrol,MANUAL,,"38,409",1st,Bangalore,"7,22,099"
139,2020,MG,MG HECTOR PLUS SHARP HYBRID PETROL,Petrol,MANUAL,,"7,046",1st,Bangalore,"17,84,999"
140,2012,Hyundai,Hyundai i10 MAGNA 1.2 KAPPA2,Petrol,MANUAL,,"53,267",1st,Bangalore,"3,32,799"
141,2017,Maruti,Maruti Alto 800 LXI,Petrol,MANUAL,,"15,483",2nd,Bangalore,"3,21,999"
142,2020,Mahindra,Mahindra XUV 3OO W8 DIESEL,Diesel,AT,,"35,171",1st,Bangalore,"10,86,299"
143,2018,Maruti,Maruti Swift ZXI AMT,Petrol,AUTOMATIC,,"65,119",3rd,Bangalore,"6,68,399"
144,2014,Volkswagen,Volkswagen Polo HIGHLINE1.2L PETROL,Petrol,MANUAL,,"75,389",3rd,Bangalore,"4,84,099"
145,2017,Mahindra,Mahindra XUV500 W6 4X2,Diesel,MANUAL,,"52,750",1st,Bangalore,"11,04,899"
146,2019,Maruti,Maruti New  Wagon-R VXI 1.2L,Petrol,MANUAL,,"20,745",2nd,Bangalore,"5,26,899"
147,2014,Honda,Honda Amaze 1.2 VXMT I VTEC,Petrol,MANUAL,,"76,191",2nd,Bangalore,"5,05,199"
148,2016,Hyundai,Hyundai Creta 1.6 CRDI SX PLUS AUTO,Diesel,AUTOMATIC,,"64,873",2nd,Bangalore,"11,66,299"
149,2014,Maruti,Maruti Swift Dzire VXI,Petrol,MANUAL,,"69,274",1st,Bangalore,"5,40,999"
150,2020,Tata,Tata ALTROZ XZ 1.2,Petrol,MANUAL,,"25,260",1st,Bangalore,"8,24,999"
151,2016,Ford,Ford Ecosport 1.5AMBIENTE TI VCT,Petrol,MANUAL,,"51,861",2nd,Bangalore,"6,07,099"
152,2014,Maruti,Maruti Wagon R 1.0 VXI,Petrol,MANUAL,,"27,031",2nd,Bangalore,"3,90,254"
153,2018,Renault,Renault Kwid RXL,Petrol,MANUAL,,"23,417",2nd,Bangalore,"3,77,599"
154,2018,Jeep,Jeep Compass 2.0 LONGITUDE (O),Diesel,MANUAL,,"50,573",1st,Bangalore,"16,82,599"
155,2014,Maruti,Maruti Alto K10 VXI,Petrol,MANUAL,,"66,189",2nd,Bangalore,"2,96,299"
156,2018,Ford,Ford Ecosport 1.5 TREND+ TDCI,Diesel,MANUAL,,"95,612",1st,Bangalore,"7,56,199"
157,2013,Maruti,Maruti Alto 800 LXI,Petrol,MANUAL,,"60,687",1st,Bangalore,"2,91,699"
158,2013,Maruti,Maruti Alto K10 VXI,Petrol,MANUAL,,"57,625",3rd,Bangalore,"2,67,399"
159,2016,Renault,Renault Kwid RXL,Petrol,MANUAL,,"50,333",1st,Bangalore,"3,31,699"
160,2014,Hyundai,Hyundai Eon D LITE PLUS,Petrol,MANUAL,,"63,691",1st,Bangalore,"2,83,099"
161,2013,Maruti,Maruti Swift ZXI,Petrol,MANUAL,,"26,159",1st,Bangalore,"5,45,749"
162,2017,Maruti,Maruti Swift ZDI,Diesel,MANUAL,,"42,973",1st,Bangalore,"7,21,099"
163,2016,Mahindra,Mahindra TUV300 T8,Diesel,MANUAL,,"53,343",1st,Bangalore,"7,40,999"
164,2019,MG,MG HECTOR SHARP 2.0 DIESEL,Diesel,MANUAL,,"30,081",1st,Bangalore,"17,04,449"
165,2019,Honda,Honda Amaze 1.2 VXMT I VTEC,Petrol,MANUAL,,"4,516",1st,Bangalore,"8,06,099"
166,2015,Hyundai,Hyundai Grand i10 SPORTZ 1.2 KAPPA VTVT,Petrol,MANUAL,,"8,603",1st,Bangalore,"5,61,899"
167,2014,Hyundai,Hyundai Eon MAGNA PLUS,Petrol,MANUAL,,"54,972",3rd,Bangalore,"2,84,099"
168,2019,Hyundai,Hyundai Elite i20 1.2  ASTA (O) CVT,Petrol,AUTOMATIC,,"27,354",2nd,Bangalore,"8,77,499"
169,2019,Maruti,Maruti Dzire ZDI AMT,Diesel,AUTOMATIC,,"66,740",1st,Bangalore,"7,78,199"
170,2014,Maruti,Maruti Wagon R Stingray VXI,Petrol,MANUAL,,"65,674",1st,Bangalore,"4,12,299"
171,2015,Maruti,Maruti Celerio ZXI AMT,Petrol,AUTOMATIC,,"44,588",2nd,Bangalore,"4,76,099"
172,2016,Ford,Ford Ecosport 1.0 TREND+ (ECOBOOST),Petrol,MANUAL,,"45,339",1st,Bangalore,"6,89,699"
173,2020,Tata,Tata Harrier XZA + DUAL TONE,Diesel,AUTOMATIC,,"23,597",1st,Bangalore,"21,58,899"
174,2017,Maruti,Maruti Swift VXI OPT,Petrol,MANUAL,,"31,292",1st,Bangalore,"6,32,199"
175,2014,Hyundai,Hyundai Eon D LITE PLUS,Petrol,MANUAL,,"67,334",1st,Bangalore,"2,81,299"
176,2018,Renault,Renault Kwid RXT,Petrol,MANUAL,,"59,749",1st,Bangalore,"3,57,599"
177,2018,Hyundai,Hyundai Creta 1.6 SX PLUS AUTO PETROL,Petrol,AUTOMATIC,,"24,726",1st,Bangalore,"14,62,399"
178,2013,Honda,Honda Brio 1.2 S MT I VTEC,Petrol,MANUAL,,"48,458",1st,Bangalore,"3,64,899"
179,2019,Maruti,Maruti New  Wagon-R VXI 1.0,Petrol,MANUAL,,"28,450",2nd,Bangalore,"5,34,399"
180,2018,Maruti,Maruti Vitara Brezza ZDI+ DUAL TONE AMT,Diesel,AUTOMATIC,,"61,606",1st,Bangalore,"10,83,199"
181,2021,Maruti,Maruti Alto VXI PLUS,Petrol,MANUAL,,753,1st,Bangalore,"4,77,499"
182,2014,Maruti,Maruti Swift VXI,Petrol,MANUAL,,"57,946",2nd,Bangalore,"4,84,199"
183,2014,Hyundai,Hyundai Verna FLUIDIC 1.6 SX VTVT,Petrol,MANUAL,,"43,267",2nd,Bangalore,"5,93,599"
184,2021,Maruti,Maruti Alto VXI PLUS,Petrol,MANUAL,,"1,076",1st,Bangalore,"4,77,499"
185,2017,Hyundai,Hyundai Creta 1.6 CRDI SX PLUS AUTO,Diesel,AUTOMATIC,,"22,793",3rd,Bangalore,"11,52,999"
186,2017,Jeep,Jeep Compass LIMITED 1.4 AT,Petrol,AUTOMATIC,,"15,301",2nd,Bangalore,"16,14,499"
187,2018,Tata,Tata Tiago XZ 1.2 REVOTRON,Petrol,MANUAL,,"52,290",1st,Bangalore,"5,10,399"
188,2019,KIA,KIA SELTOS HTK 1.5 PETROL,Petrol,MANUAL,,"20,303",1st,Bangalore,"12,21,499"
189,2016,Hyundai,Hyundai i10 SPORTZ 1.1 IRDE2,Petrol,MANUAL,,"34,030",2nd,Bangalore,"4,25,699"
190,2021,Renault,Renault TRIBER RXZ AT,Petrol,AUTOMATIC,,"20,830",2nd,Bangalore,"8,07,899"
191,2015,Ford,Ford Ecosport 1.5 TITANIUM TI VCT,Petrol,MANUAL,,"79,574",2nd,Bangalore,"6,17,699"
192,2013,Maruti,Maruti Alto 800 LXI,Petrol,MANUAL,,"38,387",1st,Bangalore,"3,08,599"
193,2015,Maruti,Maruti Celerio ZXI AMT,Petrol,AUTOMATIC,,"60,385",1st,Bangalore,"4,78,299"
194,2016,Hyundai,Hyundai i10 MAGNA 1.1 IRDE2,Petrol,MANUAL,,"49,255",2nd,Bangalore,"3,88,199"
195,2019,Hyundai,Hyundai VENUE 1.0 TURBO GDI SX+ AT,Petrol,AUTOMATIC,,"43,353",1st,Bangalore,"11,53,599"
196,2019,Maruti,Maruti Baleno ALPHA 1.2K12  AT,Petrol,AUTOMATIC,,"11,893",1st,Bangalore,"9,15,699"
197,2016,Maruti,Maruti Alto K10 VXI (O) AMT,Petrol,AUTOMATIC,,"10,806",3rd,Bangalore,"4,02,099"
198,2017,Renault,Renault Duster 85 PS RXE,Diesel,MANUAL,,"52,257",1st,Bangalore,"7,96,399"
199,2016,Hyundai,Hyundai Verna FLUIDIC 1.6 SX VTVT,Petrol,MANUAL,,"41,705",1st,Bangalore,"7,82,399"
200,2014,Maruti,Maruti Wagon R 1.0 VXI,Petrol,MANUAL,,"33,716",2nd,Bangalore,"3,96,699"
201,2015,Hyundai,Hyundai Eon ERA PLUS,Petrol,MANUAL,,"47,474",2nd,Bangalore,"2,93,699"
202,2019,Skoda,Skoda Rapid 1.6 MPI STYLE AT,Petrol,AUTOMATIC,,"53,180",2nd,Bangalore,"9,84,199"
203,2016,Maruti,Maruti Celerio ZXI OPT,Petrol,MANUAL,,"52,310",1st,Bangalore,"4,80,599"
204,2017,Datsun,Datsun Go T(O),Petrol,MANUAL,,"34,605",2nd,Bangalore,"3,23,599"
205,2013,Honda,Honda City S MT PETROL,Petrol,MANUAL,,"82,024",2nd,Bangalore,"5,08,599"
206,2018,Renault,Renault Duster RXS CVT 106 PS,Petrol,AUTOMATIC,,"21,927",2nd,Bangalore,"9,23,199"
207,2018,Renault,Renault Kwid RXL,Petrol,MANUAL,,"72,107",1st,Bangalore,"3,62,799"
208,2019,Hyundai,Hyundai Elite i20 1.2 SPORTZ PLUS DUAL TONE VTVT,Petrol,MANUAL,,"26,533",1st,Bangalore,"8,12,199"
209,2016,Maruti,Maruti Celerio ZXI AMT,Petrol,AUTOMATIC,,"77,327",3rd,Bangalore,"4,29,399"
210,2016,Mahindra,Mahindra Scorpio S2,Diesel,MANUAL,,"1,32,344",1st,Bangalore,"7,30,399"
211,2015,Maruti,Maruti Eeco 5 STR WITH AC PLUSHTR,Petrol,MANUAL,,"14,385",1st,Bangalore,"3,89,299"
212,2016,Maruti,Maruti Celerio VXI,Petrol,MANUAL,,"56,827",1st,Bangalore,"4,33,199"
213,2016,Maruti,Maruti Ciaz ZXI,Petrol,MANUAL,,"90,870",2nd,Bangalore,"6,07,099"
214,2021,Hyundai,Hyundai Creta 1.4 SX(O) TURBO GDI DCT,Petrol,AUTOMATIC,,"8,753",1st,Bangalore,"19,05,199"
215,2016,Hyundai,Hyundai Creta 1.6 SX PLUS VTVT,Petrol,MANUAL,,"63,329",2nd,Bangalore,"9,08,999"
216,2020,Hyundai,Hyundai Elite i20 1.2 SPORTS PLUS VTVT,Petrol,MANUAL,,"17,601",1st,Bangalore,"7,39,899"
217,2019,MG,MG HECTOR SHARP 2.0 DIESEL,Diesel,MANUAL,,"26,305",1st,Bangalore,"17,82,399"
218,2017,Jeep,Jeep Compass 2.0 LIMITED 4*2,Diesel,MANUAL,,"67,271",2nd,Bangalore,"14,24,399"
219,2015,Hyundai,Hyundai Elite i20 ASTA 1.4 CRDI,Diesel,MANUAL,,"58,447",1st,Bangalore,"6,28,899"
220,2016,Hyundai,Hyundai Verna FLUIDIC 1.6 CRDI S,Diesel,MANUAL,,"49,575",1st,Bangalore,"8,47,799"
221,2016,Renault,Renault Kwid RXL,Petrol,MANUAL,,"46,836",1st,Bangalore,"3,44,199"
222,2017,Honda,Honda WR-V 1.5 i-DTEC VX MT,Diesel,MANUAL,,"24,911",1st,Bangalore,"8,72,399"
223,2016,Hyundai,Hyundai Creta 1.6 SX PLUS DIESEL,Diesel,MANUAL,,"75,746",2nd,Bangalore,"10,80,699"
224,2018,Hyundai,Hyundai Creta 1.6 VTVT SX AUTO,Petrol,AUTOMATIC,,"51,554",2nd,Bangalore,"12,86,799"
225,2017,Honda,Honda WR-V 1.5 i-DTEC VX MT,Diesel,MANUAL,,"23,887",1st,Bangalore,"8,69,749"
226,2019,Renault,Renault TRIBER 1.0 RXZ,Petrol,MANUAL,,"33,939",1st,Bangalore,"6,98,899"
227,2018,Maruti,Maruti Dzire VXI,Petrol,MANUAL,,"71,986",1st,Bangalore,"6,24,899"
228,2018,Hyundai,Hyundai NEW SANTRO ASTA 1.1 MT,Petrol,MANUAL,,"16,856",1st,Bangalore,"6,04,599"
229,2014,Maruti,Maruti Celerio VXI,Petrol,MANUAL,,"62,706",1st,Bangalore,"3,95,099"
230,2016,Maruti,Maruti Celerio VXI,Petrol,MANUAL,,"39,023",2nd,Bangalore,"4,49,999"
231,2016,Honda,Honda Jazz 1.2 S AT,Petrol,AUTOMATIC,,"48,326",2nd,Bangalore,"6,01,899"
232,2015,Maruti,Maruti Wagon R 1.0 VXI,Petrol,MANUAL,,"16,433",2nd,Bangalore,"4,26,499"
233,2017,Maruti,Maruti Celerio ZXI OPT AMT,Petrol,AUTOMATIC,,"15,721",2nd,Bangalore,"5,24,799"
234,2014,Maruti,Maruti Swift ZXI,Petrol,MANUAL,,"20,775",2nd,Bangalore,"6,14,199"
235,2016,Renault,Renault Duster RXZ 85 PS DIESEL,Diesel,MANUAL,,"59,181",1st,Bangalore,"8,64,299"
236,2017,Tata,Tata Tiago XZ 1.2 REVOTRON,Petrol,MANUAL,,"35,295",2nd,Bangalore,"5,16,699"
237,2019,Maruti,Maruti New  Wagon-R VXI 1.0,Petrol,MANUAL,,"44,226",1st,Bangalore,"5,30,349"
238,2019,Honda,Honda City V MT PETROL,Petrol,MANUAL,,"34,364",1st,Bangalore,"9,75,599"
239,2014,Hyundai,Hyundai Xcent BASE 1.2,Petrol,MANUAL,,"51,455",1st,Bangalore,"4,33,699"
240,2020,Hyundai,Hyundai VENUE 1.0L Turbo GDI SX MT,Petrol,MANUAL,,"6,814",1st,Bangalore,"11,20,199"
241,2020,MG,MG HECTOR PLUS SHARP,Petrol,DCT,,"7,014",1st,Bangalore,"20,39,399"
242,2019,Maruti,Maruti Ciaz DELTA 1.5 SHVS VVT MT,Petrol,MANUAL,,"36,763",2nd,Bangalore,"8,87,199"
243,2019,Maruti,Maruti Celerio ZXI,Petrol,MANUAL,,"25,598",2nd,Bangalore,"5,15,599"
244,2017,Maruti,Maruti Swift VXI OPT,Petrol,MANUAL,,"64,104",1st,Bangalore,"6,21,299"
245,2017,Hyundai,Hyundai Creta 1.6 CRDI SX PLUS AUTO,Diesel,AUTOMATIC,,"92,937",1st,Bangalore,"10,56,799"
246,2014,Maruti,Maruti Alto K10 VXI,Petrol,MANUAL,,"44,935",1st,Bangalore,"3,24,999"
247,2017,Hyundai,Hyundai Eon MAGNA PLUS,Petrol,MANUAL,,"30,480",1st,Bangalore,"3,72,099"
248,2017,Maruti,Maruti Celerio VXI,Petrol,MANUAL,,"21,949",1st,Bangalore,"5,10,099"
249,2016,Toyota,Toyota Corolla Altis GL,Petrol,MANUAL,,"71,916",1st,Bangalore,"10,92,999"
250,2016,Tata,Tata Tiago XZ 1.2 REVOTRON,Petrol,MANUAL,,"59,223",1st,Bangalore,"4,84,699"
251,2015,Skoda,Skoda Rapid 1.5 TDI AT ELEGANCE PLUS,Diesel,AUTOMATIC,,"47,559",1st,Bangalore,"7,24,074"
252,2019,Maruti,Maruti Dzire VXI,Petrol,MANUAL,,"27,714",1st,Bangalore,"7,19,899"
253,2018,Hyundai,Hyundai Eon SPORTZ,Petrol,MANUAL,,"13,674",2nd,Bangalore,"4,43,699"
254,2019,Hyundai,Hyundai NEW SANTRO 1.1 MAGNA MT,Petrol,MANUAL,,"30,676",1st,Bangalore,"5,01,299"
255,2018,Jeep,Jeep Compass LIMITED (O) 2.0,Diesel,MANUAL,,"32,894",2nd,Bangalore,"15,59,699"
256,2017,Hyundai,Hyundai Creta 1.6 CRDI SX PLUS AUTO,Diesel,AUTOMATIC,,"80,237",1st,Bangalore,"11,90,599"
257,2020,Hyundai,Hyundai VENUE 1.0L Turbo GDI SX MT,Petrol,MANUAL,,"24,752",1st,Bangalore,"10,33,099"
258,2015,Honda,Honda Brio 1.2 S MT I VTEC,Petrol,MANUAL,,"42,759",2nd,Bangalore,"4,27,799"
259,2015,Maruti,Maruti Baleno DELTA DDIS 190,Diesel,MANUAL,,"51,229",1st,Bangalore,"6,34,699"
260,2017,Renault,Renault Kwid RXL,Petrol,MANUAL,,"43,415",1st,Bangalore,"3,60,599"
261,2020,Tata,Tata NEXON XZ+ 1.2,Petrol,MANUAL,,"13,112",2nd,Bangalore,"9,89,999"
262,2020,Hyundai,Hyundai GRAND I10 NIOS SPORTZ PETROL,Petrol,MANUAL,,"11,617",1st,Bangalore,"7,12,299"
263,2018,Maruti,Maruti Baleno SIGMA 1.2 K12,Petrol,MANUAL,,"29,666",1st,Bangalore,"6,29,199"
264,2014,Hyundai,Hyundai i20 ASTA 1.2,Petrol,MANUAL,,"66,958",1st,Bangalore,"5,84,099"
265,2016,Volkswagen,Volkswagen Vento HIGHLINE 1.2 TSI AT,Petrol,AUTOMATIC,,"36,918",1st,Bangalore,"9,30,899"
266,2018,Hyundai,Hyundai Elite i20 ASTA 1.2,Petrol,MANUAL,,"32,194",1st,Bangalore,"8,21,999"
267,2018,Maruti,Maruti Alto K10 VXI,Petrol,MANUAL,,"11,032",1st,Bangalore,"4,04,699"
268,2016,Hyundai,Hyundai Eon ERA PLUS,Petrol,MANUAL,,"23,200",2nd,Bangalore,"3,22,699"
269,2016,Mahindra,Mahindra Kuv100 K6 6 STR,Petrol,MANUAL,,"28,362",3rd,Bangalore,"4,21,099"
270,2019,Ford,Ford Ecosport 1.5 TITANIUM PLUS TI VCT AT,Petrol,AUTOMATIC,,"31,794",1st,Bangalore,"10,16,699"
271,2015,Maruti,Maruti S Cross ALPHA 1.3,Diesel,MANUAL,,"59,572",1st,Bangalore,"7,52,499"
272,2018,Honda,Honda Amaze 1.2 V CVT I VTEC,Petrol,AUTOMATIC,,"54,672",1st,Bangalore,"7,31,899"
273,2018,Maruti,Maruti Dzire VXI,Petrol,MANUAL,,"14,429",1st,Bangalore,"6,97,799"
274,2018,Hyundai,Hyundai Creta 1.6 SX VTVT,Petrol,MANUAL,,"19,896",2nd,Bangalore,"11,86,449"
275,2015,Hyundai,Hyundai Eon D LITE PLUS,Petrol,MANUAL,,"31,051",1st,Bangalore,"3,08,799"
276,2018,Maruti,Maruti Celerio ZXI,Petrol,MANUAL,,"61,758",2nd,Bangalore,"4,77,099"
277,2014,Hyundai,Hyundai Verna FLUIDIC 1.6 VTVT SX AT,Petrol,AUTOMATIC,,"66,191",1st,Bangalore,"6,34,199"
278,2019,Maruti,Maruti Eeco 7 STR,Petrol,MANUAL,,"9,012",1st,Bangalore,"4,79,999"
279,2014,Honda,Honda City S MT PETROL,Petrol,MANUAL,,"58,179",1st,Bangalore,"6,04,499"
280,2014,Honda,Honda City V MT DIESEL,Diesel,MANUAL,,"68,969",2nd,Bangalore,"6,50,499"
281,2014,Hyundai,Hyundai i20 SPORTZ 1.2 VTVT,Petrol,MANUAL,,"65,255",1st,Bangalore,"4,76,899"
282,2015,Maruti,Maruti S Cross ZETA 1.3,Diesel,MANUAL,,"70,712",1st,Bangalore,"7,60,399"
283,2015,Hyundai,Hyundai i10 SPORTZ 1.1 IRDE2,Petrol,MANUAL,,"57,150",1st,Bangalore,"4,07,699"
284,2019,Renault,Renault TRIBER 1.0 RXT,Petrol,MANUAL,,"51,037",1st,Bangalore,"6,34,899"
285,2019,Maruti,Maruti Eeco 7 STR,Petrol,MANUAL,,"35,834",2nd,Bangalore,"4,53,799"
286,2016,Renault,Renault Duster RXS 85 PS,Diesel,MANUAL,,"64,491",2nd,Bangalore,"7,82,799"
287,2016,Honda,Honda Jazz 1.2 V MT,Petrol,MANUAL,,"22,990",2nd,Bangalore,"6,31,599"
288,2019,Honda,Honda City V MT PETROL,Petrol,MANUAL,,"59,417",1st,Bangalore,"9,39,899"
289,2018,Ford,Ford Ecosport 1.5 TITANIUM TI VCT,Petrol,MANUAL,,"36,641",1st,Bangalore,"9,00,299"
290,2018,Tata,Tata Tiago XZ 1.2 REVOTRON,Petrol,MANUAL,,"32,258",1st,Bangalore,"5,35,899"
291,2017,Hyundai,Hyundai i20 Active 1.4 SX,Diesel,MANUAL,,"52,854",1st,Bangalore,"7,46,499"
292,2014,Honda,Honda Amaze 1.2 SMT I VTEC,Petrol,MANUAL,,"90,234",2nd,Bangalore,"4,30,599"
293,2013,Ford,Ford Figo 1.4 TITANIUM DURATORQ,Diesel,MANUAL,,"97,542",1st,Bangalore,"3,17,099"
294,2018,Hyundai,Hyundai Eon MAGNA PLUS,Petrol,MANUAL,,"18,361",2nd,Bangalore,"3,49,799"
295,2016,Maruti,Maruti Ciaz ZXI AT,Petrol,AUTOMATIC,,"79,462",2nd,Bangalore,"6,24,999"
296,2018,Honda,Honda WR-V 1.5 i-DTEC VX MT,Diesel,MANUAL,,"29,768",1st,Bangalore,"8,51,399"
297,2018,Maruti,Maruti IGNIS ZETA 1.2 K12,Petrol,MANUAL,,"22,886",1st,Bangalore,"5,88,399"
298,2021,Skoda,Skoda Rapid STYLE 1.0 AT,Petrol,AUTOMATIC,,"11,878",1st,Bangalore,"13,27,199"
299,2014,Honda,Honda City V MT PETROL,Petrol,MANUAL,,"77,342",2nd,Bangalore,"5,95,699"
300,2014,Maruti,Maruti Alto K10 VXI,Petrol,MANUAL,,"76,906",2nd,Bangalore,"2,96,199"
301,2018,Maruti,Maruti Baleno ALPHA 1.2K12  AT,Petrol,AUTOMATIC,,"10,186",1st,Bangalore,"9,53,499"
302,2015,Maruti,Maruti Celerio VXI,Petrol,MANUAL,,"49,759",2nd,Bangalore,"4,19,399"
303,2015,Honda,Honda Jazz 1.2 E MT,Petrol,MANUAL,,"34,176",1st,Bangalore,"5,18,499"
304,2017,Maruti,Maruti Alto K10 VXI OPT,Petrol,MANUAL,,"20,226",2nd,Bangalore,"3,62,299"
305,2018,Honda,Honda WR-V 1.5 i-DTEC VX MT,Diesel,MANUAL,,"38,325",1st,Bangalore,"8,31,499"
306,2021,Maruti,Maruti Ciaz ALPHA 1.5 MT VTVT SHVS,Petrol,MANUAL,,"25,910",1st,Bangalore,"9,94,699"
307,2013,Honda,Honda Brio 1.2 V MT I VTEC,Petrol,MANUAL,,"57,427",1st,Bangalore,"4,18,799"
308,2019,Hyundai,Hyundai Grand i10 SPORTZ DUAL TONE 1.2 VTVT,Petrol,MANUAL,,"16,623",1st,Bangalore,"6,59,899"
309,2013,Nissan,Nissan Micra XV PETROL,Petrol,MANUAL,,"69,600",2nd,Bangalore,"3,60,899"
310,2017,Hyundai,Hyundai i20 Active 1.4 SX,Diesel,MANUAL,,"33,802",2nd,Bangalore,"7,68,299"
311,2016,Maruti,Maruti S Cross ZETA 1.3,Diesel,MANUAL,,"49,427",2nd,Bangalore,"7,73,599"
312,2020,Hyundai,Hyundai VENUE 1.0L Turbo GDI SX MT,Petrol,MANUAL,,"67,404",1st,Bangalore,"10,07,599"
313,2019,Maruti,Maruti Eeco 5 STR WITH AC PLUSHTR,Petrol,MANUAL,,"28,344",1st,Bangalore,"4,69,299"
314,2016,Honda,Honda Jazz 1.2 S MT,Petrol,MANUAL,,"76,040",2nd,Bangalore,"5,50,899"
315,2021,Toyota,Toyota Glanza G MT PETROL,Petrol,MANUAL,,"4,609",1st,Bangalore,"9,47,599"
316,2016,Renault,Renault Kwid 1.0 RXT Opt,Petrol,MANUAL,,"63,100",1st,Bangalore,"3,53,199"
317,2021,Datsun,Datsun Redi Go 1.0 T(O) AT,Petrol,AUTOMATIC,,"11,130",2nd,Bangalore,"5,25,099"
318,2014,Maruti,Maruti Alto K10 VXI,Petrol,MANUAL,,"34,440",2nd,Bangalore,"3,30,099"
319,2018,Maruti,Maruti Ciaz SIGMA 1.4 VVT,Petrol,MANUAL,,"23,021",1st,Bangalore,"7,53,899"
320,2020,Tata,Tata NEXON XZ+ 1.2,Petrol,MANUAL,,"16,033",1st,Bangalore,"10,97,699"
321,2017,Hyundai,Hyundai Grand i10 SPORTZ 1.2 KAPPA VTVT,Petrol,MANUAL,,"21,516",2nd,Bangalore,"5,17,099"
322,2017,Honda,Honda Amaze 1.2 VXMT I VTEC,Petrol,MANUAL,,"28,982",2nd,Bangalore,"6,23,499"
323,2018,Maruti,Maruti Ciaz ALPHA 1.3 DDIS SHVS,Diesel,MANUAL,,"53,508",2nd,Bangalore,"9,17,199"
324,2018,Maruti,Maruti Baleno ZETA 1.2 K12,Petrol,MANUAL,,"11,279",1st,Bangalore,"7,97,199"
325,2014,Maruti,Maruti Alto K10 VXI,Petrol,MANUAL,,"23,927",1st,Bangalore,"3,28,999"
326,2014,Maruti,Maruti Celerio VXI,Petrol,MANUAL,,"46,252",1st,Bangalore,"4,12,899"
327,2016,Hyundai,Hyundai Eon SPORTZ,Petrol,MANUAL,,"45,231",1st,Bangalore,"3,38,899"
328,2017,Maruti,Maruti Ciaz ZETA 1.3 DDIS SHVS,Diesel,MANUAL,,"72,801",2nd,Bangalore,"7,72,899"
329,2018,Maruti,Maruti Eeco 5 STR WITH AC PLUSHTR,Petrol,MANUAL,,"32,381",1st,Bangalore,"4,24,799"
330,2017,Hyundai,Hyundai Creta 1.6 SX PLUS AUTO PETROL,Petrol,AUTOMATIC,,"41,176",1st,Bangalore,"12,10,399"
331,2017,Maruti,Maruti Celerio ZXI AMT,Petrol,AUTOMATIC,,"51,025",1st,Bangalore,"5,34,099"
332,2014,Honda,Honda Amaze 1.2 EXMT I VTEC,Petrol,MANUAL,,"79,240",2nd,Bangalore,"4,40,099"
333,2017,Tata,Tata Tiago XZA 1.2 REVOTRON,Petrol,AUTOMATIC,,"24,063",3rd,Bangalore,"5,42,999"
334,2014,Maruti,Maruti Alto K10 VXI,Petrol,MANUAL,,"38,841",2nd,Bangalore,"3,02,699"
335,2017,Honda,Honda Jazz 1.2 V MT,Petrol,MANUAL,,"20,070",1st,Bangalore,"7,22,049"
336,2018,Hyundai,Hyundai Grand i10 SPORTZ O 1.2,Petrol,MANUAL,,"48,711",2nd,Bangalore,"5,74,499"
337,2016,Renault,Renault Kwid 1.0 RXT,Petrol,MANUAL,,"48,699",1st,Bangalore,"3,82,799"
338,2016,Ford,Ford Ecosport 1.5 TREND+ TDCI,Diesel,MANUAL,,"66,885",1st,Bangalore,"7,68,599"
339,2019,Maruti,Maruti Baleno DELTA 1.2 K12,Petrol,MANUAL,,"17,887",1st,Bangalore,"7,19,299"
340,2018,Volkswagen,Volkswagen Vento HIGHLINE PLUS TDI MT,Diesel,MANUAL,,"84,615",1st,Bangalore,"8,20,899"
341,2017,Maruti,Maruti Alto K10 VXI,Petrol,MANUAL,,"30,387",3rd,Bangalore,"3,35,399"
342,2018,Honda,Honda City ZX CVT,Petrol,AUTOMATIC,,"17,171",1st,Bangalore,"11,26,399"
343,2014,Hyundai,Hyundai i20 SPORTZ 1.2 VTVT,Petrol,MANUAL,,"69,319",2nd,Bangalore,"4,93,249"
344,2016,Honda,Honda Jazz 1.2 V MT,Petrol,MANUAL,,"62,397",1st,Bangalore,"6,28,799"
345,2015,Honda,Honda Jazz 1.2 V MT,Petrol,MANUAL,,"71,368",2nd,Bangalore,"5,46,599"
346,2017,Maruti,Maruti Ciaz ALPHA 1.4 VVT,Petrol,MANUAL,,"52,604",2nd,Bangalore,"7,06,399"
347,2018,Honda,Honda City VX MT PETROL,Petrol,MANUAL,,"27,077",1st,Bangalore,"10,47,399"
348,2018,Maruti,Maruti Dzire VXI,Petrol,MANUAL,,"24,800",2nd,Bangalore,"7,07,599"
349,2015,Maruti,Maruti Celerio VXI AMT,Petrol,AUTOMATIC,,"47,249",2nd,Bangalore,"4,23,999"
350,2015,Maruti,Maruti Celerio VXI,Petrol,MANUAL,,"79,235",1st,Bangalore,"4,00,499"
351,2019,Hyundai,Hyundai Grand i10 SPORTZ 1.2 KAPPA VTVT,Petrol,MANUAL,,"37,231",1st,Bangalore,"5,93,499"
352,2018,Renault,Renault Kwid 1.0 RXT Opt,Petrol,MANUAL,,"19,231",1st,Bangalore,"4,16,799"
353,2018,Honda,Honda Jazz 1.2 V MT,Petrol,MANUAL,,"22,325",1st,Bangalore,"7,86,999"
354,2019,Maruti,Maruti Baleno DELTA 1.2 K12,Petrol,MANUAL,,"29,062",1st,Bangalore,"6,96,399"
355,2014,Maruti,Maruti Ritz VXI BS IV,Petrol,MANUAL,,"1,08,565",1st,Bangalore,"3,75,699"
356,2017,Hyundai,Hyundai Grand i10 ASTA 1.2 (O) VTVT,Petrol,MANUAL,,"91,564",1st,Bangalore,"5,39,799"
357,2015,Maruti,Maruti Alto 800 LXI,Petrol,MANUAL,,"45,167",1st,Bangalore,"3,06,199"
358,2017,Maruti,Maruti Dzire ZXI Plus,Petrol,MANUAL,,"32,608",1st,Bangalore,"7,00,799"
359,2017,Hyundai,Hyundai i20 Active 1.4 SX,Diesel,MANUAL,,"70,199",2nd,Bangalore,"6,97,999"
360,2017,Hyundai,Hyundai Elite i20 ASTA 1.2,Petrol,MANUAL,,"17,158",1st,Bangalore,"7,33,149"
361,2016,Hyundai,Hyundai Elite i20 ASTA 1.2 (O),Petrol,MANUAL,,"38,974",1st,Bangalore,"6,98,699"
362,2021,Maruti,Maruti S Cross ZETA AT 1.5,Petrol,SHVS,,"22,028",2nd,Bangalore,"11,33,299"
363,2017,Hyundai,Hyundai New Elantra 2.0 SX (O) AT,Petrol,AUTOMATIC,,"87,638",1st,Bangalore,"12,01,799"
364,2018,Hyundai,Hyundai Verna 1.6 SX VTVT (O),Petrol,MANUAL,,"60,412",2nd,Bangalore,"10,13,599"
365,2015,Maruti,Maruti Alto 800 LXI,Petrol,MANUAL,,"38,252",2nd,Bangalore,"3,07,799"
366,2018,Maruti,Maruti Dzire VXI AMT,Petrol,AUTOMATIC,,"9,184",1st,Bangalore,"7,46,699"
367,2018,Hyundai,Hyundai Xcent SX 1.2 CRDI,Diesel,MANUAL,,"93,638",1st,Bangalore,"5,48,299"
368,2017,Hyundai,Hyundai Grand i10 SPORTZ 1.2 KAPPA VTVT,Petrol,MANUAL,,"43,428",2nd,Bangalore,"5,00,599"
369,2015,Hyundai,Hyundai Grand i10 SPORTZ 1.2 KAPPA VTVT,Petrol,MANUAL,,"37,164",2nd,Bangalore,"4,87,199"
370,2021,Tata,Tata NEXON XM SUNROOF 1.2 RTN,Petrol,MANUAL,,"27,358",1st,Bangalore,"9,26,499"
371,2020,Maruti,Maruti Ciaz ALPHA 1.5 AT SHVS,Petrol,AUTOMATIC,,"41,221",1st,Bangalore,"9,69,599"
372,2020,KIA,KIA SELTOS GTX 1.4 GDI PETROL,Petrol,MANUAL,,"12,464",1st,Bangalore,"17,59,699"
373,2017,Hyundai,Hyundai Elite i20 ASTA 1.2,Petrol,MANUAL,,"98,415",1st,Bangalore,"6,66,299"
374,2018,Maruti,Maruti IGNIS SIGMA 1.2 K12,Petrol,MANUAL,,"60,940",1st,Bangalore,"4,79,349"
375,2016,Nissan,Nissan Micra XV CVT,Petrol,AUTOMATIC,,"71,475",2nd,Bangalore,"5,18,099"
376,2018,Hyundai,Hyundai Elite i20 ASTA 1.2,Petrol,MANUAL,,"65,703",1st,Bangalore,"7,77,849"
377,2017,Tata,Tata Tiago XZA 1.2 REVOTRON,Petrol,AUTOMATIC,,"51,794",2nd,Bangalore,"5,47,799"
378,2015,Hyundai,Hyundai Grand i10 SPORTZ 1.2 KAPPA VTVT,Petrol,MANUAL,,"15,490",1st,Bangalore,"5,41,599"
379,2017,Hyundai,Hyundai Grand i10 ASTA 1.2 VTVT,Petrol,MANUAL,,"17,226",1st,Bangalore,"6,33,099"
380,2019,Renault,Renault Kwid CLIMBER 1.0,Petrol,MANUAL,,"46,509",1st,Bangalore,"4,46,499"
381,2017,Maruti,Maruti Alto 800 LXI,Petrol,MANUAL,,"30,136",2nd,Bangalore,"3,21,999"
382,2019,Maruti,Maruti Celerio ZXI OPT,Petrol,MANUAL,,"62,555",1st,Bangalore,"5,51,999"
383,2016,Mahindra,Mahindra Kuv100 K8 6 STR,Petrol,MANUAL,,"43,284",1st,Bangalore,"4,28,499"
384,2017,Hyundai,Hyundai Creta 1.6 E + VTVT,Petrol,MANUAL,,"23,827",1st,Bangalore,"9,39,999"
385,2017,Hyundai,Hyundai Creta 1.6 SX PLUS AUTO PETROL,Petrol,AUTOMATIC,,"45,644",3rd,Bangalore,"10,98,399"
386,2015,Maruti,Maruti Alto 800 LXI,Petrol,MANUAL,,"23,177",1st,Bangalore,"3,18,799"
387,2016,Hyundai,Hyundai Grand i10 SPORTZ 1.2 KAPPA VTVT,Petrol,MANUAL,,"42,825",1st,Bangalore,"4,92,799"
388,2015,Hyundai,Hyundai Grand i10 SPORTZ 1.2 KAPPA VTVT,Petrol,MANUAL,,"41,121",1st,Bangalore,"5,26,699"
389,2015,Maruti,Maruti Alto 800 LXI,Petrol,MANUAL,,"26,847",1st,Bangalore,"3,23,199"
390,2020,Maruti,Maruti Baleno ZETA 1.2 K12,Petrol,MANUAL,,"21,687",1st,Bangalore,"8,06,299"
391,2021,MG,MG HECTOR SHARP DCT PETROL,Petrol,AUTOMATIC,,"6,294",1st,Bangalore,"20,20,299"
392,2020,Tata,Tata NEXON XZ+ 1.2,Petrol,MANUAL,,"20,113",1st,Bangalore,"11,05,799"
393,2019,Renault,Renault Kwid 1.0 CLIMBER OPT,Petrol,MANUAL,,"15,910",2nd,Bangalore,"4,92,099"
394,2017,Honda,Honda WR-V 1.2 i-VTEC VX MT,Petrol,MANUAL,,"29,101",2nd,Bangalore,"7,72,799"
395,2021,Toyota,Toyota Glanza G MT PETROL,Petrol,MANUAL,,"10,684",1st,Bangalore,"8,93,999"
396,2017,Honda,Honda City ZX CVT,Petrol,AUTOMATIC,,"27,453",1st,Bangalore,"10,26,299"
397,2020,Toyota,Toyota YARIS VX CVT,Petrol,AUTOMATIC,,"15,550",2nd,Bangalore,"10,38,099"
398,2017,Maruti,Maruti Alto 800 LXI,Petrol,MANUAL,,"42,870",1st,Bangalore,"3,27,799"
399,2017,Maruti,Maruti Baleno DELTA 1.2 K12,Petrol,MANUAL,,"85,916",2nd,Bangalore,"5,52,599"
400,2014,Maruti,Maruti Wagon R 1.0 VXI,Petrol,MANUAL,,"44,776",2nd,Bangalore,"3,87,999"
401,2017,Datsun,Datsun Redi Go S,Petrol,MANUAL,,"38,798",1st,Bangalore,"3,26,199"
402,2018,Tata,Tata Tiago XZ 1.2 REVOTRON,Petrol,MANUAL,,"61,851",1st,Bangalore,"5,47,199"
403,2017,Renault,Renault Kwid CLIMBER 1.0 AT,Petrol,AUTOMATIC,,"36,752",1st,Bangalore,"4,62,444"
404,2017,Honda,Honda City V MT PETROL,Petrol,MANUAL,,"42,298",2nd,Bangalore,"8,03,199"
405,2018,Tata,Tata Hexa Varicor 400 XTA,Diesel,AUTOMATIC,,"55,209",2nd,Bangalore,"14,65,799"
406,2017,Honda,Honda City V MT PETROL,Petrol,MANUAL,,"28,310",2nd,Bangalore,"8,30,399"
407,2016,Honda,Honda BR-V 1.5 i-VTEC VX,Petrol,MANUAL,,"62,416",2nd,Bangalore,"7,71,499"
408,2015,Maruti,Maruti Celerio VXI,Petrol,MANUAL,,"84,024",2nd,Bangalore,"3,45,099"
409,2020,KIA,KIA SELTOS 1.4 GTX+ TURBO GDI PETROL AT,Petrol,AUTOMATIC,,"36,373",1st,Bangalore,"18,21,199"
410,2017,Ford,Ford Ecosport 1.5 TDCI TITANIUM PLUS,Diesel,MANUAL,,"94,389",1st,Bangalore,"7,84,199"
411,2019,Maruti,Maruti Alto 800 LXI,Petrol,MANUAL,,"14,771",2nd,Bangalore,"3,62,099"
412,2016,Maruti,Maruti Baleno DELTA 1.2 K12,Petrol,MANUAL,,"82,509",1st,Bangalore,"5,98,099"
413,2016,Hyundai,Hyundai Grand i10 SPORTZ 1.2 KAPPA VTVT,Petrol,MANUAL,,"97,532",1st,Bangalore,"4,68,699"
414,2017,Hyundai,Hyundai Elite i20 ASTA 1.2,Petrol,MANUAL,,"33,057",1st,Bangalore,"7,00,755"
415,2019,Ford,Ford FREESTYLE TITANIUM 1.2 TI-VCT MT,Petrol,MANUAL,,"18,032",2nd,Bangalore,"6,69,799"
416,2017,Honda,Honda WR-V 1.2 i-VTEC VX MT,Petrol,MANUAL,,"36,725",2nd,Bangalore,"7,48,599"
417,2017,Hyundai,Hyundai Creta 1.6 SX PLUS AUTO PETROL,Petrol,AUTOMATIC,,"71,052",1st,Bangalore,"11,55,099"
418,2015,Maruti,Maruti Wagon R 1.0 VXI,Petrol,MANUAL,,"31,305",1st,Bangalore,"4,20,999"
419,2020,Maruti,Maruti IGNIS ALPHA 1.2 K12,Petrol,MANUAL,,"19,519",1st,Bangalore,"7,35,199"
420,2016,Mahindra,Mahindra Kuv100 K8 6 STR,Petrol,MANUAL,,"61,471",1st,Bangalore,"4,20,999"
421,2017,Maruti,Maruti Baleno DELTA 1.2 K12,Petrol,MANUAL,,"40,791",1st,Bangalore,"6,60,199"
422,2019,Hyundai,Hyundai NEW SANTRO ASTA 1.1 MT,Petrol,MANUAL,,"41,312",1st,Bangalore,"5,58,299"
423,2021,Maruti,Maruti S PRESSO VXI PLUS,Petrol,MANUAL,,"7,210",1st,Bangalore,"5,26,399"
424,2018,Hyundai,Hyundai NEW SANTRO 1.1 SPORTS AMT,Petrol,AUTOMATIC,,"82,235",1st,Bangalore,"4,86,099"
425,2017,Hyundai,Hyundai Elite i20 ASTA 1.2,Petrol,MANUAL,,"22,008",2nd,Bangalore,"7,18,099"
426,2020,Maruti,Maruti S PRESSO VXI PLUS,Petrol,MANUAL,,"14,704",1st,Bangalore,"4,91,099"
427,2018,Honda,Honda WR-V 1.2 i-VTEC S MT,Petrol,MANUAL,,"63,355",1st,Bangalore,"6,71,799"
428,2018,Maruti,Maruti Baleno ZETA 1.2 K12,Petrol,MANUAL,,"33,827",2nd,Bangalore,"7,74,399"
429,2016,Hyundai,Hyundai Grand i10 SPORTS 1.2 VTVT,Petrol,MANUAL,,"48,136",1st,Bangalore,"5,16,499"
430,2017,Honda,Honda City V MT PETROL,Petrol,MANUAL,,"41,033",1st,Bangalore,"8,12,199"
431,2018,Maruti,Maruti Baleno DELTA 1.2 K12,Petrol,MANUAL,,"62,037",1st,Bangalore,"6,35,699"
432,2017,Ford,Ford Ecosport 1.5 TITANIUM TI VCT AT,Petrol,AUTOMATIC,,"25,812",2nd,Bangalore,"8,00,899"
433,2017,Renault,Renault Kwid CLIMBER 1.0 AT,Petrol,AUTOMATIC,,"21,054",1st,Bangalore,"4,66,099"
434,2018,Volkswagen,Volkswagen Vento 1.2 TSI HIGHLINE PLUS AT,Petrol,AUTOMATIC,,"84,644",1st,Bangalore,"9,63,749"
435,2019,Ford,Ford FREESTYLE TITANIUM 1.2 TI-VCT MT,Petrol,MANUAL,,"11,312",1st,Bangalore,"6,98,299"
436,2017,Maruti,Maruti Wagon R 1.0 VXI AMT,Petrol,AUTOMATIC,,"82,492",1st,Bangalore,"4,04,999"
437,2018,Hyundai,Hyundai NEW SANTRO ASTA 1.1 MT,Petrol,MANUAL,,"55,465",2nd,Bangalore,"5,24,489"
438,2019,Renault,Renault Kwid 1.0 RXT Opt,Petrol,MANUAL,,"19,842",1st,Bangalore,"4,94,499"
439,2018,Maruti,Maruti Alto K10 VXI (O) AMT,Petrol,AUTOMATIC,,"13,923",2nd,Bangalore,"4,40,499"
440,2018,Ford,Ford FREESTYLE TITANIUM 1.2 TI-VCT MT,Petrol,MANUAL,,"23,448",1st,Bangalore,"6,74,799"
441,2021,Toyota,Toyota Glanza G CVT,Petrol,AUTOMATIC,,"11,713",1st,Bangalore,"9,97,699"
442,2017,Hyundai,Hyundai Verna 1.6 SX VTVT,Petrol,MANUAL,,"43,890",1st,Bangalore,"9,08,299"
443,2019,Ford,Ford FREESTYLE TITANIUM 1.2 TI-VCT MT,Petrol,MANUAL,,"20,697",2nd,Bangalore,"6,61,499"
444,2017,Honda,Honda City V MT PETROL,Petrol,MANUAL,,"71,078",2nd,Bangalore,"7,93,599"
445,2017,Maruti,Maruti Baleno DELTA 1.2 K12,Petrol,MANUAL,,"69,854",2nd,Bangalore,"6,19,199"
446,2016,Hyundai,Hyundai Grand i10 SPORTZ 1.2 KAPPA VTVT,Petrol,MANUAL,,"43,428",1st,Bangalore,"5,07,299"
447,2017,Hyundai,Hyundai Elite i20 ASTA 1.2,Petrol,MANUAL,,"24,376",1st,Bangalore,"7,20,099"
448,2020,Maruti,Maruti S PRESSO VXI PLUS,Petrol,MANUAL,,"30,648",1st,Bangalore,"4,79,099"
449,2017,Maruti,Maruti Alto K10 LXI,Petrol,MANUAL,,"76,145",1st,Bangalore,"3,38,499"
450,2020,Hyundai,Hyundai VENUE 1.0 TURBO GDI SX+ AT,Petrol,AUTOMATIC,,"25,174",1st,Bangalore,"12,58,699"
451,2018,Mahindra,Mahindra MARAZZO M8 7 STR,Diesel,MANUAL,,"83,557",1st,Bangalore,"11,61,099"
452,2018,Tata,Tata Hexa Varicor 400 XTA,Diesel,AUTOMATIC,,"76,247",1st,Bangalore,"14,70,099"
453,2015,Maruti,Maruti Wagon R 1.0 VXI,Petrol,MANUAL,,"70,061",2nd,Bangalore,"3,82,599"
454,2017,Honda,Honda Jazz 1.2 V AT,Petrol,AUTOMATIC,,"28,338",2nd,Bangalore,"7,41,799"
455,2016,Maruti,Maruti Baleno ZETA 1.2 K12,Petrol,MANUAL,,"57,575",1st,Bangalore,"6,54,599"
456,2018,Maruti,Maruti Alto 800 LXI,Petrol,MANUAL,,"28,139",2nd,Bangalore,"3,35,999"
457,2017,Maruti,Maruti IGNIS ZETA 1.2 K12,Petrol,MANUAL,,"20,646",1st,Bangalore,"5,71,699"
458,2016,Hyundai,Hyundai i20 Active 1.2 SX,Petrol,MANUAL,,"33,129",1st,Bangalore,"7,18,799"
459,2021,Toyota,Toyota Glanza G CVT,Petrol,AUTOMATIC,,"8,040",1st,Bangalore,"9,97,699"
460,2017,Maruti,Maruti Alto K10 VXI (O) AMT,Petrol,AUTOMATIC,,"24,981",2nd,Bangalore,"4,12,099"
461,2017,Honda,Honda City VX CVT PETROL,Petrol,AUTOMATIC,,"58,377",1st,Bangalore,"9,54,799"
462,2017,Honda,Honda City V MT PETROL,Petrol,MANUAL,,"21,758",1st,Bangalore,"8,40,499"
463,2016,Maruti,Maruti Baleno ZETA 1.2 K12,Petrol,MANUAL,,"26,308",1st,Bangalore,"7,04,899"
464,2018,Maruti,Maruti Baleno DELTA 1.2 K12,Petrol,MANUAL,,"37,700",1st,Bangalore,"6,91,499"
465,2021,MG,MG HECTOR PLUS SMART 2.0,Diesel,6STR,,"25,132",1st,Bangalore,"20,65,699"
466,2020,Maruti,Maruti XL6 ZETA AT SHVS,Petrol,AUTOMATIC,,"55,685",1st,Bangalore,"11,29,099"
467,2018,Maruti,Maruti Wagon R 1.0 VXI AMT,Petrol,AUTOMATIC,,"51,088",2nd,Bangalore,"4,41,799"
468,2014,Maruti,Maruti Alto K10 VXI,Petrol,MANUAL,,"60,865",1st,Bangalore,"3,16,299"
469,2019,Maruti,Maruti Baleno DELTA 1.2 K12,Petrol,MANUAL,,"36,601",1st,Bangalore,"7,42,399"
470,2018,Honda,Honda Amaze 1.2 V CVT I VTEC,Petrol,AUTOMATIC,,"24,145",1st,Bangalore,"7,62,299"
471,2017,Maruti,Maruti Ciaz ZXI,Petrol,MANUAL,,"31,649",1st,Bangalore,"8,00,999"
472,2017,Maruti,Maruti Baleno ALPHA 1.2 K12,Petrol,MANUAL,,"30,144",2nd,Bangalore,"6,70,899"
473,2013,Maruti,Maruti Alto K10 VXI,Petrol,MANUAL,,"66,105",1st,Bangalore,"3,07,799"
474,2018,Mahindra,Mahindra KUV 100 NXT K4+ 6S,Petrol,MANUAL,,"40,182",2nd,Bangalore,"4,27,599"
475,2017,Hyundai,Hyundai Eon MAGNA PLUS,Petrol,MANUAL,,"48,902",1st,Bangalore,"3,62,249"
476,2017,Maruti,Maruti Alto 800 LXI,Petrol,MANUAL,,"75,599",1st,Bangalore,"3,32,499"
477,2017,Maruti,Maruti Wagon R 1.0 VXI,Petrol,MANUAL,,"43,857",1st,Bangalore,"4,20,999"
478,2019,KIA,KIA SELTOS GTK 1.4 GDI PETROL,Petrol,MANUAL,,"44,147",1st,Bangalore,"14,97,299"
479,2019,Maruti,Maruti Alto VXI,Petrol,MANUAL,,"11,847",1st,Bangalore,"4,19,299"
480,2020,Datsun,Datsun Redi Go S,Petrol,MANUAL,,"38,693",1st,Bangalore,"3,25,299"
481,2017,Hyundai,Hyundai Grand i10 ASTA 1.2 VTVT,Petrol,MANUAL,,"31,233",3rd,Bangalore,"5,49,199"
482,2018,Hyundai,Hyundai Elite i20 ASTA 1.2,Petrol,MANUAL,,"42,555",1st,Bangalore,"7,56,049"
483,2018,Ford,Ford FREESTYLE TITANIUM 1.2 TI-VCT MT,Petrol,MANUAL,,"31,845",1st,Bangalore,"6,72,499"
484,2017,Hyundai,Hyundai Elite i20 ASTA 1.2 DUAL TONE,Petrol,MANUAL,,"27,338",2nd,Bangalore,"7,50,799"
485,2015,Hyundai,Hyundai Grand i10 SPORTZ 1.2 KAPPA VTVT,Petrol,MANUAL,,"95,281",1st,Bangalore,"4,70,299"
486,2017,Maruti,Maruti Baleno ZETA 1.2 K12 AMT,Petrol,AUTOMATIC,,"22,045",2nd,Bangalore,"7,38,399"
487,2018,Hyundai,Hyundai Grand i10 SPORTZ 1.2 KAPPA VTVT,Petrol,MANUAL,,"50,366",2nd,Bangalore,"5,13,699"
488,2017,Maruti,Maruti Baleno ZETA 1.2 K12 AMT,Petrol,AUTOMATIC,,"37,789",2nd,Bangalore,"7,32,399"
489,2018,Maruti,Maruti Baleno DELTA 1.2 K12 AT,Petrol,AUTOMATIC,,"25,277",1st,Bangalore,"7,16,999"
490,2016,Maruti,Maruti Baleno ZETA 1.2 K12 AMT,Petrol,AUTOMATIC,,"24,401",1st,Bangalore,"7,47,699"
491,2016,Maruti,Maruti Wagon R 1.0 VXI,Petrol,MANUAL,,"47,811",1st,Bangalore,"4,25,099"
492,2018,Ford,Ford FREESTYLE TITANIUM 1.2 TI-VCT MT,Petrol,MANUAL,,"25,431",1st,Bangalore,"6,89,699"
493,2020,Maruti,Maruti Alto LXI,Petrol,MANUAL,,"11,380",1st,Bangalore,"4,23,099"
494,2016,Maruti,Maruti Wagon R 1.0 VXI,Petrol,MANUAL,,"80,760",1st,Bangalore,"4,15,299"
495,2017,Hyundai,Hyundai Grand i10 ASTA 1.2 KAPPA VTVT,Petrol,MANUAL,,"25,878",1st,Bangalore,"6,04,399"
496,2017,Datsun,Datsun Redi Go 1.0 T(O),Petrol,MANUAL,,"30,074",1st,Bangalore,"3,41,399"
497,2017,Maruti,Maruti Baleno DELTA 1.2 K12,Petrol,MANUAL,,"55,238",2nd,Bangalore,"6,45,599"
498,2018,Maruti,Maruti Alto K10 VXI OPT,Petrol,MANUAL,,"44,539",2nd,Bangalore,"3,79,599"
499,2017,Maruti,Maruti Baleno DELTA 1.2 K12,Petrol,MANUAL,,"65,935",1st,Bangalore,"6,49,699"
500,2021,Maruti,Maruti Alto VXI PLUS,Petrol,MANUAL,,"8,069",2nd,Bangalore,"4,22,999"
501,2020,Toyota,Toyota YARIS VX CVT,Petrol,AUTOMATIC,,"23,020",2nd,Bangalore,"10,66,299"
502,2019,Renault,Renault Captur PLATINE PETROL DUAL TONE,Petrol,MANUAL,,"26,415",1st,Bangalore,"11,32,399"
503,2017,Hyundai,Hyundai Grand i10 SPORTZ 1.2 KAPPA VTVT,Petrol,MANUAL,,"39,602",1st,Bangalore,"5,41,399"
504,2018,Maruti,Maruti Alto K10 VXI (O) AMT,Petrol,AUTOMATIC,,"38,167",1st,Bangalore,"4,42,299"
505,2018,Hyundai,Hyundai Grand i10 SPORTZ 1.2 KAPPA VTVT,Petrol,MANUAL,,"45,348",2nd,Bangalore,"5,35,099"
506,2017,Hyundai,Hyundai Grand i10 SPORTZ 1.2 KAPPA VTVT,Petrol,MANUAL,,"50,331",1st,Bangalore,"5,44,099"
507,2017,Maruti,Maruti IGNIS ALPHA 1.2 K12 DUAL TONE,Petrol,MANUAL,,"1,02,831",1st,Bangalore,"5,44,399"
508,2017,Nissan,Nissan Micra Active XV,Petrol,MANUAL,,"58,716",2nd,Bangalore,"4,49,599"
509,2021,MG,MG HECTOR SMART DIESEL,Diesel,MANUAL,,"7,953",1st,Bangalore,"18,19,399"
510,2019,Tata,Tata Tiago XZ+ 1.2 Revotron,Petrol,MANUAL,,"36,655",1st,Bangalore,"6,43,699"
511,2020,Renault,Renault TRIBER RXZ AT,Petrol,AUTOMATIC,,"9,202",1st,Bangalore,"8,25,799"
512,2018,Maruti,Maruti Swift VXI AMT,Petrol,AUTOMATIC,,"25,561",1st,Bangalore,"7,28,099"
513,2020,Hyundai,Hyundai VENUE S MT 1.2 KAPPA,Petrol,MANUAL,,"28,308",1st,Bangalore,"8,54,999"
514,2019,Skoda,Skoda Rapid 1.5 TDI MT STYLE,Diesel,MANUAL,,"73,420",1st,Bangalore,"9,46,299"
515,2017,Renault,Renault Kwid 1.0 RXT,Petrol,MANUAL,,"38,900",1st,Bangalore,"3,89,499"
516,2014,Maruti,Maruti Alto K10 VXI,Petrol,MANUAL,,"83,831",1st,Bangalore,"3,00,199"
517,2018,Maruti,Maruti Celerio ZXI,Petrol,MANUAL,,"41,418",1st,Bangalore,"5,29,799"
518,2021,Renault,Renault TRIBER RXZ AT,Petrol,AUTOMATIC,,"28,610",1st,Bangalore,"8,13,299"
519,2017,Hyundai,Hyundai Verna FLUIDIC 1.6 VTVT SX AT,Petrol,AUTOMATIC,,"51,174",2nd,Bangalore,"8,04,999"
520,2021,Toyota,Toyota Glanza V CVT,Petrol,AUTOMATIC,,"5,486",1st,Bangalore,"11,33,699"
521,2021,Maruti,Maruti IGNIS ALPHA 1.2 K12,Petrol,MANUAL,,"31,527",1st,Bangalore,"7,00,699"
522,2020,Maruti,Maruti Alto LXI,Petrol,MANUAL,,"35,514",1st,Bangalore,"3,98,199"
523,2011,Maruti,Maruti Ritz VXI,Petrol,MANUAL,,"40,032",1st,Bangalore,"3,64,870"
524,2010,Hyundai,Hyundai Santro Xing GLS,Petrol,MANUAL,,"14,298",2nd,Bangalore,"2,32,599"
525,2020,Maruti,Maruti Ertiga VXI SMART HYBRID,Petrol,MANUAL,,"19,946",2nd,Bangalore,"10,18,599"
526,2009,Hyundai,Hyundai i10 SPORTZ 1.2 KAPPA2,Petrol,MANUAL,,"81,834",1st,Bangalore,"2,49,299"
527,2014,Maruti,Maruti Alto K10 VXI,Petrol,MANUAL,,"49,237",1st,Bangalore,"2,96,399"
528,2012,Maruti,Maruti Ertiga LDI ABS,Diesel,MANUAL,,"59,031",2nd,Bangalore,"6,11,999"
529,2011,Maruti,Maruti Swift VXI,Petrol,MANUAL,,"88,293",2nd,Bangalore,"3,95,099"
530,2012,Maruti,Maruti Swift VXI,Petrol,MANUAL,,"56,401",1st,Bangalore,"4,50,899"
531,2011,Toyota,Toyota Etios Liva G,Petrol,MANUAL,,"97,061",1st,Bangalore,"3,73,499"
532,2016,Maruti,Maruti Swift Dzire VXI,Petrol,MANUAL,,"42,534",2nd,Bangalore,"5,81,599"
533,2010,Maruti,Maruti Zen Estilo VXI,Petrol,MANUAL,,"44,045",2nd,Bangalore,"2,69,699"
534,2012,Toyota,Toyota Etios VD,Diesel,MANUAL,,"95,609",2nd,Bangalore,"4,63,899"
535,2016,Maruti,Maruti Swift Dzire VDI ABS,Diesel,MANUAL,,"94,381",1st,Bangalore,"6,44,299"
536,2017,Maruti,Maruti Swift VDI ABS,Diesel,MANUAL,,"31,806",1st,Bangalore,"6,52,399"
537,2021,Maruti,Maruti Vitara Brezza ZXI +,Petrol,MANUAL,,"4,504",1st,Bangalore,"11,19,799"
538,2013,Maruti,Maruti Swift Dzire VDI,Diesel,MANUAL,,"87,484",1st,Bangalore,"4,91,799"
539,2014,Maruti,Maruti Ertiga VXI,Petrol,MANUAL,,"19,625",1st,Bangalore,"6,19,399"
540,2015,Volkswagen,Volkswagen Polo COMFORTLINE 1.2L PETROL,Petrol,MANUAL,,"64,315",1st,Bangalore,"5,01,899"
541,2011,Hyundai,Hyundai Verna FLUIDIC 1.6 SX VTVT,Petrol,MANUAL,,"89,880",1st,Bangalore,"5,06,799"
542,2014,Maruti,Maruti Alto 800 LXI,Petrol,MANUAL,,"26,419",2nd,Bangalore,"2,92,299"
543,2015,Tata,Tata Zest XM RT 90 PS ABS,Petrol,MANUAL,,"13,736",1st,Bangalore,"4,89,699"
544,2011,Ford,Ford Figo 1.2 ZXI DURATEC,Petrol,MANUAL,,"60,111",1st,Bangalore,"2,99,499"
545,2015,Toyota,Toyota Etios VX,Petrol,MANUAL,,"41,578",3rd,Bangalore,"5,54,099"
546,2013,Hyundai,Hyundai Santro Xing GL PLUS,Petrol,MANUAL,,"72,534",3rd,Bangalore,"2,87,829"
547,2018,Maruti,Maruti Eeco 5 STR WITH AC PLUSHTR,Petrol,MANUAL,,"17,295",1st,Bangalore,"4,40,699"
548,2015,Toyota,Toyota Etios G,Petrol,MANUAL,,"42,083",2nd,Bangalore,"5,35,199"
549,2018,Renault,Renault Kwid 1.0 RXT Opt,Petrol,MANUAL,,"57,119",1st,Bangalore,"3,84,699"
550,2014,Hyundai,Hyundai Verna FLUIDIC 1.4 VTVT CX,Petrol,MANUAL,,"74,519",1st,Bangalore,"5,73,399"
551,2016,Hyundai,Hyundai i20 Active 1.2 SX,Petrol,MANUAL,,"36,056",1st,Bangalore,"6,96,499"
552,2019,Honda,Honda Amaze 1.2 SMT I VTEC,Petrol,MANUAL,,"30,675",1st,Bangalore,"6,34,799"
553,2013,Hyundai,Hyundai i20 MAGNA O 1.4 CRDI,Diesel,MANUAL,,"87,787",1st,Bangalore,"4,42,799"
554,2017,Datsun,Datsun Redi Go T (O),Petrol,MANUAL,,"55,969",1st,Bangalore,"3,00,199"
555,2019,Mahindra,Mahindra MARAZZO M6 8 STR,Diesel,MANUAL,,"37,464",1st,Bangalore,"10,64,799"
556,2014,Hyundai,Hyundai Grand i10 MAGNA 1.1 CRDI,Diesel,MANUAL,,"90,047",2nd,Bangalore,"3,92,199"
557,2016,Maruti,Maruti Celerio VXI (O) AMT,Petrol,AUTOMATIC,,"54,112",1st,Bangalore,"5,36,299"
558,2010,Hyundai,Hyundai i10 SPORTZ 1.2 KAPPA2,Petrol,MANUAL,,"97,656",2nd,Bangalore,"2,83,899"
559,2021,KIA,KIA SONET HTX 1.5,Diesel,DIESEL,,"11,536",1st,Bangalore,"12,38,999"
560,2015,Honda,Honda Jazz 1.2 V MT,Petrol,MANUAL,,"40,251",1st,Bangalore,"6,15,399"
561,2020,KIA,KIA SONET GTX PLUS DCT,Petrol,1.0,,"13,048",1st,Bangalore,"14,42,099"
562,2018,Honda,Honda Amaze 1.2 V CVT I VTEC,Petrol,AUTOMATIC,,"45,143",1st,Bangalore,"7,69,599"
563,2017,Tata,Tata Nano TWIST XTA,Petrol,AUTOMATIC,,"41,152",1st,Bangalore,"2,39,199"
564,2021,Hyundai,Hyundai Creta 1.5 SX (O) AT,Petrol,AUTOMATIC,,"7,404",1st,Bangalore,"18,74,699"
565,2016,Maruti,Maruti Baleno DELTA 1.2 K12,Petrol,MANUAL,,"30,992",1st,Bangalore,"5,93,999"
566,2018,Maruti,Maruti Alto K10 VXI,Petrol,MANUAL,,"23,818",1st,Bangalore,"4,25,099"
567,2021,Mahindra,Mahindra XUV 3OO W8 DIESEL,Diesel,MT,,"9,015",1st,Bangalore,"13,78,499"
568,2021,MG,MG HECTOR SHARP DCT PETROL,Petrol,AUTOMATIC,,"12,849",1st,Bangalore,"20,09,999"
569,2012,Honda,Honda Brio 1.2 S MT I VTEC,Petrol,MANUAL,,"68,414",1st,Bangalore,"3,77,499"
570,2016,Volkswagen,Volkswagen Ameo COMFORTLINE 1.2,Petrol,MANUAL,,"67,032",2nd,Bangalore,"5,44,499"
571,2016,Honda,Honda Brio 1.2 VX MT I VTEC,Petrol,MANUAL,,"34,608",2nd,Bangalore,"5,13,699"
572,2010,Hyundai,Hyundai i10 SPORTZ 1.2,Petrol,MANUAL,,"56,870",2nd,Bangalore,"2,99,399"
573,2020,Ford,Ford Ecosport 1.5 TITANIUM TI VCT AT,Petrol,AUTOMATIC,,"26,164",1st,Bangalore,"10,49,099"
574,2020,Maruti,Maruti Dzire VXI,Petrol,MANUAL,,"17,255",2nd,Bangalore,"7,61,499"
575,2018,Hyundai,Hyundai Grand i10 SPORTZ (O) 1.2 AT VTVT,Petrol,AUTOMATIC,,"19,503",1st,Bangalore,"6,28,399"
576,2010,Maruti,Maruti Ritz VXI,Petrol,MANUAL,,"51,797",2nd,Bangalore,"3,16,299"
577,2013,Maruti,Maruti Swift VDI,Diesel,MANUAL,,"69,096",2nd,Bangalore,"5,03,899"
578,2016,Volkswagen,Volkswagen Vento HIGHLINE 1.2 TSI AT,Petrol,AUTOMATIC,,"40,871",1st,Bangalore,"8,98,799"
579,2016,Maruti,Maruti Celerio VXI AMT,Petrol,AUTOMATIC,,"44,986",2nd,Bangalore,"4,49,399"
580,2016,Volkswagen,Volkswagen Vento HIGHLINE 1.2 TSI AT,Petrol,AUTOMATIC,,"40,871",1st,Bangalore,"8,98,799"
581,2016,Maruti,Maruti Celerio VXI AMT,Petrol,AUTOMATIC,,"44,986",2nd,Bangalore,"4,49,399"
