,Year,Brand,Model,Fuel Type,Transmission,Engine Capacity,Kms Driven,No. of Owners,Location,Price
0,2016,Maruti,Maruti Ciaz,Petrol,Manual,1373,"80,117",1st,Mumbai,"6,14,000"
1,2016,Honda,Honda Jazz,Petrol,Manual,1199,"92,720",1st,Mumbai,"4,95,000 "
2,2015,Honda,Honda Jazz,Petrol,Manual,1199,"57,101",1st,Mumbai,"4,81,000 "
3,2017,Maruti,Maruti Baleno,Petrol,Manual,1197,"25,253",1st,Mumbai,"6,20,000 "
4,2018,Hyundai,Hyundai Verna,Petrol,Manual,1591,"32,733",2nd,Mumbai,"8,34,000 "
5,2015,Honda,Honda Jazz,Petrol,Manual,1199,"34,906",1st,Mumbai,"4,71,000 "
6,2016,Skoda,Skoda Rapid,Petrol,Manual,1598,"37,164",1st,Mumbai,"5,34,000 "
7,2017,Hyundai,Hyundai i20 Active,Diesel,Automatic,1396,"42,923",1st,Mumbai,"6,50,600 "
8,2018,Hyundai,Hyundai Creta,Petrol,Manual,1591,"39,040",1st,Mumbai,"9,41,000 "
9,2017,Maruti,Maruti SX4 S Cross,Diesel,Automatic,1248,"1,04,399",1st,Mumbai,"7,09,000 "
10,2019,Hyundai,Hyundai Creta 1.6 Sx Automatic,Petrol,Manual,1591,"14,200",First,Mumbai,14.25 Lakh*
11,2016,Maruti,Maruti Ciaz,Petrol,Manual,1373,"43,121",1st,Mumbai,"6,47,000 "
12,2017,Maruti,Maruti Ciaz,Petrol,Manual,1373,"71,376",2nd,Mumbai,"6,04,000 "
13,2016,Hyundai,Hyundai Creta,Petrol,Manual,1591,"70,105",1st,Mumbai,"9,15,000 "
14,2015,Maruti,Maruti Ciaz,Petrol,Manual,1373,"50,248",1st,Mumbai,"6,13,000 "
15,2018,Skoda,Skoda Octavia 2.0 Tdi At L K,Diesel,Automatic,1968,"49,000",First,Mumbai,20.40 Lakh*
16,2018,Skoda,Skoda Kodiaq 2.0 Tdi Style,Diesel,Automatic,1968,"71,000",First,Mumbai,24.85 Lakh*
17,2019,Jeep,Jeep Compass 1.4 Limited Plus,Petrol,Manual,1368,"12,000",First,Mumbai,19.90 Lakh*
18,2017,Mercedes-benz,Mercedes-benz Cla 200 Cgi Sport,Petrol,Manual,1991,"10,500",Second,Mumbai,26 Lakh*
19,2015,Skoda,Skoda Rapid 1.5 Tdi Elegance,Diesel,Automatic,1498,"61,000",First,Mumbai,5.15 Lakh*
20,2015,Honda,Honda City,Petrol,Manual,1497,"81,812",1st,Mumbai,"6,53,000 "
21,2015,Maruti,Maruti Ciaz,Petrol,Manual,1373,"50,248",1st,Mumbai,"6,13,000 "
22,2017,Volkswagen,Volkswagen Vento,Petrol,Manual,1598,"39,412",1st,Mumbai,"6,26,000 "
23,2017,Maruti,Maruti Ignis,Petrol,Manual,1197,"22,915",1st,Mumbai,"4,53,000 "
24,2016,Skoda,Skoda Rapid,Petrol,Manual,1598,"46,281",1st,Mumbai,"5,88,000 "
25,2014,Honda,Honda Brio,Petrol,Manual,1198,"22,796",1st,Mumbai,"4,10,000 "
26,2018,Mahindra,Mahindra XUV500,Diesel,Automatic,2179,"45,244",2nd,Mumbai,"11,74,000 "
27,2016,Honda,Honda City,Petrol,Manual,1497,"46,446",1st,Mumbai,"6,83,000 "
28,2017,Maruti,Maruti Baleno,Petrol,Manual,1197,"12,604",1st,Mumbai,"5,71,000 "
29,2018,Hyundai,Hyundai Verna,Petrol,Manual,1591,"51,780",1st,Mumbai,"10,28,000 "
30,2014,Maruti,Maruti Swift,Diesel,Automatic,1248,"51,587",2nd,Mumbai,"4,34,000"
31,2017,Honda,Honda WR-V,Petrol,Manual,1199,"58,848",1st,Mumbai,"6,93,000 "
32,2016,Maruti,Maruti Swift,Petrol,Manual,1197,"33,054",1st,Mumbai,"4,99,000 "
33,2016,Maruti,Maruti Baleno,Petrol,Manual,1197,"46,874",1st,Mumbai,"5,49,000 "
34,2016,Hyundai,Hyundai Verna,Diesel,Automatic,1582,"64,419",1st,Mumbai,"7,94,000 "
35,2020,Hyundai,Hyundai Aura,Petrol,Manual,1197,"17,136",1st,Mumbai,"7,54,000 "
36,2015,Hyundai,Hyundai i20,Petrol,Manual,1197,"51,003",1st,Mumbai,"5,30,000 "
37,2017,Maruti,Maruti Baleno,Petrol,Manual,1197,"32,488",1st,Mumbai,"5,83,000 "
38,2015,Toyota,Toyota Corolla Altis,Petrol,Manual,1798,"73,529",1st,Mumbai,"9,35,000 "
39,2013,Hyundai,Hyundai i20,Petrol,Manual,1197,"45,735",2nd,Mumbai,"3,58,000 "
40,2016,Honda,Honda City,Petrol,Manual,1497,"89,410",1st,Mumbai,"6,35,000"
41,2017,Maruti,Maruti Vitara Brezza,Diesel,Automatic,1248,"1,19,192",1st,Mumbai,"8,14,000"
42,2015,Maruti,Maruti Ciaz,Petrol,Manual,1373,"80,349",1st,Mumbai,"5,93,000 "
43,2017,Maruti,Maruti Baleno,Petrol,Manual,1197,"44,295",1st,Mumbai,"5,56,000 "
44,2015,Hyundai,Hyundai Grand i10,Petrol,Manual,1197,"77,273",1st,Mumbai,"3,93,000 "
45,2016,Hyundai,Hyundai Grand i10,Petrol,Manual,1197,"55,958",2nd,Mumbai,"4,18,000 "
46,2015,Honda,Honda City,Petrol,Manual,1497,"69,122",1st,Mumbai,"6,45,000 "
47,2016,Maruti,Maruti SX4 S Cross,Diesel,Automatic,1248,"65,420",1st,Mumbai,"6,51,000 "
48,2017,Hyundai,Hyundai i20,Diesel,Automatic,1396,"79,368",1st,Mumbai,"7,08,000 "
49,2015,Maruti,Maruti Celerio,Petrol,Manual,998,"47,998",1st,Mumbai,"4,19,000"
50,2015,Hyundai,Hyundai i20,Petrol,Manual,1197,"53,564",2nd,Mumbai,"4,95,000 "
51,2017,Jeep,Jeep Compass,Diesel,Automatic,1956,"54,729",1st,Mumbai,"13,19,000 "
52,2018,Honda,Honda Amaze,Petrol,Manual,1199,"31,782",1st,Mumbai,"6,69,000 "
53,2015,Honda,Honda City,Petrol,Manual,1497,"69,055",1st,Mumbai,"7,19,000 "
54,2017,Maruti,Maruti Baleno,Petrol,Manual,1197,"50,895",1st,Mumbai,"6,10,000 "
55,2016,Honda,Honda City,Petrol,Manual,1497,"45,426",1st,Mumbai,"6,13,000 "
56,2017,Maruti,Maruti Baleno,Diesel,Automatic,1248,"55,029",1st,Mumbai,"6,30,000 "
57,2017,Hyundai,Hyundai Grand i10,Petrol,Manual,1197,"30,372",1st,Mumbai,"5,18,000 "
58,2016,Hyundai,Hyundai Grand i10,Petrol,Manual,1197,"63,274",1st,Mumbai,"4,18,000 "
59,2019,Hyundai,Hyundai Santro,,,1086,"61,332",1st,Mumbai,"5,60,000"
60,2013,Honda,Honda Amaze,Petrol,Manual,1198,"1,04,662",1st,Mumbai,"3,43,000"
61,2015,Skoda,Skoda Rapid,Diesel,Automatic,1498,"59,109",1st,Mumbai,"5,20,000 "
62,2017,Hyundai,Hyundai Verna,Diesel,Automatic,1582,"85,554",1st,Mumbai,"7,97,000 "
63,2016,Honda,Honda Jazz,Petrol,Manual,1199,"57,080",1st,Mumbai,"6,03,000"
64,2015,Hyundai,Hyundai Grand i10,Petrol,Manual,1197,"17,566",1st,Mumbai,"4,63,000 "
65,2017,Honda,Honda City,Petrol,Manual,1497,"37,655",1st,Mumbai,"8,04,000 "
66,2018,Maruti,Maruti Baleno,Petrol,Manual,1197,"38,006",1st,Mumbai,"6,60,000 "
67,2015,Hyundai,Hyundai i20,Petrol,Manual,1197,"43,599",1st,Mumbai,"5,22,000 "
68,2017,Hyundai,Hyundai i20,Petrol,Manual,1197,"48,287",2nd,Mumbai,"5,93,000 "
69,2015,Mahindra,Mahindra Scorpio,Diesel,Automatic,2179,"71,690",2nd,Mumbai,"8,90,000 "
70,2012,Skoda,Skoda New Laura,Diesel,Automatic,1968,"81,588",1st,Mumbai,"4,58,000 "
71,2015,Volkswagen,Volkswagen Polo,Diesel,Automatic,1498,"83,612",2nd,Mumbai,"4,90,000"
72,2017,Hyundai,Hyundai i20,Petrol,Manual,1197,"43,044",1st,Mumbai,"6,51,000 "
73,2015,Maruti,Maruti Ciaz,Petrol,Manual,1373,"97,703",1st,Mumbai,"5,40,000 "
74,2016,Maruti,Maruti Baleno,Petrol,Manual,1197,"52,403",1st,Mumbai,"5,66,000 "
75,2016,Maruti,Maruti Baleno,Petrol,Manual,1197,"29,022",1st,Mumbai,"5,98,000"
76,2014,Hyundai,Hyundai i20,Petrol,Manual,1197,"80,551",1st,Mumbai,"5,04,000 "
77,2016,Hyundai,Hyundai i20,Petrol,Manual,1197,"98,037",1st,Mumbai,"5,56,000 "
78,2018,Hyundai,Hyundai Grand i10,Petrol,Manual,1197,"15,757",1st,Mumbai,"5,64,000 "
79,2017,Maruti,Maruti Vitara Brezza,Diesel,Automatic,1248,"70,003",1st,Mumbai,"8,69,000 "
80,2013,Hyundai,Hyundai Grand i10,Diesel,Automatic,1120,"67,269",2nd,Mumbai,"3,80,000 "
81,2012,Hyundai,Hyundai i10,Petrol,Manual,1197,"45,240",1st,Mumbai,"2,73,000"
82,2015,Hyundai,Hyundai i20,Petrol,Manual,1197,"65,733",1st,Mumbai,"5,50,000 "
83,2017,Maruti,Maruti Baleno,Petrol,Manual,1197,"54,062",1st,Mumbai,"6,13,000 "
84,2014,Hyundai,Hyundai Verna,Petrol,Manual,1591,"78,938",1st,Mumbai,"5,37,000 "
85,2014,Honda,Honda Brio,Petrol,Manual,1198,"51,190",1st,Mumbai,"4,33,000"
86,2016,Hyundai,Hyundai Grand i10,Petrol,Manual,1197,"40,054",1st,Mumbai,"4,80,000 "
87,2019,Maruti,Maruti Vitara Brezza,Diesel,Automatic,1248,"43,068",1st,Mumbai,"10,73,000 "
88,2017,Maruti,Maruti Baleno,Petrol,Manual,1197,"53,707",1st,Mumbai,"5,94,000 "
89,2014,Hyundai,Hyundai i20,Petrol,Manual,1197,"21,101",1st,Mumbai,"5,13,000 "
90,2015,Honda,Honda City,Petrol,Manual,1497,"54,457",1st,Mumbai,"5,99,000 "
91,2015,Maruti,Maruti Ciaz,Petrol,Manual,1373,"65,528",1st,Mumbai,"5,97,000 "
92,2016,Maruti,Maruti Ciaz,Diesel,Automatic,1248,"62,001",1st,Mumbai,"6,89,000 "
93,2016,Maruti,Maruti Ciaz,Diesel,Automatic,1248,"82,086",1st,Mumbai,"6,20,000 "
94,2015,Hyundai,Hyundai Verna,Petrol,Manual,1591,"42,558",1st,Mumbai,"6,75,000 "
95,2014,Renault,Renault Duster,Diesel,Automatic,1461,"62,051",1st,Mumbai,"5,04,000 "
96,2017,Honda,Honda City,Petrol,Manual,1497,"49,103",1st,Mumbai,"7,05,000 "
97,2014,Maruti,Maruti Swift,Diesel,Automatic,1248,"85,968",1st,Mumbai,"4,48,000 "
98,2013,Mahindra,Mahindra Ssangyong Rexton,Diesel,Automatic,2696,"1,10,634",1st,Mumbai,"5,43,000 "
99,2016,Maruti,Maruti Wagon R,Petrol,Manual,998,"53,342",1st,Mumbai,"3,55,000 "
100,2015,Maruti,Maruti Swift Dzire,Petrol,Manual,1197,"33,556",1st,Mumbai,"5,26,000 "
101,2017,Maruti,Maruti SX4 S Cross,Diesel,Automatic,1248,"69,496",1st,Mumbai,"8,23,000 "
102,2015,Hyundai,Hyundai i20,Petrol,Manual,1197,"33,313",1st,Mumbai,"5,33,000 "
103,2015,Hyundai,Hyundai i20,Petrol,Manual,1197,"19,292",1st,Mumbai,"5,33,000 "
104,2016,Hyundai,Hyundai Creta,Petrol,Manual,1591,"43,257",1st,Mumbai,"9,20,000 "
105,2019,Honda,Honda WR-V,Petrol,Manual,1199,"6,142",1st,Mumbai,"8,88,000 "
106,2018,Hyundai,Hyundai i20,Petrol,Manual,1197,"22,598",1st,Mumbai,"6,51,000 "
107,2016,Hyundai,Hyundai i20,Petrol,Manual,1197,"70,396",1st,Mumbai,"5,37,000 "
108,2018,Honda,Honda Amaze,Petrol,Manual,1198,"50,650",1st,Mumbai,"5,83,000 "
109,2015,Ford,Ford Aspire,Petrol,Manual,1196,"37,743",1st,Mumbai,"3,91,000 "
110,2014,Nissan,Nissan Micra,Diesel,Automatic,1461,"55,577",1st,Mumbai,"3,41,000 "
111,2018,Maruti,Maruti Vitara Brezza,Diesel,Automatic,1248,"84,640",1st,Mumbai,"9,20,000 "
112,2014,Volkswagen,Volkswagen Polo,Diesel,Automatic,1199,"96,501",2nd,Mumbai,"3,37,000 "
113,2016,Honda,Honda Amaze,Petrol,Manual,1198,"52,149",2nd,Mumbai,"4,38,000 "
114,2015,Renault,Renault Duster,Diesel,Automatic,1461,"1,15,185",1st,Mumbai,"4,92,000 "
115,2018,Hyundai,Hyundai Creta,Diesel,Automatic,1582,"80,954",1st,Mumbai,"13,29,000 "
116,2017,Honda,Honda Jazz,Petrol,Manual,1199,"53,069",1st,Mumbai,"5,40,000 "
117,2018,Maruti,Maruti Swift Dzire,Petrol,Manual,1197,"31,313",1st,Mumbai,"6,70,000 "
118,2016,Maruti,Maruti Baleno,Petrol,Manual,1197,"55,955",1st,Mumbai,"5,74,000 "
119,2017,Honda,Honda Jazz,Petrol,Manual,1199,"17,605",1st,Mumbai,"5,98,000"
120,2017,Hyundai,Hyundai i20,Diesel,Automatic,1396,"90,121",2nd,Mumbai,"6,10,000 "
121,2011,Skoda,Skoda Rapid,Petrol,Manual,1598,"89,509",1st,Mumbai,"2,58,000 "
122,2015,Maruti,Maruti Wagon R,Petrol,Manual,998,"39,346",1st,Mumbai,"3,59,000 "
123,2019,Maruti,Maruti Baleno,Petrol,Manual,1197,"13,678",1st,Mumbai,"7,49,000 "
124,2018,Toyota,Toyota Yaris,Petrol,Manual,1496,"60,962",1st,Mumbai,"7,64,000 "
125,2015,Honda,Honda City,Petrol,Manual,1497,"51,493",1st,Mumbai,"5,91,000 "
126,2016,Hyundai,Hyundai i20,Petrol,Manual,1197,"21,433",1st,Mumbai,"5,73,000 "
127,2018,Tata,Tata Tiago,Petrol,Manual,1199,"9,573",1st,Mumbai,"5,93,000 "
128,2017,Hyundai,Hyundai Creta,Petrol,Manual,1591,"79,225",1st,Mumbai,"8,37,000 "
129,2014,Hyundai,Hyundai i20,Petrol,Manual,1197,"31,373",1st,Mumbai,"4,98,000 "
130,2015,Hyundai,Hyundai Grand i10,Petrol,Manual,1197,"53,714",3rd,Mumbai,"3,53,000 "
131,2018,Maruti,Maruti Ignis,Petrol,Manual,1197,"38,213",1st,Mumbai,"4,55,000 "
132,2011,Maruti,Maruti Swift Dzire,Petrol,Manual,1197,"50,915",1st,Mumbai,"2,93,000 "
133,2016,Hyundai,Hyundai Verna,Petrol,Manual,1591,"40,281",1st,Mumbai,"6,55,000"
134,2014,Maruti,Maruti Ertiga,Petrol,Manual,1373,"80,284",1st,Mumbai,"6,21,000 "
135,2018,Tata,Tata Nexon,Diesel,Automatic,1497,"81,331",1st,Mumbai,"7,38,000 "
136,2018,Maruti,Maruti Swift Dzire,Petrol,Manual,1197,"22,305",1st,Mumbai,"6,80,000"
137,2017,Maruti,Maruti Baleno,Petrol,Manual,1197,"60,934",1st,Mumbai,"6,27,000 "
138,2017,Volkswagen,Volkswagen Vento,Petrol,Manual,1598,"19,423",1st,Mumbai,"7,11,000 "
139,2018,Honda,Honda BR-V,Petrol,Manual,1497,"54,388",1st,Mumbai,"8,63,000"
140,2017,Jeep,Jeep Compass,Diesel,Automatic,1956,"36,181",1st,Mumbai,"11,43,000 "
141,2013,Renault,Renault Duster,Petrol,Manual,1598,"52,273",1st,Mumbai,"4,50,000 "
142,2018,Maruti,Maruti Swift Dzire,Petrol,Manual,1197,"27,137",1st,Mumbai,"6,70,000 "
143,2017,Hyundai,Hyundai Creta,Diesel,Automatic,1396,"56,837",1st,Mumbai,"9,03,000"
144,2016,Maruti,Maruti Baleno,Petrol,Manual,1197,"55,154",2nd,Mumbai,"5,04,000 "
145,2015,Maruti,Maruti Wagon R,Petrol,Manual,998,"73,821",1st,Mumbai,"3,73,000 "
146,2017,Hyundai,Hyundai Grand i10,Petrol,Manual,1197,"42,760",1st,Mumbai,"4,98,000 "
147,2021,Maruti,Maruti Vitara Brezza,Petrol,Manual,1462,718,1st,Mumbai,"9,53,000 "
148,2016,Maruti,Maruti Baleno,Petrol,Manual,1197,"54,034",1st,Mumbai,"6,18,000 "
149,2015,Hyundai,Hyundai i20,Petrol,Manual,1197,"58,998",1st,Mumbai,"5,07,000 "
150,2013,Hyundai,Hyundai Grand i10,Petrol,Manual,1197,"76,072",1st,Mumbai,"3,10,000 "
151,2012,Maruti,Maruti Swift,Petrol,Manual,1197,"45,450",1st,Mumbai,"3,79,000"
152,2012,Honda,Honda Brio,Petrol,Manual,1198,"58,678",1st,Mumbai,"2,73,000 "
153,2014,Hyundai,Hyundai Xcent,Petrol,Manual,1197,"78,259",1st,Mumbai,"3,87,000"
154,2016,Volkswagen,Volkswagen Ameo,Petrol,Manual,1198,"42,297",1st,Mumbai,"5,00,000 "
155,2018,Hyundai,Hyundai Grand i10,Petrol,Manual,1197,"23,900",1st,Mumbai,"5,23,000 "
156,2015,Hyundai,Hyundai i20,Petrol,Manual,1197,"68,559",1st,Mumbai,"5,21,000 "
157,2015,Maruti,Maruti Wagon R,Petrol,Manual,998,"97,940",1st,Mumbai,"3,45,000 "
158,2018,Mahindra,Mahindra Marazzo,Diesel,Automatic,1497,"38,535",1st,Mumbai,"10,11,000 "
159,2018,Maruti,Maruti Baleno,Petrol,Manual,1197,"47,212",1st,Mumbai,"6,49,000 "
160,2011,Hyundai,Hyundai i10,Petrol,Manual,1197,"50,152",1st,Mumbai,"2,28,000 "
161,2017,Hyundai,Hyundai i20,Petrol,Manual,1197,"36,325",1st,Mumbai,"5,43,000 "
162,2014,Hyundai,Hyundai Verna,Diesel,Automatic,1582,"1,06,651",2nd,Mumbai,"5,51,000 "
163,2018,Honda,Honda Amaze,Petrol,Manual,1199,"26,252",1st,Mumbai,"7,42,000 "
164,2017,Hyundai,Hyundai Creta,Petrol,Manual,1591,"56,052",1st,Mumbai,"9,33,000 "
165,2017,Hyundai,Hyundai Grand i10,Petrol,Manual,1197,"64,176",1st,Mumbai,"4,71,000 "
166,2016,Honda,Honda City,Petrol,Manual,1497,"46,213",1st,Mumbai,"6,80,000 "
167,2014,Hyundai,Hyundai Verna,Petrol,Manual,1396,"17,519",1st,Mumbai,"5,36,000 "
168,2016,Hyundai,Hyundai i20,Petrol,Manual,1197,"46,287",1st,Mumbai,"5,36,000 "
169,2016,Maruti,Maruti Swift Dzire,Diesel,Automatic,1248,"62,789",2nd,Mumbai,"6,21,000 "
170,2017,Mahindra,Mahindra KUV 100,Petrol,Manual,1198,"34,048",1st,Mumbai,"4,08,000 "
171,2014,Renault,Renault Duster,Diesel,Automatic,1461,"1,01,350",2nd,Mumbai,"4,70,000 "
172,2016,Hyundai,Hyundai i20,Petrol,Manual,1197,"15,855",1st,Mumbai,"5,46,000"
173,2016,Hyundai,Hyundai Creta,Petrol,Manual,1591,"37,809",1st,Mumbai,"9,99,000 "
174,2019,Hyundai,Hyundai Venue,Petrol,Manual,998,"13,629",1st,Mumbai,"9,13,000 "
175,2018,Maruti,Maruti Baleno,Petrol,Manual,1197,"19,647",2nd,Mumbai,"7,28,000"
176,2014,Maruti,Maruti Swift,Petrol,Manual,1197,"43,427",1st,Mumbai,"4,23,000"
177,2017,Hyundai,Hyundai Creta,Petrol,Manual,1591,"49,811",1st,Mumbai,"8,34,000 "
178,2015,Maruti,Maruti Swift Dzire,Petrol,Manual,1197,"61,621",1st,Mumbai,"5,36,000 "
179,2017,Maruti,Maruti Baleno,Diesel,Automatic,1248,"85,707",1st,Mumbai,"5,52,000 "
180,2018,Ford,Ford Ecosport,Petrol,Manual,1497,"54,995",2nd,Mumbai,"6,02,600 "
181,2018,Tata,Tata Nexon,Petrol,Manual,1198,"25,748",1st,Mumbai,"6,89,000 "
182,2015,Toyota,Toyota Corolla Altis,Petrol,Manual,1798,"32,560",1st,Mumbai,"7,03,000 "
183,2015,Hyundai,Hyundai Xcent,Diesel,Automatic,1120,"59,960",1st,Mumbai,"4,82,000"
184,2015,Maruti,Maruti Swift Dzire,Petrol,Manual,1197,"63,141",1st,Mumbai,"5,32,000 "
185,2018,Hyundai,Hyundai i20,Petrol,Manual,1197,"11,839",1st,Mumbai,"6,35,000 "
186,2017,Maruti,Maruti Vitara Brezza,Diesel,Automatic,1248,"84,256",1st,Mumbai,"7,95,000"
187,2021,Maruti,Maruti Swift,Petrol,Manual,1197,"7,703",1st,Mumbai,"8,45,000 "
188,2014,Honda,Honda Brio,Petrol,Manual,1198,"26,303",2nd,Mumbai,"2,93,000 "
189,2018,Mahindra,Mahindra Marazzo,Diesel,Automatic,1497,"29,594",1st,Mumbai,"8,85,000 "
190,2014,Honda,Honda Amaze,Diesel,Automatic,1498,"88,443",1st,Mumbai,"4,23,000"
191,2012,Ford,Ford Figo,Diesel,Automatic,1399,"58,729",1st,Mumbai,"2,10,000 "
192,2013,Hyundai,Hyundai i10,Petrol,Manual,1197,"48,910",1st,Mumbai,"2,88,000 "
193,2018,Hyundai,Hyundai i20,Petrol,Manual,1197,"9,030",2nd,Mumbai,"6,14,000 "
194,2021,Renault,Renault Triber,Petrol,Manual,999,"10,024",1st,Mumbai,"7,35,000 "
195,2016,Hyundai,Hyundai Creta,Diesel,Automatic,1582,"77,276",2nd,Mumbai,"9,78,000 "
196,2016,Hyundai,Hyundai i20,Petrol,Manual,1197,"48,448",2nd,Mumbai,"5,16,000 "
197,2013,Volkswagen,Volkswagen Polo,Petrol,Manual,1198,"75,653",1st,Mumbai,"3,48,000 "
198,2016,Hyundai,Hyundai Creta,Diesel,Automatic,1582,"89,715",1st,Mumbai,"9,87,000 "
199,2013,Honda,Honda City,Petrol,Manual,1497,"47,031",1st,Mumbai,"3,86,000 "
200,2018,Maruti,Maruti Swift Dzire,Diesel,Automatic,1248,"66,688",1st,Mumbai,"7,13,000 "
201,2016,Volkswagen,Volkswagen Ameo,Petrol,Manual,1198,"25,979",1st,Mumbai,"4,88,000"
202,2018,Datsun,Datsun RediGO,Petrol,Manual,999,"7,179",1st,Mumbai,"3,40,000 "
203,2017,Maruti,Maruti Swift Dzire,Petrol,Manual,1197,"26,281",1st,Mumbai,"6,75,000"
204,2017,Maruti,Maruti Baleno,Petrol,Manual,1197,"24,623",1st,Mumbai,"6,42,000 "
205,2016,Maruti,Maruti Baleno,Petrol,Manual,1197,"87,629",1st,Mumbai,"5,39,000 "
206,2017,Volkswagen,Volkswagen Ameo,Petrol,Manual,1198,"30,262",1st,Mumbai,"5,38,000"
207,2019,Maruti,Maruti Wagon R,Petrol,Manual,1197,"30,568",1st,Mumbai,"5,36,000 "
208,2019,Hyundai,Hyundai Grand i10 Nios,Petrol,Manual,1197,"8,026",1st,Mumbai,"6,84,000 "
209,2016,Renault,Renault KWID,Petrol,Manual,799,"19,649",1st,Mumbai,"2,88,000"
210,2021,Hyundai,Hyundai Grand i10 Nios,Petrol,Manual,1197,951,1st,Mumbai,"7,24,000 "
211,2013,Maruti,Maruti Swift,Petrol,Manual,1197,"24,483",1st,Mumbai,"3,63,000 "
212,2018,Maruti,Maruti Baleno,Petrol,Manual,1197,"34,649",1st,Mumbai,"6,66,000 "
213,2017,Maruti,Maruti Baleno,Diesel,Automatic,1248,"36,716",2nd,Mumbai,"6,41,000 "
214,2016,Toyota,Toyota Corolla Altis,Petrol,Manual,1798,"60,778",1st,Mumbai,"9,40,000 "
215,2019,Maruti,Maruti Ignis,Petrol,Manual,1197,"19,683",1st,Mumbai,"4,37,000 "
216,2018,Honda,Honda Amaze,Diesel,Automatic,1498,"46,834",1st,Mumbai,"7,50,000 "
217,2017,Honda,Honda City,Petrol,Manual,1497,"33,105",1st,Mumbai,"8,86,000 "
218,2017,Maruti,Maruti Swift Dzire,Diesel,Automatic,1248,"79,489",1st,Mumbai,"6,69,000 "
219,2016,Datsun,Datsun GO Plus,Petrol,Manual,1198,"35,464",1st,Mumbai,"3,17,000 "
220,2015,Nissan,Nissan Micra,Petrol,Manual,1198,"64,528",1st,Mumbai,"4,09,000 "
221,2016,Honda,Honda Jazz,Petrol,Manual,1199,"15,599",1st,Mumbai,"4,61,000 "
222,2018,Tata,Tata Nexon,Diesel,Automatic,1497,"47,704",1st,Mumbai,"8,36,000 "
223,2014,Honda,Honda City,Petrol,Manual,1497,"58,210",2nd,Mumbai,"5,23,000"
224,2015,Hyundai,Hyundai i20,Petrol,Manual,1197,"56,405",1st,Mumbai,"5,09,000 "
225,2014,Hyundai,Hyundai Xcent,Petrol,Manual,1197,"45,100",1st,Mumbai,"4,26,000 "
226,2017,Hyundai,Hyundai i20,Petrol,Manual,1197,"51,051",1st,Mumbai,"5,73,000 "
227,2016,Skoda,Skoda Rapid,Petrol,Manual,1598,"41,079",1st,Mumbai,"5,50,000 "
228,2017,Skoda,Skoda Superb,Petrol,Manual,1798,"44,453",2nd,Mumbai,"15,83,000 "
229,2018,Volkswagen,Volkswagen Polo,Petrol,Manual,1197,"40,359",1st,Mumbai,"7,85,000 "
230,2016,Renault,Renault Duster,Diesel,Automatic,1461,"39,318",1st,Mumbai,"6,18,000 "
231,2015,Maruti,Maruti Swift,Petrol,Manual,1197,"80,697",2nd,Mumbai,"4,08,000 "
232,2015,Maruti,Maruti Ciaz,Diesel,Automatic,1248,"75,500",1st,Mumbai,"5,83,000 "
233,2016,Maruti,Maruti Ciaz,Diesel,Automatic,1248,"77,000",1st,Mumbai,"6,48,000 "
234,2015,Maruti,Maruti Ciaz,Diesel,Automatic,1248,"78,589",1st,Mumbai,"6,05,000 "
235,2016,Maruti,Maruti Vitara Brezza,Diesel,Automatic,1248,"56,364",1st,Mumbai,"7,65,000 "
236,2017,Hyundai,Hyundai Creta,Petrol,Manual,1591,"65,766",1st,Mumbai,"7,89,000 "
237,2014,Hyundai,Hyundai Grand i10,Petrol,Manual,1197,"32,993",2nd,Mumbai,"3,83,000 "
238,2021,Mahindra,Mahindra Marazzo,Diesel,Automatic,1497,"8,090",1st,Mumbai,"14,75,000 "
239,2021,Renault,Renault Kiger,Petrol,Manual,999,"12,320",1st,Mumbai,"6,37,000 "
240,2014,Hyundai,Hyundai Verna,Diesel,Automatic,1582,"72,313",1st,Mumbai,"5,76,000 "
241,2019,Maruti,Maruti Baleno,Petrol,Manual,1197,"22,400",1st,Mumbai,"8,05,000 "
242,2017,Hyundai,Hyundai i20,Petrol,Manual,1197,"51,164",2nd,Mumbai,"6,00,000 "
243,2017,Hyundai,Hyundai Creta,Petrol,Manual,1591,"23,824",1st,Mumbai,"9,71,000 "
244,2017,Maruti,Maruti Swift,Petrol,Manual,1197,"23,273",1st,Mumbai,"4,74,000 "
245,2017,Honda,Honda City,Petrol,Manual,1497,"33,140",1st,Mumbai,"8,08,000 "
246,2018,Hyundai,Hyundai Creta,Petrol,Manual,1591,"63,947",1st,Mumbai,"10,77,000 "
247,2016,Maruti,Maruti Alto 800,Petrol,Manual,796,"36,763",1st,Mumbai,"2,86,000 "
248,2018,Maruti,Maruti Baleno,Petrol,Manual,1197,"21,536",1st,Mumbai,"7,33,000 "
249,2019,Mahindra,Mahindra XUV300,Diesel,Automatic,1497,"42,923",1st,Mumbai,"10,94,000 "
250,2015,Hyundai,Hyundai i20,Petrol,Manual,1197,"38,453",1st,Mumbai,"5,00,000 "
251,2019,Maruti,Maruti Baleno,Petrol,Manual,1197,"18,418",1st,Mumbai,"6,31,000 "
252,2016,Maruti,Maruti Ciaz,Diesel,Automatic,1248,"80,120",1st,Mumbai,"6,00,000 "
253,2016,Ford,Ford Ecosport,Diesel,Automatic,1498,"84,396",1st,Mumbai,"5,79,000 "
254,2014,Hyundai,Hyundai Verna,Petrol,Manual,1591,"66,332",2nd,Mumbai,"4,81,000 "
255,2011,Maruti,Maruti Wagon R,Petrol,Manual,998,"86,532",1st,Mumbai,"2,68,000 "
256,2015,Hyundai,Hyundai Verna,Petrol,Manual,1591,"55,906",2nd,Mumbai,"6,33,000 "
257,2017,Nissan,Nissan Micra,Petrol,Manual,1198,"41,571",1st,Mumbai,"4,96,000 "
258,2021,Mahindra,Mahindra XUV300,Diesel,Automatic,1497,"9,106",1st,Mumbai,"12,21,000 "
259,2017,Hyundai,Hyundai i20,Petrol,Manual,1197,"31,651",1st,Mumbai,"5,40,000 "
260,2016,Maruti,Maruti Wagon R,Petrol,Manual,998,"66,444",1st,Mumbai,"4,00,000"
261,2016,Skoda,Skoda Rapid,Petrol,Manual,1598,"48,307",1st,Mumbai,"5,75,000"
262,2015,Toyota,Toyota Corolla Altis,Petrol,Manual,1798,"80,056",1st,Mumbai,"7,10,000 "
263,2017,Maruti,Maruti SX4 S Cross,Diesel,Automatic,1248,"35,721",1st,Mumbai,"7,75,000 "
264,2015,Hyundai,Hyundai i20,Petrol,Manual,1197,"67,288",1st,Mumbai,"4,35,000"
265,2017,Maruti,Maruti Swift Dzire,Petrol,Manual,1197,"72,123",1st,Mumbai,"5,91,000 "
266,2018,Hyundai,Hyundai Creta,Petrol,Manual,1591,"12,474",1st,Mumbai,"9,28,000 "
267,2017,Maruti,Maruti Swift Dzire,Diesel,Automatic,1248,"69,109",1st,Mumbai,"7,13,000 "
268,2014,Hyundai,Hyundai i20,Petrol,Manual,1197,"66,081",1st,Mumbai,"4,78,000 "
269,2015,Maruti,Maruti Alto 800,Petrol,Manual,796,"36,550",2nd,Mumbai,"2,59,000 "
270,2017,Nissan,Nissan Micra,Petrol,Manual,1198,"39,324",2nd,Mumbai,"4,41,000 "
271,2021,Maruti,Maruti Swift,Petrol,Manual,1197,"10,701",1st,Mumbai,"7,85,000 "
272,2017,Maruti,Maruti Swift Dzire,Petrol,Manual,1197,"71,044",1st,Mumbai,"6,43,000 "
273,2017,Maruti,Maruti Swift Dzire,Diesel,Automatic,1248,"51,348",1st,Mumbai,"6,49,000 "
274,2016,Maruti,Maruti Celerio,Petrol,Manual,998,"59,183",1st,Mumbai,"3,95,000 "
275,2016,Skoda,Skoda Rapid,Petrol,Manual,1598,"37,164",1st,Mumbai,"5,34,000 "
276,2019,Honda,Honda City,Petrol,Manual,1497,"8,022",1st,Mumbai,"7,91,000 "
277,2014,Maruti,Maruti Alto 800,Petrol,Manual,796,"47,027",1st,Mumbai,"2,16,000 "
278,2016,Hyundai,Hyundai Verna,Petrol,Manual,1591,"84,606",2nd,Mumbai,"5,27,000 "
279,2019,Maruti,Maruti Ertiga,Petrol,Manual,1462,"33,629",1st,Mumbai,"10,28,000 "
280,2018,Hyundai,Hyundai Verna,Diesel,Automatic,1582,"44,281",1st,Mumbai,"10,17,000 "
281,2015,Hyundai,Hyundai i20 Active,Diesel,Automatic,1396,"90,037",1st,Mumbai,"5,20,000 "
282,2016,Maruti,Maruti Celerio,Petrol,Manual,998,"23,488",1st,Mumbai,"4,40,000 "
283,2016,Honda,Honda Jazz,Petrol,Manual,1199,"28,038",1st,Mumbai,"5,15,000 "
284,2017,Hyundai,Hyundai Creta 1.6 Vtvt At Sx Plus,Petrol,Manual,1591,"27,000",Second,Mumbai,10.35 Lakh*
285,2019,Mg,Mg Hector Sharp Dct,Petrol,Manual,1451,"23,000",First,Mumbai,16.90 Lakh*
286,2016,Maruti,Maruti Celerio Vxi At,Petrol,Manual,998,"24,000",First,Mumbai,4.35 Lakh*
287,2010,Toyota,Toyota Innova 2.5 G (diesel) 7 Seater,Diesel,Automatic,2494,"1,09,213",Second,Mumbai,4.99 Lakh*
288,2012,Maruti,Maruti Wagon R Vxi Bs Iv,Petrol,Manual,998,"50,000",First,Mumbai,2.95 Lakh*
289,2011,Mercedes-benz,Mercedes-benz C-class C 250 Cdi Elegance,Diesel,Automatic,2143,"75,000",Third,Mumbai,6.75 Lakh*
290,2019,Bmw,Bmw X1 Sdrive 20d Xline,Diesel,Automatic,1995,"32,000",First,Mumbai,32.50 Lakh*
291,2022,Toyota,Toyota Innova Crysta 2.4 Gx 8 Str At,Diesel,Automatic,2393,"60,000",First,Mumbai,19 Lakh*
292,2012,Mahindra,Mahindra Xuv500 W6 2wd,Diesel,Automatic,2179,"61,000",Second,Mumbai,5.45 Lakh*
293,2021,Renault,Renault Triber Rxz,Petrol,Manual,999,"19,000",First,Mumbai,7.65 Lakh*
294,2013,Mahindra,Mahindra Scorpio 2.6 Crde Sle,Diesel,Automatic,2609,"91,375",First,Mumbai,5.85 Lakh*
295,2017,Renault,Renault Kwid 1.0 Rxt,Petrol,Manual,999,"53,334",Second,Mumbai,3.40 Lakh*
296,2015,Hyundai,Hyundai I20 Asta 1.4 Crdi,Diesel,Automatic,1396,"1,01,000",First,Mumbai,6.45 Lakh*
297,2016,Hyundai,Hyundai Grand I10 At Asta,Petrol,Manual,1197,"52,000",First,Mumbai,5.40 Lakh*
298,2012,Mahindra,Mahindra Xuv500 W8 Awd,Diesel,Automatic,2179,"58,000",First,Mumbai,5.75 Lakh*
299,2017,Maruti,Maruti Vitara Brezza Zdi Plus,Diesel,Automatic,1248,"73,000",First,Mumbai,7.75 Lakh*
300,2017,Maruti,Maruti Baleno 1.2 Zeta,Petrol,Manual,1197,"55,000",First,Mumbai,6.25 Lakh*
301,2020,Maruti,Maruti Wagon R Cng Lxi,,,998,"13,000",First,Mumbai,6.75 Lakh*
302,2015,Toyota,Toyota Fortuner 4x4 At,Diesel,Automatic,2982,"1,28,000",First,Mumbai,19.49 Lakh*
303,2019,Honda,Honda City I-vtec Cvt Zx,Petrol,Manual,1497,"8,363",First,Mumbai,12.99 Lakh*
304,2017,Maruti,Maruti Celerio Zxi,Petrol,Manual,998,"35,448",First,Mumbai,4.75 Lakh*
305,2019,Hyundai,Hyundai Venue Sx Plus Turbo Dct Bsiv,Petrol,Manual,998,"5,000",First,Mumbai,11.25 Lakh*
306,2011,Maruti,Maruti Ritz Zxi,Petrol,Manual,1197,"88,700",First,Mumbai,2.75 Lakh*
307,2018,Hyundai,Hyundai Creta 1.6 Vtvt At Sx Plus,Petrol,Manual,1591,"39,492",Second,Mumbai,11.50 Lakh*
308,2014,Maruti,Maruti Alto 800 Cng Lx,,,796,"72,594",First,Mumbai,3.15 Lakh*
309,2018,Maruti,Maruti Baleno 1.2 Cvt Delta,Petrol,Manual,1197,"23,744",First,Mumbai,6.85 Lakh*
310,2011,Toyota,Toyota Innova 2.5 E 7 Str,Diesel,Automatic,2494,"2,12,314",Second,Mumbai,5.95 Lakh*
311,2019,Maruti,Maruti Wagon R Zxi Amt 1.2,Petrol,Manual,1197,"26,291",First,Mumbai,6.11 Lakh*
312,2014,Honda,Honda City S,Petrol,Manual,1497,"55,183",First,Mumbai,5 Lakh*
313,2019,Maruti,Maruti Swift Dzire Vxi 1.2,Petrol,Manual,1197,"9,328",First,Mumbai,6.85 Lakh*
314,2016,Volkswagen,Volkswagen Polo Gt 1.5 Tdi,Diesel,Automatic,1498,"74,000",First,Mumbai,5.95 Lakh*
315,2011,Fiat,Fiat Linea T Jet Emotion,Petrol,Manual,1368,"1,00,000",First,Mumbai,1.90 Lakh*
316,2016,Honda,Honda Jazz 1.2 V I Vtec,Petrol,Manual,1199,"29,688",First,Mumbai,5.85 Lakh*
317,2013,Audi,Audi A6 2.0 Tdi Premium Plus,Diesel,Automatic,1968,"63,900",First,Mumbai,14.49 Lakh*
318,2011,Hyundai,Hyundai I20 1.2 Asta,Petrol,Manual,1197,"59,000",Second,Mumbai,3.35 Lakh*
319,2016,Maruti,Maruti Wagon R Vxi Amt,Petrol,Manual,998,"37,000",First,Mumbai,4.45 Lakh*
320,2017,Ford,Ford Ecosport 1.5 Petrol Titanium Plus At Bsiv,Petrol,Manual,1497,"54,000",First,Mumbai,6.99 Lakh*
321,2016,Maruti,Maruti Wagon R Lxi,Petrol,Manual,998,"66,000",First,Mumbai,3.99 Lakh*
322,2020,Mercedes-benz,Mercedes-benz Glc 200,Petrol,Manual,1991,"32,000",First,Mumbai,56.50 Lakh*
323,2021,Maruti,Maruti Wagon R Cng Lxi,,,998,"39,096",First,Mumbai,6.75 Lakh*
324,2015,Mercedes-benz,Mercedes-benz E-class E250 Cdi Avantgrade,Diesel,Automatic,2143,"42,300",Second,Mumbai,25 Lakh*
325,2014,Honda,Honda City I Vtec Vx,Petrol,Manual,1497,"44,000",First,Mumbai,6.35 Lakh*
326,2013,Renault,Renault Scala Rxz At,Petrol,Manual,1498,"37,000",First,Mumbai,4.01 Lakh*
327,2017,Jeep,Jeep Compass 2.0 Longitude Bsiv,Diesel,Automatic,1956,"52,095",First,Mumbai,13.25 Lakh*
328,2020,Mercedes-benz,Mercedes-benz E-class Exclusive E 200,Petrol,Manual,1991,"15,800",First,Mumbai,65 Lakh*
329,2012,Honda,Honda Brio S Mt,Petrol,Manual,1198,"39,000",First,Mumbai,2.90 Lakh*
330,2015,Maruti,Maruti Swift Zxi,Petrol,Manual,1197,"48,000",First,Mumbai,4.95 Lakh*
331,2019,Volkswagen,Volkswagen Polo Gt Tsi,Petrol,Manual,1197,"17,000",First,Mumbai,9.25 Lakh*
332,2013,Mercedes-benz,Mercedes-benz C-class C 200 Cgi Elegance,Petrol,Manual,1796,"67,500",Second,Mumbai,11.25 Lakh*
333,2015,Toyota,Toyota Etios Liva G,Petrol,Manual,1197,"54,000",Second,Mumbai,3.99 Lakh*
334,2014,Volkswagen,Volkswagen Vento Diesel Highline,Diesel,Automatic,1598,"56,128",First,Mumbai,5.50 Lakh*
335,2017,Maruti,Maruti Alto K10 Lxi Cng,,,998,"70,000",First,Mumbai,3.80 Lakh*
336,2012,Mini,Mini Cooper S,Petrol,Manual,1598,"21,000",Second,Mumbai,21 Lakh*
337,2015,Mahindra,Mahindra Thar 4x4,Diesel,Automatic,2498,"59,000",First,Mumbai,6.99 Lakh*
338,2015,Toyota,Toyota Platinum Etios 1.5 Vx,Petrol,Manual,1496,"50,000",Second,Mumbai,4.75 Lakh*
339,2013,Hyundai,Hyundai Verna 1.6 Sx Vtvt (o),Petrol,Manual,1591,"57,000",First,Mumbai,4.90 Lakh*
340,2011,Honda,Honda City 1.5 V Mt,Petrol,Manual,1497,"68,000",Second,Mumbai,3.25 Lakh*
341,2012,Jaguar,Jaguar Xf 3.0 Litre S Premium Luxury,Diesel,Automatic,2993,"46,400",First,Mumbai,17.75 Lakh*
342,2018,Maruti,Maruti Vitara Brezza Zdi,Diesel,Automatic,1248,"29,600",First,Mumbai,8.75 Lakh*
343,2015,Maruti,Maruti Ciaz Zxi,Petrol,Manual,1373,"52,800",First,Mumbai,6.50 Lakh*
344,2015,Maruti,Maruti Swift Zxi Bsiv,Petrol,Manual,1197,"47,300",First,Mumbai,5.25 Lakh*
345,2021,Bmw,Bmw X4 M Sport X Xdrive30d,Diesel,Automatic,2993,"15,000",First,Mumbai,68.50 Lakh*
346,2017,Hyundai,Hyundai Grand I10 1.2 Kappa Magna At,Petrol,Manual,1197,"28,400",First,Mumbai,5.90 Lakh*
347,2017,Hyundai,Hyundai Grand I10 1.2 Kappa Sportz Bsiv,Petrol,Manual,1197,"29,500",First,Mumbai,4.99 Lakh*
348,2001,Mercedes-benz,Mercedes-benz E-class 220 Petrol,Petrol,Manual,,"92,000",Fourth,Mumbai,10 Lakh*
349,2019,Hyundai,Hyundai Venue S Turbo Dct Bsiv,Petrol,Manual,998,"23,000",First,Mumbai,9.75 Lakh*
350,2012,Hyundai,Hyundai I20 1.2 Asta,Petrol,Manual,1197,"24,300",First,Mumbai,3.45 Lakh*
351,2014,Hyundai,Hyundai Verna 1.6 Sx Vtvt,Petrol,Manual,1591,"42,000",First,Mumbai,5.55 Lakh*
352,2018,Hyundai,Hyundai Creta 1.6 E Plus,Petrol,Manual,1591,"32,500",First,Mumbai,10.50 Lakh*
353,2010,Hyundai,Hyundai I20 1.2 Asta,Petrol,Manual,1197,"85,000",Second,Mumbai,2 Lakh*
354,2015,Hyundai,Hyundai Verna 1.6 Sx Vtvt At,Petrol,Manual,1591,"58,200",First,Mumbai,6.45 Lakh*
355,2013,Honda,Honda Brio Vx,Petrol,Manual,1198,"53,000",First,Mumbai,3.65 Lakh*
356,2015,Honda,Honda City I Vtec Cvt Vx,Petrol,Manual,1497,"48,657",First,Mumbai,7.45 Lakh*
357,2012,Hyundai,Hyundai Verna 1.6 Vtvt,Petrol,Manual,1591,"18,000",First,Mumbai,4.25 Lakh*
358,2018,Bmw,Bmw 7 Series 730ld M Sport,Diesel,Automatic,2993,"22,000",First,Mumbai,75 Lakh*
359,2015,Audi,Audi A4 1.8 Tfsi Premium Plus,Petrol,Manual,1798,"15,000",Second,Mumbai,15.25 Lakh*
360,2014,Bmw,Bmw 5 Series 530d M Sport,Diesel,Automatic,2993,"69,600",Second,Mumbai,25 Lakh*
361,2008,Bmw,Bmw 5 Series 525i Sedan,Petrol,Manual,2497,"18,108",First,Mumbai,8.25 Lakh*
362,2021,Bmw,Bmw 6 Series Gt 630i Luxury Line 2018-2021,Petrol,Manual,1998,"7,800",First,Mumbai,68 Lakh*
363,2018,Toyota,Toyota Innova Crysta 2.4 Zx Mt Bsiv,Diesel,Automatic,2393,"52,190",First,Mumbai,21.35 Lakh*
364,2015,Bmw,Bmw X1 Sdrive 20d Xline,Diesel,Automatic,1995,"41,000",First,Mumbai,29.50 Lakh*
365,2016,Skoda,Skoda Rapid 1.5 Tdi At Style Bsiv,Diesel,Automatic,1498,"52,000",First,Mumbai,6.75 Lakh*
366,2017,Skoda,Skoda Rapid 1.6 Mpi Style Bsiv,Petrol,Manual,1598,"17,700",First,Mumbai,7.25 Lakh*
367,2015,Hyundai,Hyundai I20 Asta Option 1.2,Petrol,Manual,1197,"59,000",First,Mumbai,5.75 Lakh*
368,2014,Honda,Honda Amaze S At I-vtech,Petrol,Manual,1198,"52,000",First,Mumbai,4.45 Lakh*
369,2013,Toyota,Toyota Fortuner 4x2 At,Diesel,Automatic,2982,"1,13,000",First,Mumbai,15.15 Lakh*
370,2018,Hyundai,Hyundai Creta 1.6 Vtvt At Sx Plus,Petrol,Manual,1591,"25,000",First,Mumbai,11.95 Lakh*
371,2018,Bmw,Bmw 5 Series 520d Luxury Line,Diesel,Automatic,1995,"51,000",First,Mumbai,39.95 Lakh*
372,2015,Honda,Honda Amaze Vx I-vtech,Petrol,Manual,1198,"47,860",First,Mumbai,4.49 Lakh*
373,2015,Hyundai,Hyundai I20 Magna 1.2,Petrol,Manual,1197,"20,000",First,Mumbai,4.99 Lakh*
374,2015,Volvo,Volvo Xc 90 D5 Inscription Bsiv,Diesel,Automatic,1969,"64,000",First,Mumbai,45 Lakh*
375,2016,Maruti,Maruti Celerio Zxi At,Petrol,Manual,998,"43,607",First,Mumbai,4.95 Lakh*
376,2015,Maruti,Maruti Wagon R Lxi Cng,,,998,"68,639",First,Mumbai,4.25 Lakh*
377,2008,Maruti,Maruti Sx4 Vxi Bsiii,Petrol,Manual,1586,"65,000",First,Mumbai,1.75 Lakh*
378,2017,Mini,Mini Cooper Clubman Cooper S,Petrol,Manual,1998,"16,961",Second,Mumbai,32 Lakh*
379,2017,Maruti,Maruti Baleno 1.2 Cvt Zeta,Petrol,Manual,1197,"25,000",First,Mumbai,6.45 Lakh*
380,2016,Nissan,Nissan Terrano Xl Plus 85 Ps,Diesel,Automatic,1461,"46,034",First,Mumbai,6.49 Lakh*
381,2015,Maruti,Maruti Ciaz Vdi,Diesel,Automatic,1248,"59,370",First,Mumbai,6.45 Lakh*
382,2013,Hyundai,Hyundai Verna 1.6 Sx Vtvt (o),Petrol,Manual,1591,"63,530",First,Mumbai,4.25 Lakh*
383,2014,Audi,Audi A6 2.0 Tdi,Diesel,Automatic,1968,"56,700",Second,Mumbai,15.25 Lakh*
384,2017,Honda,Honda Wr-v I-dtec Vx,Diesel,Automatic,1498,"63,000",First,Mumbai,7.75 Lakh*
385,2013,Audi,Audi A4 2.0 Tdi,Diesel,Automatic,1968,"60,000",Second,Mumbai,12 Lakh*
386,2019,Audi,Audi A3 35 Tfsi Technology,Petrol,Manual,1395,"9,000",First,Mumbai,27.95 Lakh*
387,2018,Hyundai,Hyundai I20 Asta Option,Petrol,Manual,1197,"32,000",First,Mumbai,6.75 Lakh*
388,2017,Maruti,Maruti Ertiga Vxi At,Petrol,Manual,1462,"43,040",First,Mumbai,7.85 Lakh*
389,2013,Audi,Audi Q7 3.0 Tdi Quattro Premium Plus,Diesel,Automatic,2967,"68,000",First,Mumbai,16 Lakh*
390,2018,Maruti,Maruti Ciaz 1.4 Alpha,Petrol,Manual,1373,"45,142",First,Mumbai,7.85 Lakh*
391,2019,Mercedes-benz,Mercedes-benz Gle 250d,Diesel,Automatic,2143,"33,000",Second,Mumbai,55 Lakh*
392,2020,Tata,Tata Harrier Xz Bsiv,Diesel,Automatic,1956,"23,200",First,Mumbai,17.50 Lakh*
393,2021,Bmw,Bmw X4 M Sport X Xdrive20d,Diesel,Automatic,1995,"29,500",First,Mumbai,67 Lakh*
394,2020,Tata,Tata Nexon Xza Plus Amt S,Petrol,Manual,1199,"19,900",First,Mumbai,11.21 Lakh*
395,2013,Jaguar,Jaguar Xf 2.2 Litre Luxury,Diesel,Automatic,2179,"39,900",First,Mumbai,18.75 Lakh*
396,2016,Mahindra,Mahindra Scorpio S8 7 Seater,Diesel,Automatic,2179,"1,37,927",Second,Mumbai,8.99 Lakh*
397,2018,Toyota,Toyota Platinum Etios 1.5 Vx,Petrol,Manual,1496,"25,600",First,Mumbai,7 Lakh*
398,2020,Mercedes-benz,Mercedes-benz E-class Exclusive E 200 Bsiv,Petrol,Manual,1991,"15,800",First,Mumbai,65 Lakh*
399,2018,Ford,Ford Endeavour 3.2 Titanium At 4x4,Diesel,Automatic,3198,"58,200",First,Mumbai,33.75 Lakh*
400,2018,Maruti,Maruti Vitara Brezza Zdi,Diesel,Automatic,1248,"29,600",First,Mumbai,8.75 Lakh*
401,2017,Skoda,Skoda Rapid 1.6 Mpi Style Bsiv,Petrol,Manual,1598,"17,700",First,Mumbai,7.25 Lakh*
402,2012,Mercedes-benz,Mercedes-benz C-class C 200 Cgi Elegance,Petrol,Manual,1796,"67,500",Second,Mumbai,11.25 Lakh*
403,2019,Mercedes-benz,Mercedes-benz Gle 250d,Diesel,Automatic,2143,"33,000",Second,Mumbai,55 Lakh*
404,2020,Maruti,Maruti Xl6 Zeta,Petrol,Manual,1462,"16,000",First,Mumbai,11.20 Lakh*
405,2019,Maruti,Maruti Ciaz Sigma,Petrol,Manual,1462,"36,001",First,Mumbai,7.49 Lakh*
406,2017,Toyota,Toyota Innova Crysta 2.8 Gx At Bsiv,Diesel,Automatic,2755,"78,001",First,Mumbai,16.99 Lakh*
407,2017,Mercedes-benz,Mercedes-benz Cla 200 Cgi Sport,Petrol,Manual,1991,"57,001",First,Mumbai,23.50 Lakh*
408,2021,Mg,Mg Hector Hybrid Smart Mt,Petrol,Manual,1451,"7,000",First,Mumbai,17 Lakh*
409,2015,Renault,Renault Duster 110ps Diesel Rxl,Diesel,Automatic,1461,"68,003",First,Mumbai,5.99 Lakh*
410,2017,Maruti,Maruti Baleno Zeta,Petrol,Manual,1197,"33,185",First,Mumbai,6.15 Lakh*
411,2011,Audi,Audi Q5 3.0 Tdi Quattro,Diesel,Automatic,2967,"62,000",Second,Mumbai,12.95 Lakh*
412,2011,Audi,Audi Q5 3.0 Tdi Quattro,Diesel,Automatic,2967,"60,000",Second,Mumbai,12.50 Lakh*
413,2020,Tata,Tata Harrier Xz,Diesel,Automatic,1956,"23,200",First,Mumbai,17.50 Lakh*
414,2017,Hyundai,Hyundai Grand I10 1.2 Kappa Sportz Bsiv,Petrol,Manual,1197,"29,500",First,Mumbai,4.99 Lakh*
415,2019,Mg,Mg Hector Sharp Dct,Petrol,Manual,1451,"39,000",First,Mumbai,16.95 Lakh*
416,2015,Hyundai,Hyundai Verna 1.6 Sx Vtvt At,Petrol,Manual,1591,"58,200",First,Mumbai,6.45 Lakh*
417,2014,Hyundai,Hyundai Verna 1.6 Sx Vtvt,Petrol,Manual,1591,"42,000",First,Mumbai,5.55 Lakh*
418,2013,Honda,Honda Brio Vx,Petrol,Manual,1198,"53,000",First,Mumbai,3.65 Lakh*
419,2011,Bmw,Bmw 5 Series 520d Sedan,Diesel,Automatic,1995,"70,900",Second,Mumbai,11.99 Lakh*
420,2018,Tata,Tata Tiago 1.2 Revotron Xz,Petrol,Manual,1199,"20,000",First,Mumbai,4.85 Lakh*
421,2014,Bmw,Bmw 5 Series 530d M Sport,Diesel,Automatic,2993,"69,600",Second,Mumbai,25 Lakh*
422,2014,Audi,Audi A6 2.0 Tdi Technology,Diesel,Automatic,1968,"56,700",Second,Mumbai,15.25 Lakh*
423,2013,Audi,Audi A6 2.0 Tdi Premium Plus,Diesel,Automatic,1968,"63,900",First,Mumbai,14.49 Lakh*
424,2013,Audi,Audi Q7 3.0 Tdi Quattro Premium Plus,Diesel,Automatic,2967,"74,000",Second,Mumbai,16.50 Lakh*
425,2015,Audi,Audi A6 35 Tdi Technology,Diesel,Automatic,1968,"49,000",First,Mumbai,26 Lakh*
426,2013,Audi,Audi A4 2.0 Tdi,Diesel,Automatic,1968,"60,000",Second,Mumbai,12 Lakh*
427,2014,Audi,Audi A6 2.0 Tdi,Diesel,Automatic,1968,"58,600",First,Mumbai,16 Lakh*
428,2018,Maruti,Maruti Ertiga Zxi Plus,Petrol,Manual,1462,"22,382",First,Mumbai,9.95 Lakh*
429,2015,Mahindra,Mahindra Xuv500 W10 2wd,Diesel,Automatic,2179,"59,756",First,Mumbai,10.95 Lakh*
430,2019,Audi,Audi A3 35 Tfsi Technology,Petrol,Manual,1395,"9,000",First,Mumbai,27.95 Lakh*
431,2017,Renault,Renault Kwid Rxt,Petrol,Manual,799,"13,100",First,Mumbai,3.50 Lakh*
432,2012,Mini,Mini Cooper S,Petrol,Manual,1598,"21,000",Second,Mumbai,21 Lakh*
433,2016,Bmw,Bmw 5 Series 520d Luxury Line,Diesel,Automatic,1995,"47,400",First,Mumbai,25 Lakh*
434,2017,Audi,Audi A3 Cabriolet 40 Tfsi Premium Plus,Petrol,Manual,1798,"20,000",First,Mumbai,48 Lakh*
435,2020,Maruti,Maruti Eeco Cng 5 Seater Ac,,,1196,"48,000",First,Mumbai,5.90 Lakh*
436,2015,Honda,Honda Amaze Vx At I-vtech,Petrol,Manual,1198,"48,000",First,Mumbai,4.80 Lakh*
437,2015,Mercedes-benz,Mercedes-benz Gla Class 200 Cdi Sport,Diesel,Automatic,2143,"46,000",First,Mumbai,20.25 Lakh*
438,2019,Ford,Ford Endeavour 3.2 Titanium At 4x4,Diesel,Automatic,3198,"52,000",First,Mumbai,36.50 Lakh*
439,2007,Hyundai,Hyundai I10 Magna,Petrol,Manual,1197,"72,000",First,Mumbai,1.45 Lakh*
440,2019,Skoda,Skoda Octavia 2.0 Tdi At L K,Diesel,Automatic,1968,"25,000",First,Mumbai,24 Lakh*
441,2016,Hyundai,Hyundai Xcent 1.2 Kappa Sx Option,Petrol,Manual,1197,"70,000",First,Mumbai,4.99 Lakh*
442,2012,Honda,Honda Brio S Mt,Petrol,Manual,1198,"40,000",First,Mumbai,2.91 Lakh*
443,2018,Maruti,Maruti Baleno 1.2 Cvt Zeta,Petrol,Manual,1197,"38,853",First,Mumbai,7.15 Lakh*
444,2015,Toyota,Toyota Corolla Altis Js Mt,Petrol,Manual,1798,"90,266",First,Mumbai,6.95 Lakh*
445,2018,Honda,Honda Amaze V Cvt Diesel Bsiv,Diesel,Automatic,1498,"17,271",First,Mumbai,8 Lakh*
446,2018,Honda,Honda Wr-v I-vtec Vx,Petrol,Manual,1199,"39,976",First,Mumbai,7.75 Lakh*
447,2017,Bmw,Bmw 5 Series 520d Sport Line,Diesel,Automatic,1995,"55,000",First,Mumbai,39.39 Lakh*
448,2014,Honda,Honda City I Vtec V,Petrol,Manual,1497,"1,02,000",Third,Mumbai,4.40 Lakh*
449,2016,Honda,Honda Jazz 1.2 V I Vtec,Petrol,Manual,1199,"28,150",First,Mumbai,5.45 Lakh*
450,2019,Hyundai,Hyundai Venue Sx Plus Turbo Dct Bsiv,Petrol,Manual,998,"34,564",First,Mumbai,10.90 Lakh*
451,2014,Honda,Honda Amaze S I-vtech,Petrol,Manual,1198,"62,389",Second,Mumbai,3.65 Lakh*
452,2014,Honda,Honda Brio Vx,Petrol,Manual,1198,"32,708",First,Mumbai,3.75 Lakh*
453,2013,Mercedes-benz,Mercedes-benz A Class A180 Cdi,Diesel,Automatic,2143,"45,000",Third,Mumbai,9.25 Lakh*
454,2012,Maruti,Maruti Swift Vxi,Petrol,Manual,1197,"41,400",Second,Mumbai,3.50 Lakh*
455,2015,Toyota,Toyota Etios Vx,Petrol,Manual,1496,"28,140",First,Mumbai,4.75 Lakh*
456,2011,Ford,Ford Figo Petrol Lxi,Petrol,Manual,1196,"18,000",First,Mumbai,1.75 Lakh*
457,2016,Maruti,Maruti Wagon R Vxi Bs Iv,Petrol,Manual,998,"49,970",First,Mumbai,3.60 Lakh*
458,2017,Honda,Honda City I-vtec Cvt Vx,Petrol,Manual,1497,"22,450",First,Mumbai,9.60 Lakh*
459,2018,Maruti,Maruti Vitara Brezza Zdi,Diesel,Automatic,1248,"17,600",First,Mumbai,9.40 Lakh*
460,2013,Mercedes-benz,Mercedes-benz C-class 220 Cdi At,Diesel,Automatic,2143,"57,000",Second,Mumbai,11.45 Lakh*
461,2015,Hyundai,Hyundai I10 Asta At,Petrol,Manual,1197,"42,000",First,Mumbai,4.91 Lakh*
462,2015,Honda,Honda Amaze Sx I-vtec,Petrol,Manual,1198,"20,800",First,Mumbai,4.99 Lakh*
463,2017,Honda,Honda Jazz 1.2 V At I Vtec,Petrol,Manual,1199,"35,000",First,Mumbai,6.72 Lakh*
464,2017,Hyundai,Hyundai Elantra 2.0 Sx Option,Petrol,Manual,1999,"35,000",First,Mumbai,9.75 Lakh*
465,2015,Mahindra,Mahindra Xuv500 W10 2wd,Diesel,Automatic,2179,"81,000",Second,Mumbai,8.75 Lakh*
466,2014,Hyundai,Hyundai I20 Asta Option 1.2,Petrol,Manual,1197,"38,000",First,Mumbai,5.45 Lakh*
467,2013,Honda,Honda City I Vtec V,Petrol,Manual,1497,"61,000",Second,Mumbai,4.09 Lakh*
468,2013,Skoda,Skoda Superb Elegance 1.8 Tsi At,Petrol,Manual,1798,"23,000",First,Mumbai,8.75 Lakh*
469,2015,Honda,Honda City I Vtec Cvt Vx,Petrol,Manual,1497,"47,187",First,Mumbai,7.75 Lakh*
470,2015,Hyundai,Hyundai Grand I10 At Asta,Petrol,Manual,1197,"29,000",First,Mumbai,5.25 Lakh*
471,2012,Hyundai,Hyundai I10 Sportz At,Petrol,Manual,1197,"42,000",First,Mumbai,3.55 Lakh*
472,2017,Mercedes-benz,Mercedes-benz Gla Class 200 D Sport,Diesel,Automatic,2143,"42,000",First,Mumbai,23.75 Lakh*
473,2017,Mercedes-benz,Mercedes-benz C-class Cabriolet C 300,Petrol,Manual,1991,"17,000",First,Mumbai,63.75 Lakh*
474,2017,Bmw,Bmw X5 Xdrive 30d Design Pure Experience 5 Seater,Diesel,Automatic,2993,"65,000",Second,Mumbai,45 Lakh*
475,2019,Maruti,Maruti Ertiga Zxi Plus Petrol,Petrol,Manual,1462,"26,570",First,Mumbai,10.95 Lakh*
476,2014,Ford,Ford Ecosport 1.5 Ti Vct Mt Ambiente,Petrol,Manual,1499,"58,000",First,Mumbai,4.45 Lakh*
477,2015,Maruti,Maruti Swift Dzire Vxi,Petrol,Manual,1197,"37,000",First,Mumbai,5.35 Lakh*
478,2015,Ford,Ford Ecosport 1.5 Ti Vct At Titanium,Petrol,Manual,1499,"47,000",First,Mumbai,5.45 Lakh*
479,2015,Maruti,Maruti Ciaz At Zxi,Petrol,Manual,1373,"61,405",First,Mumbai,5.85 Lakh*
480,2016,Hyundai,Hyundai Grand I10 Asta Option,Petrol,Manual,1197,"32,000",First,Mumbai,5.25 Lakh*
481,2013,Skoda,Skoda New Laura Elegance 2.0 Tdi Cr At,Diesel,Automatic,1968,"97,000",Second,Mumbai,4.95 Lakh*
482,2015,Ford,Ford Ecosport 1.5 Ti Vct Mt Titanium,Petrol,Manual,1499,"57,000",First,Mumbai,5.25 Lakh*
483,2014,Renault,Renault Duster Petrol Rxl,Petrol,Manual,1598,"53,000",Second,Mumbai,4.45 Lakh*
484,2013,Honda,Honda City V Mt,Petrol,Manual,1497,"68,000",First,Mumbai,4.25 Lakh*
485,2014,Honda,Honda Brio S Mt,Petrol,Manual,1198,"24,000",First,Mumbai,3.55 Lakh*
486,2010,Honda,Honda City 1.5 E Mt,Petrol,Manual,1497,"70,000",Second,Mumbai,2.75 Lakh*
487,2009,Honda,Honda City S,Petrol,Manual,1497,"59,000",First,Mumbai,2.85 Lakh*
488,2008,Maruti,Maruti Swift Dzire Zdi,Diesel,Automatic,1248,"79,000",First,Mumbai,2.35 Lakh*
489,2016,Datsun,Datsun Redigo S,Petrol,Manual,799,"28,000",First,Mumbai,2.25 Lakh*
490,2015,Honda,Honda City I Vtec V,Petrol,Manual,1497,"40,280",First,Mumbai,6.50 Lakh*
491,2010,Maruti,Maruti A-star Vxi,Petrol,Manual,998,"63,000",First,Mumbai,1.85 Lakh*
492,2010,Maruti,Maruti A-star Vxi,Petrol,Manual,998,"24,000",First,Mumbai,2.15 Lakh*
493,2016,Honda,Honda City I Vtec Vx,Petrol,Manual,1497,"47,275",First,Mumbai,7.75 Lakh*
494,2016,Maruti,Maruti Celerio Vxi At,Petrol,Manual,998,"48,000",First,Mumbai,3.95 Lakh*
495,2016,Honda,Honda Cr-v 2.4l 4wd At,Petrol,Manual,2354,"47,000",Second,Mumbai,12.25 Lakh*
496,2014,Maruti,Maruti Wagon R Lxi Cng,,,998,"67,001",First,Mumbai,3.85 Lakh*
497,2017,Jaguar,Jaguar Xj 3.0l Portfolio,Diesel,Automatic,2993,"16,000",First,Mumbai,64.75 Lakh*
498,2013,Maruti,Maruti Wagon R Lxi Cng,,,998,"33,000",First,Mumbai,3.65 Lakh*
499,2018,Maruti,Maruti Wagon R Pro,Petrol,Manual,998,"80,124",First,Mumbai,4.85 Lakh*
500,2015,Maruti,Maruti Wagon R Pro,Petrol,Manual,998,"33,000",First,Mumbai,4.36 Lakh*
501,2020,Maruti,Maruti Ertiga Cng Vxi,,,1462,"31,000",First,Mumbai,10.99 Lakh*
502,2018,Maruti,Maruti Celerio Vxi Cng Bsiv,,,998,"31,500",First,Mumbai,5.61 Lakh*
503,2021,Toyota,Toyota Fortuner 4x2 Diesel At,Diesel,Automatic,2755,"10,300",First,Mumbai,35.99 Lakh*
504,2020,Mahindra,Mahindra Scorpio S5,Diesel,Automatic,2179,"45,000",First,Mumbai,11.99 Lakh*
505,2017,Maruti,Maruti Vitara Brezza Zdi Plus Dual Tone,Diesel,Automatic,1248,"74,000",First,Mumbai,8.95 Lakh*
506,2016,Maruti,Maruti Ciaz Vxi,Petrol,Manual,1373,"52,000",First,Mumbai,7.49 Lakh*
507,2017,Toyota,Toyota Fortuner 2.8 2wd Mt,Diesel,Automatic,2755,"60,000",Second,Mumbai,24.49 Lakh*
508,2015,Mahindra,Mahindra Scorpio S2 9 Seater,Diesel,Automatic,2523,"1,11,000",First,Mumbai,8.50 Lakh*
509,2011,Mahindra,Mahindra Scorpio M2di,Diesel,Automatic,2179,"90,000",First,Mumbai,3.25 Lakh*
510,2018,Mahindra,Mahindra Scorpio S7,Diesel,Automatic,2179,"1,16,000",First,Mumbai,12.25 Lakh*
511,2015,Maruti,Maruti Alto K10 Vxi Amt,Petrol,Manual,998,"38,000",Second,Mumbai,3.20 Lakh*
512,2016,Hyundai,Hyundai Creta 1.6 Vtvt E Plus,Petrol,Manual,1591,"48,000",First,Mumbai,7.90 Lakh*
513,2019,Jeep,Jeep Compass 1.4 Limited,Petrol,Manual,1368,"27,032",First,Mumbai,17.95 Lakh*
514,2017,Hyundai,Hyundai Creta 1.6 Vtvt At Sx Plus,Petrol,Manual,1591,"23,519",First,Mumbai,11.45 Lakh*
515,2016,Honda,Honda City I Vtec Cvt Vx,Petrol,Manual,1497,"50,320",First,Mumbai,8.45 Lakh*
516,2015,Honda,Honda City I Vtec V,Petrol,Manual,1497,"40,169",First,Mumbai,6.45 Lakh*
517,2015,Maruti,Maruti Ertiga Vxi Cng,,,1373,"57,869",First,Mumbai,7.75 Lakh*
518,2011,Bmw,Bmw X1 Sdrive20d,Diesel,Automatic,1995,"57,872",Second,Mumbai,8.95 Lakh*
519,2010,Maruti,Maruti Swift Dzire Vdi,Diesel,Automatic,1248,"85,000",First,Mumbai,3 Lakh*
520,2019,Toyota,Toyota Glanza G Cvt,Petrol,Manual,1197,"22,302",First,Mumbai,8.55 Lakh*
521,2016,Hyundai,Hyundai Grand I10 Sportz,Petrol,Manual,1197,"25,000",First,Mumbai,4.75 Lakh*
522,2016,Tata,Tata Tiago 1.2 Revotron Xz,Petrol,Manual,1199,"23,685",First,Mumbai,4.35 Lakh*
523,2018,Hyundai,Hyundai I20 Petrol Cvt Asta,Petrol,Manual,1197,"39,898",First,Mumbai,8.15 Lakh*
524,2015,Skoda,Skoda Octavia Elegance 2.0 Tdi At,Diesel,Automatic,1968,"30,000",First,Mumbai,12.90 Lakh*
525,2016,Honda,Honda Jazz 1.2 V At I Vtec,Petrol,Manual,1199,"28,000",First,Mumbai,6.25 Lakh*
526,2017,Renault,Renault Kwid Rxt,Petrol,Manual,799,"2,824",First,Mumbai,3.59 Lakh*
527,2019,Mercedes-benz,Mercedes-benz C-class Progressive C 220d,Diesel,Automatic,1950,"19,000",First,Mumbai,42.50 Lakh*
528,2017,Honda,Honda City I Vtec Cvt Vx,Petrol,Manual,1497,"50,000",First,Mumbai,8.75 Lakh*
529,2016,Audi,Audi A6 35 Tfsi Matrix,Petrol,Manual,1798,"61,000",Second,Mumbai,21.85 Lakh*
530,2021,Maruti,Maruti Ertiga Vxi,Petrol,Manual,1462,"23,000",First,Mumbai,10.35 Lakh*
531,2021,Volkswagen,Volkswagen Vento 1.0 Tsi Highline Plus At,Petrol,Manual,999,"5,000",First,Mumbai,14.85 Lakh*
532,2018,Skoda,Skoda Octavia 1.8 Tsi At L K,Petrol,Manual,1798,"28,000",First,Mumbai,21.50 Lakh*
533,2019,Mahindra,Mahindra Xuv300 W8 Amt Optional Diesel,Diesel,Automatic,1497,"14,000",Second,Mumbai,11.25 Lakh*
534,2016,Mahindra,Mahindra Xylo H8,Diesel,Automatic,2179,"29,500",Second,Mumbai,6.25 Lakh*
535,2017,Mahindra,Mahindra Scorpio S11,Diesel,Automatic,2179,"65,500",Second,Mumbai,11.51 Lakh*
536,2021,Mahindra,Mahindra Thar Lx 4-str Hard Top At,Petrol,Manual,1997,"2,072",First,Mumbai,17.75 Lakh*
537,2017,Hyundai,Hyundai Creta 1.6 E Plus,Petrol,Manual,1591,"22,686",First,Mumbai,8.50 Lakh*
538,2015,Hyundai,Hyundai Verna 1.6 Sx Vtvt At,Petrol,Manual,1591,"47,437",First,Mumbai,6 Lakh*
539,2016,Toyota,Toyota Fortuner 4x2 At,Diesel,Automatic,2982,"87,925",Second,Mumbai,19.50 Lakh*
540,2009,Maruti,Maruti Swift Zxi Bsiii,Petrol,Manual,1298,"75,000",Second,Mumbai,2.35 Lakh*
541,2017,Honda,Honda City I-vtec Cvt V,Petrol,Manual,1497,"33,000",First,Mumbai,8.91 Lakh*
542,2020,Jeep,Jeep Compass 2.0 Limited Plus At,Diesel,Automatic,1956,"11,000",First,Mumbai,25.95 Lakh*
543,2012,Toyota,Toyota Innova 2.5 G (diesel) 7 Seater,Diesel,Automatic,2494,"1,36,000",Second,Mumbai,7.45 Lakh*
544,2013,Honda,Honda City V Mt,Petrol,Manual,1497,"80,078",First,Mumbai,4.75 Lakh*
545,2011,Bmw,Bmw 5 Series 520d Sedan,Diesel,Automatic,1995,"47,000",First,Mumbai,10.96 Lakh*
546,2017,Mahindra,Mahindra Xuv500 At W10 Fwd,Diesel,Automatic,2179,"95,000",First,Mumbai,12.95 Lakh*
547,2016,Maruti,Maruti Baleno 1.2 Cvt Delta,Petrol,Manual,1197,"35,702",First,Mumbai,6.95 Lakh*
548,2017,Maruti,Maruti Ertiga Cng Vxi,,,1462,"55,000",First,Mumbai,8.45 Lakh*
549,2016,Mercedes-benz,Mercedes-benz Gla Class 200 Cdi,Diesel,Automatic,2143,"37,550",Second,Mumbai,22.90 Lakh*
550,2011,Honda,Honda Civic 1.8 V Mt,Petrol,Manual,1799,"41,000",First,Mumbai,3.60 Lakh*
551,2013,Mercedes-benz,Mercedes-benz E-class E 200 Cgi,Petrol,Manual,1991,"83,000",First,Mumbai,11.99 Lakh*
552,2011,Honda,Honda Civic 1.8 V Mt,Petrol,Manual,1799,"62,000",Second,Mumbai,3.35 Lakh*
553,2011,Porsche,Porsche Cayenne Diesel,Diesel,Automatic,2967,"43,000",First,Mumbai,28.75 Lakh*
554,2017,Renault,Renault Lodgy Stepway 110ps Rxz 7s,Diesel,Automatic,1461,"30,000",First,Mumbai,7.25 Lakh*
555,2012,Maruti,Maruti Wagon R Vxi Bs Iv,Petrol,Manual,998,"80,000",Second,Mumbai,2.99 Lakh*
556,2014,Maruti,Maruti Swift Dzire Vxi,Petrol,Manual,1197,"26,000",First,Mumbai,4.75 Lakh*
557,2015,Honda,Honda City I Vtec V,Petrol,Manual,1497,"52,000",First,Mumbai,6.25 Lakh*
558,2014,Hyundai,Hyundai Grand I10 Magna,Petrol,Manual,1197,"69,000",First,Mumbai,3.75 Lakh*
559,2014,Nissan,Nissan Sunny Xv,Petrol,Manual,1498,"47,000",First,Mumbai,3.75 Lakh*
560,2016,Mercedes-benz,Mercedes-benz Cla 200 Cdi Style,Diesel,Automatic,2143,"54,000",First,Mumbai,21.50 Lakh*
561,2012,Nissan,Nissan Sunny Diesel Xv,Diesel,Automatic,1461,"58,000",First,Mumbai,2.95 Lakh*
562,2010,Honda,Honda City 1.5 S Mt,Petrol,Manual,1497,"62,000",Second,Mumbai,2.95 Lakh*
563,2013,Skoda,Skoda Fabia 1.2 Mpi Active Plus,Petrol,Manual,1198,"39,000",First,Mumbai,2.75 Lakh*
564,2008,Honda,Honda City Gxi,Petrol,Manual,1497,"59,000",First,Mumbai,1.75 Lakh*
565,2010,Ford,Ford Fiesta 1.6 Zxi Abs,Petrol,Manual,1596,"63,000",First,Mumbai,1.75 Lakh*
566,2012,Hyundai,Hyundai I10 Sportz,Petrol,Manual,1197,"46,000",Second,Mumbai,3.39 Lakh*
567,2013,Skoda,Skoda New Laura Ambition 2.0 Tdi Cr Mt,Diesel,Automatic,1968,"58,000",First,Mumbai,6.25 Lakh*
568,2017,Ford,Ford Ecosport 1.5 Ti Vct At Titanium Bsiv,Petrol,Manual,1499,"37,000",First,Mumbai,7.95 Lakh*
569,2010,Hyundai,Hyundai I20 1.4 Asta (at),Petrol,Manual,1396,"43,201",First,Mumbai,2.95 Lakh*
570,2018,Maruti,Maruti Celerio Zxi Amt,Petrol,Manual,998,"42,524",First,Mumbai,4.90 Lakh*
571,2014,Maruti,Maruti Celerio Green Vxi,,,998,"72,439",First,Mumbai,4.15 Lakh*
572,2016,Bmw,Bmw X1 Xdrive 20d Xline,Diesel,Automatic,1995,"50,201",First,Mumbai,25.50 Lakh*
573,2018,Renault,Renault Lodgy 110ps Rxz 8 Seater,Diesel,Automatic,1461,"45,000",First,Mumbai,7.99 Lakh*
574,2018,Volkswagen,Volkswagen Tiguan 2.0 Tdi Highline,Diesel,Automatic,1968,"65,000",Second,Mumbai,19.75 Lakh*
575,2022,Mahindra,Mahindra Xuv700 Ax7 Diesel At Luxury Pack Awd,Diesel,Automatic,2198,"1,000",First,Mumbai,30.08 Lakh*
576,2016,Maruti,Maruti Eeco 7 Seater Std,Petrol,Manual,1196,"33,000",First,Mumbai,4 Lakh*
577,2017,Honda,Honda Jazz 1.2 V At I Vtec,Petrol,Manual,1199,"15,000",First,Mumbai,7.35 Lakh*
578,2013,Audi,Audi A6 2.0 Tdi Special Edition,Diesel,Automatic,1968,"54,000",Second,Mumbai,13.50 Lakh*
579,2015,Maruti,Maruti Ciaz Zxi,Petrol,Manual,1373,"47,000",First,Mumbai,6.35 Lakh*
580,2015,Toyota,Toyota Corolla Altis Gl Mt,Petrol,Manual,1798,"24,000",Second,Mumbai,7.75 Lakh*
581,2011,Maruti,Maruti Ritz Vdi (abs) Bs Iv,Diesel,Automatic,1248,"72,000",Second,Mumbai,2.35 Lakh*
582,2015,Hyundai,Hyundai Grand I10 Crdi Magna,Diesel,Automatic,1120,"72,000",First,Mumbai,3.65 Lakh*
583,2017,Skoda,Skoda Rapid 1.6 Mpi At Style Bsiv,Petrol,Manual,1598,"32,000",First,Mumbai,7.35 Lakh*
584,2016,Nissan,Nissan Sunny Diesel Xl,Diesel,Automatic,1461,"71,000",First,Mumbai,4.89 Lakh*
585,2010,Honda,Honda Accord 2.4 Elegance M/t,Petrol,Manual,2354,"70,000",First,Mumbai,3.59 Lakh*
586,2012,Skoda,Skoda Rapid 1.6 Mpi Elegance,Petrol,Manual,1598,"80,000",Second,Mumbai,3.85 Lakh*
587,2018,Maruti,Maruti Ciaz 1.4 Zeta,Petrol,Manual,1373,"33,000",First,Mumbai,7.95 Lakh*
588,2014,Chevrolet,Chevrolet Beat Ls,Petrol,Manual,1199,"32,900",First,Mumbai,2.15 Lakh*
589,2019,Toyota,Toyota Innova Crysta 2.8 Gx At Bsiv,Diesel,Automatic,2755,"85,000",First,Mumbai,18.95 Lakh*
590,2019,Maruti,Maruti Ignis 1.2 Amt Zeta Bsiv,Petrol,Manual,1197,"3,130",First,Mumbai,6.50 Lakh*
591,2014,Skoda,Skoda Rapid 1.6 Tdi Ambition,Diesel,Automatic,1598,"88,000",Second,Mumbai,3.85 Lakh*
592,2016,Mercedes-benz,Mercedes-benz Gla Class 200 Cdi Sport,Diesel,Automatic,2143,"45,000",Second,Mumbai,19.25 Lakh*
593,2016,Mercedes-benz,Mercedes-benz Gla Class 200 Cdi Sport,Diesel,Automatic,2143,"45,000",Second,Mumbai,19.25 Lakh*
594,2014,Hyundai,Hyundai Verna 1.4 Cx Vtvt,Petrol,Manual,1396,"7,920",First,Mumbai,5.15 Lakh*
595,2016,Tata,Tata Tiago 1.2 Revotron Xt,Petrol,Manual,1199,"6,310",First,Mumbai,4.45 Lakh*
596,2015,Hyundai,Hyundai Verna 1.6 Sx Vtvt,Petrol,Manual,1591,"61,000",First,Mumbai,5.75 Lakh*
597,2017,Hyundai,Hyundai Creta 1.6 Vtvt At Sx Plus,Petrol,Manual,1591,"40,000",First,Mumbai,10.75 Lakh*
598,2016,Volkswagen,Volkswagen Vento 1.6 Highline,Petrol,Manual,1598,"29,974",First,Mumbai,5.99 Lakh*
599,2012,Chevrolet,Chevrolet Tavera Neo 3 9 Str Bsiii,Diesel,Automatic,2499,"1,25,000",Third,Mumbai,2.75 Lakh*
600,2015,Honda,Honda Cr-v 2.4l 4wd At,Petrol,Manual,2354,"74,004",First,Mumbai,12.50 Lakh*
601,2018,Hyundai,Hyundai Grand I10 1.2 Kappa Magna At,Petrol,Manual,1197,"26,611",First,Mumbai,5.75 Lakh*
602,2013,Hyundai,Hyundai I20 Magna,Petrol,Manual,1197,"34,000",Second,Mumbai,3.45 Lakh*
603,2013,Honda,Honda City E,Petrol,Manual,1497,"63,001",First,Mumbai,3.65 Lakh*
604,2015,Maruti,Maruti Ciaz Zxi Plus,Petrol,Manual,1373,"60,986",First,Mumbai,6.25 Lakh*
605,2012,Hyundai,Hyundai I10 Asta Sunroof At,Petrol,Manual,1197,"51,000",First,Mumbai,3.45 Lakh*
606,2018,Maruti,Maruti Vitara Brezza Zdi,Diesel,Automatic,1248,"44,971",First,Mumbai,8.75 Lakh*
607,2014,Hyundai,Hyundai Grand I10 Asta,Petrol,Manual,1197,"28,146",First,Mumbai,4.15 Lakh*
608,2011,Bmw,Bmw X1 Sdrive20d,Diesel,Automatic,1995,"1,00,409",Second,Mumbai,7.90 Lakh*
609,2015,Mahindra,Mahindra Xuv500 W10 Awd,Diesel,Automatic,2179,"59,000",First,Mumbai,9.25 Lakh*
610,2019,Toyota,Toyota Glanza V Cvt,Petrol,Manual,1197,"32,000",First,Mumbai,8.25 Lakh*
611,2019,Mg,Mg Hector Sharp Dct,Petrol,Manual,1451,"20,089",First,Mumbai,17.35 Lakh*
612,2016,Volvo,Volvo S60 Cross Country D4 Awd Bsiv,Diesel,Automatic,2400,"47,000",First,Mumbai,23.50 Lakh*
613,2017,Maruti,Maruti Alto 800 Vxi,Petrol,Manual,796,"8,864",First,Mumbai,3.21 Lakh*
614,2014,Skoda,Skoda Rapid 1.6 Mpi At Ambition Plus,Petrol,Manual,1598,"34,890",Second,Mumbai,4.15 Lakh*
615,2017,Maruti,Maruti Ciaz Alpha,Petrol,Manual,1462,"15,230",First,Mumbai,7.45 Lakh*
616,2016,Toyota,Toyota Corolla Altis G At,Petrol,Manual,1798,"51,000",First,Mumbai,9.85 Lakh*
617,2015,Maruti,Maruti Alto K10 Lxi Cng,,,998,"44,000",First,Mumbai,3.25 Lakh*
618,2018,Jaguar,Jaguar Xj 3.0l Portfolio,Diesel,Automatic,2993,"13,316",Second,Mumbai,75 Lakh*
619,2012,Mahindra,Mahindra Xylo D4 Bsiii,Diesel,Automatic,2498,"1,20,000",Third,Mumbai,4.50 Lakh*
620,2012,Maruti,Maruti Zen Estilo Vxi Bsiv,Petrol,Manual,998,"72,000",First,Mumbai,2.25 Lakh*
621,2017,Maruti,Maruti Wagon R Lxi Cng,,,998,"65,000",First,Mumbai,4.50 Lakh*
622,2009,Honda,Honda City 1.5 S Mt,Petrol,Manual,1497,"71,000",Second,Mumbai,1.75 Lakh*
623,2014,Hyundai,Hyundai I20 Asta Option 1.2,Petrol,Manual,1197,"47,000",First,Mumbai,5.45 Lakh*
624,2009,Hyundai,Hyundai Santro Xing Gls,Petrol,Manual,1086,"67,000",Second,Mumbai,1.25 Lakh*
625,2015,Honda,Honda City I Vtec Cvt Vx,Petrol,Manual,1497,"46,000",First,Mumbai,7.75 Lakh*
626,2010,Hyundai,Hyundai I10 Magna At,Petrol,Manual,1197,"74,902",Second,Mumbai,2.25 Lakh*
627,2010,Honda,Honda City 1.5 S Mt,Petrol,Manual,1497,"68,000",First,Mumbai,2.75 Lakh*
628,2015,Toyota,Toyota Fortuner 4x4 Mt,Diesel,Automatic,2982,"78,000",First,Mumbai,17.50 Lakh*
629,2020,Maruti,Maruti Ertiga Cng Vxi,,,1462,"39,564",First,Mumbai,10.75 Lakh*
630,2010,Honda,Honda City 1.5 S Mt,Petrol,Manual,1497,"56,000",First,Mumbai,2.85 Lakh*
631,2016,Bmw,Bmw 3 Series Gt Luxury Line,Diesel,Automatic,1995,"67,000",Second,Mumbai,22.50 Lakh*
632,2013,Porsche,Porsche Cayenne Diesel,Diesel,Automatic,2967,"76,000",Second,Mumbai,33.50 Lakh*
633,2019,Toyota,Toyota Fortuner 2.8 4wd At Bsiv,Diesel,Automatic,2755,"55,889",First,Mumbai,38.50 Lakh*
634,2019,Renault,Renault Kwid Rxl Bsiv,Petrol,Manual,799,"5,525",First,Mumbai,3.89 Lakh*
635,2011,Mahindra,Mahindra Xylo E4 Bs Iv,Diesel,Automatic,2498,"71,000",First,Mumbai,2.95 Lakh*
636,2020,Kia,Kia Carnival Limousine,Diesel,Automatic,2199,"62,000",First,Mumbai,31.95 Lakh*
637,2016,Honda,Honda City I Vtec Vx Option,Petrol,Manual,1497,"58,000",First,Mumbai,7.95 Lakh*
638,2014,Maruti,Maruti Ertiga Vxi Cng,,,1373,"78,652",Second,Mumbai,6.90 Lakh*
639,2017,Honda,Honda City I Vtec Cvt Vx,Petrol,Manual,1497,"15,100",Second,Mumbai,8.85 Lakh*
640,2013,Honda,Honda City V Mt,Petrol,Manual,1497,"56,705",Second,Mumbai,4.65 Lakh*
641,2011,Hyundai,Hyundai I10 Magna,Petrol,Manual,1197,"8,336",First,Mumbai,2.85 Lakh*
642,2013,Volkswagen,Volkswagen Vento 2013-2015 1.6 Comfortline,Petrol,Manual,1598,"79,000",First,Mumbai,3.85 Lakh*
643,2013,Hyundai,Hyundai I10 Sportz,Petrol,Manual,1197,"45,614",Second,Mumbai,3.45 Lakh*
644,2019,Hyundai,Hyundai Venue Sx Plus Turbo Dct Dt,Petrol,Manual,998,"9,000",First,Mumbai,11.25 Lakh*
645,2021,Hyundai,Hyundai Creta Sx Opt Diesel At,Diesel,Automatic,1493,"17,000",First,Mumbai,20.50 Lakh*
646,2011,Mahindra,Mahindra Scorpio Vlx 2wd Bsiii,Diesel,Automatic,2179,"94,000",Second,Mumbai,3.75 Lakh*
647,2012,Ford,Ford Endeavour 3.0l 4x4 At,Diesel,Automatic,2953,"1,11,000",Second,Mumbai,4.90 Lakh*
648,2008,Maruti,Maruti Wagon R Lxi,Petrol,Manual,998,"71,000",Second,Mumbai,1.45 Lakh*
649,2010,Maruti,Maruti Swift Zxi Bsiv,Petrol,Manual,1197,"65,000",Second,Mumbai,2.10 Lakh*
650,2019,Bmw,Bmw 3 Series 320d Luxury Line,Diesel,Automatic,1995,"21,000",First,Mumbai,38.50 Lakh*
651,2020,Hyundai,Hyundai Venue S Diesel,Diesel,Automatic,1493,"52,000",First,Mumbai,9.75 Lakh*
652,2012,Maruti,Maruti Wagon R Lxi Cng,,,998,"79,000",Second,Mumbai,2.95 Lakh*
653,2020,Jeep,Jeep Compass 2.0 Sport Plus,Diesel,Automatic,1956,"23,000",First,Mumbai,16.55 Lakh*
654,2014,Toyota,Toyota Innova 2.5 G (diesel) 8 Seater Bs Iv,Diesel,Automatic,2494,"1,18,000",First,Mumbai,8.25 Lakh*
655,2014,Bmw,Bmw X5 Xdrive 30d,Diesel,Automatic,2993,"44,000",Second,Mumbai,19.95 Lakh*
656,2014,Maruti,Maruti Wagon R Lxi Cng,,,998,"61,000",Second,Mumbai,3.35 Lakh*
657,2007,Honda,Honda City Gxi,Petrol,Manual,1497,"80,000",Second,Mumbai,1.50 Lakh*
658,2011,Honda,Honda City 1.5 V At,Petrol,Manual,1497,"62,000",First,Mumbai,3.45 Lakh*
659,2016,Mercedes-benz,Mercedes-benz Cla 200 Cdi Style,Diesel,Automatic,2143,"57,000",First,Mumbai,22.50 Lakh*
660,2016,Maruti,Maruti Wagon R Amt Vxi,Petrol,Manual,998,"65,000",First,Mumbai,3.50 Lakh*
661,2017,Maruti,Maruti Baleno 1.3 Sigma,Diesel,Automatic,1248,"54,000",First,Mumbai,5.75 Lakh*
662,2009,Bmw,Bmw 7 Series 750li Sedan,Petrol,Manual,4395,"28,000",First,Mumbai,17.25 Lakh*
663,2014,Renault,Renault Duster 85ps Diesel Rxl,Diesel,Automatic,1461,"44,000",First,Mumbai,5.45 Lakh*
664,2012,Honda,Honda City S,Petrol,Manual,1497,"64,000",First,Mumbai,3.55 Lakh*
665,2011,Maruti,Maruti Ritz Vdi,Diesel,Automatic,1248,"58,000",Second,Mumbai,2.94 Lakh*
666,2009,Maruti,Maruti Wagon R Vxi Bsiii,Petrol,Manual,998,"60,000",Second,Mumbai,1.75 Lakh*
667,2016,Hyundai,Hyundai Verna 1.6 Vtvt S,Petrol,Manual,1591,"55,000",First,Mumbai,5.95 Lakh*
668,2011,Toyota,Toyota Innova 2.5 G (diesel) 7 Seater Bs Iv,Diesel,Automatic,2494,"94,000",First,Mumbai,6.95 Lakh*
669,2013,Hyundai,Hyundai I20 Magna,Petrol,Manual,1197,"40,000",Second,Mumbai,3.55 Lakh*
670,2017,Honda,Honda Jazz 1.2 Vx I Vtec,Petrol,Manual,1199,"24,000",First,Mumbai,5.95 Lakh*
671,2014,Hyundai,Hyundai Verna 1.6 Sx Vtvt,Petrol,Manual,1591,"39,000",Second,Mumbai,4.90 Lakh*
672,2017,Jeep,Jeep Compass 2.0 Limited,Diesel,Automatic,1956,"35,100",First,Mumbai,13.65 Lakh*
673,2016,Hyundai,Hyundai I10 Sportz 1.1l,Petrol,Manual,1086,"36,889",First,Mumbai,3.90 Lakh*
674,2019,Mercedes-benz,Mercedes-benz V-class Marco Polo,Diesel,Automatic,2143,"45,000",Second,Mumbai,64 Lakh*
675,2013,Honda,Honda Amaze S I-vtech,Petrol,Manual,1198,"39,500",Second,Mumbai,3.60 Lakh*
676,2014,Hyundai,Hyundai Xcent 1.2 Kappa At Sx Option,Petrol,Manual,1197,"58,250",First,Mumbai,4.75 Lakh*
677,2017,Hyundai,Hyundai Creta 1.4 E Plus,Diesel,Automatic,1396,"38,000",Second,Mumbai,8.75 Lakh*
678,2018,Maruti,Maruti Vitara Brezza Zdi,Diesel,Automatic,1248,"69,500",First,Mumbai,9.65 Lakh*
679,2018,Maruti,Maruti Wagon R Cng Lxi,,,998,"39,200",First,Mumbai,4.85 Lakh*
680,2018,Volkswagen,Volkswagen Vento 1.5 Tdi Highline At,Diesel,Automatic,1498,"1,10,100",First,Mumbai,7.90 Lakh*
681,2016,Maruti,Maruti Celerio Zxi At,Petrol,Manual,998,"29,150",First,Mumbai,4.75 Lakh*
682,2017,Jeep,Jeep Compass 1.4 Limited Option,Petrol,Manual,1368,"20,800",First,Mumbai,14.49 Lakh*
683,2015,Honda,Honda City I Vtec V,Petrol,Manual,1497,"41,000",First,Mumbai,6.25 Lakh*
684,2020,Maruti,Maruti Wagon R Vxi 1.2,Petrol,Manual,1197,"3,000",First,Mumbai,5.90 Lakh*
685,2015,Hyundai,Hyundai Verna 1.6 Vtvt At S Option,Petrol,Manual,1591,"63,000",Second,Mumbai,5.55 Lakh*
686,2013,Volkswagen,Volkswagen Polo Gt Tsi,Petrol,Manual,1197,"45,000",First,Mumbai,4.75 Lakh*
687,2013,Volkswagen,Volkswagen Vento 1.6 Highline,Petrol,Manual,1598,"72,000",First,Mumbai,4.60 Lakh*
688,2017,Skoda,Skoda Superb Lk 2.0 Tdi At,Diesel,Automatic,1968,"51,078",First,Mumbai,25.75 Lakh*
689,2018,Hyundai,Hyundai Verna Crdi 1.6 At Sx Option,Diesel,Automatic,1582,"61,000",First,Mumbai,12.11 Lakh*
690,2020,Maruti,Maruti Xl6 Zeta At,Petrol,Manual,1462,"9,000",First,Mumbai,11.75 Lakh*
691,2018,Honda,Honda Amaze Vx I-vtec,Petrol,Manual,1198,"25,069",First,Mumbai,7.25 Lakh*
692,2017,Honda,Honda Wr-v I-vtec Vx,Petrol,Manual,1199,"33,951",First,Mumbai,7.45 Lakh*
693,2015,Maruti,Maruti Ertiga Vdi,Diesel,Automatic,1248,"63,000",First,Mumbai,6.75 Lakh*
694,2014,Hyundai,Hyundai Verna 1.6 Sx Vtvt (o) At,Petrol,Manual,1591,"47,000",Second,Mumbai,4.95 Lakh*
695,2017,Maruti,Maruti Alto 800 Cng Lxi Optional,,,796,"47,000",Second,Mumbai,3.45 Lakh*
696,2017,Honda,Honda Wr-v I-dtec Vx,Diesel,Automatic,1498,"46,000",Second,Mumbai,6.99 Lakh*
697,2018,Hyundai,Hyundai Verna Vtvt 1.6 At Sx Option,Petrol,Manual,1591,"15,000",First,Mumbai,10.85 Lakh*
698,2017,Maruti,Maruti Ertiga Bsiv Vxi,Petrol,Manual,1373,"63,000",First,Mumbai,7.65 Lakh*
699,2006,Tata,Tata Indica Ev2 Exeta Gle,Petrol,Manual,1193,"30,000",Third,Mumbai,"99,000*"
700,2013,Chevrolet,Chevrolet Enjoy Tcdi Ls 8 Seater,Diesel,Automatic,1248,"80,000",First,Mumbai,2.50 Lakh*
701,2013,Hyundai,Hyundai I10 Sportz At,Petrol,Manual,1197,"54,178",First,Mumbai,3.21 Lakh*
702,2018,Maruti,Maruti Eeco Cng 5 Seater Ac Bsiv,,,1196,"82,000",First,Mumbai,4.85 Lakh*
703,2007,Honda,Honda City Vtec,Petrol,Manual,1497,"64,458",Third,Mumbai,1.45 Lakh*
704,2016,Maruti,Maruti Ertiga Vxi Cng,,,1373,"35,272",First,Mumbai,7.89 Lakh*
705,2018,Datsun,Datsun Go Plus T Option Petrol,Petrol,Manual,1198,"17,995",First,Mumbai,3.11 Lakh*
706,2013,Skoda,Skoda Superb Ambition 2.0 Tdi Cr At,Diesel,Automatic,1968,"60,000",First,Mumbai,5.51 Lakh*
707,2014,Volkswagen,Volkswagen Vento Tsi,Petrol,Manual,1197,"79,748",First,Mumbai,4.95 Lakh*
708,2012,Maruti,Maruti Wagon R Vxi Bs Iv,Petrol,Manual,998,"74,000",First,Mumbai,2.75 Lakh*
709,2007,Honda,Honda City Gxi,Petrol,Manual,1497,"71,000",Second,Mumbai,1.45 Lakh*
710,2016,Hyundai,Hyundai Creta 1.6 Crdi At Sx Plus,Diesel,Automatic,1582,"68,226",First,Mumbai,10.95 Lakh*
711,2010,Maruti,Maruti Wagon R Vxi Bs Iv,Petrol,Manual,998,"68,000",Second,Mumbai,2.35 Lakh*
712,2017,Hyundai,Hyundai Grand I10 Sportz,Petrol,Manual,1197,"26,000",First,Mumbai,4.25 Lakh*
713,2020,Maruti,Maruti Ertiga Cng Vxi,,,1462,"19,423",First,Mumbai,11.04 Lakh*
714,2020,Kia,Kia Sonet Htx Turbo Imt,Petrol,Manual,998,"20,321",First,Mumbai,11.25 Lakh*
715,2012,Nissan,Nissan Sunny Diesel Xv,Diesel,Automatic,1461,"1,05,000",First,Mumbai,2.45 Lakh*
716,2012,Maruti,Maruti Wagon R Vxi Bs Iv,Petrol,Manual,998,"69,000",Second,Mumbai,2.55 Lakh*
717,2014,Mercedes-benz,Mercedes-benz S-class S 500,Petrol,Manual,5461,"37,400",First,Mumbai,53 Lakh*
718,2014,Mercedes-benz,Mercedes-benz S-class S 500,Petrol,Manual,5461,"37,400",First,Mumbai,53 Lakh*
719,2008,Mahindra,Mahindra Scorpio 2.6 Turbo 7 Str,Diesel,Automatic,2609,"1,05,000",Second,Mumbai,2.75 Lakh*
720,2019,Bmw,Bmw X1 Sdrive 20d M Sport,Diesel,Automatic,1995,"61,864",First,Mumbai,34.50 Lakh*
721,2019,Kia,Kia Seltos Gtx Plus Dct,Petrol,Manual,1353,"14,789",First,Mumbai,17.75 Lakh*
722,2008,Toyota,Toyota Innova 2.5 V Diesel 8-seater,Diesel,Automatic,2494,"2,70,000",First,Mumbai,3.95 Lakh*
723,2021,Mercedes-benz,Mercedes-benz V-class Exclusive,Diesel,Automatic,1950,"16,900",First,Mumbai,79 Lakh*
724,2021,Mercedes-benz,Mercedes-benz V-class Exclusive,Diesel,Automatic,1950,"16,900",First,Mumbai,79 Lakh*
725,2017,Jaguar,Jaguar Xf 2.0 Petrol Portfolio,Petrol,Manual,1997,"15,500",First,Mumbai,36 Lakh*
726,2016,Maruti,Maruti Swift Vxi,Petrol,Manual,1197,"69,000",Second,Mumbai,4.22 Lakh*
727,2022,Tata,Tata Harrier Xza Plus Dark Edition At,Diesel,Automatic,1956,"1,800",First,Mumbai,25.50 Lakh*
728,2012,Bmw,Bmw 5 Series 520i,Petrol,Manual,1997,"76,000",Second,Mumbai,14 Lakh*
729,2017,Tata,Tata Hexa Xta,Diesel,Automatic,2179,"67,000",First,Mumbai,12.75 Lakh*
730,2016,Chevrolet,Chevrolet Cruze Ltz At,Diesel,Automatic,1991,"35,500",First,Mumbai,9.50 Lakh*
731,2017,Tata,Tata Tiago 1.2 Revotron Xza,Petrol,Manual,1199,"42,000",First,Mumbai,4.90 Lakh*
732,2019,Mahindra,Mahindra Xuv300 W8,Petrol,Manual,1197,"20,000",First,Mumbai,9.65 Lakh*
733,2017,Honda,Honda City I Vtec Sv,Petrol,Manual,1497,"29,000",First,Mumbai,7.50 Lakh*
734,2018,Honda,Honda Br-v I-vtec Vx Mt,Petrol,Manual,1497,"14,448",First,Mumbai,8.65 Lakh*
735,2015,Maruti,Maruti Swift Vdi Bsiv,Diesel,Automatic,1248,"63,000",First,Mumbai,5.35 Lakh*
736,2013,Audi,Audi A6 3.0 Tdi Quattro Premium Plus,Diesel,Automatic,2967,"67,000",Third,Mumbai,10.85 Lakh*
737,2017,Bmw,Bmw 3 Series 320i Luxury Line,Petrol,Manual,1998,"52,000",First,Mumbai,23.50 Lakh*
738,2015,Mercedes-benz,Mercedes-benz A Class A180 Sport,Petrol,Manual,1595,"28,800",Third,Mumbai,12 Lakh*
739,2019,Tata,Tata Nexon 1.5 Revotorq Xza Plus,Diesel,Automatic,1497,"28,879",First,Mumbai,10.50 Lakh*
740,2019,Maruti,Maruti Wagon R Zxi Amt 1.2bsiv,Petrol,Manual,1197,"46,800",First,Mumbai,5.90 Lakh*
741,2019,Maruti,Maruti Wagon R Zxi Amt 1.2bsiv,Petrol,Manual,1197,"46,800",First,Mumbai,5.90 Lakh*
742,2016,Hyundai,Hyundai Grand I10 Asta Option At,Petrol,Manual,1197,"16,300",First,Mumbai,5.50 Lakh*
743,2017,Mercedes-benz,Mercedes-benz C-class C 220 Cdi Avantgarde,Diesel,Automatic,2143,"19,900",First,Mumbai,32 Lakh*
744,2016,Hyundai,Hyundai Grand I10 Asta Option At,Petrol,Manual,1197,"16,300",First,Mumbai,5.50 Lakh*
745,2017,Mercedes-benz,Mercedes-benz C-class C 220 Cdi Avantgarde,Diesel,Automatic,2143,"19,900",First,Mumbai,32 Lakh*
746,2016,Audi,Audi Q5 3.0 Tdi Quattro,Diesel,Automatic,2967,"43,000",First,Mumbai,26.11 Lakh*
747,2017,Maruti,Maruti Wagon R Amt Vxi Option,Petrol,Manual,998,"19,951",First,Mumbai,4.55 Lakh*
748,2009,Maruti,Maruti Swift Zxi Abs,Petrol,Manual,1298,"81,000",Second,Mumbai,2.75 Lakh*
749,2012,Audi,Audi Q5 2.0 Tdi,Diesel,Automatic,1968,"68,000",Second,Mumbai,11 Lakh*
750,2017,Skoda,Skoda Octavia Style Plus 1.8 Tsi At,Petrol,Manual,1798,"27,000",First,Mumbai,15.50 Lakh*
751,2004,Toyota,Toyota Qualis Gs C3,Diesel,Automatic,2446,"2,17,000",First,Mumbai,1.85 Lakh*
752,2018,Mahindra,Mahindra Xuv500 W7 At Bsiv,Diesel,Automatic,2179,"58,000",First,Mumbai,13.50 Lakh*
753,2016,Maruti,Maruti Vitara Brezza Zdi,Diesel,Automatic,1248,"32,000",First,Mumbai,8.10 Lakh*
754,2014,Hyundai,Hyundai I20 Asta Option 1.2,Petrol,Manual,1197,"25,900",First,Mumbai,5.56 Lakh*
755,2018,Hyundai,Hyundai Verna Crdi 1.6 At Sx Plus,Diesel,Automatic,1582,"43,110",First,Mumbai,10.45 Lakh*
756,2010,Toyota,Toyota Fortuner 3.0 Diesel,Diesel,Automatic,2982,"1,85,000",Second,Mumbai,10.25 Lakh*
757,2015,Hyundai,Hyundai Xcent 1.2 Kappa At Sx Option,Petrol,Manual,1197,"41,600",First,Mumbai,5.45 Lakh*
758,2014,Maruti,Maruti Wagon R Lxi Cng,,,998,"48,250",First,Mumbai,3.85 Lakh*
759,2016,Maruti,Maruti Baleno Zeta,Petrol,Manual,1197,"37,385",First,Mumbai,5.65 Lakh*
760,2017,Maruti,Maruti Wagon R Cng Lxi,,,998,"17,000",First,Mumbai,4.60 Lakh*
761,2011,Skoda,Skoda Superb Elegance 1.8 Tsi,Petrol,Manual,1798,"44,752",Second,Mumbai,4.25 Lakh*
762,2015,Hyundai,Hyundai Creta 1.6 Sx Option Executive,Petrol,Manual,1591,"50,000",Second,Mumbai,8.25 Lakh*
763,2016,Maruti,Maruti Ciaz Zdi Plus Shvs,Diesel,Automatic,1248,"55,155",First,Mumbai,7.75 Lakh*
764,2018,Toyota,Toyota Innova Crysta Touring Sport 2.4 Zx At,Diesel,Automatic,2393,"90,000",First,Mumbai,19.90 Lakh*
765,2010,Hyundai,Hyundai I10 Asta At,Petrol,Manual,1197,"45,000",Second,Mumbai,2.35 Lakh*
766,2018,Maruti,Maruti Ciaz 1.4 At Delta,Petrol,Manual,1373,"34,000",First,Mumbai,8.50 Lakh*
767,2015,Maruti,Maruti Swift Vxi Bsiv,Petrol,Manual,1197,"64,000",First,Mumbai,4.35 Lakh*
768,2018,Toyota,Toyota Innova Crysta 2.8 Zx At Bsiv,Diesel,Automatic,2755,"90,300",First,Mumbai,19.91 Lakh*
769,2017,Maruti,Maruti Vitara Brezza Zdi Plus Dual Tone,Diesel,Automatic,1248,"39,000",First,Mumbai,8.75 Lakh*
770,2012,Maruti,Maruti Wagon R Lxi Cng,,,998,"71,000",First,Mumbai,2.95 Lakh*
771,2018,Maruti,Maruti Celerio Zxi Optional,Petrol,Manual,998,"24,000",First,Mumbai,4.75 Lakh*
772,2015,Mahindra,Mahindra Scorpio S10 7 Seater,Diesel,Automatic,2179,"82,000",First,Mumbai,6.25 Lakh*
773,2016,Maruti,Maruti Ciaz Vxi Plus,Petrol,Manual,1373,"40,000",First,Mumbai,6.35 Lakh*
774,2019,Maruti,Maruti Swift Vxi,Petrol,Manual,1197,"46,720",First,Mumbai,6.30 Lakh*
775,2012,Audi,Audi Q5 2.0 Tdi,Diesel,Automatic,1968,"46,000",First,Mumbai,13.99 Lakh*
776,2013,Volkswagen,Volkswagen Vento Petrol Comfortline,Petrol,Manual,1598,"47,000",First,Mumbai,3.45 Lakh*
777,2016,Maruti,Maruti Alto K10 Vxi Amt,Petrol,Manual,998,"47,000",First,Mumbai,3.51 Lakh*
778,2018,Toyota,Toyota Fortuner 2.8 2wd At Bsiv,Diesel,Automatic,2755,"73,000",First,Mumbai,31.49 Lakh*
779,2015,Hyundai,Hyundai Verna 1.6 Sx Vtvt (o) At,Petrol,Manual,1591,"24,183",First,Mumbai,6.75 Lakh*
780,2021,Tata,Tata Tiago Xza Amt,Petrol,Manual,1199,"5,290",First,Mumbai,7.15 Lakh*
781,2008,Toyota,Toyota Corolla Altis G,Petrol,Manual,1798,"71,000",First,Mumbai,2.99 Lakh*
782,2017,Hyundai,Hyundai I20 1.2 Asta,Petrol,Manual,1197,"14,243",First,Mumbai,6.75 Lakh*
783,2014,Renault,Renault Duster 110ps Diesel Rxl,Diesel,Automatic,1461,"68,000",First,Mumbai,4.35 Lakh*
784,2017,Mercedes-benz,Mercedes-benz E-class E 200 Cgi,Petrol,Manual,1991,"57,000",First,Mumbai,39.90 Lakh*
785,2019,Honda,Honda Amaze V Cvt Petrol,Petrol,Manual,1199,"14,114",First,Mumbai,8 Lakh*
786,2019,Ford,Ford Ecosport 1.5 Petrol Titanium Plus Bsiv,Petrol,Manual,1497,"22,000",First,Mumbai,9.45 Lakh*
787,2018,Mercedes-benz,Mercedes-benz Cla Urban Sport 200d,Diesel,Automatic,2143,"10,000",First,Mumbai,30.50 Lakh*
788,2014,Audi,Audi A4 3.0 Tdi Quattro Premium,Diesel,Automatic,2967,"57,000",Third,Mumbai,13.75 Lakh*
789,2019,Hyundai,Hyundai Santro Sportz Cng,,,1086,"23,396",First,Mumbai,5.95 Lakh*
790,2018,Mercedes-benz,Mercedes-benz Cla 200 Cdi Sport,Diesel,Automatic,2143,"38,000",First,Mumbai,27.25 Lakh*
791,2014,Volkswagen,Volkswagen Vento 1.5 Tdi Highline At,Diesel,Automatic,1498,"56,196",First,Mumbai,5.39 Lakh*
792,2015,Maruti,Maruti Ertiga Vxi Cng,,,1373,"53,000",First,Mumbai,6.99 Lakh*
793,2021,Maruti,Maruti Vitara Brezza Vxi,Petrol,Manual,1462,"6,153",First,Mumbai,9.45 Lakh*
794,2015,Jaguar,Jaguar Xf Aero Sport Edition,Diesel,Automatic,2179,"27,000",First,Mumbai,23.99 Lakh*
795,2014,Hyundai,Hyundai Verna 1.6 Sx,Diesel,Automatic,1582,"63,579",First,Mumbai,5.95 Lakh*
796,2013,Mahindra,Mahindra Xuv500 W8 Fwd,Diesel,Automatic,2179,"98,548",Second,Mumbai,6.11 Lakh*
797,2010,Hyundai,Hyundai I20 1.2 Asta,Petrol,Manual,1197,"89,000",Second,Mumbai,2.35 Lakh*
798,2012,Toyota,Toyota Corolla Altis 1.8 Vl At,Petrol,Manual,1794,"83,958",Second,Mumbai,5.35 Lakh*
799,2016,Hyundai,Hyundai Creta 1.6 Vtvt At Sx Plus,Petrol,Manual,1591,"36,000",First,Mumbai,9.99 Lakh*
800,2019,Hyundai,Hyundai Grand I10 1.2 Kappa Asta,Petrol,Manual,1197,"8,000",Second,Mumbai,5.39 Lakh*
801,2011,Honda,Honda Accord 2.4 At,Petrol,Manual,2354,"55,000",Second,Mumbai,5.11 Lakh*
802,2016,Honda,Honda Br-v I-vtec S Mt,Petrol,Manual,1497,"11,000",First,Mumbai,7.35 Lakh*
803,2012,Maruti,Maruti Sx4 Zxi At,Petrol,Manual,1586,"22,531",First,Mumbai,3.65 Lakh*
804,2017,Bmw,Bmw X1 Sdrive20d Expedition,Diesel,Automatic,1995,"48,000",First,Mumbai,21.99 Lakh*
805,2009,Mercedes-benz,Mercedes-benz C-class C 220 Cdi Elegance At,Diesel,Automatic,2143,"85,000",Third,Mumbai,4.99 Lakh*
806,2020,Bmw,Bmw 3 Series 330i M Sport,Petrol,Manual,1998,"14,000",First,Mumbai,47.99 Lakh*
807,2010,Honda,Honda City 1.5 V At,Petrol,Manual,1497,"54,000",Second,Mumbai,3.25 Lakh*
808,2015,Honda,Honda City I Dtec S,Diesel,Automatic,1498,"46,000",First,Mumbai,6.99 Lakh*
809,2018,Hyundai,Hyundai I20 Active Sx Diesel,Diesel,Automatic,1396,"39,088",First,Mumbai,7.25 Lakh*
810,2018,Bmw,Bmw X1 Sdrive 20d Xline,Diesel,Automatic,1995,"56,000",First,Mumbai,27.49 Lakh*
811,2014,Honda,Honda City I Vtec Cvt Sv,Petrol,Manual,1497,"22,000",First,Mumbai,6.55 Lakh*
812,2011,Maruti,Maruti Swift Vxi,Petrol,Manual,1197,"62,000",First,Mumbai,2.65 Lakh*
813,2016,Bmw,Bmw 5 Series 520d Luxury Line,Diesel,Automatic,1995,"52,000",First,Mumbai,25.99 Lakh*
814,2015,Maruti,Maruti Ciaz Zxi,Petrol,Manual,1373,"75,000",First,Mumbai,5.75 Lakh*
815,2019,Bmw,Bmw 3 Series 320d Luxury Line,Diesel,Automatic,1995,"42,000",First,Mumbai,34.99 Lakh*
816,2015,Maruti,Maruti Ciaz At Zxi,Petrol,Manual,1373,"45,142",First,Mumbai,6.75 Lakh*
817,2020,Mercedes-benz,Mercedes-benz Gle 300d,Diesel,Automatic,1950,"11,000",First,Mumbai,90 Lakh*
818,2020,Mercedes-benz,Mercedes-benz Gle 300d,Diesel,Automatic,1950,"11,000",First,Mumbai,90 Lakh*
819,2013,Mahindra,Mahindra Xuv500 W8 Fwd,Diesel,Automatic,2179,"1,23,000",Second,Mumbai,5.50 Lakh*
820,2015,Maruti,Maruti Ertiga Vxi,Petrol,Manual,1373,"39,300",First,Mumbai,6.65 Lakh*
821,2010,Honda,Honda City 1.5 E Mt,Petrol,Manual,1497,"68,000",First,Mumbai,2.90 Lakh*
822,2016,Toyota,Toyota Innova Crysta 2.4 Vx Mt,Diesel,Automatic,2393,"75,000",First,Mumbai,16.75 Lakh*
823,2022,Audi,Audi A8 L Technology,Petrol,Manual,2995,610,First,Mumbai,1.35 Crore*
824,2016,Toyota,Toyota Corolla Altis Vl At,Petrol,Manual,1798,"31,990",First,Mumbai,11.70 Lakh*
825,2018,Maruti,Maruti Swift Dzire Amt Vxi,Petrol,Manual,1197,"49,000",First,Mumbai,6.95 Lakh*
826,2014,Volkswagen,Volkswagen Polo 1.2 Mpi Highline,Petrol,Manual,1198,"42,000",First,Mumbai,4.25 Lakh*
827,2019,Hyundai,Hyundai Creta 1.6 Vtvt At Sx Plus,Petrol,Manual,1591,"17,000",First,Mumbai,14.95 Lakh*
828,2015,Honda,Honda City I Vtec Sv,Petrol,Manual,1497,"53,670",First,Mumbai,6.45 Lakh*
829,2016,Ford,Ford Ecosport 1.5 Ti Vct At Titanium Be Bsiv,Petrol,Manual,1499,"52,655",First,Mumbai,6.75 Lakh*
830,2009,Mahindra,Mahindra Scorpio Slx 2.6 Turbo 8 Str,Diesel,Automatic,2179,"90,000",Second,Mumbai,2.50 Lakh*
831,2019,Hyundai,Hyundai Venue Sx Opt Diesel Bsiv,Diesel,Automatic,1396,"39,720",First,Mumbai,11.25 Lakh*
832,2017,Land,Land Rover Range Rover Evoque Petrol Hse Dynamic,Petrol,Manual,1997,"11,000",First,Mumbai,47.50 Lakh*
833,2011,Mercedes-benz,Mercedes-benz E-class E250 Cdi Elegance,Diesel,Automatic,2143,"66,000",Second,Mumbai,11 Lakh*
834,2020,Hyundai,Hyundai Aura S Amt,Petrol,Manual,1197,"28,967",First,Mumbai,8.25 Lakh*
835,2005,Toyota,Toyota Prado Vx A/t,Petrol,Manual,3956,"14,996",Third,Mumbai,10.50 Lakh*
836,2019,Renault,Renault Triber Rxl Bsiv,Petrol,Manual,999,"42,000",First,Mumbai,5.75 Lakh*
837,2014,Maruti,Maruti Celerio Green Vxi,,,998,"78,411",First,Mumbai,3.79 Lakh*
838,2015,Bmw,Bmw 5 Series 525d Luxury Line,Diesel,Automatic,1995,"74,00,000",Second,Mumbai,21.75 Lakh*
839,2011,Toyota,Toyota Innova 2.5 Vx 7 Str Bsiv,Diesel,Automatic,2494,"98,000",Second,Mumbai,6.40 Lakh*
840,2010,Maruti,Maruti Swift Dzire Vdi Bsiv,Diesel,Automatic,1248,"84,237",First,Mumbai,2.99 Lakh*
841,2015,Honda,Honda Cr-v 2.0l 2wd At,Petrol,Manual,1997,"75,000",First,Mumbai,11.75 Lakh*
842,2014,Renault,Renault Duster Petrol Rxl,Petrol,Manual,1598,"56,100",First,Mumbai,5.15 Lakh*
843,2015,Honda,Honda City V Mt,Petrol,Manual,1497,"62,433",First,Mumbai,6 Lakh*
844,2015,Hyundai,Hyundai I20 Sportz 1.2,Petrol,Manual,1197,"86,551",First,Mumbai,5.35 Lakh*
845,2012,Maruti,Maruti Ertiga Lxi,Petrol,Manual,1373,"49,075",Second,Mumbai,4.75 Lakh*
846,2014,Honda,Honda City I Vtec Sv,Petrol,Manual,1497,"72,000",First,Mumbai,5.45 Lakh*
847,2021,Hyundai,Hyundai Creta Sx,Petrol,Manual,1497,"11,075",First,Mumbai,15.45 Lakh*
848,2014,Maruti,Maruti Swift Zxi,Petrol,Manual,1197,"25,075",First,Mumbai,4.85 Lakh*
849,2017,Honda,Honda Amaze Vx Petrol,Petrol,Manual,1199,"15,025",First,Mumbai,5.75 Lakh*
850,2015,Audi,Audi A6 2.0 Tdi Technology,Diesel,Automatic,1968,"88,000",First,Mumbai,23 Lakh*
851,2013,Volkswagen,Volkswagen Jetta 2.0l Tdi Highline At,Diesel,Automatic,1968,"86,500",Second,Mumbai,6.35 Lakh*
852,2009,Maruti,Maruti Swift 1.3 Vxi,Petrol,Manual,1298,"30,000",First,Mumbai,2.25 Lakh*
853,2015,Hyundai,Hyundai I20 Sportz 1.2,Petrol,Manual,1197,"54,075",First,Mumbai,5.55 Lakh*
854,2017,Honda,Honda Jazz 1.2 V I Vtec,Petrol,Manual,1199,"28,000",First,Mumbai,6.25 Lakh*
855,2015,Maruti,Maruti Wagon R Cng Lxi,,,998,"70,000",First,Mumbai,3.85 Lakh*
856,2018,Honda,Honda Jazz 1.2 V At I Vtec,Petrol,Manual,1199,"27,251",First,Mumbai,7.25 Lakh*
857,2014,Hyundai,Hyundai I20 Sportz 1.2,Petrol,Manual,1197,"56,075",First,Mumbai,5.45 Lakh*
858,2016,Honda,Honda Cr-v 2.0l 2wd At,Petrol,Manual,1997,"45,900",First,Mumbai,13.75 Lakh*
859,2006,Maruti,Maruti Wagon R Lxi,Petrol,Manual,998,"90,000",First,Mumbai,1.25 Lakh*
860,2018,Maruti,Maruti Ciaz Alpha,Petrol,Manual,1462,"7,025",Second,Mumbai,8.35 Lakh*
861,2013,Maruti,Maruti Alto 800 Lxi Anniversary Edition,Petrol,Manual,796,"38,000",First,Mumbai,2.50 Lakh*
862,2018,Maruti,Maruti Wagon R Vxi Amt,Petrol,Manual,998,"13,075",First,Mumbai,4.95 Lakh*
863,2014,Toyota,Toyota Etios Cross 1.2l G,Petrol,Manual,1197,"29,075",First,Mumbai,4.45 Lakh*
864,2012,Maruti,Maruti Swift Dzire Vdi,Diesel,Automatic,1248,"50,075",First,Mumbai,4.85 Lakh*
865,2020,Kia,Kia Seltos Htx Ivt,Petrol,Manual,1497,"2,075",First,Mumbai,15.95 Lakh*
866,2017,Hyundai,Hyundai Verna 1.6 Vtvt At Sx,Petrol,Manual,1591,"14,025",First,Mumbai,8.35 Lakh*
867,2019,Maruti,Maruti Ertiga Vxi At,Petrol,Manual,1462,"57,075",First,Mumbai,9.90 Lakh*
868,2017,Hyundai,Hyundai Grand I10 1.2 Kappa Sportz Option At,Petrol,Manual,1197,"25,075",First,Mumbai,6.15 Lakh*
869,2020,Maruti,Maruti S-presso Vxi Opt At 2019-2022,Petrol,Manual,998,"19,025",First,Mumbai,4.95 Lakh*
870,2015,Hyundai,Hyundai I20 Asta Option 1.2,Petrol,Manual,1197,"56,075",First,Mumbai,5.85 Lakh*
871,2012,Maruti,Maruti Ertiga Vxi,Petrol,Manual,1462,"30,000",Second,Mumbai,5.25 Lakh*
872,2013,Maruti,Maruti Ertiga Zxi,Petrol,Manual,1373,"41,000",First,Mumbai,5.75 Lakh*
873,2010,Maruti,Maruti Swift Dzire Lxi,Petrol,Manual,1197,"65,000",First,Mumbai,2.50 Lakh*
874,2011,Maruti,Maruti Swift Dzire Lxi,Petrol,Manual,1298,"80,000",First,Mumbai,2.65 Lakh*
875,2017,Maruti,Maruti Swift Dzire Vxi,Petrol,Manual,1197,"34,000",Second,Mumbai,5.90 Lakh*
876,2016,Honda,Honda City I Vtec Cvt Vx,Petrol,Manual,1497,"53,075",First,Mumbai,7.95 Lakh*
877,2016,Mercedes-benz,Mercedes-benz Cla 200 Cdi Sport,Diesel,Automatic,2143,"22,000",First,Mumbai,22 Lakh*
878,2015,Hyundai,Hyundai Creta 1.6 Vtvt Sx Plus,Petrol,Manual,1591,"43,414",First,Mumbai,8.50 Lakh*
879,2016,Toyota,Toyota Corolla Altis G At,Petrol,Manual,1798,"54,000",Second,Mumbai,9.75 Lakh*
880,2020,Hyundai,Hyundai Creta Sx Opt Turbo Dualtone,Petrol,Manual,1353,"14,000",First,Mumbai,18.95 Lakh*
881,2013,Maruti,Maruti Swift Dzire Vxi,Petrol,Manual,1197,"54,200",First,Mumbai,4.35 Lakh*
882,2017,Hyundai,Hyundai I20 Sportz 1.2,Petrol,Manual,1197,"38,300",First,Mumbai,6 Lakh*
883,2016,Honda,Honda Jazz 1.2 V I Vtec,Petrol,Manual,1199,"43,000",First,Mumbai,5.43 Lakh*
884,2016,Honda,Honda City I Vtec E,Petrol,Manual,1497,"26,000",First,Mumbai,6.25 Lakh*
885,2011,Land,Land Rover Range Rover Evoque 2.2l Dynamic,Diesel,Automatic,2179,"71,300",First,Mumbai,32 Lakh*
886,2015,Maruti,Maruti Wagon R Cng Lxi,,,998,"52,000",First,Mumbai,3.75 Lakh*
887,2017,Honda,Honda City I-vtec Cvt Zx,Petrol,Manual,1497,"62,000",First,Mumbai,9.15 Lakh*
888,2018,Mercedes-benz,Mercedes-benz Glc 220d 4matic Sport,Diesel,Automatic,2143,"47,000",First,Mumbai,44.44 Lakh*
889,2021,Bmw,Bmw 6 Series Gt 630i Luxury Line 2018-2021,Petrol,Manual,1998,"7,800",First,Mumbai,68 Lakh*
890,2011,Bmw,Bmw 5 Series 525d,Diesel,Automatic,1995,"70,900",Second,Mumbai,11.99 Lakh*
891,2016,Bmw,Bmw X1 Sdrive 20d Xline,Diesel,Automatic,1995,"41,000",First,Mumbai,24.75 Lakh*
892,2018,Honda,Honda Amaze S Petrol,Petrol,Manual,1199,"23,130",First,Mumbai,5.90 Lakh*
893,2021,Skoda,Skoda Kushaq 1.0 Tsi Style 6 Airbags At,Petrol,Manual,999,"9,000",First,Mumbai,18 Lakh*
894,2012,Bmw,Bmw 5 Series 520d Sedan,Diesel,Automatic,1995,"82,300",Second,Mumbai,14 Lakh*
895,2020,Bmw,Bmw 3 Series 320d Luxury Line,Diesel,Automatic,1995,450,First,Mumbai,49.50 Lakh*
896,2012,Audi,Audi A4 2.0 Tdi,Diesel,Automatic,1968,"50,000",First,Mumbai,12.50 Lakh*
897,2019,Hyundai,Hyundai Venue S Turbo Dct Bsiv,Petrol,Manual,998,"23,000",First,Mumbai,9.75 Lakh*
898,2020,Audi,Audi A6 45 Tfsi Premium Plus,Petrol,Manual,1984,"14,400",First,Mumbai,56 Lakh*
899,2021,Mahindra,Mahindra Xuv700 Ax7 At Luxury Pack,Petrol,Manual,1999,"1,800",First,Mumbai,27.40 Lakh*
900,2016,Bmw,Bmw 3 Series 320d Sport,Diesel,Automatic,1995,"12,500",First,Mumbai,24.75 Lakh*
901,2017,Skoda,Skoda Rapid 1.6 Mpi Active Bsiv,Petrol,Manual,1598,"48,000",First,Mumbai,5.95 Lakh*
902,2018,Hyundai,Hyundai Grand I10 1.2 Kappa Sportz Option At,Petrol,Manual,1197,"24,500",Second,Mumbai,5.25 Lakh*
903,2020,Bmw,Bmw 3 Series 320d Luxury Line,Diesel,Automatic,1995,400,First,Mumbai,49.75 Lakh*
904,2020,Maruti,Maruti Ertiga Zxi Plus Petrol,Petrol,Manual,1462,"2,800",First,Mumbai,11.13 Lakh*
905,2008,Skoda,Skoda New Laura L N K 1.9 Pd At,Diesel,Automatic,1896,"1,20,000",Second,Mumbai,2.35 Lakh*
906,2017,Maruti,Maruti Ignis 1.3 Zeta,Diesel,Automatic,1248,"60,627",First,Mumbai,5.49 Lakh*
907,2020,Kia,Kia Carnival Limousine,Diesel,Automatic,2199,"20,000",First,Mumbai,32 Lakh*
908,2011,Hyundai,Hyundai Verna 1.6 Sx Crdi (o) At,Diesel,Automatic,1582,"35,000",First,Mumbai,4.75 Lakh*
909,2021,Hyundai,Hyundai Venue S Plus,Petrol,Manual,1197,"4,633",First,Mumbai,9.25 Lakh*
910,2014,Honda,Honda City I Vtec Cvt Sv,Petrol,Manual,1497,"28,229",First,Mumbai,6.40 Lakh*
911,2021,Maruti,Maruti Wagon R Cng Lxi,,,998,"16,810",First,Mumbai,6.75 Lakh*
912,2019,Maruti,Maruti Vitara Brezza Zdi Plus Amt,Diesel,Automatic,1248,"16,000",First,Mumbai,10.75 Lakh*
913,2018,Honda,Honda Jazz Vx Cvt,Petrol,Manual,1199,"16,717",First,Mumbai,7.50 Lakh*
914,2016,Maruti,Maruti Sx4 S Cross Alpha Ddis 200 Sh,Diesel,Automatic,1248,"56,471",First,Mumbai,6.49 Lakh*
915,2015,Mercedes-benz,Mercedes-benz M-class Ml 250 Cdi,Diesel,Automatic,2143,"75,000",First,Mumbai,19.95 Lakh*
916,2020,Hyundai,Hyundai Venue Sx Plus Turbo Dct Bsiv,Petrol,Manual,998,"15,164",First,Mumbai,11.75 Lakh*
917,2015,Maruti,Maruti Wagon R Lxi Cng,,,998,"33,093",First,Mumbai,3.95 Lakh*
918,2020,Kia,Kia Sonet 1.5 Gtx Plus Diesel At,Diesel,Automatic,1493,"20,646",First,Mumbai,14.55 Lakh*
919,2013,Toyota,Toyota Fortuner 4x2 At,Diesel,Automatic,2982,"1,28,000",First,Mumbai,10.75 Lakh*
920,2021,Maruti,Maruti Wagon R Cng Lxi,,,998,"6,794",First,Mumbai,6.75 Lakh*
921,2021,Hyundai,Hyundai Aura S,Petrol,Manual,1197,"11,000",First,Mumbai,7.75 Lakh*
922,2015,Hyundai,Hyundai Grand I10 Sportz Edition,Petrol,Manual,1197,"15,998",First,Mumbai,4.40 Lakh*
923,2013,Hyundai,Hyundai I20 Sportz 1.2,Petrol,Manual,1197,"15,700",First,Mumbai,3.95 Lakh*
924,2017,Maruti,Maruti Baleno 1.2 Cvt Zeta,Petrol,Manual,1197,"18,983",First,Mumbai,6.95 Lakh*
925,2018,Maruti,Maruti Swift Dzire Amt Vxi Bs Iv,Petrol,Manual,1197,"20,339",First,Mumbai,7.85 Lakh*
926,2012,Mahindra,Mahindra Xuv500 W8 Fwd,Diesel,Automatic,2179,"86,266",Second,Mumbai,5.65 Lakh*
927,2015,Honda,Honda Jazz 1.2 Sv I Vtec,Petrol,Manual,1199,"46,149",Second,Mumbai,4.85 Lakh*
928,2012,Hyundai,Hyundai Eon D Lite,Petrol,Manual,814,"44,359",First,Mumbai,2.35 Lakh*
929,2013,Maruti,Maruti Swift Dzire Regal,Petrol,Manual,1197,"65,000",First,Mumbai,4.35 Lakh*
930,2017,Honda,Honda Jazz 1.2 V At I Vtec,Petrol,Manual,1199,"58,522",First,Mumbai,6.85 Lakh*
931,2021,Renault,Renault Triber Rxl,Petrol,Manual,999,"10,000",First,Mumbai,6.50 Lakh*
932,2012,Honda,Honda Jazz S,Petrol,Manual,1198,"57,000",First,Mumbai,2.99 Lakh*
933,2010,Honda,Honda City 1.5 V Mt,Petrol,Manual,1497,"65,598",First,Mumbai,3.35 Lakh*
934,2012,Maruti,Maruti Ertiga Vxi Cng,,,1373,"80,000",First,Mumbai,5.50 Lakh*
935,2017,Hyundai,Hyundai I20 1.2 Asta,Petrol,Manual,1197,"13,000",First,Mumbai,6.85 Lakh*
936,2018,Tata,Tata Hexa Xta,Diesel,Automatic,2179,"72,000",First,Mumbai,13.25 Lakh*
937,2017,Audi,Audi Q3 35 Tdi Quattro Premium Plus,Diesel,Automatic,1968,"22,000",First,Mumbai,28 Lakh*
938,2019,Toyota,Toyota Fortuner 2.8 4wd At Bsiv,Diesel,Automatic,2755,"39,000",First,Mumbai,38.75 Lakh*
939,2015,Maruti,Maruti Celerio Vxi At,Petrol,Manual,998,"49,000",First,Mumbai,3.99 Lakh*
940,2019,Hyundai,Hyundai Venue Sx Plus Turbo Dct,Petrol,Manual,998,"14,000",First,Mumbai,11.15 Lakh*
941,2015,Toyota,Toyota Corolla Altis D-4d Gl,Diesel,Automatic,1364,"1,15,000",First,Mumbai,8.75 Lakh*
942,2019,Maruti,Maruti Wagon R Cng Lxi Opt Bsiv,,,998,"19,912",First,Mumbai,5.40 Lakh*
943,2014,Honda,Honda City I Vtec Cvt Vx,Petrol,Manual,1497,"81,437",First,Mumbai,6.85 Lakh*
944,2015,Audi,Audi A6 35 Tdi Technology,Diesel,Automatic,1968,"49,000",First,Mumbai,26 Lakh*
945,2016,Maruti,Maruti Ciaz Vdi Plus Shvs,Diesel,Automatic,1248,"55,000",First,Mumbai,6.85 Lakh*
946,2018,Skoda,Skoda Octavia 1.8 Tsi At L K,Petrol,Manual,1798,"38,025",First,Mumbai,19.75 Lakh*
947,2022,Toyota,Toyota Glanza V Amt,Petrol,Manual,1197,"1,000",First,Mumbai,10.45 Lakh*
948,2020,Maruti,Maruti Sx4 S Cross Zeta At,Petrol,Manual,1462,"22,000",First,Mumbai,11.45 Lakh*
949,2017,Maruti,Maruti Ciaz Vxi Plus,Petrol,Manual,1373,"49,000",First,Mumbai,6.50 Lakh*
950,2018,Toyota,Toyota Platinum Etios 1.5 Vx,Petrol,Manual,1496,"25,600",First,Mumbai,7 Lakh*
951,2014,Toyota,Toyota Corolla Altis Gl Mt,Petrol,Manual,1798,"58,000",First,Mumbai,7.75 Lakh*
952,2019,Maruti,Maruti Ciaz Delta Bsiv,Petrol,Manual,1462,"12,600",First,Mumbai,8.61 Lakh*
953,2014,Honda,Honda Amaze S I-vtech,Petrol,Manual,1198,"41,000",First,Mumbai,4.25 Lakh*
954,2018,Maruti,Maruti Baleno 1.2 Alpha,Petrol,Manual,1197,"32,000",First,Mumbai,7.05 Lakh*
955,2018,Hyundai,Hyundai Creta 1.6 Sx Option,Petrol,Manual,1591,"28,000",First,Mumbai,13.60 Lakh*
956,2014,Maruti,Maruti Swift Lxi Bsiv,Petrol,Manual,1197,"64,300",First,Mumbai,4.35 Lakh*
957,2016,Honda,Honda City I Vtec Cvt Vx,Petrol,Manual,1497,"50,000",First,Mumbai,8.45 Lakh*
958,2020,Audi,Audi A6 45 Tfsi Premium Plus,Petrol,Manual,1984,"14,400",First,Mumbai,56 Lakh*
959,2003,Maruti,Maruti Zen Vxi,Petrol,Manual,993,"60,000",Second,Mumbai,"64,000*"
960,2014,Ford,Ford Ecosport 1.5 Diesel Titanium,Diesel,Automatic,1498,"73,243",First,Mumbai,4.65 Lakh*
961,2016,Mercedes-benz,Mercedes-benz Gla Class 200 Cdi,Diesel,Automatic,2143,"61,000",First,Mumbai,20 Lakh*
962,2015,Maruti,Maruti Ciaz Zxi,Petrol,Manual,1373,"74,450",First,Mumbai,5.95 Lakh*
963,1992,Mercedes-benz,Mercedes-benz E-class 250 D W 124,Diesel,Automatic,1796,"90,000",Third,Mumbai,4.80 Lakh*
964,2019,Maruti,Maruti Wagon R Lxi,Petrol,Manual,998,"59,000",First,Mumbai,4.98 Lakh*
965,2017,Bmw,Bmw 3 Series 330i Gt Luxury Line,Petrol,Manual,1998,"48,000",First,Mumbai,28.50 Lakh*
966,2011,Skoda,Skoda Superb 1.8 Tsi Mt,Petrol,Manual,1798,"68,000",Third,Mumbai,3.75 Lakh*
967,2018,Tata,Tata Hexa Xta,Diesel,Automatic,2179,"47,349",First,Mumbai,13.75 Lakh*
968,2016,Hyundai,Hyundai Grand I10 1.2 Kappa Asta,Petrol,Manual,1197,"10,251",First,Mumbai,6.50 Lakh*
969,2017,Tata,Tata Nexon 1.2 Revotron Xm,Petrol,Manual,1198,"25,000",First,Mumbai,6.75 Lakh*
970,2016,Honda,Honda City V Mt Avn,Petrol,Manual,1497,"11,169",First,Mumbai,7.95 Lakh*
971,2017,Hyundai,Hyundai I20 1.2 Spotz,Petrol,Manual,1197,"18,786",First,Mumbai,6.25 Lakh*
972,2015,Maruti,Maruti Celerio Zxi,Petrol,Manual,998,"31,440",First,Mumbai,4.11 Lakh*
973,2019,Hyundai,Hyundai Creta 1.6 Vtvt Sx Plus Dual Tone,Petrol,Manual,1591,"22,633",First,Mumbai,11.50 Lakh*
974,2018,Hyundai,Hyundai I20 1.2 Asta,Petrol,Manual,1197,"37,629",First,Mumbai,7.25 Lakh*
975,2022,Hyundai,Hyundai Alcazar Signature Diesel At,Diesel,Automatic,1493,"4,600",First,Mumbai,23.25 Lakh*
976,2016,Toyota,Toyota Corolla Altis Vl At,Petrol,Manual,1798,"45,000",First,Mumbai,10.95 Lakh*
977,2021,Maruti,Maruti Swift Zxi,Petrol,Manual,1197,"1,640",First,Mumbai,8.75 Lakh*
978,2021,Renault,Renault Triber Rxt,Petrol,Manual,999,"1,480",First,Mumbai,6.75 Lakh*
979,2020,Honda,Honda City Zx Cvt,Petrol,Manual,1498,"45,000",First,Mumbai,14.50 Lakh*
980,2018,Ford,Ford Ecosport 1.0 Ecoboost Titanium Plus Bsiv Be,Petrol,Manual,999,"35,000",First,Mumbai,8.50 Lakh*
981,2021,Mg,Mg Hector Smart Cvt,Petrol,Manual,1451,"4,000",First,Mumbai,19.95 Lakh*
982,2012,Maruti,Maruti Swift Dzire Vxi,Petrol,Manual,1197,"56,000",First,Mumbai,3.49 Lakh*
983,2011,Mahindra,Mahindra Xuv500 W6 2wd,Diesel,Automatic,2179,"77,000",First,Mumbai,4.99 Lakh*
984,2013,Chevrolet,Chevrolet Cruze Ltz At,Diesel,Automatic,1991,"68,000",Second,Mumbai,4.45 Lakh*
985,2010,Hyundai,Hyundai Accent Executive,Petrol,Manual,1495,"93,000",First,Mumbai,1.65 Lakh*
986,2012,Tata,Tata Nano Lx Bsiii,Petrol,Manual,624,"1,20,000",Second,Mumbai,"75,000*"
987,2021,Volkswagen,Volkswagen Taigun 1.0 Tsi Topline At,Petrol,Manual,999,"2,584",First,Mumbai,17.90 Lakh*
988,2018,Jeep,Jeep Compass 2.0 Longitude Option,Diesel,Automatic,1956,"21,000",First,Mumbai,14.25 Lakh*
989,2013,Honda,Honda City 1.5 V Mt Sunroof,Petrol,Manual,1497,"61,670",First,Mumbai,4.85 Lakh*
990,2010,Hyundai,Hyundai I20 1.2 Asta,Petrol,Manual,1197,"49,000",First,Mumbai,2.60 Lakh*
991,2011,Maruti,Maruti A-star Vxi,Petrol,Manual,998,"52,000",First,Mumbai,2.60 Lakh*
992,2013,Honda,Honda City 1.5 V Mt Sunroof,Petrol,Manual,1497,"45,000",First,Mumbai,4.45 Lakh*
993,2012,Hyundai,Hyundai I10 Asta At,Petrol,Manual,1197,"45,000",First,Mumbai,2.90 Lakh*
994,2016,Maruti,Maruti Wagon R Amt Vxi Plus,Petrol,Manual,998,"28,000",First,Mumbai,3.95 Lakh*
995,2008,Honda,Honda City Vtec,Petrol,Manual,1493,"62,000",Second,Mumbai,1.99 Lakh*
996,2012,Hyundai,Hyundai Verna 1.6 Sx Crdi (o) At,Diesel,Automatic,1582,"54,000",Second,Mumbai,4.45 Lakh*
997,2009,Hyundai,Hyundai Accent Gls 1.6,Petrol,Manual,1599,"68,000",First,Mumbai,1.95 Lakh*
998,2014,Hyundai,Hyundai Verna 1.6 Sx Vtvt,Petrol,Manual,1591,"46,000",First,Mumbai,4.99 Lakh*
999,2008,Honda,Honda City Exi,Petrol,Manual,1497,"48,000",Second,Mumbai,1.65 Lakh*
