,Year,Brand,Model,Fuel Type,Transmission,Engine Capacity,Kms Driven,No. of Owners,Location,Price
0,2011,Hyundai,Hyundai i10 MAGNA 1.2 KAPPA2,Petrol,MANUAL,,"72,229",1st,Noida,"2,82,899"
1,2009,Hyundai,Hyundai i10 ERA 1.1 IRDE,Petrol,MANUAL,,"44,327",1st,Noida,"1,99,699"
2,2020,Hyundai,Hyundai Grand i10 MAGNA 1.2 VTVT,Petrol,MANUAL,,"6,470",1st,Noida,"6,08,399"
3,2016,Mahindra,Mahindra Kuv100 K8 6 STR,Petrol,MANUAL,,"19,930",1st,Noida,"4,60,899"
4,2020,Maruti,Maruti IGNIS SIGMA 1.2 K12,Petrol,MANUAL,,"15,199",1st,Noida,"5,06,599"
5,2014,Nissan,Nissan Micra XE DIESEL,Diesel,MANUAL,,"63,753",1st,Noida,"2,75,299"
6,2014,Maruti,Maruti Alto 800 VXI,Petrol,MANUAL,,"28,210",1st,Noida,"2,70,299"
7,2016,Honda,Honda Amaze 1.2 SAT I VTEC,Petrol,AUTOMATIC,,"48,381",2nd,Noida,"5,38,599"
8,2014,Honda,Honda City SV MT PETROL,Petrol,MANUAL,,"20,567",2nd,Noida,"5,99,249"
9,2020,MG,MG HECTOR PLUS SHARP,Petrol,DCT,,"3,483",1st,Noida,"18,90,299"
10,2022,Nissan,Nissan MAGNITE XL Turbo,Petrol,MT,,"5,306",1st,Noida,"8,43,099"
11,2018,Honda,Honda City V MT PETROL,Petrol,MANUAL,,"68,805",1st,Noida,"8,15,699"
12,2014,Hyundai,Hyundai i10 MAGNA 1.1 IRDE2,Petrol,MANUAL,,"41,439",2nd,Noida,"3,49,399"
13,2011,Honda,Honda City S MT PETROL,Petrol,MANUAL,,"52,035",1st,Noida,"3,72,999"
14,2019,Mahindra,Mahindra XUV 3OO 1.5 W6 MT,Diesel,MANUAL,,"23,806",1st,Noida,"9,17,399"
15,2019,Jeep,Jeep Compass 1.4 SPORT PETROL,Petrol,MANUAL,,"42,490",2nd,Noida,"13,76,149"
16,2019,Jeep,Jeep Compass 1.4  LONGITUDE (O) AT,Petrol,AUTOMATIC,,"23,327",1st,Noida,"20,12,799"
17,2019,Hyundai,Hyundai Grand i10 SPORTZ 1.2 KAPPA VTVT,Petrol,MANUAL,,"21,043",1st,Noida,"5,40,599"
18,2013,Hyundai,Hyundai i10 ERA 1.1 IRDE,Petrol,MANUAL,,"38,139",1st,Noida,"2,71,699"
19,2019,Maruti,Maruti Swift LXI,Petrol,MANUAL,,"27,659",1st,Noida,"5,33,399"
20,2020,Maruti,Maruti Baleno SIGMA 1.2 K12,Petrol,MANUAL,,"13,525",1st,Noida,"6,00,999"
21,2019,Jeep,Jeep Compass 2.0 LIMITED,Diesel,MANUAL,,"46,860",1st,Noida,"19,41,699"
22,2014,Honda,Honda City VX MT PETROL,Petrol,MANUAL,,"61,168",2nd,Noida,"6,58,499"
23,2018,Jeep,Jeep Compass 2.0 LONGITUDE,Diesel,MANUAL,,"72,575",1st,Noida,"12,04,299"
24,2014,Mercedes,Mercedes Benz C Class C 200 AVANTGARDE,Petrol,AUTOMATIC,,"37,531",1st,Noida,"20,33,499"
25,2017,Honda,Honda WR-V 1.2 i-VTEC VX MT,Petrol,MANUAL,,"17,511",1st,Noida,"7,79,899"
26,2018,Maruti,Maruti Dzire LXI,Petrol,MANUAL,,"25,788",1st,Noida,"5,42,299"
27,2022,MG,MG ASTOR SHARP (O) 1.5 CVT IVORY,Petrol,AUTOMATIC,,"2,091",1st,Noida,"17,67,999"
28,2013,Jaguar,Jaguar XF 2.2 DIESEL,Diesel,AUTOMATIC,,"28,909",2nd,Noida,"15,49,999"
29,2021,Maruti,Maruti Swift LXI,Petrol,MANUAL,,"5,078",1st,Noida,"6,11,299"
30,2021,Tata,Tata ALTROZ XM+ 1.2,Petrol,RTN,,"7,416",1st,Noida,"7,20,176"
31,2020,Maruti,Maruti Swift LXI,Petrol,MANUAL,,"10,568",1st,Noida,"5,92,499"
32,2021,Renault,Renault Kiger RXZ 1.0 MT DUAL,Petrol,TONE,,"14,474",2nd,Noida,"8,23,199"
33,2019,MG,MG HECTOR SHARP DCT PETROL,Petrol,AUTOMATIC,,"9,378",1st,Noida,"17,94,899"
34,2020,Hyundai,Hyundai NEW SANTRO 1.1 ERA EXICUTIVE,Petrol,MANUAL,,"3,812",2nd,Noida,"4,71,599"
35,2021,Renault,Renault Kwid 1.0 RXT Opt,Petrol,MANUAL,,368,1st,Noida,"5,05,099"
36,2021,Tata,Tata ALTROZ XE 1.2,Petrol,MANUAL,,"7,472",1st,Noida,"6,41,999"
37,2019,Hyundai,Hyundai Verna 1.6 SX VTVT (O),Petrol,MANUAL,,"81,902",1st,Noida,"9,81,699"
38,2022,Tata,Tata ALTROZ XZ 1.2,Petrol,MANUAL,,"1,086",1st,Noida,"8,61,699"
39,2020,Maruti,Maruti Swift LXI,Petrol,MANUAL,,"19,919",1st,Noida,"5,66,799"
40,2021,Mahindra,Mahindra XUV 3OO 1.2 W6,Petrol,MT,,"7,334",1st,Noida,"9,95,499"
41,2017,Honda,Honda City SV MT PETROL,Petrol,MANUAL,,"58,689",1st,Noida,"7,32,399"
42,2021,Tata,Tata TIGOR XZ 1.2 REVOTRON,Petrol,MANUAL,,649,1st,Noida,"7,31,399"
43,2018,Jeep,Jeep Compass 2.0 LIMITED,Diesel,MANUAL,,"55,714",1st,Noida,"12,61,299"
44,2014,Honda,Honda City V MT PETROL,Petrol,MANUAL,,"83,263",1st,Noida,"5,49,799"
45,2015,Hyundai,Hyundai Elite i20 SPORTZ 1.2,Petrol,MANUAL,,"25,414",1st,Noida,"5,30,099"
46,2019,MG,MG HECTOR SHARP DCT PETROL,Petrol,AUTOMATIC,,"12,283",1st,Noida,"16,65,399"
47,2015,Volkswagen,Volkswagen Polo GT TSI 1.2 PETROL AT,Petrol,AUTOMATIC,,"36,483",1st,Noida,"6,08,199"
48,2016,Hyundai,Hyundai Elite i20 MAGNA 1.2,Petrol,MANUAL,,"20,452",2nd,Noida,"4,94,199"
49,2018,Honda,Honda Amaze 1.5 VXMT I DTEC,Diesel,MANUAL,,"52,220",1st,Noida,"6,92,849"
50,2021,Renault,Renault Kiger RXT 1.0 AMT,Petrol,AUTOMATIC,,"6,192",1st,Noida,"8,30,299"
51,2021,Datsun,Datsun Redi Go T (O),Petrol,MANUAL,,"13,021",1st,Noida,"4,63,499"
52,2018,Maruti,Maruti Swift ZXI AMT,Petrol,AUTOMATIC,,"12,194",1st,Noida,"6,77,099"
53,2020,Maruti,Maruti Baleno SIGMA 1.2 K12,Petrol,MANUAL,,"36,041",1st,Noida,"5,51,299"
54,2019,Honda,Honda Amaze 1.2 V CVT I VTEC,Petrol,AUTOMATIC,,"13,291",2nd,Noida,"7,88,699"
55,2021,Renault,Renault TRIBER 1.0 RXZ,Petrol,MANUAL,,"1,599",1st,Noida,"7,86,899"
56,2016,Honda,Honda Jazz 1.2 S AT,Petrol,AUTOMATIC,,"48,225",2nd,Noida,"5,26,999"
57,2012,Hyundai,Hyundai i10 SPORTZ 1.2 KAPPA2,Petrol,MANUAL,,"55,018",1st,Noida,"2,57,999"
58,2018,Volkswagen,Volkswagen Polo GT TSI 1.2 PETROL AT,Petrol,AUTOMATIC,,"96,751",1st,Noida,"7,47,899"
59,2020,KIA,KIA SELTOS HTK 1.5 PETROL,Petrol,MANUAL,,"32,873",1st,Noida,"11,89,899"
60,2011,Hyundai,Hyundai i10 MAGNA 1.1 IRDE2,Petrol,MANUAL,,"61,943",1st,Noida,"2,59,399"
61,2020,Honda,Honda City VX MT PETROL,Petrol,MANUAL,,"7,632",1st,Noida,"12,97,699"
62,2021,Hyundai,Hyundai VENUE S MT 1.2 KAPPA,Petrol,MANUAL,,"15,263",1st,Noida,"8,34,099"
63,2020,Renault,Renault Kwid 1.0 RXT Opt,Petrol,MANUAL,,"6,669",2nd,Noida,"4,06,399"
64,2016,Hyundai,Hyundai Grand i10 SPORTZ 1.2 KAPPA VTVT,Petrol,MANUAL,,"19,575",1st,Noida,"4,85,599"
65,2020,Toyota,Toyota YARIS G CVT,Petrol,AUTOMATIC,,"44,823",1st,Noida,"9,79,299"
66,2021,KIA,KIA SONET GTX PLUS 1.5D,Diesel,AT,,"38,187",1st,Noida,"13,84,399"
67,2013,BMW,BMW X3 XDRIVE 20D,Diesel,AUTOMATIC,,"71,180",2nd,Noida,"11,26,499"
68,2022,Honda,Honda Amaze 1.2 VXMT I VTEC,Petrol,MANUAL,,"3,031",1st,Noida,"9,45,599"
69,2019,Maruti,Maruti Swift LXI,Petrol,MANUAL,,"24,967",1st,Noida,"5,56,999"
70,2020,MG,MG HECTOR PLUS SHARP HYBRID PETROL,Petrol,MANUAL,,"12,185",2nd,Noida,"18,48,299"
71,2015,Honda,Honda Jazz 1.2 VX I-VTECH,Petrol,MANUAL,,"28,170",1st,Noida,"5,43,799"
72,2021,Toyota,Toyota URBAN CRUISER HIGH,Petrol,AT,,"6,724",1st,Noida,"11,83,499"
73,2020,Honda,Honda City V MT PETROL,Petrol,MANUAL,,"4,216",1st,Noida,"10,96,749"
74,2020,KIA,KIA SELTOS GTX + AT PETROL,Petrol,AUTOMATIC,,"8,241",1st,Noida,"18,95,199"
75,2020,KIA,KIA SELTOS HTX 1.5 PETROL MT,Petrol,MANUAL,,"32,799",1st,Noida,"13,83,099"
76,2019,Hyundai,Hyundai New Elantra 1.6 SX AT O,Diesel,AUTOMATIC,,"11,784",1st,Noida,"14,47,599"
77,2019,Honda,Honda City V MT PETROL,Petrol,MANUAL,,"38,050",1st,Noida,"9,12,699"
78,2015,Hyundai,Hyundai Xcent S 1.2,Petrol,MANUAL,,"35,557",1st,Noida,"4,45,599"
79,2018,Maruti,Maruti Alto K10 VXI,Petrol,MANUAL,,"2,920",1st,Noida,"4,08,999"
80,2019,Honda,Honda Jazz VX EXCLUSIVE CVT,Petrol,AUTOMATIC,,"13,801",1st,Noida,"8,01,699"
81,2014,Maruti,Maruti Wagon R 1.0 LXI,Petrol,MANUAL,,"59,277",1st,Noida,"3,42,699"
82,2019,Maruti,Maruti Baleno DELTA 1.2 K12,Petrol,MANUAL,,"12,452",2nd,Noida,"6,68,599"
83,2014,Honda,Honda City V MT PETROL,Petrol,MANUAL,,"91,673",2nd,Noida,"5,57,699"
84,2017,Hyundai,Hyundai Grand i10 SPORTZ (O) 1.2 AT VTVT,Petrol,AUTOMATIC,,"16,636",1st,Noida,"5,86,499"
85,2021,Mahindra,Mahindra XUV 3OO 1.2 W6,Petrol,MT,,"5,184",1st,Noida,"10,92,499"
86,2019,MG,MG HECTOR SHARP 2.0 DIESEL,Diesel,MANUAL,,"50,353",1st,Noida,"15,18,299"
87,2018,Maruti,Maruti Swift VXI AMT,Petrol,AUTOMATIC,,"34,110",1st,Noida,"6,26,699"
88,2020,Honda,Honda City VX MT PETROL,Petrol,MANUAL,,"6,873",1st,Noida,"12,84,799"
89,2018,Maruti,Maruti Wagon R 1.0 VXI AMT,Petrol,AUTOMATIC,,"15,854",1st,Noida,"5,10,899"
90,2019,MG,MG HECTOR SUPER DIESEL,Diesel,MANUAL,,"52,465",2nd,Noida,"13,91,399"
91,2020,Renault,Renault Kwid 1.0 RXT Opt,Petrol,MANUAL,,"10,572",2nd,Noida,"4,52,199"
92,2018,Honda,Honda Amaze 1.2 S (O) MT I VTEC,Petrol,MANUAL,,"58,093",2nd,Noida,"5,06,299"
93,2016,Maruti,Maruti Baleno DELTA 1.2 K12 AT,Petrol,AUTOMATIC,,"26,314",2nd,Noida,"5,27,799"
94,2019,Tata,Tata Tiago XE 1.2 REVOTRON,Petrol,MANUAL,,"14,201",1st,Noida,"4,60,599"
95,2021,Maruti,Maruti Ciaz ALPHA 1.5 MT VTVT SHVS,Petrol,MANUAL,,"4,708",1st,Noida,"11,33,599"
96,2017,Maruti,Maruti Vitara Brezza ZDI PLUS DUAL TONE,Diesel,MANUAL,,"38,072",1st,Noida,"7,88,599"
97,2019,Hyundai,Hyundai Grand i10 SPORTZ 1.2 KAPPA VTVT,Petrol,MANUAL,,"37,953",2nd,Noida,"5,21,999"
98,2010,Honda,Honda City S MT PETROL,Petrol,MANUAL,,"39,565",1st,Noida,"3,91,699"
99,2020,Maruti,Maruti Celerio VXI AMT,Petrol,AUTOMATIC,,"10,515",1st,Noida,"5,74,699"
100,2021,Tata,Tata Tiago XTA 1.2 PETROL,Petrol,AUTOMATIC,,"6,990",1st,Noida,"6,84,599"
101,2020,Hyundai,Hyundai Creta 1.5 SX (O) AT,Petrol,AUTOMATIC,,"16,315",1st,Noida,"17,55,399"
102,2021,Maruti,Maruti Celerio ZXI AMT,Petrol,AUTOMATIC,,"9,278",1st,Noida,"6,07,599"
103,2017,Honda,Honda WR-V 1.2 i-VTEC VX MT,Petrol,MANUAL,,"51,606",2nd,Noida,"7,15,999"
104,2021,Nissan,Nissan MAGNITE XV MT,Petrol,PETROL,,"15,844",1st,Noida,"7,07,999"
105,2018,Honda,Honda Amaze 1.2 VXMT I VTEC,Petrol,MANUAL,,"1,546",1st,Noida,"7,20,399"
106,2015,Hyundai,Hyundai Xcent S 1.2,Petrol,MANUAL,,"41,535",1st,Noida,"4,15,199"
107,2014,Honda,Honda Amaze 1.2 EMT I VTEC,Petrol,MANUAL,,"49,342",1st,Noida,"4,18,099"
108,2015,Maruti,Maruti Alto 800 LXI,Petrol,MANUAL,,"95,793",1st,Noida,"2,24,299"
109,2021,Tata,Tata Harrier XZA  DUAL TONE,Diesel,AUTOMATIC,,"16,826",1st,Noida,"20,86,999"
110,2016,Hyundai,Hyundai Elite i20 ASTA 1.2 (O),Petrol,MANUAL,,"66,702",1st,Noida,"6,07,899"
111,2019,Hyundai,Hyundai GRAND I10 NIOS SPORTZ 1.2 AT,Petrol,AUTOMATIC,,"15,206",1st,Noida,"7,25,899"
112,2010,Maruti,Maruti Alto LXI,Petrol,MANUAL,,"55,163",1st,Noida,"1,88,099"
113,2015,Maruti,Maruti Swift VDI ABS,Diesel,MANUAL,,"46,245",1st,Noida,"4,32,499"
114,2019,Tata,Tata NEXON XMA 1.2,Petrol,AUTOMATIC,,"28,467",1st,Noida,"7,87,499"
115,2014,Maruti,Maruti Celerio VXI AMT,Petrol,AUTOMATIC,,"41,822",3rd,Noida,"3,39,599"
116,2021,KIA,KIA SONET GTX PLUS 1.5D,Diesel,MT,,"14,458",1st,Noida,"15,44,149"
117,2020,Hyundai,Hyundai GRAND I10 NIOS SPORTZ PETROL,Petrol,MANUAL,,"16,489",1st,Noida,"6,76,399"
118,2016,Maruti,Maruti Ciaz VXI PLUS,Petrol,MANUAL,,"14,253",1st,Noida,"6,86,399"
119,2021,Mahindra,Mahindra XUV500 W9 AT,Diesel,AUTOMATIC,,"20,809",1st,Noida,"18,83,699"
120,2019,Hyundai,Hyundai GRAND I10 NIOS SPORTZ 1.2 AT,Petrol,AUTOMATIC,,"32,873",1st,Noida,"7,25,799"
121,2020,Maruti,Maruti New  Wagon-R ZXI 1.2,Petrol,MANUAL,,"12,418",1st,Noida,"6,08,599"
122,2017,Toyota,Toyota Corolla Altis G AT,Petrol,AUTOMATIC,,"75,422",1st,Noida,"13,89,899"
123,2019,Maruti,Maruti Ciaz ALPHA 1.3 DDIS SHVS,Diesel,MANUAL,,"36,409",1st,Noida,"9,03,299"
124,2013,Hyundai,Hyundai i20 MAGNA O 1.2,Petrol,MANUAL,,"59,194",2nd,Noida,"3,42,799"
125,2018,Maruti,Maruti IGNIS SIGMA 1.2 K12,Petrol,MANUAL,,"18,645",1st,Noida,"4,66,099"
126,2019,MG,MG HECTOR SHARP DCT PETROL,Petrol,AUTOMATIC,,"38,903",1st,Noida,"16,57,899"
127,2021,Renault,Renault Kiger RXZ 1.0 TURBO,Petrol,MT,,"7,733",1st,Noida,"9,01,699"
128,2019,Maruti,Maruti Baleno DELTA 1.2 K12,Petrol,MANUAL,,"16,402",1st,Noida,"6,76,399"
129,2018,Hyundai,Hyundai Elite i20 Magna Executive 1.2,Petrol,MANUAL,,"15,702",1st,Noida,"5,81,799"
130,2018,Maruti,Maruti Baleno DELTA 1.2 K12,Petrol,MANUAL,,"26,445",1st,Noida,"6,04,899"
131,2019,Hyundai,Hyundai Creta 1.4 S CRDI,Diesel,MANUAL,,"71,968",1st,Noida,"9,57,899"
132,2022,Maruti,Maruti S PRESSO VXI AGS,Petrol,AUTOMATIC,,244,1st,Noida,"5,67,399"
133,2021,Tata,Tata TIGOR XZ PLUS 1.2 REVOTRON,Petrol,MANUAL,,"7,089",1st,Noida,"8,14,799"
134,2016,Ford,Ford Ecosport 1.5 TITANIUM TI VCT,Petrol,MANUAL,,"46,901",2nd,Noida,"6,30,199"
135,2019,Maruti,Maruti XL6 ALPHA SHVS  MT,Petrol,MANUAL,,"17,952",1st,Noida,"10,82,499"
136,2019,Honda,Honda Civic ZX CVT PETROL,Petrol,AUTOMATIC,,"19,930",1st,Noida,"18,60,099"
137,2020,Hyundai,Hyundai Creta S CRDI,Diesel,MANUAL,,"15,734",1st,Noida,"14,50,499"
138,2018,Tata,Tata TIGOR XZ 1.2 REVOTRON OPT,Petrol,MANUAL,,"34,014",1st,Noida,"5,34,499"
139,2021,Renault,Renault Kwid 1.0 RXT Opt,Petrol,MANUAL,,"2,863",1st,Noida,"4,73,299"
140,2019,Maruti,Maruti Swift VXI,Petrol,MANUAL,,"35,953",1st,Noida,"6,03,299"
141,2019,MG,MG HECTOR SHARP DCT PETROL,Petrol,AUTOMATIC,,"35,443",1st,Noida,"17,26,099"
142,2018,Hyundai,Hyundai Verna 1.6 CRDI SX + AT,Diesel,AUTOMATIC,,"34,073",1st,Noida,"11,49,399"
143,2020,Maruti,Maruti Baleno DELTA 1.2 K12,Petrol,MANUAL,,"29,525",2nd,Noida,"6,07,999"
144,2019,Maruti,Maruti Baleno DELTA 1.2 K12,Petrol,MANUAL,,"24,539",1st,Noida,"6,71,599"
145,2018,Honda,Honda City V MT PETROL,Petrol,MANUAL,,"23,860",1st,Noida,"8,59,699"
146,2019,Maruti,Maruti Baleno DELTA 1.2 K12,Petrol,MANUAL,,"24,767",1st,Noida,"6,48,799"
147,2021,Maruti,Maruti New  Wagon-R 1.0 Lxi (o) cng,Petrol,MANUAL,,"34,542",1st,Noida,"6,83,199"
148,2019,Hyundai,Hyundai Grand i10 SPORTZ 1.2 KAPPA VTVT,Petrol,MANUAL,,"39,642",1st,Noida,"5,30,699"
149,2019,Honda,Honda Civic ZX CVT PETROL,Petrol,AUTOMATIC,,"45,604",1st,Noida,"16,98,999"
150,2020,Mahindra,Mahindra XUV 3OO 1.2 W6,Petrol,MT,,"17,763",1st,Noida,"9,29,799"
151,2017,Maruti,Maruti Celerio ZXI OPT AMT,Petrol,AUTOMATIC,,"81,353",1st,Noida,"4,22,099"
152,2020,Maruti,Maruti New  Wagon-R VXI 1.2L,Petrol,MANUAL,,"10,471",2nd,Noida,"5,58,799"
153,2020,Maruti,Maruti New  Wagon-R ZXI 1.2,Petrol,MANUAL,,"10,777",1st,Noida,"6,08,599"
154,2020,Skoda,Skoda Rapid 1.0 AMBITION TSI AT,Petrol,AUTOMATIC,,"16,292",2nd,Noida,"11,67,399"
155,2018,Renault,Renault Kwid RXL,Petrol,MANUAL,,"55,187",2nd,Noida,"3,21,799"
156,2018,Honda,Honda Jazz 1.2 S MT,Petrol,MANUAL,,"50,506",2nd,Noida,"5,43,799"
157,2018,Honda,Honda Amaze 1.2 V CVT I VTEC,Petrol,AUTOMATIC,,"53,849",1st,Noida,"7,03,699"
158,2021,Maruti,Maruti New  Wagon-R LXI CNG 1.0 L,Petrol,MANUAL,,"19,087",1st,Noida,"6,08,899"
159,2013,Hyundai,Hyundai i20 SPORTZ 1.4 CRDI,Diesel,MANUAL,,"65,005",1st,Noida,"3,19,499"
160,2019,Hyundai,Hyundai Creta 1.6 VTVT SX AUTO,Petrol,AUTOMATIC,,"26,097",2nd,Noida,"13,53,699"
161,2019,MG,MG HECTOR SHARP DCT PETROL,Petrol,AUTOMATIC,,"36,621",1st,Noida,"17,78,399"
162,2018,Renault,Renault Kwid RXL,Petrol,MANUAL,,"19,927",1st,Noida,"3,54,799"
163,2017,Maruti,Maruti Vitara Brezza VDI OPT,Diesel,MANUAL,,"28,496",2nd,Noida,"6,47,599"
164,2020,KIA,KIA SONET GTX + 1.0,Petrol,IMT,,"19,359",1st,Noida,"13,14,099"
165,2018,Tata,Tata Tiago XE 1.2 REVOTRON,Petrol,MANUAL,,"16,179",1st,Noida,"4,49,499"
166,2018,Renault,Renault Kwid 1.0 RXL,Petrol,MANUAL,,"42,535",1st,Noida,"3,32,399"
167,2018,Renault,Renault Kwid RXT,Petrol,MANUAL,,"25,236",1st,Noida,"3,42,199"
168,2018,Honda,Honda Amaze 1.2 V CVT I VTEC,Petrol,AUTOMATIC,,"23,495",1st,Noida,"7,73,999"
169,2013,Hyundai,Hyundai i20 ERA 1.4 CRDI,Diesel,MANUAL,,"30,354",1st,Noida,"3,06,299"
170,2019,Honda,Honda City V MT PETROL,Petrol,MANUAL,,"29,922",1st,Noida,"9,23,399"
171,2019,Hyundai,Hyundai VENUE 1.0 TURBO GDI SX+ AT,Petrol,AUTOMATIC,,"57,770",1st,Noida,"10,39,999"
172,2020,Hyundai,Hyundai Creta S PETROL MT,Petrol,MANUAL,,"7,757",1st,Noida,"13,28,499"
173,2019,Hyundai,Hyundai Creta 1.6 VTVT SX AUTO,Petrol,AUTOMATIC,,"31,594",1st,Noida,"13,53,699"
174,2016,Maruti,Maruti Celerio VXI CNG,Petrol,MANUAL,,"69,575",1st,Noida,"3,81,299"
175,2022,Tata,Tata ALTROZ XZ 1.2,Petrol,MANUAL,,"9,734",1st,Noida,"8,22,499"
176,2017,Renault,Renault Kwid RXT,Petrol,MANUAL,,"31,486",1st,Noida,"3,50,699"
177,2013,Hyundai,Hyundai Verna FLUIDIC 1.6 SX VTVT OPT AT,Petrol,AUTOMATIC,,"60,368",2nd,Noida,"5,23,299"
178,2015,Volkswagen,Volkswagen Polo COMFORTLINE 1.2L PETROL,Petrol,MANUAL,,"86,070",1st,Noida,"4,34,999"
179,2021,Nissan,Nissan MAGNITE XL Turbo,Petrol,MT,,"13,713",1st,Noida,"8,41,249"
180,2020,Maruti,Maruti Baleno DELTA 1.2 K12,Petrol,MANUAL,,"36,411",1st,Noida,"7,11,199"
181,2018,Hyundai,Hyundai Elite i20 ASTA 1.2 (O),Petrol,MANUAL,,"87,715",1st,Noida,"6,74,299"
182,2019,Maruti,Maruti Baleno DELTA 1.2 K12,Petrol,MANUAL,,"26,288",1st,Noida,"6,55,499"
183,2022,Maruti,Maruti S Cross SIGMA 1.5 SHVS,Petrol,MANUAL,,"1,189",1st,Noida,"9,41,199"
184,2019,Ford,Ford Ecosport 1.5 TREND TI VCT,Petrol,MANUAL,,"28,560",1st,Noida,"7,84,799"
185,2020,Hyundai,Hyundai Creta 1.6 VTVT SX AUTO,Petrol,AUTOMATIC,,"29,081",1st,Noida,"14,07,599"
186,2018,Volkswagen,Volkswagen TIGUAN HIGHLINE A/T,Diesel,AUTOMATIC,,"74,860",1st,Noida,"21,39,099"
187,2013,Maruti,Maruti Swift LXI,Petrol,MANUAL,,"53,244",1st,Noida,"3,76,899"
188,2021,Mahindra,Mahindra XUV 3OO 1.2 W6,Petrol,MT,,"8,928",2nd,Noida,"9,62,499"
189,2018,Honda,Honda WR-V 1.2 i-VTEC S MT,Petrol,MANUAL,,"18,136",2nd,Noida,"6,52,199"
190,2017,Toyota,Toyota Corolla Altis  GL,Petrol,MANUAL,,"58,885",1st,Noida,"11,36,899"
191,2021,Maruti,Maruti S Cross ZETA AT 1.5,Petrol,SHVS,,"5,268",1st,Noida,"11,08,699"
192,2021,Honda,Honda Jazz VX 1.2 CVT,Petrol,AUTOMATIC,,"7,460",1st,Noida,"9,53,799"
193,2021,Tata,Tata ALTROZ XZ 1.2,Petrol,MANUAL,,"10,789",1st,Noida,"8,04,899"
194,2021,Renault,Renault Kwid 1.0 RXT Opt AT,Petrol,AUTOMATIC,,"35,187",1st,Noida,"5,00,799"
195,2020,Hyundai,Hyundai GRAND I10 NIOS SPORTZ 1.2 AT,Petrol,AUTOMATIC,,"7,840",2nd,Noida,"7,25,699"
196,2014,Maruti,Maruti Swift ZXI,Petrol,MANUAL,,"63,278",1st,Noida,"4,46,999"
197,2021,Toyota,Toyota URBAN CRUISER PREMIUM,Petrol,MT,,"18,042",2nd,Noida,"10,29,499"
198,2019,Renault,Renault Kwid 1.0 RXT Opt,Petrol,MANUAL,,"50,466",1st,Noida,"4,14,699"
199,2019,Hyundai,Hyundai Elite i20 1.2 SPORTS PLUS VTVT,Petrol,MANUAL,,"30,078",1st,Noida,"7,07,299"
200,2016,Maruti,Maruti Baleno ZETA 1.2 K12,Petrol,MANUAL,,"22,535",1st,Noida,"5,74,899"
201,2019,Maruti,Maruti Baleno DELTA 1.2 K12,Petrol,MANUAL,,"24,453",2nd,Noida,"6,59,099"
202,2020,Honda,Honda Jazz 1.2 ZX MT,Petrol,MANUAL,,"10,535",1st,Noida,"8,93,899"
203,2021,Maruti,Maruti Alto LXI OPT,Petrol,MANUAL,,"2,229",1st,Noida,"4,28,399"
204,2021,Maruti,Maruti IGNIS DELTA 1.2 K12,Petrol,MANUAL,,"12,799",1st,Noida,"6,42,999"
205,2017,Maruti,Maruti Baleno SIGMA 1.2 K12,Petrol,MANUAL,,"23,514",1st,Noida,"5,23,999"
206,2020,MG,MG HECTOR SHARP DCT PETROL,Petrol,AUTOMATIC,,"33,016",1st,Noida,"18,04,899"
207,2021,Renault,Renault Kiger RX EASY R 1.0,Petrol,L,,"15,795",1st,Noida,"8,00,799"
208,2021,Maruti,Maruti Vitara Brezza ZXI +,Petrol,MANUAL,,"22,317",1st,Noida,"9,82,499"
209,2013,Maruti,Maruti Swift Dzire VXI,Petrol,MANUAL,,"25,068",1st,Noida,"3,98,999"
210,2016,Maruti,Maruti Celerio ZXI AMT,Petrol,AUTOMATIC,,"32,649",1st,Noida,"4,35,599"
211,2020,Honda,Honda City V MT PETROL,Petrol,MANUAL,,"24,280",1st,Noida,"10,76,199"
212,2017,Maruti,Maruti IGNIS ZETA 1.2 K12,Petrol,MANUAL,,"21,204",1st,Noida,"5,19,499"
213,2021,Maruti,Maruti S Cross ZETA AT 1.5,Petrol,SHVS,,"15,291",2nd,Noida,"10,19,399"
214,2010,Maruti,Maruti Alto LXI,Petrol,MANUAL,,"48,001",2nd,Noida,"1,70,299"
215,2017,Maruti,Maruti Baleno DELTA 1.2 K12,Petrol,MANUAL,,"64,181",1st,Noida,"4,80,449"
216,2019,Maruti,Maruti Baleno DELTA 1.2 K12,Petrol,MANUAL,,"29,383",1st,Noida,"6,60,999"
217,2020,Honda,Honda Jazz ZX CVT,Petrol,AUTOMATIC,,"9,871",1st,Noida,"10,00,099"
218,2020,KIA,KIA SELTOS HTK PLUS AT 1.5 DIESEL,Diesel,AUTOMATIC,,"33,981",2nd,Noida,"14,65,299"
219,2019,Honda,Honda WR-V 1.2 i-VTEC VX MT,Petrol,MANUAL,,"43,575",1st,Noida,"8,13,199"
220,2021,Mahindra,Mahindra Thar LX  4WD AT CONVERTIBLE,Petrol,AUTOMATIC,,"4,222",1st,Noida,"16,96,099"
221,2016,Hyundai,Hyundai Grand i10 SPORTZ 1.2 KAPPA VTVT,Petrol,MANUAL,,"41,119",1st,Noida,"4,58,599"
222,2020,Maruti,Maruti Baleno DELTA 1.2 K12,Petrol,MANUAL,,"4,260",1st,Noida,"7,25,599"
223,2019,Maruti,Maruti Baleno DELTA 1.2 K12,Petrol,MANUAL,,"22,380",1st,Noida,"6,43,239"
224,2019,KIA,KIA SELTOS HTK PLUS 1.5 DIESEL,Diesel,MANUAL,,"25,067",1st,Noida,"13,07,499"
225,2017,Hyundai,Hyundai Grand i10 MAGNA 1.2 KAPPA VTVT,Petrol,MANUAL,,"18,003",1st,Noida,"4,77,220"
226,2016,Ford,Ford Ecosport 1.5 TITANIUM TI VCT,Petrol,MANUAL,,"53,040",1st,Noida,"7,01,099"
227,2019,KIA,KIA SELTOS GTX + AT PETROL,Petrol,AUTOMATIC,,"37,357",1st,Noida,"16,59,099"
228,2019,Maruti,Maruti IGNIS ALPHA 1.2 K12 AMT,Petrol,AUTOMATIC,,"25,350",1st,Noida,"6,70,699"
229,2019,Maruti,Maruti Celerio VXI,Petrol,MANUAL,,"27,718",1st,Noida,"4,70,699"
230,2019,Maruti,Maruti Baleno DELTA 1.2 K12,Petrol,MANUAL,,"25,647",1st,Noida,"6,75,199"
231,2016,Hyundai,Hyundai Creta 1.6 SX PLUS VTVT ANNIVERSARY EDITION,Petrol,MANUAL,,"51,297",2nd,Noida,"8,51,799"
232,2020,Hyundai,Hyundai Creta 1.5 SX (O) AT,Petrol,AUTOMATIC,,"31,437",1st,Noida,"17,66,599"
233,2017,Mahindra,Mahindra XUV500 W8 FWD,Diesel,MANUAL,,"84,279",2nd,Noida,"9,69,399"
234,2017,Hyundai,Hyundai Grand i10 SPORTZ 1.2 KAPPA VTVT,Petrol,MANUAL,,"65,162",1st,Noida,"4,60,699"
235,2020,Maruti,Maruti Vitara Brezza VXI,Petrol,MANUAL,,"42,315",2nd,Noida,"7,92,799"
236,2017,Hyundai,Hyundai Elite i20 ASTA 1.2,Petrol,MANUAL,,"25,775",2nd,Noida,"6,02,099"
237,2021,Maruti,Maruti Dzire VXI,Petrol,MANUAL,,"14,400",1st,Noida,"7,41,999"
238,2018,Maruti,Maruti Wagon R 1.0 LXI,Petrol,MANUAL,,"18,671",1st,Noida,"4,24,499"
239,2017,Maruti,Maruti Ciaz ZDI+ SHVS,Diesel,MANUAL,,"57,281",2nd,Noida,"6,22,199"
240,2018,Maruti,Maruti Alto K10 VXI (O) AMT,Petrol,AUTOMATIC,,"13,002",2nd,Noida,"4,07,299"
241,2019,Datsun,Datsun Redi Go A,Petrol,MANUAL,,"27,411",1st,Noida,"3,28,049"
242,2020,Tata,Tata ALTROZ XZ 1.2,Petrol,MANUAL,,"13,937",1st,Noida,"8,27,999"
243,2021,Maruti,Maruti Alto LXI CNG,Petrol,MANUAL,,"17,920",1st,Noida,"5,07,699"
244,2020,MG,MG HECTOR SHARP DCT PETROL,Petrol,AUTOMATIC,,"34,236",1st,Noida,"17,37,199"
245,2021,Maruti,Maruti New  Wagon-R 1.0 Lxi (o) cng,Petrol,MANUAL,,"16,511",1st,Noida,"6,84,099"
246,2017,Renault,Renault Kwid RXT,Petrol,MANUAL,,"25,220",1st,Noida,"3,56,099"
247,2021,Hyundai,Hyundai Verna SX PETROL MT,Petrol,MANUAL,,"21,114",1st,Noida,"11,91,899"
248,2019,Maruti,Maruti Swift VXI AMT,Petrol,AUTOMATIC,,"45,067",2nd,Noida,"6,22,999"
249,2021,Datsun,Datsun Redi Go T (O),Petrol,MANUAL,,"7,323",1st,Noida,"4,57,499"
250,2020,Mahindra,Mahindra Scorpio S9,Diesel,MANUAL,,"26,121",1st,Noida,"15,13,099"
251,2018,Honda,Honda WR-V 1.2 i-VTEC VX MT,Petrol,MANUAL,,"41,604",1st,Noida,"7,55,199"
252,2018,Maruti,Maruti Baleno ZETA 1.2 K12,Petrol,MANUAL,,"30,672",1st,Noida,"6,47,999"
253,2019,Maruti,Maruti Celerio VXI,Petrol,MANUAL,,"33,888",2nd,Noida,"4,41,899"
254,2020,Maruti,Maruti S PRESSO VXI PLUS AGS,Petrol,AUTOMATIC,,"2,258",1st,Noida,"5,28,499"
255,2019,Honda,Honda Amaze 1.2 V CVT I VTEC,Petrol,AUTOMATIC,,"29,577",1st,Noida,"7,94,399"
256,2013,Hyundai,Hyundai i10 SPORTZ 1.2 KAPPA2,Petrol,MANUAL,,"43,384",1st,Noida,"3,33,449"
257,2018,Maruti,Maruti Celerio VXI,Petrol,MANUAL,,"12,407",1st,Noida,"4,66,049"
258,2018,Maruti,Maruti Vitara Brezza VDI,Diesel,MANUAL,,"28,057",1st,Noida,"7,20,899"
259,2021,Maruti,Maruti Alto LXI,Petrol,MANUAL,,"2,303",1st,Noida,"3,84,399"
260,2020,KIA,KIA SELTOS HTX+ AT 1.5 DIESEL,Diesel,AUTOMATIC,,"32,605",2nd,Noida,"15,39,699"
261,2017,Maruti,Maruti Celerio ZXI AMT,Petrol,AUTOMATIC,,"40,735",1st,Noida,"4,48,699"
262,2018,Mahindra,Mahindra Scorpio S5,Diesel,MANUAL,,"56,538",1st,Noida,"10,46,899"
263,2019,Hyundai,Hyundai NEW SANTRO 1.1 MAGNA AMT,Petrol,AUTOMATIC,,"20,498",1st,Noida,"5,27,699"
264,2019,Toyota,Toyota YARIS J CVT,Petrol,AUTOMATIC,,"13,618",1st,Noida,"9,05,999"
265,2016,Honda,Honda City VX MT DIESEL,Diesel,MANUAL,,"49,653",1st,Noida,"6,75,099"
266,2017,Maruti,Maruti Celerio VXI,Petrol,MANUAL,,"25,646",1st,Noida,"4,32,099"
267,2018,Maruti,Maruti Wagon R 1.0 VXI PLUS,Petrol,MANUAL,,"60,264",2nd,Noida,"4,25,299"
268,2019,Maruti,Maruti Baleno DELTA 1.2 K12,Petrol,MANUAL,,"25,227",1st,Noida,"6,89,199"
269,2017,Honda,Honda WR-V 1.2 i-VTEC S MT,Petrol,MANUAL,,"39,333",1st,Noida,"6,48,099"
270,2012,Maruti,Maruti Alto K10 VXI,Petrol,MANUAL,,"87,463",1st,Noida,"2,18,899"
271,2015,Hyundai,Hyundai Creta 1.6 S,Petrol,MANUAL,,"49,814",1st,Noida,"8,57,499"
272,2017,Honda,Honda WR-V 1.2 i-VTEC VX MT,Petrol,MANUAL,,"18,954",1st,Noida,"7,58,499"
273,2019,Hyundai,Hyundai Tucson New 2WD AT GLS PETROL,Petrol,AUTOMATIC,,"38,848",1st,Noida,"21,39,499"
274,2018,Renault,Renault Kwid 1.0 RXT Opt,Petrol,MANUAL,,"75,123",1st,Noida,"3,42,999"
275,2017,Honda,Honda WR-V 1.2 i-VTEC VX MT,Petrol,MANUAL,,"84,507",1st,Noida,"6,71,699"
276,2019,Hyundai,Hyundai Elite i20 1.2 SPORTS PLUS VTVT,Petrol,MANUAL,,"45,805",1st,Noida,"6,99,299"
277,2021,Tata,Tata TIGOR XZ PLUS 1.2 REVOTRON,Petrol,MANUAL,,"9,553",1st,Noida,"8,14,799"
278,2019,Hyundai,Hyundai NEW SANTRO ASTA 1.1 MT,Petrol,MANUAL,,"12,664",1st,Noida,"5,58,899"
279,2018,Maruti,Maruti IGNIS DELTA 1.2 K12 AMT,Petrol,AUTOMATIC,,"44,161",1st,Noida,"5,67,899"
280,2017,Renault,Renault Kwid RXT,Petrol,MANUAL,,"25,910",2nd,Noida,"3,42,799"
281,2019,Maruti,Maruti Baleno DELTA 1.2 K12,Petrol,MANUAL,,"45,522",1st,Noida,"6,62,399"
282,2018,Hyundai,Hyundai Grand i10 MAGNA 1.2 VTVT,Petrol,MANUAL,,"39,304",1st,Noida,"4,72,699"
283,2017,Maruti,Maruti Alto K10 VXI,Petrol,MANUAL,,"95,218",1st,Noida,"3,31,199"
284,2015,Maruti,Maruti Swift LXI OPT,Petrol,MANUAL,,"37,931",2nd,Noida,"4,21,999"
285,2017,Maruti,Maruti Dzire VXI,Petrol,MANUAL,,"37,336",2nd,Noida,"5,71,099"
286,2017,Maruti,Maruti Wagon R 1.0 LXI CNG,Petrol,MANUAL,,"77,117",2nd,Noida,"3,69,999"
287,2020,Maruti,Maruti New  Wagon-R ZXI 1.2,Petrol,MANUAL,,"23,797",1st,Noida,"6,08,599"
288,2016,Maruti,Maruti Ciaz VXI PLUS,Petrol,MANUAL,,"99,521",1st,Noida,"5,86,799"
289,2018,Hyundai,Hyundai Verna 1.6 SX VTVT,Petrol,MANUAL,,"24,712",1st,Noida,"8,84,199"
290,2019,Maruti,Maruti Baleno DELTA 1.2 K12,Petrol,MANUAL,,"21,800",1st,Noida,"6,91,699"
291,2020,Tata,Tata ALTROZ XZ 1.2,Petrol,MANUAL,,"37,413",1st,Noida,"7,95,399"
292,2017,Maruti,Maruti Baleno ALPHA 1.2 K12,Petrol,MANUAL,,"23,204",1st,Noida,"6,27,149"
293,2020,Hyundai,Hyundai NEW SANTRO SPORTZ 1.1,Petrol,MANUAL,,"17,336",1st,Noida,"4,73,899"
294,2018,Hyundai,Hyundai Elite i20 Magna Executive 1.2,Petrol,MANUAL,,"44,619",2nd,Noida,"5,46,899"
295,2016,Maruti,Maruti Baleno DELTA 1.2 K12,Petrol,MANUAL,,"26,114",1st,Noida,"5,25,199"
296,2016,Maruti,Maruti Baleno ZETA 1.2 K12,Petrol,MANUAL,,"59,676",1st,Noida,"5,59,099"
297,2019,Maruti,Maruti Alto VXI,Petrol,MANUAL,,"13,818",2nd,Noida,"3,91,299"
298,2014,Hyundai,Hyundai Grand i10 SPORTZ 1.2 KAPPA VTVT,Petrol,MANUAL,,"50,886",1st,Noida,"3,98,899"
299,2020,Hyundai,Hyundai Creta 1.6 SX AT CRDI,Diesel,AUTOMATIC,,"42,396",1st,Noida,"16,03,199"
300,2021,Hyundai,Hyundai NEW I20 ASTA (O) 1.5 CRDI,Diesel,MT,,"27,082",1st,Noida,"11,38,899"
301,2019,Maruti,Maruti Baleno DELTA 1.2 K12,Petrol,MANUAL,,"31,923",2nd,Noida,"5,97,199"
302,2017,Honda,Honda Brio 1.2 VX MT I VTEC,Petrol,MANUAL,,"30,553",1st,Noida,"4,65,799"
303,2019,Maruti,Maruti Vitara Brezza ZDI,Diesel,MANUAL,,"23,602",1st,Noida,"8,98,599"
304,2021,Skoda,Skoda Rapid STYLE 1.0TSI MT,Petrol,MANUAL,,"9,999",1st,Noida,"11,94,199"
305,2019,Maruti,Maruti Alto K10 VXI,Petrol,MANUAL,,"5,821",1st,Noida,"4,28,299"
306,2019,Hyundai,Hyundai NEW SANTRO SPORTZ 1.1,Petrol,MANUAL,,"28,943",1st,Noida,"4,95,799"
307,2014,Audi,Audi Q3 2.0 TDI MT S EDITION,Diesel,MANUAL,,"93,844",1st,Noida,"10,37,699"
308,2016,Maruti,Maruti Vitara Brezza ZDI,Diesel,MANUAL,,"26,786",1st,Noida,"6,55,399"
309,2017,Ford,Ford Ecosport 1.5 TITANIUM TI VCT AT,Petrol,AUTOMATIC,,"39,026",2nd,Noida,"7,17,099"
310,2018,Hyundai,Hyundai Creta 1.6 SX CRDI,Diesel,MANUAL,,"40,640",1st,Noida,"10,28,899"
311,2019,Maruti,Maruti Celerio VXI,Petrol,MANUAL,,"34,338",1st,Noida,"5,11,899"
312,2020,Tata,Tata ALTROZ XZ 1.2,Petrol,MANUAL,,"32,106",1st,Noida,"8,22,499"
313,2021,Maruti,Maruti Alto LXI CNG,Petrol,MANUAL,,"23,812",1st,Noida,"5,10,799"
314,2021,Toyota,Toyota YARIS G MT,Petrol,MANUAL,,"27,388",1st,Noida,"9,84,099"
315,2017,Honda,Honda WR-V 1.2 i-VTEC VX MT,Petrol,MANUAL,,"68,354",1st,Noida,"7,09,899"
316,2020,Ford,Ford Ecosport 1.5 TITANIUM TI VCT AT,Petrol,AUTOMATIC,,"12,333",1st,Noida,"10,56,849"
317,2021,Tata,Tata ALTROZ XT,Petrol,1.2,,"13,351",1st,Noida,"7,73,599"
318,2017,Maruti,Maruti Dzire VXI,Petrol,MANUAL,,"54,796",1st,Noida,"5,98,699"
319,2019,Renault,Renault Kwid RXL,Petrol,MANUAL,,"35,525",2nd,Noida,"3,50,499"
320,2017,Hyundai,Hyundai Grand i10 Sportz(O) 1.2 MT,Petrol,MANUAL,,"42,016",2nd,Noida,"4,71,299"
321,2019,Maruti,Maruti Vitara Brezza ZDI,Diesel,MANUAL,,"31,516",1st,Noida,"8,83,799"
322,2017,Maruti,Maruti Alto 800 LXI,Petrol,MANUAL,,"17,800",2nd,Noida,"3,00,099"
323,2016,Hyundai,Hyundai Grand i10 SPORTZ 1.2 KAPPA VTVT,Petrol,MANUAL,,"19,577",1st,Noida,"4,28,299"
324,2019,Maruti,Maruti Baleno ZETA 1.2 K12,Petrol,MANUAL,,"19,398",1st,Noida,"7,28,199"
325,2019,Maruti,Maruti Vitara Brezza ZDI PLUS,Diesel,MANUAL,,"30,973",1st,Noida,"9,59,699"
326,2015,Maruti,Maruti Baleno ALPHA 1.2 K12,Petrol,MANUAL,,"65,636",1st,Noida,"5,59,999"
327,2016,Hyundai,Hyundai Elite i20 SPORTZ 1.2,Petrol,MANUAL,,"46,473",2nd,Noida,"5,44,699"
328,2021,Mahindra,Mahindra Thar LX D 4*4 MT HT,Diesel,MANUAL,,"6,962",1st,Noida,"17,02,699"
329,2015,Hyundai,Hyundai i20 Active 1.2 S,Petrol,MANUAL,,"70,259",1st,Noida,"5,41,299"
330,2016,Maruti,Maruti Baleno DELTA 1.2 K12,Petrol,MANUAL,,"40,459",2nd,Noida,"5,25,199"
331,2015,Hyundai,Hyundai Creta 1.6 S,Petrol,MANUAL,,"71,587",1st,Noida,"8,05,499"
332,2018,Maruti,Maruti Baleno DELTA 1.2 K12,Petrol,MANUAL,,"50,712",1st,Noida,"5,95,899"
333,2020,Maruti,Maruti S PRESSO VXI,Petrol,MANUAL,,"45,659",1st,Noida,"4,53,599"
334,2011,Maruti,Maruti Ritz LXI,Petrol,MANUAL,,"78,068",2nd,Noida,"2,33,899"
335,2018,Hyundai,Hyundai Elite i20 Magna Executive Diesel,Diesel,MANUAL,,"57,975",1st,Noida,"6,68,899"
336,2019,Maruti,Maruti Baleno DELTA 1.2 K12,Petrol,MANUAL,,"28,920",2nd,Noida,"6,39,799"
337,2017,Mahindra,Mahindra XUV500 W8 FWD AT,Diesel,AUTOMATIC,,"90,501",1st,Noida,"11,25,299"
338,2018,Mahindra,Mahindra Scorpio S7 120 BHP 2WD,Diesel,MANUAL,,"42,162",1st,Noida,"10,93,699"
339,2015,Hyundai,Hyundai Eon MAGNA PLUS,Petrol,MANUAL,,"43,616",2nd,Noida,"3,05,699"
340,2015,Hyundai,Hyundai Grand i10 SPORTZ 1.2 KAPPA VTVT,Petrol,MANUAL,,"47,146",2nd,Noida,"4,34,699"
341,2016,Maruti,Maruti Baleno DELTA 1.2 K12,Petrol,MANUAL,,"40,552",1st,Noida,"5,25,199"
342,2016,Hyundai,Hyundai Grand i10 ASTA 1.2 KAPPA VTVT,Petrol,MANUAL,,"80,982",2nd,Noida,"4,60,899"
343,2021,Maruti,Maruti Ciaz ALPHA 1.5 MT VTVT SHVS,Petrol,MANUAL,,"9,758",1st,Noida,"11,26,649"
344,2016,Hyundai,Hyundai Grand i10 SPORTZ 1.2 KAPPA VTVT,Petrol,MANUAL,,"62,740",2nd,Noida,"4,27,799"
345,2013,Toyota,Toyota Etios Liva G SP,Petrol,MANUAL,,"36,330",1st,Noida,"3,76,599"
346,2016,BMW,BMW X1 SDRIVE 20D,Diesel,AUTOMATIC,,"31,705",2nd,Noida,"16,19,599"
347,2016,Hyundai,Hyundai Grand i10 SPORTZ 1.2 KAPPA VTVT,Petrol,MANUAL,,"68,268",1st,Noida,"4,58,799"
348,2019,Maruti,Maruti Baleno ZETA 1.2 K12,Petrol,MANUAL,,"32,387",1st,Noida,"7,02,399"
349,2017,Hyundai,Hyundai Grand i10 ASTA 1.2 (O) VTVT,Petrol,MANUAL,,"49,271",3rd,Noida,"4,52,899"
350,2021,Tata,Tata NEXON XZ+ 1.5,Diesel,MANUAL,,"6,694",1st,Noida,"12,61,699"
351,2018,Hyundai,Hyundai Grand i10 MAGNA 1.2 KAPPA VTVT,Petrol,MANUAL,,"43,049",1st,Noida,"4,96,699"
352,2021,Tata,Tata Safari XE 2.0 KRYOTEC,Diesel,MANUAL,,"17,534",1st,Noida,"15,36,799"
353,2018,Ford,Ford Figo Aspire 1.2 TITANIUM PETROL,Petrol,MANUAL,,"33,815",1st,Noida,"5,68,299"
354,2018,Tata,Tata Hexa Varicor 400 XMA,Diesel,AUTOMATIC,,"75,883",1st,Noida,"11,48,749"
355,2018,Maruti,Maruti Alto K10 VXI,Petrol,MANUAL,,"26,096",1st,Noida,"3,62,199"
356,2018,Maruti,Maruti Vitara Brezza VDI,Diesel,MANUAL,,"49,770",2nd,Noida,"7,23,399"
357,2017,Maruti,Maruti Alto K10 VXI OPT,Petrol,MANUAL,,"48,136",1st,Noida,"3,94,299"
358,2017,Renault,Renault Kwid CLIMBER 1.0 AT,Petrol,AUTOMATIC,,"55,609",1st,Noida,"3,56,499"
359,2019,Ford,Ford Ecosport 1.5TITANIUM TDCI,Diesel,MANUAL,,"51,765",2nd,Noida,"7,84,549"
360,2016,Maruti,Maruti Baleno DELTA 1.2 K12,Petrol,MANUAL,,"60,820",1st,Noida,"5,39,899"
361,2017,Hyundai,Hyundai Grand i10 Sportz(O) 1.2 MT,Petrol,MANUAL,,"34,652",1st,Noida,"5,15,599"
362,2019,Renault,Renault Kwid 1.0 RXT Opt,Petrol,MANUAL,,"31,621",1st,Noida,"4,20,299"
363,2019,Maruti,Maruti Swift VXI AMT,Petrol,AUTOMATIC,,"36,424",1st,Noida,"6,86,099"
364,2016,Maruti,Maruti Baleno ZETA 1.2 K12,Petrol,MANUAL,,"52,677",1st,Noida,"5,54,599"
365,2018,Maruti,Maruti Alto 800 LXI,Petrol,MANUAL,,"29,741",1st,Noida,"3,26,899"
366,2019,Maruti,Maruti Alto VXI,Petrol,MANUAL,,"37,786",1st,Noida,"3,46,054"
367,2017,Hyundai,Hyundai Grand i10 Sportz(O) 1.2 MT,Petrol,MANUAL,,"63,766",1st,Noida,"5,21,399"
368,2018,Maruti,Maruti Baleno DELTA 1.2 K12,Petrol,MANUAL,,"35,245",1st,Noida,"5,72,399"
369,2018,Maruti,Maruti Wagon R 1.0 LXI CNG,Petrol,MANUAL,,"56,254",1st,Noida,"4,37,599"
370,2018,Ford,Ford Ecosport 1.5TITANIUM TDCI,Diesel,MANUAL,,"33,438",1st,Noida,"8,15,399"
371,2019,Maruti,Maruti Baleno DELTA 1.2 K12,Petrol,MANUAL,,"65,626",1st,Noida,"6,12,699"
372,2021,Toyota,Toyota Glanza G CVT,Petrol,AUTOMATIC,,"8,225",1st,Noida,"9,30,899"
373,2014,Hyundai,Hyundai i20 SPORTZ 1.2 VTVT,Petrol,MANUAL,,"83,811",1st,Noida,"3,99,699"
374,2013,Hyundai,Hyundai i20 SPORTZ 1.4 CRDI,Diesel,MANUAL,,"1,21,564",2nd,Noida,"3,48,599"
375,2018,Maruti,Maruti Alto K10 VXI,Petrol,MANUAL,,"34,100",1st,Noida,"3,74,899"
376,2019,Maruti,Maruti Vitara Brezza ZDI,Diesel,MANUAL,,"41,077",1st,Noida,"8,66,099"
377,2019,Maruti,Maruti Baleno ZETA 1.2 K12,Petrol,MANUAL,,"80,741",2nd,Noida,"5,69,099"
378,2021,Maruti,Maruti Alto LXI CNG,Petrol,MANUAL,,"30,016",1st,Noida,"4,95,599"
379,2018,Maruti,Maruti Alto K10 VXI,Petrol,MANUAL,,"42,317",1st,Noida,"3,78,599"
380,2018,Hyundai,Hyundai Grand i10 SPORTZ 1.2 KAPPA VTVT,Petrol,MANUAL,,"52,793",1st,Noida,"4,86,349"
381,2021,Maruti,Maruti Alto VXI PLUS,Petrol,MANUAL,,"4,889",1st,Noida,"4,35,499"
382,2021,Toyota,Toyota YARIS J MT,Petrol,MANUAL,,"8,461",1st,Noida,"11,61,299"
383,2019,Maruti,Maruti New  Wagon-R ZXI 1.2,Petrol,MANUAL,,"38,889",1st,Noida,"5,06,699"
384,2012,Maruti,Maruti Swift ZXI,Petrol,MANUAL,,"96,633",1st,Noida,"3,59,699"
385,2019,Tata,Tata Hexa Varicor 400 XM,Diesel,MANUAL,,"43,696",1st,Noida,"15,05,499"
386,2020,Honda,Honda City VX CVT PETROL,Petrol,AUTOMATIC,,"31,419",1st,Noida,"11,62,899"
387,2016,Skoda,Skoda Octavia 2.0 TDI STYLE PLUS AT,Diesel,AUTOMATIC,,"95,993",1st,Noida,"11,35,999"
388,2017,Hyundai,Hyundai Creta 1.4 E PLUS CRDI,Diesel,MANUAL,,"68,765",1st,Noida,"8,01,199"
389,2013,Ford,Ford Ecosport 1.5 TREND TDCI,Diesel,MANUAL,,"33,832",2nd,Noida,"4,20,199"
390,2016,Mahindra,Mahindra Scorpio S10,Diesel,MANUAL,,"43,901",1st,Noida,"11,32,999"
391,2019,Maruti,Maruti Vitara Brezza VDI,Diesel,MANUAL,,"41,437",1st,Noida,"7,96,599"
392,2016,Maruti,Maruti Vitara Brezza ZDI PLUS,Diesel,MANUAL,,"36,809",1st,Noida,"6,65,199"
393,2021,Mahindra,Mahindra Thar LX D 4*4 MT HT,Diesel,MANUAL,,"10,292",1st,Noida,"16,73,799"
394,2021,Maruti,Maruti Baleno ZETA 1.2 K12 CVT,Petrol,AUTOMATIC,,"14,407",1st,Noida,"9,42,499"
395,2020,Maruti,Maruti Alto VXI,Petrol,MANUAL,,"37,480",1st,Noida,"3,69,799"
396,2017,Maruti,Maruti Baleno ALPHA 1.2 K12,Petrol,MANUAL,,"44,978",1st,Noida,"6,16,999"
397,2017,Hyundai,Hyundai Grand i10 SPORTZ 1.2 KAPPA VTVT,Petrol,MANUAL,,"79,292",1st,Noida,"4,86,349"
398,2018,Hyundai,Hyundai Creta 1.6 CRDI SX PLUS AUTO,Diesel,AUTOMATIC,,"79,950",2nd,Noida,"10,00,999"
399,2015,Maruti,Maruti Ciaz ZDI,Diesel,MANUAL,,"62,245",2nd,Noida,"5,31,399"
400,2018,Ford,Ford Ecosport 1.5 TDCI TITANIUM PLUS,Diesel,MANUAL,,"59,508",1st,Noida,"8,22,599"
401,2021,Maruti,Maruti Alto VXI PLUS,Petrol,MANUAL,,"15,460",1st,Noida,"4,24,399"
402,2018,Maruti,Maruti Baleno DELTA 1.2 K12,Petrol,MANUAL,,"37,697",1st,Noida,"5,82,649"
403,2017,Hyundai,Hyundai Creta 1.4 E PLUS CRDI,Diesel,MANUAL,,"42,720",1st,Noida,"8,72,799"
404,2014,Audi,Audi Q3 2.0 TDI MT S EDITION,Diesel,MANUAL,,"68,368",1st,Noida,"10,89,449"
405,2013,Maruti,Maruti Ertiga VDI ABS,Diesel,MANUAL,,"49,425",1st,Noida,"5,28,899"
406,2018,Ford,Ford Ecosport 1.5TITANIUM TDCI,Diesel,MANUAL,,"65,143",1st,Noida,"8,10,699"
407,2018,Hyundai,Hyundai Creta 1.4 E PLUS CRDI,Diesel,MANUAL,,"88,553",1st,Noida,"8,87,499"
408,2021,Maruti,Maruti Alto LXI CNG,Petrol,MANUAL,,"21,829",1st,Noida,"5,20,399"
409,2019,Maruti,Maruti Alto K10 VXI,Petrol,MANUAL,,"38,225",1st,Noida,"3,58,799"
410,2021,Ford,Ford Ecosport 1.5TITANIUM TDCI,Diesel,MANUAL,,"16,751",1st,Noida,"10,77,799"
411,2016,Maruti,Maruti Baleno DELTA 1.2 K12,Petrol,MANUAL,,"49,092",1st,Noida,"5,25,199"
412,2019,Maruti,Maruti IGNIS DELTA 1.2 K12,Petrol,MANUAL,,"34,076",1st,Noida,"5,30,199"
413,2018,Renault,Renault Duster RXS 85 PS,Diesel,MANUAL,,"90,520",1st,Noida,"6,92,999"
414,2012,Toyota,Toyota Etios Liva G,Petrol,MANUAL,,"43,321",1st,Noida,"3,24,899"
415,2015,Maruti,Maruti Ritz VDI,Diesel,MANUAL,,"60,623",1st,Noida,"3,60,499"
416,2016,Maruti,Maruti Vitara Brezza VDI,Diesel,MANUAL,,"27,835",1st,Noida,"6,88,399"
417,2018,Maruti,Maruti IGNIS DELTA 1.2 K12,Petrol,MANUAL,,"34,241",1st,Noida,"5,02,399"
418,2021,Maruti,Maruti S PRESSO VXI PLUS,Petrol,MANUAL,,"4,409",1st,Noida,"4,91,899"
419,2020,Maruti,Maruti Baleno DELTA 1.2 K12 AT,Petrol,AUTOMATIC,,"33,503",1st,Noida,"7,68,199"
420,2017,Maruti,Maruti Baleno ZETA 1.2 K12,Petrol,MANUAL,,"57,436",1st,Noida,"5,60,499"
421,2019,Maruti,Maruti Alto K10 VXI,Petrol,MANUAL,,"11,145",1st,Noida,"4,13,599"
422,2018,Mahindra,Mahindra Thar CRDE 4X4 BS IV,Diesel,MANUAL,,"19,767",1st,Noida,"8,76,399"
423,2017,Maruti,Maruti Baleno ALPHA DDIS 190,Diesel,MANUAL,,"51,429",2nd,Noida,"5,93,999"
424,2019,Maruti,Maruti Alto LXI,Petrol,MANUAL,,"71,314",1st,Noida,"3,21,699"
425,2017,Maruti,Maruti Baleno DELTA 1.2 K12,Petrol,MANUAL,,"42,903",1st,Noida,"5,29,099"
426,2017,Maruti,Maruti Vitara Brezza VDI OPT,Diesel,MANUAL,,"51,167",2nd,Noida,"6,37,899"
427,2015,Audi,Audi A6 2.0 TDI TECHNOLOGY,Diesel,AUTOMATIC,,"77,281",2nd,Noida,"19,57,899"
428,2021,Maruti,Maruti Alto LXI OPT,Petrol,MANUAL,,"5,145",1st,Noida,"4,07,699"
429,2016,Hyundai,Hyundai Elite i20 MAGNA 1.2,Petrol,MANUAL,,"91,525",1st,Noida,"5,07,699"
430,2017,Maruti,Maruti Swift VDI ABS,Diesel,MANUAL,,"47,283",1st,Noida,"5,34,899"
431,2020,Maruti,Maruti S PRESSO VXI PLUS,Petrol,MANUAL,,"14,860",1st,Noida,"4,55,999"
432,2015,Mahindra,Mahindra Scorpio S10,Diesel,MANUAL,,"43,954",1st,Noida,"10,04,399"
433,2017,Maruti,Maruti Baleno ZETA 1.2 K12 AMT,Petrol,AUTOMATIC,,"79,004",1st,Noida,"6,07,499"
434,2016,Maruti,Maruti Baleno ZETA 1.2 K12,Petrol,MANUAL,,"61,060",1st,Noida,"5,35,499"
435,2017,Maruti,Maruti Baleno ZETA 1.2 K12 AMT,Petrol,AUTOMATIC,,"72,196",1st,Noida,"6,26,899"
436,2017,Hyundai,Hyundai Creta 1.4 E PLUS CRDI,Diesel,MANUAL,,"78,220",1st,Noida,"7,65,299"
437,2017,Maruti,Maruti Swift ZDI,Diesel,MANUAL,,"51,088",2nd,Noida,"5,48,499"
438,2014,Audi,Audi A3 35TDI PREMIUM,Diesel,AUTOMATIC,,"91,772",2nd,Noida,"13,48,599"
439,2015,Audi,Audi Q3 35 TDI Quattro,Diesel,AUTOMATIC,,"52,533",1st,Noida,"14,86,499"
440,2016,Audi,Audi Q3 35TDI PREMIUM,Diesel,AUTOMATIC,,"87,052",1st,Noida,"17,96,299"
441,2016,Maruti,Maruti Vitara Brezza VDI,Diesel,MANUAL,,"42,161",1st,Noida,"6,41,399"
442,2020,Maruti,Maruti Alto VXI,Petrol,MANUAL,,"14,443",1st,Noida,"3,87,699"
443,2017,Ford,Ford Ecosport 1.5 TDCI TITANIUM PLUS,Diesel,MANUAL,,"42,349",1st,Noida,"6,48,999"
444,2017,Maruti,Maruti Vitara Brezza VDI,Diesel,MANUAL,,"47,851",1st,Noida,"6,82,199"
445,2018,Maruti,Maruti Vitara Brezza VDI,Diesel,MANUAL,,"44,339",1st,Noida,"7,25,799"
446,2017,Maruti,Maruti Baleno ZETA 1.2 K12 AMT,Petrol,AUTOMATIC,,"63,892",2nd,Noida,"5,91,899"
447,2018,Maruti,Maruti Alto 800 LXI,Petrol,MANUAL,,"35,617",1st,Noida,"3,07,099"
448,2014,Honda,Honda City E MT DIESEL,Diesel,MANUAL,,"1,37,622",2nd,Noida,"3,96,099"
449,2009,Maruti,Maruti Ritz ZXI,Petrol,MANUAL,,"56,793",1st,Noida,"2,27,499"
450,2015,Maruti,Maruti S Cross ALPHA 1.3,Diesel,MANUAL,,"46,980",1st,Noida,"6,01,899"
451,2021,Maruti,Maruti Alto LXI CNG,Petrol,MANUAL,,"26,773",1st,Noida,"4,98,899"
452,2017,Maruti,Maruti Baleno ZETA 1.2 K12 AMT,Petrol,AUTOMATIC,,"90,618",1st,Noida,"5,77,299"
453,2018,Maruti,Maruti Alto K10 VXI,Petrol,MANUAL,,"28,287",2nd,Noida,"3,75,799"
454,2014,Audi,Audi A3 2.0 TDI  PREMIUM,Diesel,AUTOMATIC,,"52,439",1st,Noida,"12,63,899"
455,2017,Ford,Ford Ecosport 1.5 TREND+ TDCI,Diesel,MANUAL,,"78,972",1st,Noida,"5,64,599"
456,2018,Ford,Ford Ecosport 1.5TITANIUM TDCI,Diesel,MANUAL,,"55,513",1st,Noida,"7,53,399"
457,2016,Mahindra,Mahindra Scorpio S10,Diesel,MANUAL,,"74,939",1st,Noida,"11,25,199"
458,2016,Maruti,Maruti Vitara Brezza ZDI,Diesel,MANUAL,,"44,427",1st,Noida,"6,31,599"
459,2018,Maruti,Maruti Alto K10 VXI (O) AMT,Petrol,AUTOMATIC,,"59,822",2nd,Noida,"3,30,999"
460,2017,Maruti,Maruti IGNIS ALPHA 1.3 DDIS,Diesel,MANUAL,,"79,796",2nd,Noida,"5,19,349"
461,2018,Ford,Ford Ecosport 1.5TITANIUM TDCI,Diesel,MANUAL,,"74,204",1st,Noida,"7,77,299"
462,2016,Ford,Ford Ecosport 1.5 TREND+ TDCI,Diesel,MANUAL,,"35,215",1st,Noida,"5,75,699"
463,2021,Maruti,Maruti S PRESSO VXI PLUS,Petrol,MANUAL,,"14,050",1st,Noida,"4,72,199"
464,2015,Hyundai,Hyundai Elite i20 SPORTZ 1.4,Diesel,MANUAL,,"45,778",1st,Noida,"4,51,999"
465,2019,Maruti,Maruti S PRESSO VXI PLUS,Petrol,MANUAL,,"30,537",2nd,Noida,"3,90,399"
466,2019,Maruti,Maruti Alto 800 VXI,Petrol,MANUAL,,"42,236",2nd,Noida,"3,15,799"
467,2014,Audi,Audi A3 35TDI PREMIUM,Diesel,AUTOMATIC,,"34,148",2nd,Noida,"13,17,299"
468,2015,Hyundai,Hyundai Creta 1.4 S PLUS,Diesel,MANUAL,,"51,763",1st,Noida,"7,25,499"
469,2020,Maruti,Maruti S PRESSO VXI PLUS,Petrol,MANUAL,,"19,193",1st,Noida,"4,26,699"
470,2014,Audi,Audi Q5 30 TDI PREMIUM PLUS,Diesel,AUTOMATIC,,"33,109",1st,Noida,"17,93,399"
471,2017,Honda,Honda WR-V 1.5 i-DTEC VX MT,Diesel,MANUAL,,"77,611",1st,Noida,"7,26,999"
472,2017,Hyundai,Hyundai Tucson New 2WD AT GL DIESEL,Diesel,AUTOMATIC,,"88,655",1st,Noida,"13,81,299"
473,2017,Maruti,Maruti Ciaz VDI+ SHVS,Diesel,MANUAL,,"83,350",1st,Noida,"6,39,999"
474,2013,Hyundai,Hyundai Verna FLUIDIC 1.6 SX CRDI,Diesel,MANUAL,,"33,450",1st,Noida,"4,50,499"
475,2015,Maruti,Maruti Ciaz VDI (O) SHVS HYBIRD,Diesel,MANUAL,,"1,22,884",1st,Noida,"4,49,699"
476,2017,Maruti,Maruti Vitara Brezza VDI OPT,Diesel,MANUAL,,"67,116",2nd,Noida,"6,18,799"
477,2014,Honda,Honda City SV MT DIESEL,Diesel,MANUAL,,"86,449",1st,Noida,"4,54,099"
478,2020,Maruti,Maruti S PRESSO VXI,Petrol,MANUAL,,"20,681",1st,Noida,"4,42,099"
479,2020,Maruti,Maruti Alto VXI,Petrol,MANUAL,,"42,796",1st,Noida,"4,03,399"
480,2015,Maruti,Maruti Ciaz VDI+ SHVS,Diesel,MANUAL,,"1,21,686",2nd,Noida,"4,58,799"
481,2016,Maruti,Maruti Swift Dzire VDI ABS,Diesel,MANUAL,,"79,736",2nd,Noida,"5,01,899"
482,2013,Mercedes,Mercedes Benz E Class E 220 CDI ELEGANCE,Diesel,AUTOMATIC,,"53,524",1st,Noida,"12,00,899"
483,2018,Maruti,Maruti Alto K10 VXI,Petrol,MANUAL,,"68,078",1st,Noida,"3,53,599"
484,2017,Maruti,Maruti Vitara Brezza VDI OPT,Diesel,MANUAL,,"74,082",1st,Noida,"6,46,099"
485,2016,Maruti,Maruti Swift VDI ABS,Diesel,MANUAL,,"1,06,627",1st,Noida,"3,97,899"
486,2017,Maruti,Maruti Alto K10 VXI,Petrol,MANUAL,,"56,783",1st,Noida,"3,76,399"
487,2017,Maruti,Maruti Vitara Brezza ZDI PLUS DUAL TONE,Diesel,MANUAL,,"69,262",2nd,Noida,"6,49,099"
488,2020,Maruti,Maruti Alto VXI,Petrol,MANUAL,,"18,261",1st,Noida,"3,95,899"
489,2016,Maruti,Maruti Ciaz VDI+ SHVS,Diesel,MANUAL,,"88,616",1st,Noida,"5,34,599"
490,2016,Maruti,Maruti Baleno DELTA DDIS 190,Diesel,MANUAL,,"69,270",1st,Noida,"5,55,999"
491,2017,Ford,Ford Ecosport 1.5TITANIUM TDCI,Diesel,MANUAL,,"71,633",1st,Noida,"6,49,099"
492,2014,Renault,Renault Duster 85 PS RXL OPT,Diesel,MANUAL,,"84,717",1st,Noida,"3,83,799"
493,2017,Maruti,Maruti Vitara Brezza ZDI,Diesel,MANUAL,,"81,842",1st,Noida,"7,05,399"
494,2021,Maruti,Maruti Alto VXI,Petrol,MANUAL,,"31,642",1st,Noida,"3,78,849"
495,2013,BMW,BMW 5 Series 520D LUXURY LINE,Diesel,AUTOMATIC,,"83,330",2nd,Noida,"13,71,599"
496,2013,Audi,Audi Q3 2.0 TDI QUATTRO,Diesel,AUTOMATIC,,"89,740",1st,Noida,"10,82,799"
497,2014,Hyundai,Hyundai i20 SPORTZ 1.4 CRDI,Diesel,MANUAL,,"72,852",1st,Noida,"3,34,499"
498,2017,Renault,Renault Duster RXZ AMT 110 PS,Diesel,AUTOMATIC,,"89,143",2nd,Noida,"7,24,399"
499,2018,Maruti,Maruti S Cross ALPHA SHVS,Diesel,MANUAL,,"38,780",2nd,Noida,"8,22,299"
500,2014,Maruti,Maruti Ritz VDI,Diesel,MANUAL,,"80,192",1st,Noida,"3,52,799"
501,2015,Maruti,Maruti S Cross ALPHA 1.3,Diesel,MANUAL,,"75,945",1st,Noida,"6,04,599"
502,2017,Ford,Ford Ecosport 1.5 TDCI TITANIUM PLUS,Diesel,MANUAL,,"26,892",1st,Noida,"7,63,499"
503,2014,Toyota,Toyota Corolla Altis D 4D G,Diesel,MANUAL,,"1,27,926",1st,Noida,"6,43,399"
504,2017,Maruti,Maruti S Cross ALPHA SHVS,Diesel,MANUAL,,"96,787",2nd,Noida,"7,09,199"
505,2017,Maruti,Maruti Swift VDI ABS,Diesel,MANUAL,,"52,839",1st,Noida,"4,94,399"
506,2017,Maruti,Maruti S Cross ALPHA SHVS,Diesel,MANUAL,,"91,763",2nd,Noida,"6,95,599"
507,2017,Maruti,Maruti Vitara Brezza ZDI PLUS,Diesel,MANUAL,,"75,754",2nd,Noida,"6,64,799"
508,2016,Maruti,Maruti Vitara Brezza VDI,Diesel,MANUAL,,"79,417",2nd,Noida,"5,72,799"
509,2014,Hyundai,Hyundai Elite i20 SPORTZ (O) 1.4,Diesel,MANUAL,,"73,924",1st,Noida,"4,21,099"
510,2017,Maruti,Maruti Alto K10 VXI,Petrol,MANUAL,,"45,891",2nd,Noida,"3,72,099"
511,2017,Maruti,Maruti S Cross ZETA 1.3,Diesel,MANUAL,,"37,521",1st,Noida,"7,38,199"
512,2017,Maruti,Maruti Vitara Brezza ZDI PLUS,Diesel,MANUAL,,"90,969",1st,Noida,"7,16,599"
513,2016,Maruti,Maruti Vitara Brezza VDI OPT,Diesel,MANUAL,,"62,861",1st,Noida,"6,35,399"
514,2016,Hyundai,Hyundai Creta 1.6 SX CRDI,Diesel,MANUAL,,"85,776",1st,Noida,"7,56,599"
515,2016,Maruti,Maruti Vitara Brezza ZDI,Diesel,MANUAL,,"54,904",1st,Noida,"6,49,099"
516,2015,Maruti,Maruti Swift VDI ABS,Diesel,MANUAL,,"92,673",1st,Noida,"3,76,599"
517,2014,Hyundai,Hyundai i20 ASTA 1.4 CRDI,Diesel,MANUAL,,"89,083",2nd,Noida,"3,99,799"
518,2016,Maruti,Maruti Vitara Brezza ZDI,Diesel,MANUAL,,"72,730",1st,Noida,"5,93,599"
519,2017,Maruti,Maruti Vitara Brezza VDI OPT,Diesel,MANUAL,,"1,48,572",1st,Noida,"6,36,399"
520,2017,Maruti,Maruti Vitara Brezza ZDI,Diesel,MANUAL,,"82,051",1st,Noida,"6,20,799"
521,2015,Maruti,Maruti Baleno ZETA DDIS 190,Diesel,MANUAL,,"70,755",1st,Noida,"4,76,199"
522,2017,Ford,Ford Ecosport 1.5 TITANIUMTDCI OPT,Diesel,MANUAL,,"72,887",1st,Noida,"6,94,399"
523,2016,Renault,Renault Duster 85 PS RXL,Diesel,MANUAL,,"70,946",1st,Noida,"6,50,099"
524,2015,Maruti,Maruti Swift VDI ABS,Diesel,MANUAL,,"69,898",1st,Noida,"3,99,499"
525,2016,Maruti,Maruti Vitara Brezza ZDI PLUS,Diesel,MANUAL,,"72,183",1st,Noida,"6,39,899"
526,2016,Maruti,Maruti Vitara Brezza ZDI PLUS,Diesel,MANUAL,,"57,707",1st,Noida,"6,74,199"
527,2017,Maruti,Maruti Vitara Brezza ZDI,Diesel,MANUAL,,"61,982",1st,Noida,"6,80,799"
528,2013,Ford,Ford Ecosport 1.5 TITANIUMTDCI OPT,Diesel,MANUAL,,"76,208",1st,Noida,"4,25,899"
529,2013,Ford,Ford Ecosport 1.5 TITANIUMTDCI OPT,Diesel,MANUAL,,"81,227",2nd,Noida,"4,15,499"
530,2015,Hyundai,Hyundai Grand i10 SPORTZ 1.1 CRDI,Diesel,MANUAL,,"73,894",1st,Noida,"3,82,199"
531,2015,Hyundai,Hyundai Grand i10 ASTA 1.1 CRDI,Diesel,MANUAL,,"90,449",1st,Noida,"3,71,599"
532,2017,Ford,Ford Ecosport 1.5 TREND+ TDCI,Diesel,MANUAL,,"1,13,206",1st,Noida,"5,42,999"
533,2015,Maruti,Maruti Swift VDI ABS,Diesel,MANUAL,,"86,816",1st,Noida,"4,01,499"
534,2017,Maruti,Maruti Vitara Brezza VDI OPT,Diesel,MANUAL,,"88,480",1st,Noida,"6,30,599"
535,2015,Maruti,Maruti Swift VDI ABS,Diesel,MANUAL,,"56,999",1st,Noida,"4,11,099"
536,2015,Maruti,Maruti Swift VDI ABS,Diesel,MANUAL,,"76,491",1st,Noida,"3,94,599"
537,2014,Ford,Ford Ecosport 1.5TITANIUM TDCI,Diesel,MANUAL,,"51,221",2nd,Noida,"4,48,399"
538,2016,Maruti,Maruti Vitara Brezza VDI OPT,Diesel,MANUAL,,"98,820",1st,Noida,"5,68,999"
539,2014,Toyota,Toyota Etios CROSS VD,Diesel,MANUAL,,"83,974",2nd,Noida,"4,76,099"
540,2016,Maruti,Maruti Vitara Brezza ZDI,Diesel,MANUAL,,"1,02,367",1st,Noida,"5,80,399"
541,2013,Ford,Ford Ecosport 1.5 AMBIENTE TDCI,Diesel,MANUAL,,"1,14,858",1st,Noida,"3,52,699"
542,2014,Toyota,Toyota Innova 2.5 VX 8 STR BS IV,Diesel,MANUAL,,"70,100",1st,Noida,"9,89,999"
543,2014,Hyundai,Hyundai i10 ERA 1.1 IRDE,Petrol,MANUAL,,"29,540",2nd,Noida,"2,66,199"
544,2020,Maruti,Maruti Baleno SIGMA 1.2 K12,Petrol,MANUAL,,"8,966",1st,Noida,"6,03,599"
545,2021,MG,MG HECTOR PLUS SHARP HYBRID PETROL,Petrol,MANUAL,,"3,587",1st,Noida,"18,19,949"
546,2020,Maruti,Maruti Swift LXI,Petrol,MANUAL,,"9,371",1st,Noida,"5,86,699"
547,2021,Maruti,Maruti Ciaz 1.5 SIGMA SHVS,Petrol,MANUAL,,"18,855",1st,Noida,"8,85,699"
548,2009,Hyundai,Hyundai i10 ERA 1.1 IRDE,Petrol,MANUAL,,"21,723",1st,Noida,"2,10,249"
549,2018,Maruti,Maruti Dzire VXI AMT,Petrol,AUTOMATIC,,"12,545",1st,Noida,"6,64,999"
550,2018,Hyundai,Hyundai Elite i20 Magna Executive 1.2,Petrol,MANUAL,,"30,382",1st,Noida,"5,36,399"
551,2013,Maruti,Maruti Wagon R 1.0 VXI,Petrol,MANUAL,,"87,376",1st,Noida,"2,69,699"
552,2020,Maruti,Maruti Celerio VXI,Petrol,MANUAL,,"14,065",1st,Noida,"4,77,299"
553,2012,Maruti,Maruti Swift ZXI,Petrol,MANUAL,,"13,540",1st,Noida,"4,12,099"
554,2011,Maruti,Maruti A Star VXI,Petrol,MANUAL,,"23,629",2nd,Noida,"2,31,699"
555,2010,Maruti,Maruti Swift VXI,Petrol,MANUAL,,"20,730",1st,Noida,"2,80,999"
556,2019,Maruti,Maruti Baleno SIGMA 1.2 K12,Petrol,MANUAL,,"25,009",2nd,Noida,"5,45,299"
557,2019,Renault,Renault Kwid RXL,Petrol,MANUAL,,867,2nd,Noida,"3,78,299"
558,2014,Maruti,Maruti Swift VXI,Petrol,MANUAL,,"51,321",1st,Noida,"4,41,899"
559,2020,Maruti,Maruti Swift LXI,Petrol,MANUAL,,"17,435",1st,Noida,"5,92,499"
560,2014,Hyundai,Hyundai Eon ERA PLUS,Petrol,MANUAL,,"29,651",1st,Noida,"2,57,999"
561,2014,Honda,Honda City VX MT PETROL,Petrol,MANUAL,,"43,748",1st,Noida,"6,54,299"
562,2011,Maruti,Maruti Alto K10 VXI,Petrol,MANUAL,,"38,042",1st,Noida,"2,37,899"
563,2019,Honda,Honda City V MT PETROL,Petrol,MANUAL,,"41,236",1st,Noida,"8,31,039"
564,2017,Mahindra,Mahindra Scorpio S10,Diesel,MANUAL,,"52,999",1st,Noida,"10,74,399"
565,2014,Maruti,Maruti Alto 800 LXI,Petrol,MANUAL,,"48,604",2nd,Noida,"2,37,899"
566,2017,Volkswagen,Volkswagen Ameo HIGHLINE PLUS DSG 1.5,Diesel,AUTOMATIC,,"40,325",1st,Noida,"6,28,799"
567,2022,Maruti,Maruti New  Wagon-R 1.0 LXI (O),Petrol,MANUAL,,"6,943",1st,Noida,"5,87,199"
568,2013,Maruti,Maruti Swift Dzire VXI,Petrol,MANUAL,,"37,291",2nd,Noida,"3,67,899"
569,2017,Maruti,Maruti Dzire VXI,Petrol,MANUAL,,"18,949",1st,Noida,"6,31,299"
570,2015,Maruti,Maruti Celerio LXI,Petrol,MANUAL,,"24,668",1st,Noida,"3,53,899"
571,2017,Toyota,Toyota Corolla Altis J S,Petrol,MANUAL,,"1,28,020",2nd,Noida,"7,72,499"
572,2019,Mahindra,Mahindra XUV 3OO W8(O),Diesel,MANUAL,,"68,515",2nd,Noida,"8,97,899"
573,2014,Ford,Ford Ecosport 1.5 TITANIUMTDCI OPT,Diesel,MANUAL,,"1,56,491",1st,Noida,"4,08,299"
574,2020,Maruti,Maruti Swift ZXI+,Petrol,MANUAL,,"14,030",1st,Noida,"7,62,599"
575,2022,Tata,Tata PUNCH ADVENTURE,Petrol,AMT,,"8,964",1st,Noida,"7,81,399"
576,2013,Honda,Honda Amaze 1.5 EMT I DTEC,Diesel,MANUAL,,"48,160",1st,Noida,"2,96,499"
577,2019,Maruti,Maruti Dzire VXI,Petrol,MANUAL,,"41,332",1st,Noida,"6,34,799"
578,2020,Maruti,Maruti New  Wagon-R VXI 1.0,Petrol,MANUAL,,"20,862",1st,Noida,"5,40,299"
579,2017,Honda,Honda WR-V 1.2 i-VTEC VX MT,Petrol,MANUAL,,"18,472",1st,Noida,"7,19,499"
580,2018,Honda,Honda Amaze 1.2 SAT I VTEC,Petrol,AUTOMATIC,,"21,952",1st,Noida,"7,20,399"
581,2014,Maruti,Maruti Wagon R 1.0 LXI CNG,Petrol,MANUAL,,"64,132",1st,Noida,"3,25,799"
582,2015,Hyundai,Hyundai i10 MAGNA 1.1 IRDE2,Petrol,MANUAL,,"72,272",2nd,Noida,"3,30,899"
583,2017,Tata,Tata Tiago XZA 1.2 REVOTRON,Petrol,AUTOMATIC,,"36,134",2nd,Noida,"4,17,399"
584,2018,Tata,Tata Tiago XE 1.2 REVOTRON,Petrol,MANUAL,,"33,114",1st,Noida,"4,25,099"
585,2016,Mahindra,Mahindra Kuv100 K8 5 STR,Petrol,MANUAL,,"71,807",1st,Noida,"3,53,499"
586,2017,Maruti,Maruti Wagon R 1.0 LXI CNG,Petrol,MANUAL,,"85,445",1st,Noida,"4,10,499"
587,2020,Hyundai,Hyundai Elite i20 1.2 SPORTS PLUS VTVT,Petrol,MANUAL,,"28,785",1st,Noida,"6,98,099"
588,2017,Tata,Tata Tiago XM 1.2 REVOTRON,Petrol,MANUAL,,"77,099",1st,Noida,"3,78,799"
589,2019,Renault,Renault Kwid RXL,Petrol,MANUAL,,"5,660",1st,Noida,"4,04,099"
590,2016,Maruti,Maruti Ciaz VXI PLUS,Petrol,MANUAL,,"83,441",1st,Noida,"6,59,199"
591,2018,Ford,Ford Ecosport 1.5 TITANIUM TI VCT,Petrol,MANUAL,,"89,846",1st,Noida,"7,19,499"
592,2016,Hyundai,Hyundai Eon MAGNA PLUS,Petrol,MANUAL,,"38,231",1st,Noida,"3,19,399"
593,2014,Maruti,Maruti Swift Dzire VXI 1.2 BS IV,Petrol,MANUAL,,"34,525",2nd,Noida,"4,17,299"
594,2017,Mahindra,Mahindra Thar CRDE 4X4 BS IV,Diesel,MANUAL,,"14,613",2nd,Noida,"7,10,699"
595,2018,Hyundai,Hyundai Verna 1.6 CRDI SX + AT,Diesel,AUTOMATIC,,"74,743",1st,Noida,"9,87,399"
596,2021,Hyundai,Hyundai Creta S CRDI,Diesel,MANUAL,,"34,068",1st,Noida,"14,50,499"
597,2019,Maruti,Maruti XL6 ALPHA SHVS  MT,Petrol,MANUAL,,"38,885",1st,Noida,"9,78,599"
598,2020,Tata,Tata ALTROZ XE,Petrol,RHYTM,,"26,584",1st,Noida,"5,71,699"
599,2015,Hyundai,Hyundai Grand i10 MAGNA 1.2 VTVT,Petrol,MANUAL,,"46,249",1st,Noida,"3,93,599"
600,2014,Hyundai,Hyundai Verna FLUIDIC 1.6 SX VTVT,Petrol,MANUAL,,"78,904",1st,Noida,"5,16,599"
601,2013,Maruti,Maruti Swift Dzire LDI BS IV,Diesel,MANUAL,,"50,409",2nd,Noida,"3,03,099"
602,2014,Maruti,Maruti Swift VXI,Petrol,MANUAL,,"31,335",2nd,Noida,"3,78,899"
603,2017,Maruti,Maruti Ciaz DELTA 1.3 DDIS SHVS,Diesel,MANUAL,,"55,856",1st,Noida,"6,35,899"
604,2018,Maruti,Maruti Dzire ZDI Plus AMT,Diesel,AUTOMATIC,,"28,447",3rd,Noida,"6,80,699"
605,2019,Ford,Ford Ecosport 1.5TITANIUM TDCI,Diesel,MANUAL,,"50,235",1st,Noida,"7,77,999"
606,2014,Hyundai,Hyundai Elite i20 SPORTZ 1.2,Petrol,MANUAL,,"74,012",1st,Noida,"4,48,499"
607,2019,Maruti,Maruti Vitara Brezza VDI,Diesel,MANUAL,,"24,670",2nd,Noida,"7,78,999"
608,2017,Hyundai,Hyundai Grand i10 Magna 1.2 AT  VTVT,Petrol,AUTOMATIC,,"37,536",1st,Noida,"5,21,299"
609,2018,Maruti,Maruti Swift VXI,Petrol,MANUAL,,"56,195",1st,Noida,"5,29,299"
610,2019,Ford,Ford Ecosport 1.5TITANIUM TDCI,Diesel,MANUAL,,"42,949",1st,Noida,"8,17,199"
611,2013,Mahindra,Mahindra XUV500 W8 FWD,Diesel,MANUAL,,"72,062",1st,Noida,"5,51,099"
612,2018,Maruti,Maruti Celerio VXI CNG,Petrol,MANUAL,,"73,708",1st,Noida,"4,95,299"
613,2013,Maruti,Maruti Ertiga VDI ABS,Diesel,MANUAL,,"1,61,137",1st,Noida,"4,65,899"
614,2017,Maruti,Maruti Ciaz DELTA 1.3 DDIS SHVS,Diesel,MANUAL,,"68,559",1st,Noida,"6,08,499"
615,2013,Toyota,Toyota Etios Liva GD,Diesel,MANUAL,,"1,19,092",1st,Noida,"2,97,199"
616,2013,Maruti,Maruti Ertiga VDI ABS,Diesel,MANUAL,,"1,19,766",3rd,Noida,"4,19,799"
617,2020,Maruti,Maruti Alto LXI CNG (O),Petrol,MANUAL,,"39,317",1st,Noida,"4,45,799"
618,2014,Renault,Renault Duster 85 PS RXE,Diesel,MANUAL,,"1,59,515",1st,Noida,"3,83,499"
619,2016,Maruti,Maruti Swift Dzire VDI ABS,Diesel,MANUAL,,"58,807",2nd,Noida,"4,63,199"
620,2015,Hyundai,Hyundai Elite i20 MAGNA 1.4 CRDI,Diesel,MANUAL,,"53,859",2nd,Noida,"4,28,399"
621,2015,Audi,Audi Q3 30 TDI MT S EDITION,Diesel,MANUAL,,"71,795",1st,Noida,"12,75,399"
622,2016,Mahindra,Mahindra Scorpio S10,Diesel,MANUAL,,"87,784",2nd,Noida,"9,63,499"
623,2017,Hyundai,Hyundai Creta 1.4 E PLUS CRDI,Diesel,MANUAL,,"95,601",1st,Noida,"7,71,499"
624,2014,Ford,Ford Ecosport 1.5 TREND TDCI,Diesel,MANUAL,,"38,666",1st,Noida,"4,26,399"
625,2015,Maruti,Maruti Swift Dzire VDI BS IV,Diesel,MANUAL,,"76,009",1st,Noida,"4,91,799"
626,2015,Maruti,Maruti Swift VDI,Diesel,MANUAL,,"30,528",1st,Noida,"4,08,499"
627,2015,Hyundai,Hyundai Grand i10 SPORTZ 1.1 CRDI,Diesel,MANUAL,,"87,019",2nd,Noida,"3,56,199"
628,2014,Ford,Ford Ecosport 1.5 TITANIUMTDCI OPT,Diesel,MANUAL,,"50,178",1st,Noida,"4,38,599"
629,2014,Maruti,Maruti Swift LDI BS IV,Diesel,MANUAL,,"47,617",1st,Noida,"3,26,699"
630,2015,Maruti,Maruti Swift LDI BS IV,Diesel,MANUAL,,"46,867",1st,Noida,"3,90,899"
631,2015,Maruti,Maruti Swift VDI ABS,Diesel,MANUAL,,"47,493",1st,Noida,"4,18,499"
632,2016,Maruti,Maruti Vitara Brezza ZDI PLUS DUAL TONE,Diesel,MANUAL,,"90,492",1st,Noida,"6,85,599"
633,2013,Toyota,Toyota Fortuner 3.0 AT 4X2,Diesel,AUTOMATIC,,"76,155",1st,Noida,"12,26,199"
634,2013,Maruti,Maruti Swift VDI,Diesel,MANUAL,,"76,978",1st,Noida,"3,19,699"
635,2015,Maruti,Maruti Swift VDI ABS,Diesel,MANUAL,,"83,583",1st,Noida,"3,98,899"
636,2014,Maruti,Maruti Swift ZDI,Diesel,MANUAL,,"73,654",1st,Noida,"3,85,499"
637,2016,Hyundai,Hyundai Elite i20 ASTA 1.2 (O),Petrol,MANUAL,,"37,344",1st,Noida,"5,91,299"
638,2016,Hyundai,Hyundai Elite i20 SPORTZ 1.2,Petrol,MANUAL,,"15,269",1st,Noida,"5,54,399"
639,2021,Maruti,Maruti Swift LXI,Petrol,MANUAL,,"12,090",1st,Noida,"5,88,799"
640,2021,Maruti,Maruti Swift LXI,Petrol,MANUAL,,"12,090",1st,Noida,"5,88,799"
641,2016,Hyundai,Hyundai Elite i20 SPORTZ 1.2,Petrol,MANUAL,,"15,269",1st,Noida,"5,54,399"
642,2015,Hyundai,Hyundai i10 MAGNA 1.1 IRDE2,Petrol,MANUAL,,"15,181",1st,Noida,"3,60,799"
643,2016,Hyundai,Hyundai Elite i20 SPORTZ 1.2,Petrol,MANUAL,,"45,265",1st,Noida,"5,54,399"
644,2022,Maruti,Maruti Ciaz 1.5 SIGMA SHVS,Petrol,MANUAL,,"1,929",1st,Noida,"9,23,399"
645,2015,Maruti,Maruti Wagon R 1.0 LXI CNG,Petrol,MANUAL,,"74,570",1st,Noida,"3,33,099"
646,2015,Hyundai,Hyundai i20 Active 1.2 S,Petrol,MANUAL,,"73,080",1st,Noida,"5,43,399"
647,2011,Hyundai,Hyundai i10 MAGNA 1.2 KAPPA2,Petrol,MANUAL,,"47,021",1st,Noida,"2,38,699"
648,2021,Maruti,Maruti IGNIS SIGMA 1.2 K12,Petrol,MANUAL,,"20,621",1st,Noida,"4,85,399"
649,2016,Renault,Renault Kwid RXT,Petrol,MANUAL,,"21,273",1st,Noida,"2,74,399"
650,2017,Hyundai,Hyundai Elite i20 SPORTZ 1.2,Petrol,MANUAL,,"41,490",1st,Noida,"5,79,599"
651,2018,Hyundai,Hyundai Creta 1.4 E PLUS CRDI,Diesel,MANUAL,,"63,484",1st,Noida,"9,44,099"
652,2016,Hyundai,Hyundai Creta 1.6 SX PLUS AUTO PETROL,Petrol,AUTOMATIC,,"87,345",2nd,Noida,"8,65,699"
653,2018,Maruti,Maruti Baleno DELTA 1.2 K12,Petrol,MANUAL,,"51,162",1st,Noida,"5,83,099"
654,2013,Hyundai,Hyundai i20 MAGNA O 1.2,Petrol,MANUAL,,"30,013",1st,Noida,"3,81,099"
655,2010,Honda,Honda City V MT Exclusive,Petrol,MANUAL,,"85,175",1st,Noida,"3,17,499"
656,2016,Hyundai,Hyundai Creta 1.6 S,Petrol,MANUAL,,"74,999",1st,Noida,"8,53,899"
657,2017,Maruti,Maruti Alto K10 VXI (O) AMT,Petrol,AUTOMATIC,,"25,239",1st,Noida,"3,88,599"
658,2016,Honda,Honda Amaze 1.2 SX MT I VTEC,Petrol,MANUAL,,"16,198",1st,Noida,"5,89,999"
659,2014,Hyundai,Hyundai Grand i10 SPORTZ 1.2 KAPPA VTVT,Petrol,MANUAL,,"63,713",1st,Noida,"3,85,699"
660,2013,Hyundai,Hyundai i20 SPORTZ 1.2 VTVT,Petrol,MANUAL,,"31,793",1st,Noida,"3,34,799"
661,2018,Maruti,Maruti Alto K10 VXI (O) AMT,Petrol,AUTOMATIC,,"23,627",1st,Noida,"4,19,299"
662,2019,Tata,Tata NEXON XM 1.2,Petrol,MANUAL,,"28,061",2nd,Noida,"6,68,899"
663,2012,Skoda,Skoda Rapid AMBITION 1.6 MPFI MT,Petrol,MANUAL,,"85,668",1st,Noida,"2,74,699"
664,2020,Maruti,Maruti Celerio ZXI AMT,Petrol,AUTOMATIC,,"13,152",1st,Noida,"5,79,099"
665,2018,Maruti,Maruti Swift VXI,Petrol,MANUAL,,"23,476",2nd,Noida,"5,60,599"
666,2021,Tata,Tata ALTROZ XZ 1.5,Diesel,RTQ,,"22,593",1st,Noida,"8,90,399"
