,Year,Brand,Model,Fuel Type,Transmission,Engine Capacity,Kms Driven,No. of Owners,Location,Price
0,2020,Tata,Tata NEXON XE,Petrol,MANUAL,,"35,061",1st,Chennai,"6,62,399"
1,2019,Maruti,Maruti Ertiga ZXI Plus SHVS,Petrol,MANUAL,,"28,228",2nd,Chennai,"9,81,499"
2,2019,Maruti,Maruti Swift VDI,Diesel,MANUAL,,"85,019",2nd,Chennai,"6,81,099"
3,2012,Hyundai,Hyundai i10 MAGNA 1.2 KAPPA2,Petrol,MANUAL,,"36,765",2nd,Chennai,"3,09,699"
4,2018,Maruti,Maruti Swift VXI,Petrol,MANUAL,,"27,881",2nd,Chennai,"5,86,099"
5,2021,Nissan,Nissan MAGNITE XL Turbo,Petrol,CVT,,"6,808",2nd,Chennai,"9,26,999"
6,2013,Maruti,Maruti Swift VXI,Petrol,MANUAL,,"27,909",2nd,Chennai,"4,26,099"
7,2010,Honda,Honda City V MT PETROL,Petrol,MANUAL,,"92,055",1st,Chennai,"4,77,799"
8,2019,Hyundai,Hyundai Elite i20 1.2 MAGNA PLUS VTVT,Petrol,MANUAL,,"14,925",3rd,Chennai,"6,17,499"
9,2012,Maruti,Maruti Swift Dzire VXI 1.2 BS IV,Petrol,MANUAL,,"1,02,429",1st,Chennai,"4,10,199"
10,2018,Maruti,Maruti Eeco 5 STR WITH AC PLUSHTR,Petrol,MANUAL,,"17,691",2nd,Chennai,"3,82,399"
11,2017,Mahindra,Mahindra XUV500 W10 FWD,Diesel,MANUAL,,"53,662",1st,Chennai,"14,65,599"
12,2018,Volkswagen,Volkswagen Polo COMFORTLINE 1.2L PETROL,Petrol,MANUAL,,"27,941",3rd,Chennai,"5,91,799"
13,2018,Maruti,Maruti Wagon R 1.0 VXI OPT AMT,Petrol,AUTOMATIC,,"20,646",2nd,Chennai,"4,39,399"
14,2016,Renault,Renault Pulse RX L PETROL,Petrol,MANUAL,,"11,015",1st,Chennai,"4,32,699"
15,2014,Hyundai,Hyundai i10 SPORTZ 1.1 IRDE2,Petrol,MANUAL,,"25,181",2nd,Chennai,"3,78,299"
16,2022,Volkswagen,Volkswagen TAIGUN TOPLINE 1.0 TSI,Petrol,MT,,"7,754",1st,Chennai,"16,07,799"
17,2021,Tata,Tata Harrier XT 2.0L Kryotec,Diesel,MANUAL,,"3,766",1st,Chennai,"19,17,199"
18,2018,Hyundai,Hyundai Grand i10 SPORTZ 1.2 KAPPA VTVT,Petrol,MANUAL,,"22,731",1st,Chennai,"5,42,399"
19,2019,Maruti,Maruti Swift VXI,Petrol,MANUAL,,"28,529",1st,Chennai,"6,69,399"
20,2012,Honda,Honda Brio 1.2 V MT I VTEC,Petrol,MANUAL,,"78,928",1st,Chennai,"3,51,299"
21,2019,Hyundai,Hyundai Creta 1.6 EX VTVT,Petrol,MANUAL,,"27,891",1st,Chennai,"10,54,099"
22,2019,Maruti,Maruti Swift VXI,Petrol,MANUAL,,"53,134",1st,Chennai,"6,68,499"
23,2014,Hyundai,Hyundai i10 MAGNA 1.1 IRDE2,Petrol,MANUAL,,"49,635",1st,Chennai,"3,38,199"
24,2017,Fiat,Fiat URBAN CROSS EMOTION MULTIJET,Diesel,1.3,,"35,461",1st,Chennai,"6,13,899"
25,2019,Maruti,Maruti Swift VXI,Petrol,MANUAL,,"74,279",1st,Chennai,"6,46,299"
26,2019,Maruti,Maruti Celerio VXI,Petrol,MANUAL,,"3,118",1st,Chennai,"5,36,899"
27,2016,Hyundai,Hyundai Xcent S AT 1.2,Petrol,AUTOMATIC,,"25,424",2nd,Chennai,"5,64,799"
28,2016,Ford,Ford Ecosport 1.5 TITANIUM TI VCT,Petrol,MANUAL,,"25,371",1st,Chennai,"6,80,499"
29,2021,MG,MG HECTOR SUPER HYBRID PETROL MT,Petrol,MANUAL,,"7,544",1st,Chennai,"15,17,499"
30,2020,Renault,Renault Duster RXS 106 PS MT,Petrol,MANUAL,,"44,837",1st,Chennai,"8,99,099"
31,2021,Maruti,Maruti New  Wagon-R VXI 1.0,Petrol,MANUAL,,"5,556",1st,Chennai,"6,45,699"
32,2022,Maruti,Maruti Celerio VXI,Petrol,MANUAL,,"4,040",1st,Chennai,"6,43,599"
33,2018,Mahindra,Mahindra XUV500 W7 FWD,Diesel,MANUAL,,"51,017",2nd,Chennai,"13,58,849"
34,2020,Maruti,Maruti Swift ZXI + AMT,Petrol,AUTOMATIC,,"21,230",1st,Chennai,"8,01,699"
35,2016,Maruti,Maruti Wagon R 1.0 VXI,Petrol,MANUAL,,"30,151",1st,Chennai,"3,99,199"
36,2020,Ford,Ford Ecosport 1.5 TREND TI VCT,Petrol,MANUAL,,"17,051",1st,Chennai,"8,29,899"
37,2019,Hyundai,Hyundai Verna 1.4 VTVT EX,Petrol,MANUAL,,"32,296",1st,Chennai,"8,12,599"
38,2019,Maruti,Maruti Celerio VXI,Petrol,MANUAL,,"5,851",1st,Chennai,"5,14,899"
39,2014,Maruti,Maruti Wagon R 1.0 VXI,Petrol,MANUAL,,"1,14,523",1st,Chennai,"3,20,399"
40,2021,Tata,Tata Tiago XZ+ 1.2 Revotron,Petrol,MANUAL,,"22,399",1st,Chennai,"6,19,799"
41,2020,Maruti,Maruti Swift ZXI+,Petrol,MANUAL,,"12,846",1st,Chennai,"8,17,199"
42,2017,Maruti,Maruti Swift VXI,Petrol,MANUAL,,"59,960",1st,Chennai,"5,20,199"
43,2017,Volkswagen,Volkswagen Polo HIGHLINE PLUS 1.2L PETROL,Petrol,MANUAL,,"32,997",1st,Chennai,"6,22,599"
44,2016,Hyundai,Hyundai i20 Active 1.2 SX,Petrol,MANUAL,,"40,513",1st,Chennai,"6,90,399"
45,2018,Mahindra,Mahindra Scorpio S11,Diesel,MANUAL,,"84,120",1st,Chennai,"14,20,599"
46,2017,Maruti,Maruti Alto 800 LXI,Petrol,MANUAL,,"54,027",1st,Chennai,"2,85,799"
47,2014,Maruti,Maruti Swift LXI,Petrol,MANUAL,,"47,768",1st,Chennai,"4,53,799"
48,2018,Maruti,Maruti Wagon R 1.0 VXI OPT AMT,Petrol,AUTOMATIC,,"19,835",2nd,Chennai,"4,21,399"
49,2017,Maruti,Maruti Ertiga VDI SHVS,Diesel,MANUAL,,"74,484",1st,Chennai,"8,68,999"
50,2014,Honda,Honda Amaze 1.2 SX MT I VTEC,Petrol,MANUAL,,"83,005",1st,Chennai,"4,57,199"
51,2015,Honda,Honda City V MT PETROL,Petrol,MANUAL,,"80,067",3rd,Chennai,"5,31,899"
52,2017,Maruti,Maruti Alto 800 VXI,Petrol,MANUAL,,"74,670",1st,Chennai,"2,83,899"
53,2020,KIA,KIA SELTOS HTX AT PETROL,Petrol,AUTOMATIC,,"30,657",1st,Chennai,"14,74,499"
54,2018,Maruti,Maruti Alto 800 LXI,Petrol,MANUAL,,"7,913",2nd,Chennai,"3,41,699"
55,2012,Maruti,Maruti Alto LXI,Petrol,MANUAL,,"56,438",2nd,Chennai,"2,11,599"
56,2021,Maruti,Maruti Vitara Brezza ZXI,Petrol,MANUAL,,"14,132",1st,Chennai,"9,82,799"
57,2016,Maruti,Maruti Celerio VXI,Petrol,MANUAL,,"37,483",1st,Chennai,"4,31,199"
58,2018,Hyundai,Hyundai Verna 1.6 CRDI SX,Diesel,MANUAL,,"30,208",2nd,Chennai,"8,92,999"
59,2016,Hyundai,Hyundai Grand i10 SPORTZ 1.2 KAPPA VTVT,Petrol,MANUAL,,"32,809",2nd,Chennai,"4,49,099"
60,2018,Maruti,Maruti Swift ZDI AMT,Diesel,AUTOMATIC,,"1,14,210",1st,Chennai,"6,59,499"
61,2016,Tata,Tata Tiago XZ 1.2 REVOTRON,Petrol,MANUAL,,"42,030",1st,Chennai,"4,74,199"
62,2015,Maruti,Maruti Swift Dzire ZXI 1.2 BS IV,Petrol,MANUAL,,"22,917",2nd,Chennai,"5,43,199"
63,2019,Maruti,Maruti Eeco 5 STR WITH AC PLUSHTR,Petrol,MANUAL,,"15,680",1st,Chennai,"4,29,299"
64,2020,Renault,Renault Kwid RXL,Petrol,MANUAL,,"31,260",1st,Chennai,"4,08,099"
65,2019,Tata,Tata NEXON XZA + 1.2 PETROL A/T,Petrol,AUTOMATIC,,"9,934",1st,Chennai,"9,41,499"
66,2019,Renault,Renault TRIBER 1.0 RXZ,Petrol,MANUAL,,"30,345",1st,Chennai,"7,28,399"
67,2012,Hyundai,Hyundai i10 MAGNA 1.2 KAPPA2,Petrol,MANUAL,,"57,919",3rd,Chennai,"3,01,899"
68,2017,Volkswagen,Volkswagen Polo COMFORTLINE 1.2L PETROL,Petrol,MANUAL,,"82,161",1st,Chennai,"5,63,299"
69,2015,Volkswagen,Volkswagen Polo GT TSI 1.2 PETROL AT,Petrol,AUTOMATIC,,"71,705",2nd,Chennai,"5,62,599"
70,2016,Maruti,Maruti Celerio VXI,Petrol,MANUAL,,"49,087",1st,Chennai,"4,24,849"
71,2019,KIA,KIA SELTOS GTX + AT PETROL,Petrol,AUTOMATIC,,"15,784",1st,Chennai,"18,35,399"
72,2014,Hyundai,Hyundai Verna FLUIDIC 1.6 SX VTVT,Petrol,MANUAL,,"73,279",2nd,Chennai,"4,92,199"
73,2017,Tata,Tata Tiago XZA 1.2 REVOTRON,Petrol,AUTOMATIC,,"30,528",1st,Chennai,"5,17,999"
74,2019,Hyundai,Hyundai Creta 1.4 E PLUS CRDI,Diesel,MANUAL,,"94,409",1st,Chennai,"8,60,799"
75,2018,Maruti,Maruti Alto 800 LXI,Petrol,MANUAL,,"20,075",1st,Chennai,"3,24,599"
76,2021,Honda,Honda Amaze 1.2 SMT I VTEC,Petrol,MANUAL,,"31,126",1st,Chennai,"7,30,499"
77,2019,Jeep,Jeep Compass LIMITED PLUS 2.0 4*4,Diesel,MANUAL,,"34,511",1st,Chennai,"20,48,399"
78,2021,Tata,Tata ALTROZ XT,Petrol,1.2,,"7,298",1st,Chennai,"8,40,099"
79,2019,Hyundai,Hyundai Elite i20 1.2 SPORTS PLUS VTVT,Petrol,MANUAL,,"66,073",1st,Chennai,"7,09,099"
80,2018,Hyundai,Hyundai Grand i10 SPORTZ 1.2 KAPPA VTVT,Petrol,MANUAL,,"18,984",1st,Chennai,"5,90,799"
81,2018,Maruti,Maruti Eeco 5 STR WITH AC PLUSHTR,Petrol,MANUAL,,"31,541",1st,Chennai,"4,02,599"
82,2021,Datsun,Datsun Redi Go T (O),Petrol,MANUAL,,"1,664",1st,Chennai,"4,95,599"
83,2013,Hyundai,Hyundai i10 SPORTZ 1.2 KAPPA2 O,Petrol,MANUAL,,"40,681",3rd,Chennai,"3,69,099"
84,2016,Hyundai,Hyundai i10 MAGNA 1.1 IRDE2,Petrol,MANUAL,,"34,236",1st,Chennai,"3,98,499"
85,2017,Maruti,Maruti Swift VXI,Petrol,MANUAL,,"38,857",1st,Chennai,"5,56,799"
86,2016,Hyundai,Hyundai Grand i10 SPORTS 1.2 VTVT,Petrol,MANUAL,,"83,563",1st,Chennai,"4,20,399"
87,2016,Hyundai,Hyundai Grand i10 SPORTZ 1.2 KAPPA VTVT,Petrol,MANUAL,,"20,589",2nd,Chennai,"4,56,849"
88,2020,Maruti,Maruti Dzire ZXI Plus,Petrol,MANUAL,,"24,920",1st,Chennai,"8,72,899"
89,2018,Maruti,Maruti Wagon R 1.0 VXI,Petrol,MANUAL,,"16,697",3rd,Chennai,"4,32,799"
90,2020,Hyundai,Hyundai VENUE S MT 1.2 KAPPA,Petrol,MANUAL,,"72,807",1st,Chennai,"8,40,399"
91,2015,Volkswagen,Volkswagen Polo HIGHLINE1.2L PETROL,Petrol,MANUAL,,"76,819",2nd,Chennai,"5,08,499"
92,2019,Maruti,Maruti New  Wagon-R VXI 1.2L AGS,Petrol,AUTOMATIC,,"62,200",1st,Chennai,"5,68,299"
93,2020,Renault,Renault TRIBER 1.0 RXZ,Petrol,MANUAL,,"58,887",1st,Chennai,"7,28,399"
94,2013,Hyundai,Hyundai i10 SPORTZ 1.2 AT KAPPA2,Petrol,AUTOMATIC,,"54,349",2nd,Chennai,"3,50,399"
95,2017,Honda,Honda Jazz 1.2 SV MT,Petrol,MANUAL,,"12,681",2nd,Chennai,"6,15,899"
96,2018,Ford,Ford Figo Aspire 1.2 TITANIUM PETROL,Petrol,MANUAL,,"14,568",2nd,Chennai,"5,55,999"
97,2019,Renault,Renault TRIBER 1.0 RXZ,Petrol,MANUAL,,"9,320",1st,Chennai,"7,28,399"
98,2020,Hyundai,Hyundai VENUE S MT 1.2 KAPPA,Petrol,MANUAL,,"27,205",1st,Chennai,"8,43,224"
99,2017,Honda,Honda Jazz 1.2 SV MT,Petrol,MANUAL,,"50,901",2nd,Chennai,"5,92,499"
100,2016,Hyundai,Hyundai Grand i10 SPORTZ 1.2 KAPPA VTVT,Petrol,MANUAL,,"35,921",1st,Chennai,"4,64,099"
101,2019,Maruti,Maruti Vitara Brezza ZDI,Diesel,MANUAL,,"17,187",1st,Chennai,"8,51,599"
102,2018,Tata,Tata Tiago XZ 1.2 REVOTRON,Petrol,MANUAL,,"22,964",2nd,Chennai,"4,86,899"
103,2016,Hyundai,Hyundai Eon ERA PLUS,Petrol,MANUAL,,"20,995",3rd,Chennai,"3,32,099"
104,2016,Honda,Honda Jazz 1.5 SV I DTEC,Diesel,MANUAL,,"82,979",1st,Chennai,"5,60,999"
105,2017,Maruti,Maruti Eeco 5 STR WITH AC PLUSHTR,Petrol,MANUAL,,"24,364",1st,Chennai,"3,93,249"
106,2019,Hyundai,Hyundai Verna 1.6 SX VTVT (O),Petrol,MANUAL,,"29,405",1st,Chennai,"10,14,599"
107,2019,Mahindra,Mahindra XUV 3OO 1.5 W6 MT,Diesel,MANUAL,,"22,709",1st,Chennai,"9,16,499"
108,2018,Maruti,Maruti Dzire VXI,Petrol,MANUAL,,"15,571",2nd,Chennai,"6,35,599"
109,2020,Tata,Tata Tiago XZ+ 1.2 Revotron,Petrol,MANUAL,,"27,006",1st,Chennai,"6,04,199"
110,2016,Maruti,Maruti Wagon R 1.0 VXI,Petrol,MANUAL,,"17,448",1st,Chennai,"4,12,099"
111,2018,Honda,Honda Brio 1.2 VX MT I VTEC,Petrol,MANUAL,,"28,768",2nd,Chennai,"5,48,699"
112,2016,Maruti,Maruti Wagon R 1.0 VXI,Petrol,MANUAL,,"79,654",1st,Chennai,"3,75,899"
113,2017,Jeep,Jeep Compass 2.0 LIMITED,Diesel,MANUAL,,"94,924",1st,Chennai,"14,49,199"
114,2016,Hyundai,Hyundai Grand i10 MAGNA 1.2 KAPPA VTVT,Petrol,MANUAL,,"17,532",2nd,Chennai,"4,43,199"
115,2015,Maruti,Maruti Celerio VXI AMT,Petrol,AUTOMATIC,,"46,569",3rd,Chennai,"3,95,549"
116,2017,Jeep,Jeep Compass 2.0 LIMITED,Diesel,MANUAL,,"25,062",1st,Chennai,"14,25,124"
117,2017,Maruti,Maruti Alto K10 VXI AMT,Petrol,AUTOMATIC,,"21,445",1st,Chennai,"4,20,399"
118,2016,Maruti,Maruti Ciaz ZDI+ SHVS,Diesel,MANUAL,,"46,542",1st,Chennai,"7,68,199"
119,2019,Renault,Renault Kwid RXL,Petrol,MANUAL,,"32,096",1st,Chennai,"4,03,399"
120,2015,Maruti,Maruti Wagon R 1.0 VXI,Petrol,MANUAL,,"29,765",1st,Chennai,"3,77,799"
121,2020,Hyundai,Hyundai VENUE S MT 1.2 KAPPA,Petrol,MANUAL,,"17,413",1st,Chennai,"7,80,099"
122,2019,Maruti,Maruti New  Wagon-R ZXI 1.2L AGS,Petrol,AUTOMATIC,,"43,608",1st,Chennai,"6,07,499"
123,2020,Maruti,Maruti Eeco 5 STR WITH AC PLUSHTR,Petrol,MANUAL,,"26,313",1st,Chennai,"4,29,399"
124,2016,Maruti,Maruti Wagon R 1.0 VXI,Petrol,MANUAL,,"42,962",2nd,Chennai,"3,87,199"
125,2019,Maruti,Maruti New  Wagon-R ZXI 1.2,Petrol,MANUAL,,"43,695",1st,Chennai,"5,80,699"
126,2014,Ford,Ford Ecosport 1.5 TITANIUMTDCI OPT,Diesel,MANUAL,,"69,798",2nd,Chennai,"5,53,299"
127,2018,Renault,Renault Kwid RXL,Petrol,MANUAL,,"19,677",1st,Chennai,"3,76,099"
128,2016,Renault,Renault Kwid RXT Opt,Petrol,MANUAL,,"50,867",3rd,Chennai,"3,39,799"
129,2019,Maruti,Maruti Celerio VXI,Petrol,MANUAL,,"49,890",1st,Chennai,"4,77,999"
130,2020,Ford,Ford Ecosport 1.5 TITANIUM PLUS TI VCT AT,Petrol,AUTOMATIC,,"14,527",2nd,Chennai,"9,88,099"
131,2020,Hyundai,Hyundai VENUE 1.0 TURBO GDI SX+ AT,Petrol,AUTOMATIC,,"7,094",2nd,Chennai,"10,68,499"
132,2019,Hyundai,Hyundai VENUE SX(O) CRDi,Diesel,MANUAL,,"25,855",2nd,Chennai,"9,85,049"
133,2020,Maruti,Maruti New  Wagon-R ZXI 1.2,Petrol,MANUAL,,"45,668",1st,Chennai,"6,04,299"
134,2020,Hyundai,Hyundai GRAND I10 NIOS SPORTZ PETROL,Petrol,MANUAL,,"15,584",1st,Chennai,"6,88,299"
135,2019,Maruti,Maruti Swift ZXI AMT,Petrol,AUTOMATIC,,"38,985",1st,Chennai,"7,00,999"
136,2015,Honda,Honda Brio 1.2 S MT I VTEC,Petrol,MANUAL,,"53,138",1st,Chennai,"4,17,899"
137,2016,Hyundai,Hyundai Grand i10 MAGNA 1.2 KAPPA VTVT,Petrol,MANUAL,,"52,700",2nd,Chennai,"4,26,599"
138,2016,Honda,Honda Jazz 1.2 V MT,Petrol,MANUAL,,"66,517",1st,Chennai,"5,43,399"
139,2021,Hyundai,Hyundai GRAND I10 NIOS SPORTZ 1.2 AT,Petrol,AUTOMATIC,,"9,883",1st,Chennai,"7,80,599"
140,2019,Hyundai,Hyundai Elite i20 1.2 MAGNA PLUS VTVT,Petrol,MANUAL,,"31,345",1st,Chennai,"6,71,499"
141,2016,Maruti,Maruti Wagon R 1.0 VXI,Petrol,MANUAL,,"46,917",1st,Chennai,"3,97,499"
142,2017,Maruti,Maruti Wagon R 1.0 VXI OPT,Petrol,MANUAL,,"42,361",2nd,Chennai,"4,06,099"
143,2020,Hyundai,Hyundai GRAND I10 NIOS SPORTZ PETROL,Petrol,MANUAL,,"10,986",1st,Chennai,"6,88,299"
144,2019,Tata,Tata Hexa Varicor 400 XT,Diesel,MANUAL,,"7,811",1st,Chennai,"18,38,499"
145,2019,Maruti,Maruti XL6 ZETA SHVS,Petrol,MANUAL,,"9,964",1st,Chennai,"9,85,199"
146,2014,Maruti,Maruti Alto K10 VXI,Petrol,MANUAL,,"35,152",1st,Chennai,"2,84,999"
147,2021,Hyundai,Hyundai GRAND I10 NIOS SPORTZ PETROL,Petrol,MANUAL,,"9,006",1st,Chennai,"7,28,599"
148,2014,Honda,Honda City VX MT PETROL,Petrol,MANUAL,,"72,187",2nd,Chennai,"5,80,899"
149,2013,Ford,Ford Ecosport 1.0 ECOBOOST TITANIUM OPT,Petrol,MANUAL,,"61,155",2nd,Chennai,"4,60,799"
150,2016,Ford,Ford Ecosport 1.5TITANIUM TDCI,Diesel,MANUAL,,"62,643",1st,Chennai,"6,94,599"
151,2018,Maruti,Maruti Celerio ZXI OPT,Petrol,MANUAL,,"17,786",1st,Chennai,"5,21,199"
152,2019,Hyundai,Hyundai VENUE 1.0L Turbo GDI SX(O) MT,Petrol,MANUAL,,"12,730",2nd,Chennai,"11,03,999"
153,2018,Maruti,Maruti Dzire VXI,Petrol,MANUAL,,"24,203",1st,Chennai,"6,60,599"
154,2020,Hyundai,Hyundai VENUE S MT 1.2 KAPPA,Petrol,MANUAL,,"24,234",1st,Chennai,"7,92,199"
155,2019,Maruti,Maruti Celerio VXI,Petrol,MANUAL,,"16,233",1st,Chennai,"5,42,799"
156,2017,Maruti,Maruti Dzire VXI,Petrol,MANUAL,,"27,678",1st,Chennai,"6,53,199"
157,2021,Maruti,Maruti Eeco 7 STR,Petrol,MANUAL,,"11,294",1st,Chennai,"5,11,099"
158,2015,Maruti,Maruti Eeco 5 STR WITH AC PLUSHTR,Petrol,MANUAL,,"20,410",2nd,Chennai,"3,30,799"
159,2019,Honda,Honda City VX MT PETROL,Petrol,MANUAL,,"16,665",1st,Chennai,"10,59,399"
160,2018,Renault,Renault Captur RXE PETROL MT,Petrol,MANUAL,,"28,604",1st,Chennai,"7,83,799"
161,2021,Renault,Renault Kwid 1.0 RXT Opt AT,Petrol,AUTOMATIC,,"5,196",1st,Chennai,"5,59,999"
162,2018,Hyundai,Hyundai Verna 1.6 SX VTVT,Petrol,MANUAL,,"37,335",1st,Chennai,"9,27,699"
163,2019,Hyundai,Hyundai Elite i20 1.2 MAGNA PLUS VTVT,Petrol,MANUAL,,"23,577",1st,Chennai,"7,08,299"
164,2016,Maruti,Maruti Vitara Brezza VDI,Diesel,MANUAL,,"85,666",1st,Chennai,"7,04,699"
165,2018,Hyundai,Hyundai Xcent SX 1.2,Petrol,MANUAL,,"13,715",1st,Chennai,"6,11,799"
166,2017,Skoda,Skoda Rapid Style 1.5 TDI AT,Diesel,AUTOMATIC,,"90,367",1st,Chennai,"8,30,599"
167,2019,Honda,Honda WR-V 1.2 i-VTEC VX MT,Petrol,MANUAL,,"24,624",2nd,Chennai,"7,80,299"
168,2020,Hyundai,Hyundai Elite i20 1.2 SPORTZ PLUS DUAL TONE VTVT,Petrol,MANUAL,,"12,426",1st,Chennai,"7,79,299"
169,2017,Honda,Honda WR-V 1.2 i-VTEC VX MT,Petrol,MANUAL,,"66,097",1st,Chennai,"7,50,299"
170,2019,Maruti,Maruti Vitara Brezza ZDI AMT,Diesel,AUTOMATIC,,"69,653",1st,Chennai,"9,79,999"
171,2017,Ford,Ford New Figo 1.5 TREND,Diesel,MANUAL,,"73,433",2nd,Chennai,"4,61,299"
172,2014,Nissan,Nissan Terrano XL PLUS 85 PS DEISEL,Diesel,MANUAL,,"1,96,269",1st,Chennai,"4,75,699"
173,2017,Maruti,Maruti Dzire VDI,Diesel,MANUAL,,"88,493",1st,Chennai,"6,38,799"
174,2020,Renault,Renault Kwid RXT,Petrol,MANUAL,,"17,327",1st,Chennai,"4,76,799"
175,2022,Maruti,Maruti Alto VXI,Petrol,MANUAL,,72,1st,Chennai,"4,79,899"
176,2019,Tata,Tata Tiago XT 1.2 REVOTRON,Petrol,MANUAL,,"34,866",1st,Chennai,"5,13,399"
177,2018,Maruti,Maruti Vitara Brezza ZDI + AMT,Diesel,AUTOMATIC,,"58,556",1st,Chennai,"8,65,099"
178,2018,Honda,Honda Amaze 1.2 S (O) MT I VTEC,Petrol,MANUAL,,"35,386",1st,Chennai,"5,89,799"
179,2018,Hyundai,Hyundai Grand i10 ASTA 1.2 KAPPA VTVT OPT,Petrol,MANUAL,,"29,949",2nd,Chennai,"5,25,099"
180,2018,Maruti,Maruti Swift ZXI AMT,Petrol,AUTOMATIC,,"41,249",1st,Chennai,"7,08,299"
181,2017,Maruti,Maruti Swift VXI,Petrol,MANUAL,,"46,657",1st,Chennai,"5,62,399"
182,2016,Hyundai,Hyundai Grand i10 1.2 ASTA (O) AT,Petrol,AUTOMATIC,,"96,042",1st,Chennai,"4,91,899"
183,2016,Hyundai,Hyundai i10 SPORTZ 1.1 IRDE2,Petrol,MANUAL,,"59,279",1st,Chennai,"4,00,899"
184,2017,Hyundai,Hyundai Elite i20 SPORTZ 1.2,Petrol,MANUAL,,"36,366",1st,Chennai,"6,05,999"
185,2018,Maruti,Maruti Eeco 5 STR WITH AC PLUSHTR,Petrol,MANUAL,,"12,637",1st,Chennai,"4,57,099"
186,2016,Maruti,Maruti Ciaz ZDI+ SHVS,Diesel,MANUAL,,"82,391",1st,Chennai,"7,45,299"
187,2018,Maruti,Maruti Dzire VXI,Petrol,MANUAL,,"90,644",1st,Chennai,"6,53,699"
188,2017,Maruti,Maruti Celerio ZXI OPT AMT,Petrol,AUTOMATIC,,"97,625",2nd,Chennai,"4,71,099"
189,2015,Volkswagen,Volkswagen Vento HIGHLINE 1.2 TSI AT,Petrol,AUTOMATIC,,"95,553",2nd,Chennai,"5,60,399"
190,2019,Maruti,Maruti Eeco 5 STR WITH AC PLUSHTR,Petrol,MANUAL,,"22,051",1st,Chennai,"4,32,099"
191,2016,Hyundai,Hyundai Eon ERA PLUS,Petrol,MANUAL,,"38,860",1st,Chennai,"3,14,399"
192,2014,Hyundai,Hyundai Grand i10 ERA 1.2 VTVT,Petrol,MANUAL,,"93,281",2nd,Chennai,"3,51,299"
193,2015,Hyundai,Hyundai Elite i20 ASTA 1.2,Petrol,MANUAL,,"79,309",3rd,Chennai,"5,29,599"
194,2019,Hyundai,Hyundai Elite i20 ASTA 1.2 (O),Petrol,MANUAL,,"22,309",2nd,Chennai,"7,49,599"
195,2018,Maruti,Maruti Eeco 5 STR WITH AC PLUSHTR,Petrol,MANUAL,,"12,584",1st,Chennai,"4,29,199"
196,2019,Maruti,Maruti Eeco 5 STR WITH AC PLUSHTR,Petrol,MANUAL,,"32,318",1st,Chennai,"4,25,199"
197,2019,Maruti,Maruti New  Wagon-R VXI 1.2L,Petrol,MANUAL,,"43,079",1st,Chennai,"5,59,099"
198,2017,Maruti,Maruti Dzire VXI,Petrol,MANUAL,,"41,556",1st,Chennai,"6,36,149"
199,2017,Maruti,Maruti Dzire VXI,Petrol,MANUAL,,"41,322",2nd,Chennai,"6,38,799"
200,2020,Maruti,Maruti Eeco 5 STR WITH AC PLUSHTR,Petrol,MANUAL,,"7,744",1st,Chennai,"4,90,799"
201,2020,Maruti,Maruti IGNIS SIGMA 1.2 K12,Petrol,MANUAL,,"20,759",1st,Chennai,"5,34,199"
202,2020,Maruti,Maruti S PRESSO VXI,Petrol,MANUAL,,"3,941",1st,Chennai,"4,65,299"
203,2019,Maruti,Maruti IGNIS DELTA 1.2 K12,Petrol,MANUAL,,"17,477",1st,Chennai,"5,50,699"
204,2016,Maruti,Maruti Celerio ZXI OPT AMT,Petrol,AUTOMATIC,,"74,173",1st,Chennai,"4,60,799"
205,2019,Honda,Honda City ZX MT I-DTEC,Diesel,MANUAL,,"62,495",1st,Chennai,"11,58,199"
206,2019,Maruti,Maruti Eeco 5 STR WITH AC PLUSHTR,Petrol,MANUAL,,"25,584",1st,Chennai,"4,44,299"
207,2017,Maruti,Maruti Celerio ZXI,Petrol,MANUAL,,"76,671",1st,Chennai,"4,45,999"
208,2019,Honda,Honda Jazz 1.2 V MT,Petrol,MANUAL,,"22,824",1st,Chennai,"7,29,399"
209,2019,Hyundai,Hyundai Grand i10 SPORTZ 1.2 KAPPA VTVT,Petrol,MANUAL,,"28,640",1st,Chennai,"5,83,999"
210,2019,Maruti,Maruti Eeco 5 STR WITH AC PLUSHTR,Petrol,MANUAL,,"28,705",1st,Chennai,"4,93,899"
211,2018,Maruti,Maruti Eeco 5 STR WITH AC PLUSHTR,Petrol,MANUAL,,"11,696",1st,Chennai,"4,64,899"
212,2016,Hyundai,Hyundai Grand i10 SPORTZ 1.2 KAPPA VTVT,Petrol,MANUAL,,"60,526",1st,Chennai,"4,55,649"
213,2015,Nissan,Nissan Micra XL CVT (PETROL),Petrol,AUTOMATIC,,"60,897",1st,Chennai,"4,25,799"
214,2019,Hyundai,Hyundai NEW SANTRO SPORTZ 1.1,Petrol,MANUAL,,"35,338",1st,Chennai,"5,01,799"
215,2017,Renault,Renault Kwid RXT 1.0 EASY-R AT OPTION,Petrol,AUTOMATIC,,"39,961",3rd,Chennai,"4,25,299"
216,2018,Maruti,Maruti Celerio ZXI AMT,Petrol,AUTOMATIC,,"46,207",2nd,Chennai,"4,71,799"
217,2020,KIA,KIA SELTOS 1.5 GTX+ AT,Diesel,AUTOMATIC,,"39,912",1st,Chennai,"19,05,499"
218,2017,Maruti,Maruti Ciaz ALPHA 1.3 DDIS SHVS,Diesel,MANUAL,,"74,594",2nd,Chennai,"7,30,499"
219,2017,Maruti,Maruti Wagon R 1.0 VXI,Petrol,MANUAL,,"72,966",1st,Chennai,"4,04,299"
220,2016,Maruti,Maruti Celerio ZXI AMT,Petrol,AUTOMATIC,,"71,760",1st,Chennai,"4,55,399"
221,2017,Honda,Honda Brio 1.2 VX MT I VTEC,Petrol,MANUAL,,"29,373",1st,Chennai,"4,73,399"
222,2019,Maruti,Maruti Eeco 5 STR WITH AC PLUSHTR,Petrol,MANUAL,,"33,657",1st,Chennai,"4,61,599"
223,2017,Maruti,Maruti Swift VXI OPT,Petrol,MANUAL,,"81,832",1st,Chennai,"5,58,299"
224,2018,Tata,Tata Tiago XT 1.2 REVOTRON,Petrol,MANUAL,,"44,296",2nd,Chennai,"4,96,299"
225,2016,Maruti,Maruti Alto K10 VXI,Petrol,MANUAL,,"15,832",1st,Chennai,"3,59,199"
226,2017,Maruti,Maruti Dzire VXI,Petrol,MANUAL,,"73,162",1st,Chennai,"6,53,199"
227,2018,Hyundai,Hyundai Grand i10 SPORTZ 1.2 KAPPA VTVT,Petrol,MANUAL,,"37,919",1st,Chennai,"5,58,849"
228,2014,Hyundai,Hyundai Grand i10 ASTA 1.2 KAPPA VTVT,Petrol,MANUAL,,"65,387",2nd,Chennai,"4,24,899"
229,2021,MG,MG HECTOR PLUS SHARP,Petrol,DCT,,"19,595",1st,Chennai,"19,00,999"
230,2018,Hyundai,Hyundai Grand i10 SPORTZ 1.2 KAPPA VTVT,Petrol,MANUAL,,"22,307",1st,Chennai,"5,20,999"
231,2015,Hyundai,Hyundai Elite i20 MAGNA 1.2,Petrol,MANUAL,,"59,112",2nd,Chennai,"5,06,199"
232,2019,Maruti,Maruti Eeco 5 STR WITH AC PLUSHTR,Petrol,MANUAL,,"38,512",1st,Chennai,"4,58,799"
233,2016,Hyundai,Hyundai Verna FLUIDIC 1.6 VTVT SX AT,Petrol,AUTOMATIC,,"39,780",1st,Chennai,"7,70,799"
234,2016,Renault,Renault Kwid 1.0 RXT Opt,Petrol,MANUAL,,"84,770",2nd,Chennai,"3,43,099"
235,2019,Volkswagen,Volkswagen Ameo Trendline 1.0,Petrol,MANUAL,,"37,487",1st,Chennai,"5,57,299"
236,2018,Renault,Renault Kwid RXT 1.0 EASY-R AT OPTION,Petrol,AUTOMATIC,,"31,903",1st,Chennai,"4,69,099"
237,2018,Honda,Honda Amaze 1.2 V CVT I VTEC,Petrol,AUTOMATIC,,"37,535",1st,Chennai,"7,72,299"
238,2017,Maruti,Maruti Dzire VXI,Petrol,MANUAL,,"51,896",1st,Chennai,"6,30,999"
239,2015,Hyundai,Hyundai Grand i10 MAGNA 1.2 VTVT,Petrol,MANUAL,,"62,335",1st,Chennai,"4,11,499"
240,2019,Maruti,Maruti Eeco 5 STR WITH AC PLUSHTR,Petrol,MANUAL,,"25,968",1st,Chennai,"4,64,299"
241,2018,Skoda,Skoda Rapid STYLE 1.6 MPI MT,Petrol,MANUAL,,"46,277",1st,Chennai,"8,38,299"
242,2019,Maruti,Maruti Eeco 5 STR WITH AC PLUSHTR,Petrol,MANUAL,,"40,755",1st,Chennai,"4,04,699"
243,2018,Hyundai,Hyundai Grand i10 SPORTZ (O) 1.2 AT VTVT,Petrol,AUTOMATIC,,"15,454",1st,Chennai,"6,32,699"
244,2019,Ford,Ford FREESTYLE TITANIUM Plus 1.5 TDCI MT,Diesel,MANUAL,,"25,539",1st,Chennai,"6,59,599"
245,2015,Hyundai,Hyundai Elite i20 SPORTZ 1.2,Petrol,MANUAL,,"68,421",2nd,Chennai,"5,48,699"
246,2018,Hyundai,Hyundai NEW SANTRO 1.1 SPORTS AMT,Petrol,AUTOMATIC,,"9,926",1st,Chennai,"5,36,299"
247,2016,Hyundai,Hyundai Eon ERA PLUS,Petrol,MANUAL,,"54,546",1st,Chennai,"3,32,099"
248,2019,Maruti,Maruti Eeco 5 STR WITH AC PLUSHTR,Petrol,MANUAL,,"32,482",1st,Chennai,"4,46,199"
249,2017,Maruti,Maruti Wagon R 1.0 VXI,Petrol,MANUAL,,"15,291",1st,Chennai,"4,46,499"
250,2017,Honda,Honda Jazz 1.2 SV MT,Petrol,MANUAL,,"72,342",1st,Chennai,"5,28,799"
251,2020,Hyundai,Hyundai GRAND I10 NIOS 1.0 TURBO SPORTZ,Petrol,MANUAL,,"11,997",1st,Chennai,"8,24,299"
252,2018,Maruti,Maruti Alto 800 VXI,Petrol,MANUAL,,"72,439",1st,Chennai,"3,14,999"
253,2019,Maruti,Maruti Eeco 5 STR WITH AC PLUSHTR,Petrol,MANUAL,,"22,811",1st,Chennai,"4,40,099"
254,2017,Maruti,Maruti Wagon R 1.0 VXI,Petrol,MANUAL,,"13,423",1st,Chennai,"4,48,099"
255,2019,Renault,Renault Kwid RXL,Petrol,MANUAL,,"62,727",1st,Chennai,"4,00,699"
256,2016,Maruti,Maruti Wagon R 1.0 VXI,Petrol,MANUAL,,"55,302",1st,Chennai,"4,63,299"
257,2018,Maruti,Maruti IGNIS DELTA 1.2 K12,Petrol,MANUAL,,"12,567",2nd,Chennai,"5,07,799"
258,2017,Hyundai,Hyundai Eon ERA PLUS,Petrol,MANUAL,,"31,563",1st,Chennai,"3,37,099"
259,2016,Maruti,Maruti Alto 800 LXI,Petrol,MANUAL,,"59,748",2nd,Chennai,"2,98,299"
260,2018,Hyundai,Hyundai Verna 1.6 SX VTVT,Petrol,MANUAL,,"77,776",1st,Chennai,"9,21,299"
261,2016,Hyundai,Hyundai Elite i20 ASTA 1.4 CRDI,Diesel,MANUAL,,"1,02,004",1st,Chennai,"5,61,199"
262,2020,Honda,Honda City ZX MT PETROL,Petrol,MANUAL,,"9,513",2nd,Chennai,"12,47,399"
263,2018,Maruti,Maruti S Cross ZETA 1.3 SHVS,Diesel,MANUAL,,"98,112",1st,Chennai,"8,20,099"
264,2019,Maruti,Maruti Eeco 5 STR WITH AC PLUSHTR,Petrol,MANUAL,,"46,868",1st,Chennai,"4,62,799"
265,2018,Hyundai,Hyundai Eon ERA PLUS,Petrol,MANUAL,,"14,525",2nd,Chennai,"3,66,099"
266,2016,Maruti,Maruti Wagon R 1.0 VXI,Petrol,MANUAL,,"31,937",1st,Chennai,"4,20,399"
267,2021,Hyundai,Hyundai GRAND I10 NIOS SPORTZ PETROL,Petrol,MANUAL,,"23,870",1st,Chennai,"6,88,299"
268,2017,Hyundai,Hyundai Grand i10 SPORTZ (O) 1.2 AT VTVT,Petrol,AUTOMATIC,,"78,074",2nd,Chennai,"5,16,799"
269,2020,Maruti,Maruti XL6 ALPHA SHVS  MT,Petrol,MANUAL,,"41,704",1st,Chennai,"10,82,499"
270,2018,Tata,Tata Tiago XZ 1.2 REVOTRON,Petrol,MANUAL,,"51,612",1st,Chennai,"5,21,599"
271,2018,Hyundai,Hyundai Elite i20 Magna Executive Diesel,Diesel,MANUAL,,"81,979",1st,Chennai,"6,89,299"
272,2015,Hyundai,Hyundai i10 SPORTZ 1.1 IRDE2,Petrol,MANUAL,,"76,304",1st,Chennai,"3,68,499"
273,2019,Renault,Renault Kwid RXT 1.0 EASY-R AT OPTION,Petrol,AUTOMATIC,,"53,066",1st,Chennai,"4,91,699"
274,2018,Maruti,Maruti Wagon R 1.0 VXI,Petrol,MANUAL,,"7,392",1st,Chennai,"4,99,499"
275,2017,Ford,Ford Ecosport 1.5 TDCI TITANIUM PLUS,Diesel,MANUAL,,"90,141",2nd,Chennai,"6,71,499"
276,2018,Jeep,Jeep Compass LIMITED O 1.4 AT,Petrol,AUTOMATIC,,"36,341",1st,Chennai,"14,46,099"
277,2018,Maruti,Maruti Eeco 5 STR WITH AC PLUSHTR,Petrol,MANUAL,,"43,617",1st,Chennai,"4,29,599"
278,2017,Maruti,Maruti Celerio ZXI AMT,Petrol,AUTOMATIC,,"59,031",1st,Chennai,"4,79,699"
279,2019,Hyundai,Hyundai NEW SANTRO 1.1 SPORTS AMT,Petrol,AUTOMATIC,,"17,540",2nd,Chennai,"5,60,099"
280,2015,Maruti,Maruti Alto 800 LXI,Petrol,MANUAL,,"70,599",1st,Chennai,"2,84,399"
281,2019,Hyundai,Hyundai VENUE 1.0L Turbo GDI SX(O) MT,Petrol,MANUAL,,"24,847",1st,Chennai,"10,79,299"
282,2016,Hyundai,Hyundai Grand i10 ASTA 1.2 VTVT,Petrol,MANUAL,,"69,652",1st,Chennai,"4,81,299"
283,2017,Honda,Honda Jazz VX  1.2,Petrol,MANUAL,,"54,273",1st,Chennai,"5,79,799"
284,2017,Maruti,Maruti Baleno ALPHA 1.2 K12,Petrol,MANUAL,,"37,826",1st,Chennai,"6,59,099"
285,2016,Maruti,Maruti Baleno ZETA 1.2 K12,Petrol,MANUAL,,"33,084",1st,Chennai,"6,59,399"
286,2016,Maruti,Maruti Alto 800 LXI,Petrol,MANUAL,,"53,249",1st,Chennai,"3,04,999"
287,2019,Ford,Ford Figo Aspire 1.2 TITANIUM PETROL,Petrol,MANUAL,,"23,389",1st,Chennai,"7,10,599"
288,2017,Hyundai,Hyundai Grand i10 SPORTZ 1.2 KAPPA VTVT,Petrol,MANUAL,,"69,151",2nd,Chennai,"4,81,499"
289,2021,Honda,Honda Jazz 1.2 ZX MT,Petrol,MANUAL,,"33,188",1st,Chennai,"9,23,499"
290,2017,Renault,Renault Kwid RXT 1.0 EASY-R AT OPTION,Petrol,AUTOMATIC,,"65,532",1st,Chennai,"3,89,599"
291,2019,Maruti,Maruti Celerio X ZXI OPT AMT,Petrol,AUTOMATIC,,"36,535",1st,Chennai,"5,47,999"
292,2017,Hyundai,Hyundai Eon MAGNA PLUS,Petrol,MANUAL,,"44,912",1st,Chennai,"3,55,499"
293,2017,Hyundai,Hyundai Grand i10 1.2 CRDI Sportz O,Diesel,MANUAL,,"55,360",1st,Chennai,"5,03,699"
294,2019,Maruti,Maruti Celerio X Zxi,Petrol,MANUAL,,"50,408",1st,Chennai,"5,25,199"
295,2016,Hyundai,Hyundai Grand i10 SPORTZ 1.2 KAPPA VTVT,Petrol,MANUAL,,"54,035",2nd,Chennai,"4,80,099"
296,2018,Maruti,Maruti Wagon R 1.0 VXI,Petrol,MANUAL,,"22,253",1st,Chennai,"4,69,699"
297,2016,Maruti,Maruti Alto 800 LXI,Petrol,MANUAL,,"40,467",1st,Chennai,"2,91,749"
298,2018,Tata,Tata Tiago XZ 1.2 REVOTRON,Petrol,MANUAL,,"48,036",2nd,Chennai,"5,44,099"
299,2017,Maruti,Maruti Wagon R 1.0 VXI OPT AMT,Petrol,AUTOMATIC,,"48,407",1st,Chennai,"4,63,099"
300,2013,Maruti,Maruti Wagon R 1.0 VXI,Petrol,MANUAL,,"40,283",2nd,Chennai,"3,62,349"
301,2017,Volkswagen,Volkswagen Ameo COMFORTLINE 1.2,Petrol,MANUAL,,"70,908",1st,Chennai,"5,63,699"
302,2016,Hyundai,Hyundai Elite i20 ASTA 1.2,Petrol,MANUAL,,"77,647",1st,Chennai,"6,06,699"
303,2018,Jeep,Jeep Compass LIMITED O 1.4 AT,Petrol,AUTOMATIC,,"47,927",1st,Chennai,"14,68,599"
304,2016,Hyundai,Hyundai Grand i10 ASTA AT 1.2 KAPPA VTVT,Petrol,AUTOMATIC,,"73,423",2nd,Chennai,"5,49,199"
305,2015,Hyundai,Hyundai Grand i10 ASTA 1.2 AT VTVT,Petrol,AUTOMATIC,,"65,802",1st,Chennai,"4,98,399"
306,2018,Maruti,Maruti IGNIS DELTA 1.2 K12,Petrol,MANUAL,,"63,511",1st,Chennai,"4,96,699"
307,2016,Hyundai,Hyundai Elite i20 ASTA 1.2 (O),Petrol,MANUAL,,"63,700",1st,Chennai,"6,06,699"
308,2017,Maruti,Maruti Wagon R 1.0 VXI OPT,Petrol,MANUAL,,"81,939",1st,Chennai,"4,12,299"
309,2020,Maruti,Maruti Baleno ZETA 1.2 K12,Petrol,MANUAL,,"14,401",1st,Chennai,"7,99,899"
310,2018,Maruti,Maruti Eeco 5 STR WITH AC PLUSHTR,Petrol,MANUAL,,"49,889",1st,Chennai,"4,35,099"
311,2016,Hyundai,Hyundai Grand i10 ASTA 1.2 AT VTVT,Petrol,AUTOMATIC,,"50,265",2nd,Chennai,"4,67,199"
312,2017,Honda,Honda City VX MT PETROL,Petrol,MANUAL,,"37,077",1st,Chennai,"8,36,399"
313,2017,Honda,Honda Jazz 1.2 V AT,Petrol,AUTOMATIC,,"57,001",1st,Chennai,"6,83,799"
314,2018,Toyota,Toyota YARIS G MT,Petrol,MANUAL,,"19,673",1st,Chennai,"8,62,099"
315,2017,Honda,Honda City V CVT,Petrol,AUTOMATIC,,"95,991",1st,Chennai,"8,17,799"
316,2016,Hyundai,Hyundai Grand i10 SPORTZ 1.2 KAPPA VTVT,Petrol,MANUAL,,"56,375",2nd,Chennai,"4,57,299"
317,2017,Maruti,Maruti IGNIS ZETA 1.2 K12 DUAL TONE,Petrol,MANUAL,,"52,644",1st,Chennai,"5,52,199"
318,2016,Hyundai,Hyundai Elite i20 SPORTZ 1.2,Petrol,MANUAL,,"91,502",1st,Chennai,"5,09,199"
319,2016,Maruti,Maruti Baleno ALPHA 1.2 K12,Petrol,MANUAL,,"93,190",1st,Chennai,"6,27,299"
320,2014,Maruti,Maruti Wagon R 1.0 VXI,Petrol,MANUAL,,"52,673",1st,Chennai,"3,84,799"
321,2017,Renault,Renault Kwid RXL,Petrol,MANUAL,,"18,331",1st,Chennai,"3,49,999"
322,2014,Maruti,Maruti Wagon R 1.0 VXI,Petrol,MANUAL,,"61,022",2nd,Chennai,"3,66,499"
323,2015,Hyundai,Hyundai i20 Active 1.2 S,Petrol,MANUAL,,"60,293",3rd,Chennai,"5,22,099"
324,2018,Hyundai,Hyundai NEW SANTRO 1.1 SPORTS AMT,Petrol,AUTOMATIC,,"35,647",1st,Chennai,"5,26,199"
325,2017,Maruti,Maruti Wagon R 1.0 VXI OPT,Petrol,MANUAL,,"35,864",2nd,Chennai,"4,21,199"
326,2016,Maruti,Maruti S Cross SIGMA 1.3,Diesel,MANUAL,,"82,465",2nd,Chennai,"6,54,599"
327,2017,Maruti,Maruti Wagon R 1.0 VXI,Petrol,MANUAL,,"63,746",1st,Chennai,"4,03,899"
328,2020,Maruti,Maruti S PRESSO VXI,Petrol,MANUAL,,"21,524",1st,Chennai,"4,48,099"
329,2020,Maruti,Maruti S PRESSO,Petrol,VXI,,"8,569",1st,Chennai,"4,59,199"
330,2017,Nissan,Nissan Micra XL CVT (PETROL),Petrol,AUTOMATIC,,"31,021",1st,Chennai,"5,20,949"
331,2017,Maruti,Maruti Baleno DELTA 1.2 K12,Petrol,MANUAL,,"39,853",1st,Chennai,"6,01,099"
332,2017,Hyundai,Hyundai Elite i20 ASTA 1.2,Petrol,MANUAL,,"68,839",1st,Chennai,"6,12,699"
333,2019,Tata,Tata Hexa Varicor 400 XT,Diesel,MANUAL,,"46,593",1st,Chennai,"17,05,799"
334,2017,Hyundai,Hyundai Eon MAGNA PLUS,Petrol,MANUAL,,"61,352",1st,Chennai,"3,07,299"
335,2017,Hyundai,Hyundai Verna 1.6 SX VTVT AT (O),Petrol,AUTOMATIC,,"48,864",2nd,Chennai,"9,99,199"
336,2018,Hyundai,Hyundai NEW SANTRO ASTA 1.1 MT,Petrol,MANUAL,,"41,343",1st,Chennai,"5,15,399"
337,2017,Maruti,Maruti Ciaz ALPHA 1.4 VVT AMT,Petrol,AUTOMATIC,,"80,654",1st,Chennai,"7,97,299"
338,2015,Hyundai,Hyundai Grand i10 ASTA 1.2 KAPPA VTVT,Petrol,MANUAL,,"88,560",2nd,Chennai,"4,23,499"
339,2017,Honda,Honda City V MT PETROL,Petrol,MANUAL,,"78,842",1st,Chennai,"8,30,499"
340,2018,Hyundai,Hyundai Elite i20 1.4 CRDI ASTA (O),Diesel,MANUAL,,"61,265",1st,Chennai,"7,54,099"
341,2020,Maruti,Maruti S PRESSO VXI PLUS AGS,Petrol,AUTOMATIC,,"11,854",1st,Chennai,"5,42,599"
342,2018,Hyundai,Hyundai Elite i20 ASTA 1.2 (O),Petrol,MANUAL,,"97,486",1st,Chennai,"7,10,599"
343,2018,Ford,Ford Ecosport 1.5 TITANIUM TI VCT,Petrol,MANUAL,,"20,463",1st,Chennai,"8,30,399"
344,2016,Maruti,Maruti Alto 800 LXI,Petrol,MANUAL,,"72,917",1st,Chennai,"2,99,299"
345,2020,Maruti,Maruti S PRESSO VXI,Petrol,MANUAL,,"9,007",1st,Chennai,"4,76,199"
346,2016,Hyundai,Hyundai i20 Active 1.2 SX,Petrol,MANUAL,,"64,624",3rd,Chennai,"6,35,699"
347,2015,Hyundai,Hyundai Elite i20 SPORTZ 1.2,Petrol,MANUAL,,"77,258",1st,Chennai,"5,31,099"
348,2018,Renault,Renault Kwid 1.0 RXT Opt AT,Petrol,AUTOMATIC,,"24,546",3rd,Chennai,"4,11,199"
349,2019,Ford,Ford Figo Aspire 1.2 TITANIUM PETROL,Petrol,MANUAL,,"43,839",1st,Chennai,"6,38,599"
350,2017,Hyundai,Hyundai Eon ERA PLUS,Petrol,MANUAL,,"43,078",1st,Chennai,"3,37,099"
351,2018,Honda,Honda City V MT PETROL,Petrol,MANUAL,,"88,697",1st,Chennai,"8,44,399"
352,2019,Tata,Tata Hexa Varicor 400 XT,Diesel,MANUAL,,"34,652",1st,Chennai,"18,29,599"
353,2016,Maruti,Maruti Wagon R 1.0 VXI,Petrol,MANUAL,,"65,538",1st,Chennai,"4,12,999"
354,2014,Maruti,Maruti Wagon R 1.0 VXI,Petrol,MANUAL,,"70,329",1st,Chennai,"3,68,399"
355,2015,Hyundai,Hyundai i20 Active 1.2 S,Petrol,MANUAL,,"1,01,906",1st,Chennai,"5,40,299"
356,2018,Volkswagen,Volkswagen Vento 1.2 TSI HIGHLINE PLUS AT,Petrol,AUTOMATIC,,"57,301",1st,Chennai,"9,40,599"
357,2019,Maruti,Maruti S PRESSO VXI PLUS,Petrol,MANUAL,,"28,747",1st,Chennai,"4,62,499"
358,2019,Maruti,Maruti Wagon R 1.0 VXI,Petrol,MANUAL,,"25,746",1st,Chennai,"4,64,149"
359,2019,Hyundai,Hyundai VENUE 1.0 SX TURBO GDI DUAL TONE,Petrol,MANUAL,,"64,656",1st,Chennai,"9,15,299"
360,2016,Maruti,Maruti Wagon R 1.0 VXI AMT,Petrol,AUTOMATIC,,"74,140",2nd,Chennai,"3,98,699"
361,2016,Maruti,Maruti Alto K10 VXI OPT,Petrol,MANUAL,,"45,857",1st,Chennai,"3,38,299"
362,2018,Renault,Renault Captur 1.5 PLATINE DIESEL,Diesel,MANUAL,,"50,046",1st,Chennai,"8,94,199"
363,2018,Hyundai,Hyundai Elite i20 SPORTZ 1.2,Petrol,MANUAL,,"89,791",1st,Chennai,"6,02,599"
364,2020,Hyundai,Hyundai GRAND I10 NIOS MAGNA 1.2 AT,Petrol,AUTOMATIC,,"60,482",1st,Chennai,"6,41,299"
365,2017,Hyundai,Hyundai Eon MAGNA PLUS OPTIONAL,Petrol,MANUAL,,"29,770",2nd,Chennai,"3,63,399"
366,2015,Maruti,Maruti Baleno DELTA 1.2 K12,Petrol,MANUAL,,"61,060",2nd,Chennai,"5,32,499"
367,2015,Maruti,Maruti Alto K10 VXI AMT,Petrol,AUTOMATIC,,"51,044",1st,Chennai,"3,31,399"
368,2019,Hyundai,Hyundai Grand i10 SPORTZ AT 1.2 KAPPA VTVT,Petrol,AUTOMATIC,,"86,096",1st,Chennai,"5,69,849"
369,2016,Hyundai,Hyundai Grand i10 Magna 1.2 AT  VTVT,Petrol,AUTOMATIC,,"75,800",1st,Chennai,"4,69,099"
370,2019,Maruti,Maruti Baleno ALPHA 1.2K12  AT,Petrol,AUTOMATIC,,"72,354",1st,Chennai,"8,31,299"
371,2017,Maruti,Maruti Wagon R 1.0 VXI OPT AMT,Petrol,AUTOMATIC,,"28,948",2nd,Chennai,"4,87,999"
372,2016,Hyundai,Hyundai Grand i10 SPORTZ 1.2 KAPPA VTVT,Petrol,MANUAL,,"37,360",1st,Chennai,"5,24,899"
373,2017,Hyundai,Hyundai Elite i20 SPORTZ 1.2,Petrol,MANUAL,,"59,099",2nd,Chennai,"6,05,999"
374,2017,Maruti,Maruti Vitara Brezza ZDI PLUS DUAL TONE,Diesel,MANUAL,,"98,235",1st,Chennai,"7,94,299"
375,2016,Hyundai,Hyundai Grand i10 SPORTZ 1.2 KAPPA VTVT,Petrol,MANUAL,,"35,228",1st,Chennai,"5,10,599"
376,2016,Maruti,Maruti Baleno ZETA 1.2 K12,Petrol,MANUAL,,"79,898",2nd,Chennai,"6,05,299"
377,2017,Datsun,Datsun Redi Go T (O),Petrol,MANUAL,,"26,544",1st,Chennai,"2,84,599"
378,2017,Maruti,Maruti Baleno ALPHA 1.2 K12,Petrol,MANUAL,,"27,868",2nd,Chennai,"6,86,199"
379,2015,Maruti,Maruti Alto K10 VXI,Petrol,MANUAL,,"60,270",1st,Chennai,"3,18,099"
380,2018,Maruti,Maruti IGNIS DELTA 1.2 K12,Petrol,MANUAL,,"49,519",1st,Chennai,"5,11,299"
381,2017,Hyundai,Hyundai Eon ERA PLUS,Petrol,MANUAL,,"69,386",1st,Chennai,"3,09,099"
382,2020,Maruti,Maruti S PRESSO VXI,Petrol,MANUAL,,"34,809",1st,Chennai,"4,76,199"
383,2019,Maruti,Maruti S PRESSO VXI,Petrol,MANUAL,,"26,658",1st,Chennai,"4,39,799"
384,2018,Ford,Ford Ecosport 1.5 TITANIUM PLUS TI VCT AT,Petrol,AUTOMATIC,,"51,541",2nd,Chennai,"8,46,999"
385,2019,Maruti,Maruti Alto VXI,Petrol,MANUAL,,"13,835",2nd,Chennai,"3,51,999"
386,2017,Honda,Honda City V MT PETROL,Petrol,MANUAL,,"51,041",1st,Chennai,"7,94,099"
387,2015,Maruti,Maruti Wagon R 1.0 VXI,Petrol,MANUAL,,"71,802",1st,Chennai,"3,69,399"
388,2019,Datsun,Datsun Redi Go S,Petrol,MANUAL,,"78,048",1st,Chennai,"3,27,399"
389,2018,Toyota,Toyota YARIS G MT,Petrol,MANUAL,,"50,585",2nd,Chennai,"8,37,399"
390,2018,Maruti,Maruti Wagon R 1.0 VXI,Petrol,MANUAL,,"39,002",1st,Chennai,"4,60,599"
391,2018,Datsun,Datsun Redi Go 1.0 T(O),Petrol,MANUAL,,"28,055",1st,Chennai,"3,23,199"
392,2019,Hyundai,Hyundai Tucson New 2WD AT GL DIESEL,Diesel,AUTOMATIC,,"18,419",1st,Chennai,"21,59,899"
393,2018,Maruti,Maruti Wagon R 1.0 VXI,Petrol,MANUAL,,"39,777",1st,Chennai,"4,56,399"
394,2019,Hyundai,Hyundai NEW SANTRO SPORTZ 1.1,Petrol,MANUAL,,"61,314",1st,Chennai,"5,34,499"
395,2019,Maruti,Maruti Alto VXI,Petrol,MANUAL,,"35,981",1st,Chennai,"4,08,399"
396,2019,Ford,Ford FREESTYLE TITANIUM 1.2 TI-VCT MT,Petrol,MANUAL,,"28,505",1st,Chennai,"6,55,699"
397,2014,Maruti,Maruti Wagon R 1.0 VXI,Petrol,MANUAL,,"75,417",1st,Chennai,"3,60,999"
398,2018,Hyundai,Hyundai Eon ERA PLUS,Petrol,MANUAL,,"60,520",1st,Chennai,"3,31,099"
399,2020,Toyota,Toyota YARIS V MT,Petrol,MANUAL,,"23,415",1st,Chennai,"10,49,999"
400,2017,Hyundai,Hyundai Eon ERA PLUS,Petrol,MANUAL,,"54,726",2nd,Chennai,"3,37,099"
401,2017,Maruti,Maruti Baleno ZETA 1.2 K12 CVT,Petrol,AUTOMATIC,,"53,170",1st,Chennai,"6,96,099"
402,2017,Honda,Honda BR-V 1.5 i-VTEC V CVT,Petrol,AUTOMATIC,,"93,401",2nd,Chennai,"7,69,499"
403,2020,Hyundai,Hyundai GRAND I10 NIOS SPORTZ 1.2 AT,Petrol,AUTOMATIC,,"65,594",1st,Chennai,"7,19,699"
404,2018,Hyundai,Hyundai Elite i20 ASTA 1.2 (O),Petrol,MANUAL,,"39,643",2nd,Chennai,"7,39,399"
405,2018,Maruti,Maruti Wagon R 1.0 VXI,Petrol,MANUAL,,"49,843",1st,Chennai,"4,34,449"
406,2017,Maruti,Maruti Baleno ALPHA 1.2 K12,Petrol,MANUAL,,"33,676",1st,Chennai,"7,01,299"
407,2017,Maruti,Maruti Wagon R 1.0 VXI,Petrol,MANUAL,,"58,396",1st,Chennai,"4,27,499"
408,2019,Datsun,Datsun Redi Go LIMITED EDITION,Petrol,MANUAL,,"19,812",1st,Chennai,"3,31,999"
409,2019,Maruti,Maruti Baleno ALPHA 1.2K12  AT,Petrol,AUTOMATIC,,"39,821",1st,Chennai,"7,98,199"
410,2018,Honda,Honda WR-V 1.5 i-DTEC VX MT,Diesel,MANUAL,,"57,646",1st,Chennai,"8,01,499"
411,2020,Maruti,Maruti S PRESSO VXI PLUS AGS,Petrol,AUTOMATIC,,"59,313",1st,Chennai,"5,45,899"
412,2016,Maruti,Maruti Wagon R 1.0 VXI,Petrol,MANUAL,,"59,099",1st,Chennai,"4,43,899"
413,2018,Hyundai,Hyundai Grand i10 SPORTZ 1.2 KAPPA VTVT,Petrol,MANUAL,,"25,817",1st,Chennai,"5,62,399"
414,2018,Hyundai,Hyundai Grand i10 SPORTZ 1.2 KAPPA VTVT,Petrol,MANUAL,,"69,711",1st,Chennai,"5,09,699"
415,2017,Hyundai,Hyundai Grand i10 SPORTZ (O) 1.2 AT VTVT,Petrol,AUTOMATIC,,"28,610",1st,Chennai,"6,26,599"
416,2017,Maruti,Maruti Baleno ALPHA 1.2 K12,Petrol,MANUAL,,"25,572",1st,Chennai,"7,10,999"
417,2018,Datsun,Datsun Redi Go T (O),Petrol,MANUAL,,"32,800",1st,Chennai,"3,14,999"
418,2017,Maruti,Maruti Alto K10 VXI (O) AMT,Petrol,AUTOMATIC,,"19,162",1st,Chennai,"4,30,499"
419,2015,Maruti,Maruti Alto K10 VXI,Petrol,MANUAL,,"78,403",1st,Chennai,"3,16,499"
420,2013,Maruti,Maruti Wagon R 1.0 VXI,Petrol,MANUAL,,"79,374",1st,Chennai,"3,62,699"
421,2018,Maruti,Maruti Alto 800 LXI,Petrol,MANUAL,,"44,290",1st,Chennai,"3,41,699"
422,2018,Maruti,Maruti Alto K10 VXI,Petrol,MANUAL,,"38,379",2nd,Chennai,"3,57,199"
423,2018,Maruti,Maruti Baleno DELTA 1.2 K12,Petrol,MANUAL,,"63,524",1st,Chennai,"6,61,599"
424,2017,Honda,Honda WR-V 1.5 i-DTEC VX MT,Diesel,MANUAL,,"1,02,938",1st,Chennai,"6,99,499"
425,2017,Maruti,Maruti Alto 800 LXI OPT,Petrol,MANUAL,,"70,441",1st,Chennai,"3,11,999"
426,2018,Maruti,Maruti Alto 800 LXI,Petrol,MANUAL,,"35,323",2nd,Chennai,"3,26,799"
427,2017,Maruti,Maruti Alto 800 LXI,Petrol,MANUAL,,"42,384",1st,Chennai,"3,14,431"
428,2017,Maruti,Maruti Baleno ALPHA 1.2 K12,Petrol,MANUAL,,"23,456",1st,Chennai,"7,09,499"
429,2018,Maruti,Maruti Alto 800 LXI,Petrol,MANUAL,,"37,138",1st,Chennai,"3,38,799"
430,2018,Maruti,Maruti Alto 800 LXI,Petrol,MANUAL,,"75,925",1st,Chennai,"3,11,999"
431,2018,Maruti,Maruti Alto 800 LXI,Petrol,MANUAL,,"36,389",1st,Chennai,"3,39,299"
432,2018,Maruti,Maruti Wagon R 1.0 VXI,Petrol,MANUAL,,"51,609",1st,Chennai,"4,79,059"
433,2019,Datsun,Datsun Redi Go A,Petrol,MANUAL,,"66,528",1st,Chennai,"3,33,199"
434,2018,Honda,Honda BR-V 1.5 i-VTEC VX,Petrol,MANUAL,,"44,863",1st,Chennai,"9,03,299"
435,2017,Maruti,Maruti Baleno ALPHA 1.2 K12,Petrol,MANUAL,,"50,904",1st,Chennai,"7,17,699"
436,2018,Maruti,Maruti Alto K10 VXI (O) AMT,Petrol,AUTOMATIC,,"57,246",1st,Chennai,"4,33,399"
437,2019,Hyundai,Hyundai Tucson New 2WD AT GLS PETROL,Petrol,AUTOMATIC,,"80,389",1st,Chennai,"19,08,899"
438,2020,Maruti,Maruti Alto LXI,Petrol,MANUAL,,"44,301",1st,Chennai,"3,50,199"
439,2019,Ford,Ford FREESTYLE TITANIUM 1.2 TI-VCT MT,Petrol,MANUAL,,"50,611",1st,Chennai,"6,36,999"
440,2019,Maruti,Maruti Alto LXI,Petrol,MANUAL,,"44,146",1st,Chennai,"3,50,199"
441,2021,Maruti,Maruti Alto VXI PLUS,Petrol,MANUAL,,"27,070",1st,Chennai,"4,17,099"
442,2019,Maruti,Maruti Alto 800 LXI,Petrol,MANUAL,,"61,480",1st,Chennai,"3,51,399"
443,2009,Hyundai,Hyundai i10 MAGNA 1.2,Petrol,MANUAL,,"64,916",2nd,Chennai,"2,40,199"
444,2014,Maruti,Maruti Alto K10 VXI,Petrol,MANUAL,,"45,311",2nd,Chennai,"2,56,699"
445,2013,Maruti,Maruti Wagon R 1.0 VXI,Petrol,MANUAL,,"48,966",1st,Chennai,"3,36,199"
446,2018,Hyundai,Hyundai Elite i20 Magna Executive 1.2,Petrol,MANUAL,,"25,662",1st,Chennai,"5,71,699"
447,2016,Maruti,Maruti Swift VXI,Petrol,MANUAL,,"62,063",3rd,Chennai,"4,56,599"
448,2015,Tata,Tata Bolt XM REVOTRON,Petrol,MANUAL,,"52,444",1st,Chennai,"3,87,999"
449,2016,Volkswagen,Volkswagen Polo COMFORTLINE 1.2L PETROL,Petrol,MANUAL,,"43,097",1st,Chennai,"5,34,799"
450,2015,Honda,Honda City SV MT PETROL,Petrol,MANUAL,,"83,749",1st,Chennai,"6,17,599"
451,2018,Volkswagen,Volkswagen Polo GT TSI 1.2 PETROL AT,Petrol,AUTOMATIC,,"24,594",2nd,Chennai,"8,29,699"
452,2013,Maruti,Maruti Swift Dzire VXI 1.2 BS IV,Petrol,MANUAL,,"1,54,300",1st,Chennai,"3,84,599"
453,2019,Renault,Renault TRIBER 1.0 RXT,Petrol,MANUAL,,"30,109",1st,Chennai,"5,69,399"
454,2021,Renault,Renault Kwid 1.0 CLIMBER OPT AMT,Petrol,AUTOMATIC,,"19,907",1st,Chennai,"5,00,199"
455,2021,Maruti,Maruti Baleno ZETA 1.2 K12,Petrol,MANUAL,,"19,138",1st,Chennai,"7,63,699"
456,2014,Hyundai,Hyundai Elite i20 ASTA 1.4 CRDI,Diesel,MANUAL,,"91,028",1st,Chennai,"5,20,849"
457,2016,Mahindra,Mahindra TUV300 T8,Diesel,MANUAL,,"1,09,044",1st,Chennai,"6,39,399"
458,2018,Renault,Renault Kwid RXL,Petrol,MANUAL,,"64,688",1st,Chennai,"3,73,399"
459,2013,Maruti,Maruti Alto 800 LXI,Petrol,MANUAL,,"30,020",1st,Chennai,"2,60,399"
460,2021,Hyundai,Hyundai NEW SANTRO SPORTZ 1.1,Petrol,MANUAL,,"8,750",1st,Chennai,"5,65,099"
461,2020,Tata,Tata Tiago XM 1.2 REVOTRON,Petrol,MANUAL,,"29,856",1st,Chennai,"4,70,899"
462,2020,Tata,Tata Tiago XT 1.2 REVOTRON,Petrol,MANUAL,,"15,261",1st,Chennai,"5,44,199"
463,2016,Honda,Honda Amaze 1.2 VXMT I VTEC,Petrol,MANUAL,,"32,373",1st,Chennai,"5,67,099"
464,2016,Mahindra,Mahindra Kuv100 K8 6 STR,Petrol,MANUAL,,"45,171",1st,Chennai,"5,20,899"
465,2020,Maruti,Maruti Baleno ALPHA 1.2 K12,Petrol,MANUAL,,"42,756",1st,Chennai,"8,26,699"
466,2016,Honda,Honda City V MT PETROL,Petrol,MANUAL,,"62,738",1st,Chennai,"6,97,599"
467,2021,Toyota,Toyota YARIS J CVT,Petrol,AUTOMATIC,,"16,460",1st,Chennai,"11,67,899"
