,Year,Brand,Model,Fuel Type,Transmission,Engine Capacity,Kms Driven,No. of Owners,Location,Price
0,2015,Maruti,Maruti Wagon R 1.0 VXI,Petrol,MANUAL,,"32,333",1st,Pune,"3,48,999"
1,2012,Honda,Honda City V AT,Petrol,AUTOMATIC,,"43,143",1st,Pune,"4,91,199"
2,2014,Maruti,Maruti Swift Dzire ZXI 1.2 BS IV,Petrol,MANUAL,,"32,520",1st,Pune,"4,67,999"
3,2012,Hyundai,Hyundai i20 SPORTZ 1.2 VTVT,Petrol,MANUAL,,"26,842",2nd,Pune,"3,51,999"
4,2021,Nissan,Nissan MAGNITE XL Turbo,Petrol,CVT,,"16,264",1st,Pune,"9,14,649"
5,2012,Maruti,Maruti Alto K10 VXI,Petrol,MANUAL,,"8,079",2nd,Pune,"2,33,699"
6,2012,Maruti,Maruti Swift Dzire VDI BS IV,Diesel,MANUAL,,94,2nd,Pune,"4,12,199"
7,2014,Honda,Honda Amaze 1.2 SMT I VTEC,Petrol,MANUAL,,"46,338",2nd,Pune,"4,75,299"
8,2021,Renault,Renault Kiger RXZ AMT 1.0 DUAL,Petrol,TONE,,"2,727",1st,Pune,"10,33,599"
9,2018,Nissan,Nissan Terrano XV PREMIUM 110 PS AMT DEISEL,Diesel,AUTOMATIC,,"36,197",1st,Pune,"9,81,499"
10,2021,Hyundai,Hyundai Creta SX EXECUTIVE MT,Petrol,MANUAL,,"2,618",1st,Pune,"15,18,299"
11,2022,Renault,Renault Kiger RXZ AMT 1.0 DUAL,Petrol,TONE,,"5,914",1st,Pune,"9,87,999"
12,2018,Renault,Renault Duster RXZ AMT 110 PS,Diesel,AUTOMATIC,,"33,979",1st,Pune,"10,81,699"
13,2021,Tata,Tata TIGOR Revotron XE,Petrol,MANUAL,,"6,002",1st,Pune,"6,62,099"
14,2020,Maruti,Maruti Celerio VXI CNG,Petrol,MANUAL,,"21,989",1st,Pune,"5,69,099"
15,2014,Volkswagen,Volkswagen Vento HIGHLINE PETROL,Petrol,MANUAL,,"48,999",2nd,Pune,"5,34,224"
16,2015,Maruti,Maruti Wagon R 1.0 VXI,Petrol,MANUAL,,"12,785",1st,Pune,"3,90,099"
17,2013,Hyundai,Hyundai i10 MAGNA 1.2 KAPPA2,Petrol,MANUAL,,"39,641",1st,Pune,"3,32,699"
18,2021,Tata,Tata ALTROZ XE 1.2,Petrol,MANUAL,,"5,596",1st,Pune,"7,06,099"
19,2013,Maruti,Maruti Swift ZXI,Petrol,MANUAL,,"46,149",1st,Pune,"5,07,299"
20,2015,Maruti,Maruti Alto 800 LXI,Petrol,MANUAL,,"49,400",1st,Pune,"2,67,899"
21,2020,Volkswagen,Volkswagen Polo HIGH LINE PLUS 1.0,Petrol,MANUAL,,"17,595",1st,Pune,"7,91,299"
22,2019,Volkswagen,Volkswagen Polo COMFORTLINE 1.0 PETROL,Petrol,MANUAL,,"27,641",1st,Pune,"6,51,499"
23,2020,Maruti,Maruti New  Wagon-R VXI 1.2L,Petrol,MANUAL,,"10,062",1st,Pune,"5,88,799"
24,2015,Maruti,Maruti Swift Dzire VXI 1.2 BS IV,Petrol,MANUAL,,"91,928",1st,Pune,"4,74,299"
25,2020,Maruti,Maruti New  Wagon-R 1.0 LXI (O),Petrol,MANUAL,,"9,083",2nd,Pune,"5,59,799"
26,2011,Maruti,Maruti Alto K10 VXI,Petrol,MANUAL,,"69,484",2nd,Pune,"2,02,999"
27,2021,Maruti,Maruti New  Wagon-R 1.0 Lxi (o) cng,Petrol,MANUAL,,"22,835",1st,Pune,"6,87,399"
28,2016,Maruti,Maruti Ciaz ZXI,Petrol,MANUAL,,"32,602",2nd,Pune,"6,66,899"
29,2021,Renault,Renault Kiger RX EASY R 1.0,Petrol,L,,"9,756",1st,Pune,"7,49,899"
30,2021,Hyundai,Hyundai VENUE S MT 1.2 KAPPA,Petrol,MANUAL,,"2,966",1st,Pune,"8,70,999"
31,2021,Renault,Renault Kiger RXZ 1.0,Petrol,MT,,"4,626",1st,Pune,"8,01,199"
32,2015,Honda,Honda Amaze 1.2 SMT I VTEC,Petrol,MANUAL,,"49,091",1st,Pune,"5,11,699"
33,2020,KIA,KIA SELTOS HTK PLUS 1.5 DIESEL,Diesel,MANUAL,,"18,974",1st,Pune,"14,40,799"
34,2019,Renault,Renault Kwid RXL,Petrol,MANUAL,,"14,370",1st,Pune,"4,04,999"
35,2019,Skoda,Skoda Rapid 1.5 TDI MT AMBITION,Diesel,MANUAL,,"46,457",1st,Pune,"9,15,599"
36,2022,Datsun,Datsun Redi Go T (O),Petrol,MANUAL,,600,1st,Pune,"5,08,499"
37,2015,Honda,Honda Brio 1.2 VX AT I VTEC,Petrol,AUTOMATIC,,"38,094",1st,Pune,"4,94,199"
38,2015,Hyundai,Hyundai Grand i10 MAGNA 1.2 KAPPA VTVT,Petrol,MANUAL,,"16,097",2nd,Pune,"4,22,299"
39,2020,Renault,Renault Duster RXZ,Petrol,MANUAL,,"11,133",1st,Pune,"10,07,399"
40,2018,Tata,Tata Tiago XZ 1.2 REVOTRON,Petrol,MANUAL,,"56,655",2nd,Pune,"5,12,149"
41,2016,Honda,Honda Jazz 1.2 S MT,Petrol,MANUAL,,"39,469",1st,Pune,"5,59,999"
42,2014,Maruti,Maruti Swift Dzire VXI 1.2 BS IV,Petrol,MANUAL,,"89,085",1st,Pune,"3,94,799"
43,2017,Hyundai,Hyundai Elite i20 ERA 1.2,Petrol,MANUAL,,"33,739",1st,Pune,"5,21,999"
44,2016,Maruti,Maruti Celerio ZXI AMT,Petrol,AUTOMATIC,,"47,146",2nd,Pune,"4,37,399"
45,2020,KIA,KIA SONET HTK,Diesel,1.5D,,"33,344",1st,Pune,"10,51,299"
46,2014,Honda,Honda Brio 1.2 S MT I VTEC,Petrol,MANUAL,,"28,462",1st,Pune,"4,11,899"
47,2014,Hyundai,Hyundai i10 SPORTZ 1.1 IRDE2,Petrol,MANUAL,,"45,525",1st,Pune,"3,88,199"
48,2020,KIA,KIA SONET GTX PLUS DCT,Petrol,1.0,,"10,774",1st,Pune,"13,47,899"
49,2014,Maruti,Maruti Swift ZXI,Petrol,MANUAL,,"14,307",1st,Pune,"5,44,949"
50,2014,Renault,Renault Duster 85 PS RXL,Diesel,MANUAL,,"78,296",1st,Pune,"6,08,599"
51,2014,Hyundai,Hyundai Verna FLUIDIC 1.4 VTVT,Petrol,MANUAL,,"50,048",1st,Pune,"5,34,899"
52,2014,Hyundai,Hyundai Xcent SX 1.2 OPT,Petrol,MANUAL,,"17,621",1st,Pune,"5,25,799"
53,2021,Honda,Honda City V CVT,Petrol,AUTOMATIC,,"2,234",1st,Pune,"13,53,799"
54,2019,KIA,KIA SELTOS 1.5 GTX+ AT,Diesel,AUTOMATIC,,"22,810",2nd,Pune,"17,58,999"
55,2016,Honda,Honda Jazz 1.2 V MT,Petrol,MANUAL,,"15,844",1st,Pune,"5,76,799"
56,2021,Maruti,Maruti Swift ZXI AMT,Petrol,AUTOMATIC,,"5,745",1st,Pune,"8,26,599"
57,2014,Maruti,Maruti Celerio VXI,Petrol,MANUAL,,"47,815",2nd,Pune,"3,85,999"
58,2018,Maruti,Maruti Swift ZXI AMT,Petrol,AUTOMATIC,,"50,973",1st,Pune,"6,89,999"
59,2013,Hyundai,Hyundai i20 MAGNA O 1.2,Petrol,MANUAL,,"43,992",1st,Pune,"4,08,899"
60,2020,KIA,KIA SONET GTX + 1.0,Petrol,IMT,,"9,817",1st,Pune,"11,86,199"
61,2014,Honda,Honda Brio 1.2 S MT I VTEC,Petrol,MANUAL,,"56,898",3rd,Pune,"3,71,399"
62,2017,Maruti,Maruti Alto 800 VXI,Petrol,MANUAL,,"21,457",1st,Pune,"3,09,559"
63,2021,Renault,Renault Kiger RXT 1.0 AMT,Petrol,AUTOMATIC,,"10,893",1st,Pune,"8,41,199"
64,2020,Maruti,Maruti New  Wagon-R ZXI 1.2,Petrol,MANUAL,,"76,527",1st,Pune,"5,71,099"
65,2017,Hyundai,Hyundai Grand i10 SPORTZ 1.2 KAPPA VTVT,Petrol,MANUAL,,"34,047",2nd,Pune,"4,72,499"
66,2019,Maruti,Maruti Baleno ZETA 1.2 K12,Petrol,MANUAL,,"10,848",1st,Pune,"6,27,599"
67,2019,Renault,Renault Kwid RXT 1.0 EASY-R AT OPTION,Petrol,AUTOMATIC,,"36,827",1st,Pune,"5,00,799"
68,2019,Maruti,Maruti New  Wagon-R ZXI 1.2,Petrol,MANUAL,,"32,057",1st,Pune,"5,57,599"
69,2022,Maruti,Maruti Alto VXI,Petrol,MANUAL,,"1,255",1st,Pune,"4,70,799"
70,2014,Renault,Renault Duster RXL PETROL 104,Petrol,MANUAL,,"96,473",1st,Pune,"5,99,399"
71,2015,Hyundai,Hyundai Xcent S 1.2 OPT,Petrol,MANUAL,,"38,058",1st,Pune,"4,80,199"
72,2016,Maruti,Maruti Celerio VXI (O) AMT,Petrol,AUTOMATIC,,"28,331",2nd,Pune,"4,67,099"
73,2016,Hyundai,Hyundai Creta 1.6 SX PLUS AUTO PETROL,Petrol,AUTOMATIC,,"54,697",1st,Pune,"9,81,099"
74,2021,Renault,Renault Kwid 1.0 RXT Opt,Petrol,MANUAL,,"5,451",2nd,Pune,"5,32,099"
75,2016,Maruti,Maruti Swift VXI OPT,Petrol,MANUAL,,"47,176",2nd,Pune,"5,57,499"
76,2020,Maruti,Maruti Swift ZXI + AMT,Petrol,AUTOMATIC,,"9,222",1st,Pune,"8,13,399"
77,2020,Hyundai,Hyundai Creta 1.6 SX AT CRDI,Diesel,AUTOMATIC,,"25,710",1st,Pune,"16,53,599"
78,2019,Hyundai,Hyundai NEW SANTRO SPORTZ 1.1,Petrol,MANUAL,,"11,607",2nd,Pune,"4,72,499"
79,2021,Volkswagen,Volkswagen Polo HIGH LINE PLUS 1.0,Petrol,MANUAL,,"4,990",1st,Pune,"9,98,799"
80,2018,Maruti,Maruti Alto 800 LXI,Petrol,MANUAL,,"8,388",2nd,Pune,"3,50,599"
81,2017,Maruti,Maruti Ciaz DELTA 1.4 VVT,Petrol,MANUAL,,"44,426",2nd,Pune,"5,77,199"
82,2014,Ford,Ford Ecosport 1.5 TITANIUM TI VCT AT,Petrol,AUTOMATIC,,"49,126",1st,Pune,"6,63,999"
83,2018,Hyundai,Hyundai Grand i10 magna 1.2 crdi,Diesel,MANUAL,,"94,138",1st,Pune,"5,46,599"
84,2016,Hyundai,Hyundai Elite i20 ASTA 1.2 (O),Petrol,MANUAL,,"28,737",1st,Pune,"6,54,499"
85,2012,Maruti,Maruti Wagon R 1.0 VXI,Petrol,MANUAL,,"37,234",1st,Pune,"3,32,799"
86,2016,Hyundai,Hyundai Creta 1.4 E PLUS CRDI,Diesel,MANUAL,,"57,754",1st,Pune,"8,84,999"
87,2020,KIA,KIA SELTOS HTK 1.5 PETROL,Petrol,MANUAL,,"24,366",1st,Pune,"11,35,999"
88,2019,Hyundai,Hyundai Verna 1.6 SX VTVT,Petrol,MANUAL,,"31,024",1st,Pune,"9,47,499"
89,2017,Renault,Renault Duster RXS 85 PS,Diesel,MANUAL,,"76,251",1st,Pune,"8,01,099"
90,2020,Maruti,Maruti Alto VXI,Petrol,MANUAL,,"9,799",1st,Pune,"4,02,799"
91,2019,Hyundai,Hyundai VENUE SX(O) CRDi,Diesel,MANUAL,,"23,379",1st,Pune,"11,77,599"
92,2016,Hyundai,Hyundai Elite i20 ASTA 1.2 (O),Petrol,MANUAL,,"31,686",1st,Pune,"6,14,999"
93,2018,Tata,Tata Tiago XZ 1.2 REVOTRON,Petrol,MANUAL,,"38,077",1st,Pune,"5,26,999"
94,2018,Maruti,Maruti Alto 800 LXI,Petrol,MANUAL,,"28,024",1st,Pune,"3,11,799"
95,2015,Honda,Honda Brio 1.2 S MT I VTEC,Petrol,MANUAL,,"69,073",2nd,Pune,"3,52,199"
96,2017,Skoda,Skoda Octavia 1.8 TSI STYLE AT,Petrol,AUTOMATIC,,"49,573",1st,Pune,"13,28,499"
97,2021,MG,MG HECTOR SHARP DCT PETROL,Petrol,AUTOMATIC,,"6,360",1st,Pune,"17,31,899"
98,2016,Ford,Ford Ecosport 1.0 ECOBOOST TITANIUM OPT,Petrol,MANUAL,,"38,370",1st,Pune,"6,83,699"
99,2018,Maruti,Maruti Wagon R 1.0 VXI,Petrol,MANUAL,,"16,600",2nd,Pune,"4,36,099"
100,2017,Hyundai,Hyundai Eon MAGNA PLUS,Petrol,MANUAL,,"34,439",1st,Pune,"3,81,299"
101,2016,Maruti,Maruti Baleno DELTA 1.2 K12,Petrol,MANUAL,,"78,546",2nd,Pune,"5,25,499"
102,2019,Tata,Tata NEXON XZA + 1.2 PETROL A/T,Petrol,AUTOMATIC,,"4,403",2nd,Pune,"9,05,499"
103,2018,Hyundai,Hyundai Verna 1.6 SX VTVT,Petrol,MANUAL,,"33,583",2nd,Pune,"7,88,999"
104,2021,Renault,Renault TRIBER 1.0 RXZ,Petrol,MANUAL,,"10,823",1st,Pune,"7,12,999"
105,2021,Honda,Honda Jazz ZX CVT,Petrol,AUTOMATIC,,"7,120",1st,Pune,"10,89,099"
106,2016,Hyundai,Hyundai Elite i20 SPORTZ 1.2,Petrol,MANUAL,,"63,547",2nd,Pune,"5,52,999"
107,2022,Tata,Tata NEXON XM 1.2,Petrol,MANUAL,,"4,075",1st,Pune,"9,02,599"
108,2015,Hyundai,Hyundai Elite i20 ASTA 1.2,Petrol,MANUAL,,"18,857",1st,Pune,"5,64,849"
109,2021,Honda,Honda Jazz ZX CVT,Petrol,AUTOMATIC,,"7,236",1st,Pune,"11,08,799"
110,2017,Maruti,Maruti Celerio ZXI AMT,Petrol,AUTOMATIC,,"53,465",1st,Pune,"4,62,199"
111,2021,Maruti,Maruti S PRESSO VXI CNG,Petrol,MANUAL,,"50,127",1st,Pune,"5,85,799"
112,2020,Hyundai,Hyundai AURA SX PETROL,Petrol,MANUAL,,"35,097",1st,Pune,"7,91,699"
113,2020,Hyundai,Hyundai VENUE SX 1.0 GDI IMT,Petrol,MANUAL,,"8,130",1st,Pune,"10,09,499"
114,2016,Honda,Honda Jazz 1.2 V AT,Petrol,AUTOMATIC,,"41,963",3rd,Pune,"5,35,199"
115,2021,Honda,Honda Jazz ZX CVT,Petrol,AUTOMATIC,,"9,833",1st,Pune,"11,08,799"
116,2016,Hyundai,Hyundai i20 Active 1.2 S,Petrol,MANUAL,,"45,894",1st,Pune,"6,26,199"
117,2020,Hyundai,Hyundai GRAND I10 NIOS SPORTZ PETROL,Petrol,MANUAL,,"7,326",1st,Pune,"6,56,749"
118,2014,Maruti,Maruti Wagon R 1.0 VXI,Petrol,MANUAL,,"21,166",1st,Pune,"4,01,299"
119,2016,Hyundai,Hyundai Creta 1.6 SX PLUS AUTO PETROL,Petrol,AUTOMATIC,,"52,049",2nd,Pune,"9,23,899"
120,2015,Ford,Ford Ecosport 1.5 TITANIUMTDCI OPT,Diesel,MANUAL,,"51,943",1st,Pune,"6,26,199"
121,2020,Renault,Renault TRIBER 1.0 RXT,Petrol,MANUAL,,"10,341",1st,Pune,"6,94,299"
122,2020,Maruti,Maruti Baleno ZETA 1.2 K12,Petrol,MANUAL,,"24,204",1st,Pune,"7,04,499"
123,2017,Honda,Honda Jazz 1.2 V MT,Petrol,MANUAL,,"17,098",1st,Pune,"5,53,199"
124,2018,Maruti,Maruti Celerio X ZXI OPT AMT,Petrol,AUTOMATIC,,"31,312",2nd,Pune,"5,40,099"
125,2018,Maruti,Maruti Alto 800 LXI,Petrol,MANUAL,,"11,620",1st,Pune,"3,50,599"
126,2019,Renault,Renault Kwid RXT 1.0 EASY-R AT OPTION,Petrol,AUTOMATIC,,"19,719",1st,Pune,"4,81,999"
127,2015,Volkswagen,Volkswagen Vento HIGHLINE PETROL,Petrol,MANUAL,,"86,089",2nd,Pune,"5,00,799"
128,2021,Hyundai,Hyundai VENUE 1.0 TURBO GDI SX+ AT,Petrol,AUTOMATIC,,"2,407",1st,Pune,"12,53,699"
129,2017,Hyundai,Hyundai Creta 1.6 SX PLUS PETROL,Petrol,MANUAL,,"44,994",2nd,Pune,"8,62,799"
130,2017,Maruti,Maruti Ciaz VXI PLUS,Petrol,MANUAL,,"46,730",1st,Pune,"6,81,799"
131,2017,Maruti,Maruti Baleno DELTA 1.2 K12,Petrol,MANUAL,,"40,935",1st,Pune,"5,68,299"
132,2013,Hyundai,Hyundai i20 ASTA 1.2,Petrol,MANUAL,,"70,663",2nd,Pune,"4,38,499"
133,2016,Maruti,Maruti Wagon R 1.0 VXI AMT,Petrol,AUTOMATIC,,"57,145",1st,Pune,"4,56,699"
134,2019,Mahindra,Mahindra XUV 3OO 1.5 W6 MT,Diesel,MANUAL,,"37,611",1st,Pune,"9,17,599"
135,2018,Nissan,Nissan Micra XL CVT (PETROL),Petrol,AUTOMATIC,,"14,728",1st,Pune,"5,99,799"
136,2017,Hyundai,Hyundai Elite i20 ASTA 1.2 (O),Petrol,MANUAL,,"75,665",3rd,Pune,"5,87,899"
137,2015,Hyundai,Hyundai Grand i10 ASTA 1.2 KAPPA VTVT,Petrol,MANUAL,,"71,770",1st,Pune,"5,01,499"
138,2020,KIA,KIA SELTOS 1.5 GTX+ AT,Diesel,AUTOMATIC,,"8,089",1st,Pune,"18,82,399"
139,2019,Honda,Honda Amaze 1.2 SMT I VTEC,Petrol,MANUAL,,"27,054",2nd,Pune,"6,71,599"
140,2019,Hyundai,Hyundai Elite i20 1.2 MAGNA PLUS VTVT,Petrol,MANUAL,,"22,144",1st,Pune,"6,84,299"
141,2016,Hyundai,Hyundai Grand i10 SPORTZ 1.2 KAPPA VTVT,Petrol,MANUAL,,"24,964",2nd,Pune,"5,32,999"
142,2021,Maruti,Maruti S PRESSO VXI CNG,Petrol,MANUAL,,"15,094",1st,Pune,"5,64,499"
143,2020,Hyundai,Hyundai NEW SANTRO 1.1 MAGNA CNG MT,Petrol,MANUAL,,"24,669",1st,Pune,"6,44,199"
144,2021,MG,MG HECTOR SHARP DCT PETROL,Petrol,AUTOMATIC,,"12,414",1st,Pune,"17,61,199"
145,2016,Ford,Ford Ecosport 1.5TITANIUM TDCI,Diesel,MANUAL,,"72,622",2nd,Pune,"7,04,699"
146,2016,Hyundai,Hyundai Elite i20 ASTA 1.2 (O),Petrol,MANUAL,,"53,679",2nd,Pune,"5,96,999"
147,2020,Honda,Honda Amaze 1.2 SMT I VTEC,Petrol,MANUAL,,"12,744",2nd,Pune,"6,87,399"
148,2019,Jeep,Jeep Compass 1.4 SPORT PETROL,Petrol,MANUAL,,"27,422",1st,Pune,"12,92,899"
149,2015,Hyundai,Hyundai Xcent S 1.2,Petrol,MANUAL,,"44,847",1st,Pune,"4,82,649"
150,2020,Hyundai,Hyundai VENUE 1.0L Turbo GDI SX MT,Petrol,MANUAL,,"18,055",1st,Pune,"10,01,299"
151,2020,Maruti,Maruti Vitara Brezza ZXI,Petrol,MANUAL,,"27,742",1st,Pune,"9,08,499"
152,2019,Hyundai,Hyundai Grand i10 MAGNA 1.2 KAPPA VTVT,Petrol,MANUAL,,"32,505",1st,Pune,"5,31,799"
153,2019,Ford,Ford Ecosport 1.5 TITANIUM PLUS TI VCT AT,Petrol,AUTOMATIC,,"51,817",1st,Pune,"8,98,999"
154,2013,Maruti,Maruti Wagon R 1.0 LXI CNG,Petrol,MANUAL,,"84,076",1st,Pune,"3,97,699"
155,2017,Hyundai,Hyundai Grand i10 SPORTZ 1.2 KAPPA VTVT,Petrol,MANUAL,,"24,483",1st,Pune,"4,99,199"
156,2016,Volkswagen,Volkswagen Ameo COMFORTLINE 1.2,Petrol,MANUAL,,"67,818",1st,Pune,"4,79,699"
157,2019,Hyundai,Hyundai Elite i20 1.2 SPORTS PLUS VTVT,Petrol,MANUAL,,"13,450",1st,Pune,"7,65,299"
158,2019,Tata,Tata NEXON XZA+ 1.5,Diesel,AUTOMATIC,,"13,462",1st,Pune,"10,10,699"
159,2014,Hyundai,Hyundai Grand i10 SPORTZ 1.2 KAPPA VTVT,Petrol,MANUAL,,"56,412",2nd,Pune,"4,45,899"
160,2019,Hyundai,Hyundai Verna 1.6 SX VTVT (O),Petrol,MANUAL,,"65,697",1st,Pune,"9,65,399"
161,2016,Maruti,Maruti Baleno DELTA 1.2 K12,Petrol,MANUAL,,"48,245",2nd,Pune,"5,63,799"
162,2019,Hyundai,Hyundai Elite i20 1.2 SPORTS PLUS VTVT,Petrol,MANUAL,,"37,340",1st,Pune,"7,33,699"
163,2015,Ford,Ford Ecosport 1.5 TITANIUM TI VCT AT,Petrol,AUTOMATIC,,"72,902",2nd,Pune,"6,26,299"
164,2019,Honda,Honda Amaze 1.2 SMT I VTEC,Petrol,MANUAL,,"17,156",1st,Pune,"6,90,899"
165,2015,Maruti,Maruti Wagon R 1.0 VXI,Petrol,MANUAL,,"26,557",1st,Pune,"4,05,299"
166,2017,Datsun,Datsun Redi Go T (O),Petrol,MANUAL,,"18,354",1st,Pune,"2,84,899"
167,2016,Hyundai,Hyundai Creta 1.6 SX PLUS AUTO PETROL,Petrol,AUTOMATIC,,"67,947",2nd,Pune,"10,53,699"
168,2018,Maruti,Maruti Dzire VXI,Petrol,MANUAL,,"52,860",2nd,Pune,"5,98,299"
169,2018,Hyundai,Hyundai Verna 1.6 SX VTVT,Petrol,MANUAL,,"24,832",1st,Pune,"8,87,499"
170,2017,Maruti,Maruti Wagon R 1.0 VXI,Petrol,MANUAL,,"38,067",1st,Pune,"4,46,999"
171,2020,MG,MG HECTOR SHARP DCT PETROL,Petrol,AUTOMATIC,,"12,538",1st,Pune,"15,71,899"
172,2019,Maruti,Maruti Baleno ZETA 1.2 K12,Petrol,MANUAL,,"6,617",1st,Pune,"7,41,699"
173,2013,Mahindra,Mahindra XUV500 W8 FWD,Diesel,MANUAL,,"89,563",2nd,Pune,"7,07,099"
174,2019,Hyundai,Hyundai Elite i20 1.2 SPORTS PLUS VTVT,Petrol,MANUAL,,"31,389",1st,Pune,"7,34,199"
175,2016,Nissan,Nissan Micra XL CVT (PETROL),Petrol,AUTOMATIC,,"51,445",1st,Pune,"5,32,399"
176,2019,KIA,KIA SELTOS GTX + AT PETROL,Petrol,AUTOMATIC,,"32,580",1st,Pune,"16,67,499"
177,2021,MG,MG HECTOR PLUS SHARP HYBRID PETROL,Petrol,MANUAL,,"9,601",1st,Pune,"18,21,599"
178,2019,Maruti,Maruti XL6 ALPHA SHVS  MT,Petrol,MANUAL,,"32,460",2nd,Pune,"10,90,099"
179,2017,Hyundai,Hyundai Grand i10 MAGNA 1.2 KAPPA VTVT,Petrol,MANUAL,,"79,073",1st,Pune,"4,88,499"
180,2018,Datsun,Datsun Redi Go 1.0 S AT,Petrol,AUTOMATIC,,"15,071",1st,Pune,"3,72,299"
181,2020,Tata,Tata ALTROZ XZ 1.2,Petrol,MANUAL,,"13,825",1st,Pune,"8,36,699"
182,2019,Honda,Honda Civic 1.8V AT,Petrol,AUTOMATIC,,"6,016",2nd,Pune,"14,92,899"
183,2018,Tata,Tata NEXON XZA+ 1.5,Diesel,AUTOMATIC,,"13,704",2nd,Pune,"10,27,299"
184,2017,Hyundai,Hyundai Grand i10 ASTA 1.2 (O) VTVT,Petrol,MANUAL,,"33,807",2nd,Pune,"5,08,299"
185,2019,Hyundai,Hyundai Elite i20 1.2  ASTA (O) CVT,Petrol,AUTOMATIC,,"10,721",1st,Pune,"9,42,399"
186,2019,Honda,Honda Amaze 1.2 VXMT I VTEC,Petrol,MANUAL,,"9,512",1st,Pune,"7,83,299"
187,2016,Hyundai,Hyundai Creta 1.6 SX PLUS AUTO PETROL,Petrol,AUTOMATIC,,"67,988",1st,Pune,"10,20,099"
188,2017,Hyundai,Hyundai Elite i20 Magna Executive 1.2,Petrol,MANUAL,,"53,045",1st,Pune,"5,49,799"
189,2017,Hyundai,Hyundai Grand i10 SPORTZ 1.2 KAPPA VTVT,Petrol,MANUAL,,"79,006",1st,Pune,"4,91,399"
190,2021,Maruti,Maruti S Cross ZETA SHVS PETROL,Petrol,MANUAL,,"6,608",1st,Pune,"10,47,399"
191,2018,Hyundai,Hyundai NEW SANTRO SPORTZ 1.1,Petrol,MANUAL,,"29,675",1st,Pune,"4,64,699"
192,2018,Hyundai,Hyundai Verna 1.6 SX VTVT,Petrol,MANUAL,,"8,444",1st,Pune,"9,28,799"
193,2021,Honda,Honda Jazz 1.2 ZX MT,Petrol,MANUAL,,"5,681",1st,Pune,"9,66,899"
194,2018,Honda,Honda Jazz 1.2 V MT,Petrol,MANUAL,,"26,799",1st,Pune,"6,62,899"
195,2017,Hyundai,Hyundai Creta 1.6 CRDI SX PLUS AUTO,Diesel,AUTOMATIC,,"26,304",1st,Pune,"12,55,999"
196,2021,Maruti,Maruti Alto VXI,Petrol,MANUAL,,"7,285",1st,Pune,"4,70,799"
197,2020,MG,MG HECTOR PLUS SHARP,Petrol,DCT,,"11,086",1st,Pune,"18,79,099"
198,2019,Maruti,Maruti Vitara Brezza ZDI PLUS,Diesel,MANUAL,,"57,959",1st,Pune,"9,57,099"
199,2018,Maruti,Maruti Vitara Brezza ZDI PLUS DUAL TONE,Diesel,MANUAL,,"21,636",1st,Pune,"9,28,699"
200,2021,Toyota,Toyota Glanza G MT PETROL,Petrol,MANUAL,,"4,729",1st,Pune,"8,17,599"
201,2019,MG,MG HECTOR SHARP DCT PETROL,Petrol,AUTOMATIC,,"13,636",2nd,Pune,"15,17,399"
202,2018,Jeep,Jeep Compass 2.0 LIMITED,Diesel,MANUAL,,"43,502",2nd,Pune,"14,74,024"
203,2019,KIA,KIA SELTOS HTX AT PETROL,Petrol,AUTOMATIC,,"47,320",1st,Pune,"13,57,299"
204,2019,Ford,Ford Ecosport 1.5 TITANIUM TI VCT,Petrol,MANUAL,,"13,692",1st,Pune,"9,39,599"
205,2017,Maruti,Maruti Alto 800 LXI,Petrol,MANUAL,,"40,987",2nd,Pune,"3,21,999"
206,2020,Honda,Honda City ZX CVT,Petrol,AUTOMATIC,,"20,007",1st,Pune,"14,27,299"
207,2016,Hyundai,Hyundai Grand i10 SPORTZ 1.2 KAPPA VTVT,Petrol,MANUAL,,"47,095",1st,Pune,"5,29,099"
208,2014,Maruti,Maruti Wagon R 1.0 VXI,Petrol,MANUAL,,"87,730",1st,Pune,"3,49,199"
209,2016,Toyota,Toyota Corolla Altis  VL AT,Petrol,AUTOMATIC,,"41,860",1st,Pune,"10,25,299"
210,2019,MG,MG HECTOR SHARP DCT PETROL,Petrol,AUTOMATIC,,"16,215",1st,Pune,"17,92,199"
211,2021,Toyota,Toyota Glanza G MT PETROL,Petrol,MANUAL,,"16,222",1st,Pune,"8,17,599"
212,2016,Maruti,Maruti Alto K10 VXI AMT,Petrol,AUTOMATIC,,"24,451",1st,Pune,"3,77,699"
213,2018,Hyundai,Hyundai NEW SANTRO 1.1 SPORTS AMT,Petrol,AUTOMATIC,,"12,203",1st,Pune,"5,37,199"
214,2017,Maruti,Maruti Baleno DELTA 1.2 K12,Petrol,MANUAL,,"33,898",2nd,Pune,"5,97,999"
215,2017,Hyundai,Hyundai Grand i10 SPORTZ 1.2 KAPPA VTVT,Petrol,MANUAL,,"17,670",1st,Pune,"5,31,199"
216,2017,Maruti,Maruti Alto 800 LXI,Petrol,MANUAL,,"18,807",1st,Pune,"3,21,999"
217,2018,Maruti,Maruti Dzire VXI,Petrol,MANUAL,,"30,822",1st,Pune,"6,57,899"
218,2018,Maruti,Maruti Alto 800 LXI OPT,Petrol,MANUAL,,"37,558",1st,Pune,"3,52,899"
219,2018,Maruti,Maruti IGNIS ZETA 1.2 K12 AMT,Petrol,AUTOMATIC,,"39,736",1st,Pune,"6,15,399"
220,2020,MG,MG HECTOR SHARP DCT PETROL,Petrol,AUTOMATIC,,"22,690",1st,Pune,"16,64,599"
221,2018,Maruti,Maruti IGNIS DELTA 1.2 K12,Petrol,MANUAL,,"33,120",1st,Pune,"5,01,799"
222,2017,Jeep,Jeep Compass LIMITED (O) 2.0 4*4,Diesel,MANUAL,,"61,090",2nd,Pune,"12,89,799"
223,2016,Hyundai,Hyundai Creta 1.6 SX PLUS AUTO PETROL,Petrol,AUTOMATIC,,"88,269",1st,Pune,"9,92,499"
224,2016,Maruti,Maruti Baleno ALPHA 1.2 K12,Petrol,MANUAL,,"54,512",1st,Pune,"5,62,099"
225,2019,Hyundai,Hyundai Verna 1.6 SX VTVT (O),Petrol,MANUAL,,"16,012",1st,Pune,"9,90,099"
226,2016,Maruti,Maruti Alto K10 VXI,Petrol,MANUAL,,"28,674",1st,Pune,"3,96,499"
227,2016,Maruti,Maruti Baleno ZETA 1.2 K12 AMT,Petrol,AUTOMATIC,,"66,971",1st,Pune,"5,64,999"
228,2020,KIA,KIA SELTOS 1.5 GTX+ AT,Diesel,AUTOMATIC,,"27,208",1st,Pune,"17,87,099"
229,2015,Honda,Honda City VX MT PETROL,Petrol,MANUAL,,"1,29,866",1st,Pune,"6,01,799"
230,2019,Honda,Honda Amaze 1.2 S CVT I VTEC,Petrol,AUTOMATIC,,"23,324",1st,Pune,"7,85,599"
231,2017,Honda,Honda City V MT PETROL,Petrol,MANUAL,,"25,460",2nd,Pune,"7,89,799"
232,2020,Tata,Tata ALTROZ XZ 1.2,Petrol,MANUAL,,"20,748",1st,Pune,"8,10,799"
233,2018,Hyundai,Hyundai Elite i20 ASTA 1.2,Petrol,MANUAL,,"31,118",1st,Pune,"7,06,999"
234,2018,Maruti,Maruti S Cross ZETA 1.3 SHVS,Diesel,MANUAL,,"44,871",1st,Pune,"9,05,249"
235,2017,Hyundai,Hyundai Creta 1.6 CRDI SX PLUS AUTO,Diesel,AUTOMATIC,,"67,677",2nd,Pune,"11,54,199"
236,2020,Skoda,Skoda Rapid 1.0 AMBITION TSI AT,Petrol,AUTOMATIC,,"7,024",2nd,Pune,"11,82,599"
237,2018,Tata,Tata NEXON XZA+ 1.5 Dual Tone,Diesel,AUTOMATIC,,"49,740",1st,Pune,"9,40,299"
238,2019,Hyundai,Hyundai VENUE 1.0L Turbo GDI SX MT,Petrol,MANUAL,,"53,222",1st,Pune,"9,28,299"
239,2017,Hyundai,Hyundai Creta 1.6 SX PLUS AUTO PETROL,Petrol,AUTOMATIC,,"48,210",1st,Pune,"10,57,549"
240,2017,Hyundai,Hyundai Grand i10 SPORTZ 1.2 KAPPA VTVT,Petrol,MANUAL,,"40,170",1st,Pune,"4,78,899"
241,2019,MG,MG HECTOR SHARP DCT PETROL,Petrol,AUTOMATIC,,"37,518",1st,Pune,"17,31,299"
242,2018,Hyundai,Hyundai Elite i20 ASTA 1.2 AT,Petrol,AUTOMATIC,,"65,422",1st,Pune,"6,97,299"
243,2020,MG,MG HECTOR SHARP DCT PETROL,Petrol,AUTOMATIC,,"25,073",1st,Pune,"16,52,999"
244,2019,Honda,Honda Amaze 1.2 V CVT I VTEC,Petrol,AUTOMATIC,,"21,089",1st,Pune,"7,70,499"
245,2021,Maruti,Maruti S Cross ZETA SHVS PETROL,Petrol,MANUAL,,"8,405",1st,Pune,"10,32,999"
246,2017,Tata,Tata Hexa Varicor 400 XTA,Diesel,AUTOMATIC,,"44,450",1st,Pune,"13,27,999"
247,2016,Skoda,Skoda Superb 1.8 TSI LK AT,Petrol,AUTOMATIC,,"24,103",1st,Pune,"15,98,999"
248,2018,Tata,Tata Hexa Varicor 400 XTA,Diesel,AUTOMATIC,,"35,283",1st,Pune,"15,00,299"
249,2018,Hyundai,Hyundai Creta 1.6 CRDI SX PLUS AUTO,Diesel,AUTOMATIC,,"74,955",2nd,Pune,"12,44,899"
250,2018,Tata,Tata Hexa Varicor 400 XTA,Diesel,AUTOMATIC,,"26,550",1st,Pune,"14,89,299"
251,2019,MG,MG HECTOR SHARP DCT PETROL,Petrol,AUTOMATIC,,"32,005",1st,Pune,"17,16,199"
252,2018,Honda,Honda City ZX CVT,Petrol,AUTOMATIC,,"26,379",2nd,Pune,"10,73,499"
253,2018,Hyundai,Hyundai Creta 1.6 SX CRDI,Diesel,MANUAL,,"99,890",1st,Pune,"11,38,399"
254,2018,Maruti,Maruti S Cross ZETA 1.3 SHVS,Diesel,MANUAL,,"50,204",2nd,Pune,"8,17,199"
255,2016,Maruti,Maruti Alto K10 VXI,Petrol,MANUAL,,"47,958",2nd,Pune,"3,73,599"
256,2017,Maruti,Maruti Wagon R 1.0 VXI,Petrol,MANUAL,,"25,000",1st,Pune,"4,52,899"
257,2017,Maruti,Maruti Vitara Brezza ZDI PLUS,Diesel,MANUAL,,"80,232",1st,Pune,"8,96,299"
258,2020,MG,MG HECTOR SHARP DCT PETROL,Petrol,AUTOMATIC,,"23,303",1st,Pune,"17,02,599"
259,2018,Toyota,Toyota YARIS VX CVT,Petrol,AUTOMATIC,,"20,544",1st,Pune,"9,48,999"
260,2018,Maruti,Maruti Alto K10 VXI (O) AMT,Petrol,AUTOMATIC,,"31,409",1st,Pune,"4,46,099"
261,2018,Maruti,Maruti Dzire VXI,Petrol,MANUAL,,"13,019",1st,Pune,"6,99,099"
262,2019,Maruti,Maruti Baleno DELTA 1.2 K12,Petrol,MANUAL,,"16,164",1st,Pune,"7,14,299"
263,2021,Maruti,Maruti Baleno ZETA 1.2 K12 CVT,Petrol,AUTOMATIC,,"8,239",1st,Pune,"8,89,999"
264,2018,Maruti,Maruti S Cross ZETA 1.3,Diesel,SHVS,,"58,633",2nd,Pune,"7,93,899"
265,2017,Maruti,Maruti Baleno DELTA 1.2 K12,Petrol,MANUAL,,"50,905",2nd,Pune,"5,96,999"
266,2018,Honda,Honda City V CVT,Petrol,AUTOMATIC,,"13,628",1st,Pune,"10,74,099"
267,2020,Toyota,Toyota Glanza G CVT,Petrol,AUTOMATIC,,"7,300",1st,Pune,"8,91,299"
268,2018,Hyundai,Hyundai Creta 1.6 VTVT SX AUTO,Petrol,AUTOMATIC,,"69,923",1st,Pune,"12,03,599"
269,2020,Hyundai,Hyundai VENUE 1.0 TURBO GDI SX+ AT,Petrol,AUTOMATIC,,"20,638",1st,Pune,"12,06,799"
270,2017,Hyundai,Hyundai Creta 1.6 CRDI SX PLUS AUTO,Diesel,AUTOMATIC,,"94,962",1st,Pune,"12,08,699"
271,2019,Maruti,Maruti Baleno DELTA 1.2 K12,Petrol,MANUAL,,"25,782",1st,Pune,"6,93,699"
272,2020,Honda,Honda City ZX CVT,Petrol,AUTOMATIC,,"11,370",1st,Pune,"14,71,399"
273,2018,Honda,Honda City VX CVT PETROL,Petrol,AUTOMATIC,,"46,163",1st,Pune,"10,56,999"
274,2018,Maruti,Maruti Vitara Brezza ZDI + AMT,Diesel,AUTOMATIC,,"89,872",1st,Pune,"9,71,899"
275,2017,Hyundai,Hyundai New Elantra 1.6 SX AT O,Diesel,AUTOMATIC,,"66,152",3rd,Pune,"12,39,499"
276,2018,Tata,Tata NEXON XZA+ 1.5,Diesel,AUTOMATIC,,"42,283",1st,Pune,"10,43,599"
277,2020,Skoda,Skoda Rapid 1.0 AMBITION TSI AT,Petrol,AUTOMATIC,,"9,553",1st,Pune,"12,08,299"
278,2020,Maruti,Maruti S PRESSO VXI (O) CNG,Petrol,MANUAL,,"53,665",1st,Pune,"5,35,799"
279,2017,Jeep,Jeep Compass 2.0 LIMITED,Diesel,MANUAL,,"70,864",2nd,Pune,"11,79,349"
280,2019,Maruti,Maruti Alto K10 VXI,Petrol,MANUAL,,"16,116",1st,Pune,"4,19,099"
281,2017,Maruti,Maruti IGNIS DELTA 1.2 K12 AMT,Petrol,AUTOMATIC,,"23,321",1st,Pune,"5,82,499"
282,2017,Hyundai,Hyundai Elite i20 ASTA 1.2 (O),Petrol,MANUAL,,"35,292",1st,Pune,"7,28,699"
283,2019,Maruti,Maruti IGNIS DELTA 1.2 K12,Petrol,MANUAL,,"8,284",1st,Pune,"5,07,599"
284,2019,Maruti,Maruti Wagon R 1.0 LXI CNG,Petrol,MANUAL,,"8,746",1st,Pune,"5,26,699"
285,2019,Tata,Tata NEXON XZA + 1.2 PETROL A/T,Petrol,AUTOMATIC,,"8,131",1st,Pune,"10,02,299"
286,2018,Maruti,Maruti IGNIS DELTA 1.2 K12,Petrol,MANUAL,,"37,431",1st,Pune,"5,34,099"
287,2019,Maruti,Maruti S Cross ALPHA SHVS,Diesel,MANUAL,,"24,370",1st,Pune,"10,43,099"
288,2020,KIA,KIA SELTOS 1.4 GTX+ TURBO GDI PETROL AT,Petrol,AUTOMATIC,,"28,717",1st,Pune,"18,68,899"
289,2019,Maruti,Maruti S Cross ALPHA SHVS,Diesel,MANUAL,,"24,842",1st,Pune,"10,31,499"
290,2018,Maruti,Maruti Ciaz ZETA 1.4 VVT AMT,Petrol,AUTOMATIC,,"39,825",1st,Pune,"8,25,799"
291,2018,Hyundai,Hyundai Creta 1.6 SX PLUS AUTO PETROL,Petrol,AUTOMATIC,,"48,817",1st,Pune,"12,05,599"
292,2020,Toyota,Toyota YARIS J CVT,Petrol,AUTOMATIC,,"11,874",1st,Pune,"9,50,699"
293,2018,Mahindra,Mahindra MARAZZO M8 7 STR,Diesel,MANUAL,,"31,320",1st,Pune,"10,13,899"
294,2017,Hyundai,Hyundai Elite i20 MAGNA 1.4 AT,Petrol,AUTOMATIC,,"15,446",1st,Pune,"7,83,199"
295,2018,Maruti,Maruti Baleno ALPHA 1.2K12  AT,Petrol,AUTOMATIC,,"8,721",1st,Pune,"7,85,699"
296,2018,Tata,Tata Hexa Varicor 400 XT,Diesel,MANUAL,,"91,953",1st,Pune,"9,90,599"
297,2018,Maruti,Maruti Wagon R 1.0 LXI CNG,Petrol,MANUAL,,"55,961",1st,Pune,"4,82,199"
298,2017,Maruti,Maruti S Cross ZETA SHVS,Diesel,MANUAL,,"63,197",2nd,Pune,"9,49,199"
299,2019,Toyota,Toyota Glanza G CVT,Petrol,AUTOMATIC,,"23,595",2nd,Pune,"8,42,399"
300,2018,Honda,Honda WR-V 1.2 i-VTEC VX MT,Petrol,MANUAL,,"16,198",1st,Pune,"7,78,299"
301,2020,Toyota,Toyota Glanza G CVT,Petrol,AUTOMATIC,,"41,756",1st,Pune,"8,87,199"
302,2017,Toyota,Toyota Camry HYBRID,Petrol,AUTOMATIC,,"70,137",1st,Pune,"17,23,399"
303,2019,Toyota,Toyota YARIS VX CVT,Petrol,AUTOMATIC,,"60,520",1st,Pune,"9,99,599"
304,2018,Toyota,Toyota YARIS VX CVT,Petrol,AUTOMATIC,,"52,925",1st,Pune,"9,94,199"
305,2019,Jeep,Jeep Compass 1.4  LONGITUDE (O) AT,Petrol,AUTOMATIC,,"30,552",1st,Pune,"20,11,699"
306,2018,Toyota,Toyota YARIS J MT,Petrol,MANUAL,,"28,635",1st,Pune,"8,56,999"
307,2021,Maruti,Maruti IGNIS ALPHA 1.2 K12 AMT,Petrol,AUTOMATIC,,"21,927",1st,Pune,"7,99,699"
308,2017,Honda,Honda BR-V 1.5 i-VTEC V CVT,Petrol,AUTOMATIC,,"68,846",1st,Pune,"7,91,399"
309,2019,Toyota,Toyota YARIS J MT,Petrol,MANUAL,,"49,120",1st,Pune,"8,03,399"
310,2017,Volkswagen,Volkswagen Ameo HIGHLINE DSG 1.5,Diesel,AUTOMATIC,,"63,984",2nd,Pune,"7,20,599"
311,2017,Honda,Honda City VX CVT PETROL,Petrol,AUTOMATIC,,"24,738",2nd,Pune,"8,77,199"
312,2018,Tata,Tata NEXON XZA + 1.2 PETROL A/T,Petrol,AUTOMATIC,,"49,765",1st,Pune,"8,72,399"
313,2018,Tata,Tata NEXON XZA+ 1.5,Diesel,AUTOMATIC,,"80,038",1st,Pune,"8,66,299"
314,2019,Mahindra,Mahindra MARAZZO M8 7 STR,Diesel,MANUAL,,"49,956",1st,Pune,"12,24,499"
315,2017,Maruti,Maruti S Cross ZETA SHVS,Diesel,MANUAL,,"58,879",1st,Pune,"8,48,699"
316,2021,Toyota,Toyota Glanza V CVT,Petrol,AUTOMATIC,,"40,730",1st,Pune,"10,02,499"
317,2017,Maruti,Maruti S Cross ZETA SHVS,Diesel,MANUAL,,"60,034",1st,Pune,"8,74,299"
318,2020,Jeep,Jeep Compass 1.4 LIMITED PLUS AT,Petrol,AUTOMATIC,,"52,301",1st,Pune,"19,88,699"
319,2017,Maruti,Maruti S Cross ZETA SHVS,Diesel,MANUAL,,"69,708",1st,Pune,"8,57,899"
320,2017,Honda,Honda WR-V 1.2 i-VTEC VX MT,Petrol,MANUAL,,"1,00,527",1st,Pune,"6,24,299"
321,2018,Hyundai,Hyundai Tucson New 2WD AT GL DIESEL,Diesel,AUTOMATIC,,"51,261",2nd,Pune,"18,98,699"
322,2017,Hyundai,Hyundai Tucson New 4WD AT GLS DIESEL,Diesel,AUTOMATIC,,"72,722",1st,Pune,"18,77,599"
323,2016,Maruti,Maruti Swift Dzire VXI 1.2 BS IV,Petrol,MANUAL,,"1,85,614",1st,Pune,"4,75,999"
324,2015,Hyundai,Hyundai Grand i10 ASTA 1.2 KAPPA VTVT,Petrol,MANUAL,,"63,203",3rd,Pune,"3,78,999"
325,2019,Maruti,Maruti Ertiga ZXI Plus SHVS,Petrol,MANUAL,,"20,390",2nd,Pune,"10,07,099"
326,2016,Maruti,Maruti Swift VXI,Petrol,MANUAL,,"14,907",2nd,Pune,"5,04,399"
327,2016,Maruti,Maruti Baleno DELTA 1.2 K12,Petrol,MANUAL,,"28,528",2nd,Pune,"5,29,799"
328,2019,Skoda,Skoda Rapid 1.6 MPI MT ACTIVE,Petrol,MANUAL,,"10,435",1st,Pune,"7,71,899"
329,2011,Maruti,Maruti Alto LXI,Petrol,MANUAL,,"49,076",1st,Pune,"2,06,699"
330,2011,Mercedes,Mercedes Benz C Class 	250 CDI ELEGANCE AT,Diesel,AUTOMATIC,,"43,879",2nd,Pune,"8,45,699"
331,2018,Volkswagen,Volkswagen Polo COMFORTLINE 1.0 PETROL,Petrol,MANUAL,,"22,051",1st,Pune,"5,90,799"
332,2018,Maruti,Maruti Swift VDI,Diesel,MANUAL,,"15,305",2nd,Pune,"6,71,899"
333,2021,Renault,Renault Kwid Neotech Edition 0.8L MT,Petrol,MANUAL,,"17,259",1st,Pune,"4,42,699"
334,2012,Hyundai,Hyundai i20 MAGNA O 1.2,Petrol,MANUAL,,"56,758",2nd,Pune,"3,41,799"
335,2020,Maruti,Maruti Celerio ZXI,Petrol,MANUAL,,"28,399",1st,Pune,"4,98,499"
336,2013,Mahindra,Mahindra XUV500 W6 4X2,Diesel,MANUAL,,"61,648",1st,Pune,"6,93,599"
337,2015,Maruti,Maruti Wagon R 1.0 VXI,Petrol,MANUAL,,"56,006",1st,Pune,"3,23,399"
338,2016,Volkswagen,Volkswagen Polo GT TSI 1.2 PETROL AT,Petrol,AUTOMATIC,,"79,218",2nd,Pune,"6,20,399"
339,2019,Hyundai,Hyundai Creta 1.4 E PLUS CRDI,Diesel,MANUAL,,"43,976",1st,Pune,"10,57,899"
340,2012,Maruti,Maruti Alto K10 VXI,Petrol,MANUAL,,"50,199",2nd,Pune,"2,40,499"
341,2016,Maruti,Maruti Celerio VXI CNG,Petrol,MANUAL,,"60,637",2nd,Pune,"4,75,399"
342,2013,Hyundai,Hyundai i20 MAGNA O 1.2,Petrol,MANUAL,,"63,658",2nd,Pune,"3,72,399"
343,2019,MG,MG HECTOR SHARP DCT PETROL,Petrol,AUTOMATIC,,"6,678",1st,Pune,"15,64,999"
344,2017,Ford,Ford Ecosport 1.5 TITANIUM TI VCT AT,Petrol,AUTOMATIC,,"23,784",2nd,Pune,"6,97,999"
345,2016,Renault,Renault Duster RXZ AMT 110 PS,Diesel,AUTOMATIC,,"64,992",1st,Pune,"7,11,499"
346,2017,Maruti,Maruti Alto 800 LXI,Petrol,MANUAL,,"47,587",1st,Pune,"3,19,999"
347,2014,Hyundai,Hyundai Xcent S 1.2,Petrol,MANUAL,,"40,284",1st,Pune,"4,64,399"
348,2018,Maruti,Maruti Swift VXI AMT,Petrol,AUTOMATIC,,"23,114",1st,Pune,"6,40,299"
349,2012,Maruti,Maruti Wagon R 1.0 VXI,Petrol,MANUAL,,"25,674",2nd,Pune,"3,36,999"
350,2015,Maruti,Maruti Ciaz VXI PLUS,Petrol,MANUAL,,"73,292",1st,Pune,"5,43,599"
351,2020,Renault,Renault TRIBER 1.0 RXZ,Petrol,MANUAL,,"16,090",1st,Pune,"6,66,899"
352,2020,Maruti,Maruti Alto LXI,Petrol,MANUAL,,"2,542",1st,Pune,"3,49,309"
353,2015,Hyundai,Hyundai Grand i10 SPORTZ 1.2 KAPPA VTVT,Petrol,MANUAL,,"30,384",1st,Pune,"4,62,499"
354,2018,Hyundai,Hyundai Verna EX 1.6 VTVT AT,Petrol,AUTOMATIC,,"14,372",2nd,Pune,"8,00,799"
355,2015,Renault,Renault Duster 85 PS RXE,Diesel,MANUAL,,"1,72,902",1st,Pune,"3,97,999"
356,2016,Maruti,Maruti Baleno DELTA 1.2 K12,Petrol,MANUAL,,"17,723",1st,Pune,"5,30,099"
357,2018,Maruti,Maruti Vitara Brezza ZDI PLUS,Diesel,MANUAL,,"29,229",1st,Pune,"8,98,999"
358,2017,Maruti,Maruti Dzire VDI AMT,Diesel,AUTOMATIC,,"48,707",2nd,Pune,"6,37,399"
359,2019,Hyundai,Hyundai VENUE SX(O) CRDi,Diesel,MANUAL,,"30,521",1st,Pune,"10,55,099"
360,2016,Volkswagen,Volkswagen Ameo HIGHLINE 1.2,Petrol,MANUAL,,"23,937",1st,Pune,"5,01,799"
361,2018,Hyundai,Hyundai Verna 1.6 SX VTVT (O),Petrol,MANUAL,,"45,513",1st,Pune,"7,82,999"
362,2020,Tata,Tata NEXON XZ+ 1.5,Diesel,MANUAL,,"22,185",1st,Pune,"10,30,399"
363,2017,Skoda,Skoda Rapid 1.5 TDI AT STYLE PLUS,Diesel,AUTOMATIC,,"92,419",1st,Pune,"5,96,099"
364,2017,Jeep,Jeep Compass 2.0 LONGITUDE (O),Diesel,MANUAL,,"54,078",1st,Pune,"13,00,499"
365,2016,Maruti,Maruti Vitara Brezza VDI OPT,Diesel,MANUAL,,"1,57,720",1st,Pune,"6,39,599"
366,2018,Maruti,Maruti Alto 800 LXI,Petrol,MANUAL,,"76,234",1st,Pune,"3,16,599"
367,2018,Maruti,Maruti S Cross SIGMA SHVS,Diesel,MANUAL,,"51,070",1st,Pune,"7,82,599"
368,2015,Maruti,Maruti Wagon R 1.0 LXI CNG,Petrol,MANUAL,,"73,408",1st,Pune,"3,87,599"
369,2017,Maruti,Maruti Vitara Brezza ZDI,Diesel,MANUAL,,"28,851",1st,Pune,"7,82,499"
370,2013,Maruti,Maruti Alto 800 LXI,Petrol,MANUAL,,"19,238",3rd,Pune,"2,31,399"
371,2018,Maruti,Maruti Alto 800 LXI,Petrol,MANUAL,,"41,442",1st,Pune,"3,50,599"
372,2016,Hyundai,Hyundai Grand i10 SPORTZ 1.2 KAPPA VTVT,Petrol,MANUAL,,"50,477",1st,Pune,"5,03,699"
373,2018,Honda,Honda WR-V 1.5 i-DTEC VX MT,Diesel,MANUAL,,"37,571",1st,Pune,"8,44,199"
374,2020,Toyota,Toyota Glanza G CVT,Petrol,AUTOMATIC,,"13,766",1st,Pune,"8,52,099"
