,Year,Brand,Model,Fuel Type,Transmission,Engine Capacity,Kms Driven,No. of Owners,Location,Price
0,2020,Maruti,Maruti Swift VXI,Petrol,MANUAL,,"7,112",2nd,Mumbai,"6,69,799"
1,2020,Maruti,Maruti Swift VXI,Petrol,MANUAL,,"18,941",1st,Mumbai,"6,58,299"
2,2021,Maruti,Maruti Vitara Brezza LXI,Petrol,MANUAL,,"5,091",1st,Mumbai,"8,53,599"
3,2017,Maruti,Maruti Swift VXI,Petrol,MANUAL,,"28,030",1st,Mumbai,"4,75,899"
4,2016,Maruti,Maruti Swift VXI,Petrol,MANUAL,,"27,645",1st,Mumbai,"4,50,499"
5,2014,Maruti,Maruti Swift VXI,Petrol,MANUAL,,"39,653",1st,Mumbai,"4,42,399"
6,2019,Maruti,Maruti Ertiga ZXI SMART HYBRID AT,Petrol,AUTOMATIC,,"46,059",1st,Mumbai,"10,43,599"
7,2019,Renault,Renault Kwid RXL,Petrol,MANUAL,,"6,029",1st,Mumbai,"4,27,599"
8,2019,Maruti,Maruti Swift ZXI AMT,Petrol,AUTOMATIC,,"15,445",2nd,Mumbai,"6,69,799"
9,2018,Renault,Renault Kwid RXT,Petrol,MANUAL,,"9,943",1st,Mumbai,"3,48,199"
10,2021,Nissan,Nissan MAGNITE XV PREMIUM MT DUAL,Petrol,TONE,,"30,723",1st,Mumbai,"8,11,549"
11,2014,Maruti,Maruti Wagon R 1.0 LXI,Petrol,MANUAL,,"13,900",1st,Mumbai,"3,38,799"
12,2019,Maruti,Maruti Swift ZXI,Petrol,MANUAL,,"30,117",1st,Mumbai,"6,83,699"
13,2012,BMW,BMW 3 Series 320D,Diesel,AUTOMATIC,,"77,546",1st,Mumbai,"8,59,499"
14,2019,Maruti,Maruti Swift VXI,Petrol,MANUAL,,"16,839",1st,Mumbai,"6,66,699"
15,2012,Hyundai,Hyundai i20 SPORTZ 1.2 VTVT,Petrol,MANUAL,,"38,917",1st,Mumbai,"3,79,199"
16,2022,Maruti,Maruti Celerio VXI CNG,Petrol,MANUAL,,"1,655",1st,Mumbai,"7,07,249"
17,2021,Tata,Tata TIGOR XM 1.2 REVOTRON,Petrol,MANUAL,,"2,672",1st,Mumbai,"6,96,999"
18,2015,Maruti,Maruti Swift LXI OPT,Petrol,MANUAL,,"38,602",1st,Mumbai,"4,23,499"
19,2016,Toyota,Toyota Corolla Altis GL,Petrol,MANUAL,,"38,845",2nd,Mumbai,"7,39,799"
20,2018,Ford,Ford Figo Aspire 1.2 TITANIUM PETROL,Petrol,MANUAL,,"17,865",1st,Mumbai,"5,88,899"
21,2018,Toyota,Toyota Corolla Altis G,Petrol,MANUAL,,"53,752",1st,Mumbai,"11,16,699"
22,2017,Maruti,Maruti Swift VXI,Petrol,MANUAL,,"34,691",1st,Mumbai,"5,11,699"
23,2016,Hyundai,Hyundai Elite i20 MAGNA 1.2,Petrol,MANUAL,,"33,273",1st,Mumbai,"5,23,699"
24,2019,Datsun,Datsun Redi Go 1.0 T(O) AT,Petrol,AUTOMATIC,,"2,986",1st,Mumbai,"3,57,299"
25,2015,Hyundai,Hyundai Elite i20 MAGNA 1.2,Petrol,MANUAL,,"35,757",2nd,Mumbai,"4,76,599"
26,2021,Maruti,Maruti New  Wagon-R ZXI 1.2L AGS,Petrol,AUTOMATIC,,"3,201",1st,Mumbai,"7,39,399"
27,2021,Maruti,Maruti Eeco 7 STR,Petrol,MANUAL,,"12,174",1st,Mumbai,"5,51,799"
28,2014,Maruti,Maruti Alto K10 VXI,Petrol,MANUAL,,"27,547",1st,Mumbai,"2,31,899"
29,2020,Tata,Tata Tiago XZA+ DUAL TONE,Petrol,1.2RTN,,"8,344",1st,Mumbai,"6,58,999"
30,2018,Hyundai,Hyundai Grand i10 SPORTZ 1.2 KAPPA VTVT,Petrol,MANUAL,,"16,908",1st,Mumbai,"5,12,599"
31,2016,Toyota,Toyota Corolla Altis G,Petrol,MANUAL,,"77,975",1st,Mumbai,"7,65,099"
32,2021,Volkswagen,Volkswagen Vento Highline 1.0 TSI MT,Petrol,MANUAL,,"8,689",1st,Mumbai,"11,11,999"
33,2015,Maruti,Maruti Ritz ZXI,Petrol,MANUAL,,"25,616",1st,Mumbai,"4,20,499"
34,2021,Renault,Renault Kwid 1.0 CLIMBER OPT AMT,Petrol,AUTOMATIC,,"2,491",1st,Mumbai,"5,58,799"
35,2019,KIA,KIA SELTOS GTX+ 1.4 MT,Petrol,MANUAL,,"12,465",1st,Mumbai,"15,84,099"
36,2016,Maruti,Maruti Alto 800 VXI,Petrol,MANUAL,,"23,751",2nd,Mumbai,"2,90,299"
37,2014,Mercedes,Mercedes Benz C Class EDITION C,Diesel,AUTOMATIC,,"61,553",2nd,Mumbai,"14,06,899"
38,2017,Maruti,Maruti Celerio ZXI OPT AMT,Petrol,AUTOMATIC,,"90,404",2nd,Mumbai,"4,08,699"
39,2018,Maruti,Maruti Swift VXI,Petrol,MANUAL,,"29,822",2nd,Mumbai,"5,62,799"
40,2011,Mercedes,Mercedes Benz E Class E 250 CDI ELEGANCE,Diesel,AUTOMATIC,,"77,906",2nd,Mumbai,"10,53,299"
41,2019,Tata,Tata Tiago XE 1.2 REVOTRON,Petrol,MANUAL,,"10,518",1st,Mumbai,"4,28,699"
42,2020,Maruti,Maruti New  Wagon-R ZXI 1.2,Petrol,MANUAL,,"9,219",1st,Mumbai,"6,43,349"
43,2021,Maruti,Maruti Eeco 5 STR WITH AC PLUSHTR,Petrol,MANUAL,,"10,115",1st,Mumbai,"5,28,599"
44,2012,Skoda,Skoda Rapid ELEGANCE 1.6 MPFI MT,Petrol,MANUAL,,"43,617",1st,Mumbai,"4,07,899"
45,2016,Honda,Honda Brio 1.2 VX AT I VTEC,Petrol,AUTOMATIC,,"43,082",1st,Mumbai,"4,88,299"
46,2015,Hyundai,Hyundai Grand i10 MAGNA 1.2 VTVT,Petrol,MANUAL,,"37,519",2nd,Mumbai,"3,92,699"
47,2019,Maruti,Maruti Baleno ZETA 1.2 K12,Petrol,MANUAL,,"21,568",2nd,Mumbai,"6,25,599"
48,2018,Hyundai,Hyundai Grand i10 magna 1.2 crdi,Diesel,MANUAL,,"8,472",1st,Mumbai,"5,84,899"
49,2019,Maruti,Maruti New  Wagon-R VXI 1.0,Petrol,MANUAL,,"9,770",1st,Mumbai,"5,20,299"
50,2015,Hyundai,Hyundai Xcent SX 1.2 OPT,Petrol,MANUAL,,"62,208",1st,Mumbai,"4,91,699"
51,2013,Hyundai,Hyundai Verna FLUIDIC 1.6 EX VTVT,Petrol,MANUAL,,"44,522",1st,Mumbai,"4,95,199"
52,2016,Honda,Honda City SV MT PETROL,Petrol,MANUAL,,"35,406",1st,Mumbai,"6,22,299"
53,2014,Hyundai,Hyundai Grand i10 SPORTZ 1.2 KAPPA VTVT,Petrol,MANUAL,,"26,741",1st,Mumbai,"4,01,699"
54,2017,Hyundai,Hyundai Grand i10 SPORTZ 1.2 KAPPA VTVT,Petrol,MANUAL,,"24,521",1st,Mumbai,"4,53,399"
55,2021,Datsun,Datsun Redi Go T (O),Petrol,MANUAL,,294,1st,Mumbai,"4,24,549"
56,2021,Maruti,Maruti New  Wagon-R ZXI 1.2L AGS,Petrol,AUTOMATIC,,"5,106",1st,Mumbai,"7,39,399"
57,2019,Maruti,Maruti New  Wagon-R VXI 1.0,Petrol,MANUAL,,"24,177",1st,Mumbai,"5,34,399"
58,2018,Tata,Tata Tiago XZ 1.2 REVOTRON,Petrol,MANUAL,,"12,199",2nd,Mumbai,"4,49,199"
59,2020,Toyota,Toyota URBAN CRUISER PREMIUM DUAL TONE,Petrol,AT,,"15,735",2nd,Mumbai,"11,05,399"
60,2017,Renault,Renault Kwid 1.0 RXT,Petrol,MANUAL,,"9,956",1st,Mumbai,"3,66,399"
61,2015,Hyundai,Hyundai Grand i10 SPORTZ 1.2 KAPPA VTVT,Petrol,MANUAL,,"26,566",1st,Mumbai,"4,03,799"
62,2017,Maruti,Maruti Ciaz VDI+ SHVS,Diesel,MANUAL,,"51,138",2nd,Mumbai,"6,35,099"
63,2017,Tata,Tata Tiago XT 1.05 REVOTORQ,Diesel,MANUAL,,"91,749",2nd,Mumbai,"4,02,599"
64,2015,Hyundai,Hyundai Elite i20 SPORTZ 1.2,Petrol,MANUAL,,"24,950",1st,Mumbai,"4,99,399"
65,2018,Maruti,Maruti Swift VXI AMT,Petrol,AUTOMATIC,,"12,103",1st,Mumbai,"6,87,699"
66,2018,Maruti,Maruti Celerio VXI (O),Petrol,MANUAL,,"18,389",1st,Mumbai,"4,58,199"
67,2020,Renault,Renault TRIBER RXZ AT,Petrol,AUTOMATIC,,"15,246",1st,Mumbai,"6,80,099"
68,2020,Renault,Renault TRIBER RXZ AT,Petrol,AUTOMATIC,,"18,014",2nd,Mumbai,"6,51,099"
69,2019,Renault,Renault TRIBER 1.0 RXZ,Petrol,MANUAL,,"14,251",1st,Mumbai,"6,53,499"
70,2017,Hyundai,Hyundai Elite i20 Magna Executive 1.2,Petrol,MANUAL,,"21,989",1st,Mumbai,"5,58,399"
71,2014,Hyundai,Hyundai Grand i10 SPORTZ 1.2 KAPPA VTVT,Petrol,MANUAL,,"26,986",1st,Mumbai,"4,11,299"
72,2014,Volkswagen,Volkswagen Vento HIGHLINE DIESEL,Diesel,MANUAL,,"80,774",1st,Mumbai,"4,79,699"
73,2016,Maruti,Maruti Celerio VXI CNG,Petrol,MANUAL,,"75,183",1st,Mumbai,"4,78,199"
74,2016,Honda,Honda Jazz 1.2 S MT,Petrol,MANUAL,,"53,951",1st,Mumbai,"4,83,899"
75,2016,Hyundai,Hyundai Elite i20 MAGNA 1.2,Petrol,MANUAL,,"42,029",1st,Mumbai,"5,09,499"
76,2021,Renault,Renault Duster RXZ,Petrol,MANUAL,,"28,564",1st,Mumbai,"9,41,199"
77,2019,Maruti,Maruti Baleno ZETA 1.2 K12,Petrol,MANUAL,,"23,913",2nd,Mumbai,"6,32,599"
78,2014,Renault,Renault Duster 110 PS RXL Diesel PLUS,Diesel,MANUAL,,"50,930",1st,Mumbai,"6,31,299"
79,2015,Maruti,Maruti Alto 800 LXI,Petrol,MANUAL,,"31,682",1st,Mumbai,"2,97,199"
80,2019,Tata,Tata Harrier XZ 2.0L Kryotec,Diesel,MANUAL,,"49,409",1st,Mumbai,"15,79,499"
81,2016,Maruti,Maruti Celerio ZXI AMT,Petrol,AUTOMATIC,,"26,927",1st,Mumbai,"4,67,299"
82,2020,KIA,KIA SELTOS HTK PLUS 1.5 PETROL,Petrol,MANUAL,,"49,354",1st,Mumbai,"12,27,499"
83,2016,Skoda,Skoda Rapid AMBITION 1.6 MPI MT PLUS,Petrol,MANUAL,,"55,599",1st,Mumbai,"5,68,799"
84,2016,Hyundai,Hyundai Elite i20 MAGNA 1.2,Petrol,MANUAL,,"21,655",1st,Mumbai,"5,30,099"
85,2019,Renault,Renault TRIBER 1.0 RXZ,Petrol,MANUAL,,"7,831",1st,Mumbai,"6,60,499"
86,2018,Datsun,Datsun Redi Go T (O),Petrol,MANUAL,,"40,174",2nd,Mumbai,"2,91,499"
87,2016,Maruti,Maruti Alto 800 VXI,Petrol,MANUAL,,"45,488",3rd,Mumbai,"2,58,899"
88,2020,Tata,Tata Tiago XZ+ 1.2 Revotron,Petrol,MANUAL,,"10,015",1st,Mumbai,"6,87,199"
89,2014,Honda,Honda CRV 2.4 AT,Petrol,AUTOMATIC,,"55,135",2nd,Mumbai,"9,40,999"
90,2020,Renault,Renault TRIBER RXZ AT,Petrol,AUTOMATIC,,"10,303",1st,Mumbai,"6,85,599"
91,2016,Maruti,Maruti Wagon R 1.0 VXI AMT,Petrol,AUTOMATIC,,"9,604",1st,Mumbai,"4,13,599"
92,2015,Maruti,Maruti Celerio VXI,Petrol,MANUAL,,"44,476",1st,Mumbai,"3,89,099"
93,2018,Maruti,Maruti Celerio ZXI AMT,Petrol,AUTOMATIC,,"42,273",2nd,Mumbai,"4,29,399"
94,2019,Renault,Renault TRIBER 1.0 RXZ,Petrol,MANUAL,,"16,903",1st,Mumbai,"6,34,499"
95,2018,Tata,Tata Tiago XZA 1.2 REVOTRON,Petrol,AUTOMATIC,,"49,172",1st,Mumbai,"5,03,699"
96,2015,Hyundai,Hyundai Grand i10 SPORTZ 1.2 KAPPA VTVT,Petrol,MANUAL,,"35,021",1st,Mumbai,"4,01,599"
97,2021,Tata,Tata Harrier XT 2.0L Kryotec,Diesel,MANUAL,,"17,445",1st,Mumbai,"17,51,099"
98,2016,Maruti,Maruti Baleno ALPHA DDIS 190,Diesel,MANUAL,,"21,053",1st,Mumbai,"6,80,699"
99,2016,Honda,Honda Jazz 1.2 V MT,Petrol,MANUAL,,"74,758",1st,Mumbai,"4,91,199"
100,2020,Mahindra,Mahindra XUV500 W9 AT,Diesel,AUTOMATIC,,"19,369",1st,Mumbai,"17,95,799"
101,2015,Volkswagen,Volkswagen Vento HIGHLINE PETROL,Petrol,MANUAL,,"38,734",1st,Mumbai,"5,81,399"
102,2019,KIA,KIA SELTOS 1.5 GTX+ AT,Diesel,AUTOMATIC,,"19,897",1st,Mumbai,"17,58,999"
103,2014,Hyundai,Hyundai Verna FLUIDIC 1.6 SX VTVT,Petrol,MANUAL,,"76,395",1st,Mumbai,"4,74,099"
104,2017,Maruti,Maruti Celerio ZXI,Petrol,MANUAL,,"16,596",1st,Mumbai,"4,45,599"
105,2019,Maruti,Maruti New  Wagon-R VXI (O) 1.2L,Petrol,MANUAL,,"35,467",1st,Mumbai,"5,30,899"
106,2015,Hyundai,Hyundai Verna FLUIDIC 1.6 VTVT S,Petrol,MANUAL,,"32,248",1st,Mumbai,"5,90,799"
107,2016,Hyundai,Hyundai Grand i10 ASTA 1.2 KAPPA VTVT,Petrol,MANUAL,,"40,712",1st,Mumbai,"4,67,099"
108,2021,Maruti,Maruti Vitara Brezza VXI,Petrol,MANUAL,,"34,974",1st,Mumbai,"8,39,999"
109,2021,Mahindra,Mahindra XUV 3OO 1.2 W6,Petrol,MT,,"9,791",1st,Mumbai,"9,99,099"
110,2016,Maruti,Maruti Celerio ZXI AMT,Petrol,AUTOMATIC,,"65,301",1st,Mumbai,"4,16,199"
111,2019,MG,MG HECTOR SHARP DCT PETROL,Petrol,AUTOMATIC,,"7,239",2nd,Mumbai,"15,78,199"
112,2016,Maruti,Maruti Alto 800 LXI,Petrol,MANUAL,,"24,821",1st,Mumbai,"3,13,099"
113,2021,Honda,Honda Jazz VX 1.2 CVT,Petrol,AUTOMATIC,,"4,668",1st,Mumbai,"9,57,899"
114,2018,Maruti,Maruti Swift ZXI+,Petrol,MANUAL,,"20,677",1st,Mumbai,"6,96,499"
115,2017,Hyundai,Hyundai Elite i20 SPORTZ 1.2,Petrol,MANUAL,,"29,436",2nd,Mumbai,"5,77,049"
116,2018,Tata,Tata Tiago XZA 1.2 REVOTRON,Petrol,AUTOMATIC,,"37,712",2nd,Mumbai,"5,20,799"
117,2014,Maruti,Maruti Ritz VXI,Petrol,MANUAL,,"58,916",1st,Mumbai,"3,65,899"
118,2018,Tata,Tata TIGOR XZ 1.2 REVOTRON,Petrol,MANUAL,,"20,269",1st,Mumbai,"5,70,599"
119,2019,Renault,Renault TRIBER 1.0 RXZ,Petrol,MANUAL,,"8,614",1st,Mumbai,"6,84,499"
120,2019,MG,MG HECTOR SHARP 2.0 DIESEL,Diesel,MANUAL,,"38,733",1st,Mumbai,"16,25,299"
121,2017,Maruti,Maruti Baleno ALPHA 1.2 K12,Petrol,MANUAL,,"18,693",1st,Mumbai,"5,98,754"
122,2018,Hyundai,Hyundai Grand i10 SPORTZ 1.2 KAPPA VTVT,Petrol,MANUAL,,"34,805",1st,Mumbai,"5,15,999"
123,2016,Toyota,Toyota Corolla Altis  VL AT,Petrol,AUTOMATIC,,"91,029",1st,Mumbai,"8,99,099"
124,2014,Hyundai,Hyundai Xcent SX 1.2 OPT,Petrol,MANUAL,,"62,438",1st,Mumbai,"4,70,699"
125,2018,Hyundai,Hyundai Elite i20 Magna Executive 1.2,Petrol,MANUAL,,"29,663",1st,Mumbai,"5,68,999"
126,2016,Toyota,Toyota Corolla Altis G AT,Petrol,AUTOMATIC,,"60,337",1st,Mumbai,"9,19,199"
127,2017,Maruti,Maruti Celerio ZXI OPT AMT,Petrol,AUTOMATIC,,"8,497",1st,Mumbai,"4,97,899"
128,2014,Maruti,Maruti Celerio VXI AMT,Petrol,AUTOMATIC,,"54,620",2nd,Mumbai,"3,50,799"
129,2014,Honda,Honda City SV MT PETROL,Petrol,MANUAL,,"45,993",2nd,Mumbai,"5,20,299"
130,2017,Hyundai,Hyundai Elite i20 SPORTZ 1.2,Petrol,MANUAL,,"31,299",2nd,Mumbai,"5,58,399"
131,2019,Hyundai,Hyundai Verna 1.6 SX VTVT,Petrol,MANUAL,,"43,151",1st,Mumbai,"8,60,099"
132,2019,Maruti,Maruti Celerio VXI CNG,Petrol,MANUAL,,"50,527",2nd,Mumbai,"5,19,699"
133,2016,Hyundai,Hyundai Elite i20 MAGNA 1.2,Petrol,MANUAL,,"61,287",1st,Mumbai,"5,03,599"
134,2015,Honda,Honda Amaze 1.2 SX MT I VTEC,Petrol,MANUAL,,"67,716",1st,Mumbai,"3,89,699"
135,2019,Tata,Tata Harrier XZ 2.0L Kryotec,Diesel,MANUAL,,"49,744",1st,Mumbai,"15,05,399"
136,2019,Mahindra,Mahindra XUV500 W11 (O) AT,Diesel,AUTOMATIC,,"29,242",2nd,Mumbai,"14,76,649"
137,2015,Maruti,Maruti Ciaz ZXI,Petrol,MANUAL,,"67,925",2nd,Mumbai,"5,09,699"
138,2014,Hyundai,Hyundai Verna FLUIDIC 1.6 CRDI SX AT,Diesel,AUTOMATIC,,"80,809",1st,Mumbai,"5,20,199"
139,2015,Maruti,Maruti Ciaz VXI PLUS,Petrol,MANUAL,,"90,963",1st,Mumbai,"5,09,199"
140,2016,Hyundai,Hyundai Elite i20 SPORTZ 1.2,Petrol,MANUAL,,"1,30,069",1st,Mumbai,"4,84,099"
141,2019,Maruti,Maruti Celerio VXI CNG,Petrol,MANUAL,,"14,899",1st,Mumbai,"5,31,299"
142,2019,KIA,KIA SELTOS GTX+ 1.4 MT,Petrol,MANUAL,,"14,393",1st,Mumbai,"14,91,899"
143,2017,Honda,Honda Amaze 1.2 SX MT I VTEC,Petrol,MANUAL,,"48,060",1st,Mumbai,"5,15,799"
144,2013,Maruti,Maruti Wagon R Stingray VXI,Petrol,MANUAL,,"60,664",3rd,Mumbai,"3,26,299"
145,2015,Honda,Honda Amaze 1.2 VXMT I VTEC,Petrol,MANUAL,,"65,032",3rd,Mumbai,"4,04,299"
146,2019,Tata,Tata Harrier XZ 2.0L Kryotec,Diesel,MANUAL,,"55,509",2nd,Mumbai,"14,72,899"
147,2017,Maruti,Maruti Celerio ZXI,Petrol,MANUAL,,"52,708",1st,Mumbai,"4,47,399"
148,2016,Hyundai,Hyundai Creta 1.6 SX PLUS AUTO PETROL,Petrol,AUTOMATIC,,"44,993",1st,Mumbai,"10,11,299"
149,2018,Maruti,Maruti Celerio VXI CNG,Petrol,MANUAL,,"54,230",1st,Mumbai,"4,89,899"
150,2017,Honda,Honda Jazz 1.2 S MT,Petrol,MANUAL,,"27,296",1st,Mumbai,"5,16,299"
151,2017,Volkswagen,Volkswagen Polo GT TSI 1.2 PETROL AT,Petrol,AUTOMATIC,,"40,359",3rd,Mumbai,"6,40,199"
152,2019,Hyundai,Hyundai Elite i20 1.2 SPORTS PLUS VTVT,Petrol,MANUAL,,"5,897",1st,Mumbai,"7,33,699"
153,2014,Hyundai,Hyundai Grand i10 SPORTZ 1.2 KAPPA VTVT,Petrol,MANUAL,,"58,361",2nd,Mumbai,"3,57,699"
154,2020,Toyota,Toyota Innova Crysta 2.4 GX 7 STR,Diesel,MANUAL,,"42,217",1st,Mumbai,"19,69,599"
155,2014,Toyota,Toyota Corolla Altis J S,Petrol,MANUAL,,"53,339",1st,Mumbai,"7,06,799"
156,2016,Hyundai,Hyundai Grand i10 SPORTZ 1.2 KAPPA VTVT,Petrol,MANUAL,,"25,267",2nd,Mumbai,"4,63,999"
157,2018,Mahindra,Mahindra XUV500 W11 AT,Diesel,AUTOMATIC,,"64,861",1st,Mumbai,"16,54,699"
158,2019,Jeep,Jeep Compass 1.4 LIMITED PLUS AT,Petrol,AUTOMATIC,,"30,874",2nd,Mumbai,"15,15,099"
159,2020,Renault,Renault Kwid Neotech 1.0 EasyR,Petrol,AUTOMATIC,,"13,199",1st,Mumbai,"5,24,099"
160,2016,Hyundai,Hyundai Grand i10 SPORTZ 1.2 KAPPA VTVT,Petrol,MANUAL,,"23,749",1st,Mumbai,"4,61,599"
161,2017,Maruti,Maruti Ciaz VXI OPT,Petrol,MANUAL,,"32,555",1st,Mumbai,"6,30,599"
162,2014,Hyundai,Hyundai i10 SPORTZ 1.1 IRDE2,Petrol,MANUAL,,"47,255",1st,Mumbai,"3,71,199"
163,2016,Maruti,Maruti Ciaz ZXI PLUS,Petrol,MANUAL,,"58,088",1st,Mumbai,"6,24,099"
164,2012,Ford,Ford Figo 1.4 TITANIUM DURATORQ,Diesel,MANUAL,,"43,632",1st,Mumbai,"3,01,399"
165,2019,Hyundai,Hyundai Elite i20 1.2 SPORTS PLUS VTVT,Petrol,MANUAL,,"30,241",2nd,Mumbai,"6,75,399"
166,2014,Hyundai,Hyundai Grand i10 MAGNA 1.2 VTVT,Petrol,MANUAL,,"68,297",1st,Mumbai,"3,81,499"
167,2014,Honda,Honda CRV 2.4 AT 4WD AVN,Petrol,AUTOMATIC,,"1,03,415",1st,Mumbai,"9,68,699"
168,2018,Maruti,Maruti Celerio VXI CNG,Petrol,MANUAL,,"43,535",2nd,Mumbai,"4,79,999"
169,2017,Maruti,Maruti Ciaz DELTA 1.4 VVT,Petrol,MANUAL,,"31,197",1st,Mumbai,"6,29,599"
170,2017,Volkswagen,Volkswagen Polo GT TSI 1.2 PETROL AT,Petrol,AUTOMATIC,,"76,272",2nd,Mumbai,"7,12,499"
171,2012,Toyota,Toyota Innova 2.5 GX 8 STR BS IV,Diesel,MANUAL,,"3,53,693",1st,Mumbai,"7,10,599"
172,2019,Mahindra,Mahindra XUV500 W11 (O),Diesel,MANUAL,,"47,768",1st,Mumbai,"15,48,099"
173,2019,Renault,Renault TRIBER 1.0 RXZ,Petrol,MANUAL,,"48,895",1st,Mumbai,"6,22,399"
174,2017,Honda,Honda Amaze 1.2 SX MT I VTEC,Petrol,MANUAL,,"4,296",1st,Mumbai,"5,50,999"
175,2018,Hyundai,Hyundai NEW SANTRO ASTA 1.1 MT,Petrol,MANUAL,,"43,899",1st,Mumbai,"4,49,299"
176,2016,Maruti,Maruti Wagon R 1.0 VXI,Petrol,MANUAL,,"18,681",2nd,Mumbai,"3,68,799"
177,2021,Honda,Honda Amaze 1.2 V CVT I VTEC,Petrol,AUTOMATIC,,"11,474",1st,Mumbai,"8,71,999"
178,2015,Toyota,Toyota Innova 2.5 GX 8 STR BS IV,Diesel,MANUAL,,"1,29,248",1st,Mumbai,"9,21,999"
179,2016,Maruti,Maruti Vitara Brezza VDI,Diesel,MANUAL,,"82,808",2nd,Mumbai,"6,63,499"
180,2017,Maruti,Maruti Dzire VXI AMT,Petrol,AUTOMATIC,,"19,480",1st,Mumbai,"6,97,899"
181,2014,Hyundai,Hyundai Grand i10 SPORTS 1.2 VTVT,Petrol,MANUAL,,"57,332",2nd,Mumbai,"3,65,799"
182,2017,Hyundai,Hyundai Elite i20 ASTA 1.2,Petrol,MANUAL,,"28,339",2nd,Mumbai,"6,21,499"
183,2016,Maruti,Maruti Celerio ZXI AMT,Petrol,AUTOMATIC,,"60,982",1st,Mumbai,"4,21,599"
184,2017,Maruti,Maruti Ciaz SIGMA 1.4 VVT,Petrol,MANUAL,,"35,711",1st,Mumbai,"6,75,399"
185,2018,Maruti,Maruti Baleno ZETA 1.2 K12,Petrol,MANUAL,,"42,273",1st,Mumbai,"5,83,899"
186,2020,Maruti,Maruti Celerio VXI CNG,Petrol,MANUAL,,"67,041",1st,Mumbai,"5,23,899"
187,2015,Maruti,Maruti Wagon R 1.0 VXI,Petrol,MANUAL,,"43,909",2nd,Mumbai,"3,52,499"
188,2019,Maruti,Maruti Alto K10 VXI AMT,Petrol,AUTOMATIC,,443,1st,Mumbai,"4,56,299"
189,2018,Mahindra,Mahindra XUV500 W11 AT,Diesel,AUTOMATIC,,"54,346",2nd,Mumbai,"14,79,299"
190,2018,Maruti,Maruti Baleno DELTA 1.2 K12,Petrol,MANUAL,,"37,222",1st,Mumbai,"5,86,599"
191,2021,Maruti,Maruti S PRESSO VXI PLUS,Petrol,MANUAL,,"5,955",1st,Mumbai,"4,42,599"
192,2017,Maruti,Maruti Baleno DELTA 1.2 K12,Petrol,MANUAL,,"35,525",2nd,Mumbai,"5,35,199"
193,2017,Hyundai,Hyundai Creta 1.6 E + VTVT,Petrol,MANUAL,,"39,121",1st,Mumbai,"8,05,599"
194,2017,Hyundai,Hyundai Elite i20 SPORTZ 1.2,Petrol,MANUAL,,"23,264",2nd,Mumbai,"5,89,499"
195,2019,Hyundai,Hyundai Creta 1.6 SX VTVT (O) EXECUTIVE,Petrol,MANUAL,,"18,703",2nd,Mumbai,"12,53,999"
196,2017,Hyundai,Hyundai Grand i10 MAGNA 1.2 VTVT,Petrol,MANUAL,,"41,192",1st,Mumbai,"4,45,399"
197,2016,Hyundai,Hyundai Grand i10 SPORTZ 1.2 KAPPA VTVT,Petrol,MANUAL,,"28,995",1st,Mumbai,"4,51,699"
198,2018,Maruti,Maruti Dzire VXI,Petrol,MANUAL,,"71,776",1st,Mumbai,"6,21,299"
199,2017,Volkswagen,Volkswagen Vento HIGHLINE TDI AT,Diesel,AUTOMATIC,,"64,522",2nd,Mumbai,"7,07,599"
200,2019,Hyundai,Hyundai Elite i20 1.2  ASTA (O) CVT,Petrol,AUTOMATIC,,"33,807",1st,Mumbai,"7,14,699"
201,2018,Hyundai,Hyundai Creta 1.4 E PLUS CRDI,Diesel,MANUAL,,"70,323",2nd,Mumbai,"9,14,199"
202,2021,Hyundai,Hyundai NEW I20 Asta 1.0 GDI Turbo,Petrol,IMT,,"8,212",1st,Mumbai,"9,84,699"
203,2016,Maruti,Maruti Baleno ZETA 1.2 K12 CVT,Petrol,AUTOMATIC,,"5,830",1st,Mumbai,"6,95,099"
204,2020,Hyundai,Hyundai NEW SANTRO 1.1 SPORTS AMT,Petrol,AUTOMATIC,,"13,010",1st,Mumbai,"6,11,799"
205,2021,Maruti,Maruti Vitara Brezza ZXI+ AT SHVS,Petrol,AUTOMATIC,,"13,563",1st,Mumbai,"11,04,499"
206,2019,Hyundai,Hyundai Creta 1.6 VTVT SX AUTO,Petrol,AUTOMATIC,,"13,530",1st,Mumbai,"14,25,599"
207,2016,Maruti,Maruti Baleno ZETA 1.2 K12 CVT,Petrol,AUTOMATIC,,"69,472",1st,Mumbai,"6,04,199"
208,2015,Toyota,Toyota Corolla Altis  VL AT,Petrol,AUTOMATIC,,"60,106",1st,Mumbai,"8,75,099"
209,2018,Hyundai,Hyundai Grand i10 MAGNA 1.2 KAPPA VTVT,Petrol,MANUAL,,"15,091",1st,Mumbai,"4,61,899"
210,2021,Maruti,Maruti Alto LXI CNG,Petrol,MANUAL,,"16,400",1st,Mumbai,"5,09,399"
211,2019,Mahindra,Mahindra XUV 3OO W8(O),Diesel,MANUAL,,"39,656",1st,Mumbai,"10,99,699"
212,2015,Hyundai,Hyundai Xcent SX 1.2 OPT,Petrol,MANUAL,,"63,612",1st,Mumbai,"4,61,399"
213,2015,Honda,Honda Jazz 1.2 V AT,Petrol,AUTOMATIC,,"80,427",1st,Mumbai,"5,13,599"
214,2018,Hyundai,Hyundai Elite i20 Magna Executive 1.2,Petrol,MANUAL,,"42,097",1st,Mumbai,"5,48,949"
215,2016,Hyundai,Hyundai Creta 1.6 SX PLUS VTVT,Petrol,MANUAL,,"62,813",2nd,Mumbai,"8,86,499"
216,2020,Maruti,Maruti Dzire VXI AMT,Petrol,AUTOMATIC,,"17,110",1st,Mumbai,"7,40,399"
217,2013,Maruti,Maruti Wagon R 1.0 LXI,Petrol,MANUAL,,"61,733",1st,Mumbai,"2,94,199"
218,2015,Hyundai,Hyundai Creta 1.6 SX CRDI,Diesel,MANUAL,,"31,402",2nd,Mumbai,"8,59,299"
219,2016,Hyundai,Hyundai Elite i20 ASTA 1.2 (O),Petrol,MANUAL,,"56,717",1st,Mumbai,"5,86,849"
220,2020,Honda,Honda City VX CVT PETROL,Petrol,AUTOMATIC,,"9,443",1st,Mumbai,"12,53,899"
221,2017,Maruti,Maruti Dzire VXI AMT,Petrol,AUTOMATIC,,"35,068",1st,Mumbai,"6,86,299"
222,2019,Maruti,Maruti Dzire ZDI Plus,Diesel,MANUAL,,"64,275",2nd,Mumbai,"8,86,299"
223,2013,Honda,Honda Amaze 1.2 SMT I VTEC,Petrol,MANUAL,,"89,548",1st,Mumbai,"3,80,999"
224,2015,Hyundai,Hyundai Elite i20 ASTA 1.2,Petrol,MANUAL,,"51,907",1st,Mumbai,"5,04,499"
225,2021,Hyundai,Hyundai VENUE 1.0L Turbo GDI SX MT,Petrol,MANUAL,,"25,543",1st,Mumbai,"9,44,899"
226,2019,Hyundai,Hyundai Eon ERA PLUS,Petrol,MANUAL,,"52,871",1st,Mumbai,"3,44,599"
227,2018,Hyundai,Hyundai Verna 1.6 SX VTVT AT (O),Petrol,AUTOMATIC,,"16,973",2nd,Mumbai,"9,24,099"
228,2019,Renault,Renault Kwid RXT 1.0 EASY-R AT OPTION,Petrol,AUTOMATIC,,"8,638",1st,Mumbai,"4,93,499"
229,2016,Maruti,Maruti Baleno ALPHA 1.2 K12,Petrol,MANUAL,,"11,280",1st,Mumbai,"6,27,999"
230,2021,Maruti,Maruti S PRESSO VXI CNG,Petrol,MANUAL,,"23,604",1st,Mumbai,"5,46,999"
231,2020,Ford,Ford Ecosport 1.5 TITANIUM PLUS TI VCT AT,Petrol,AUTOMATIC,,"19,170",1st,Mumbai,"10,84,099"
232,2016,Maruti,Maruti Vitara Brezza VDI,Diesel,MANUAL,,"53,209",1st,Mumbai,"6,68,399"
233,2019,Mahindra,Mahindra XUV 3OO 1.2 W8,Petrol,OPT,,"16,078",1st,Mumbai,"10,88,999"
234,2017,Maruti,Maruti Ciaz VXI PLUS,Petrol,MANUAL,,"62,922",1st,Mumbai,"6,50,799"
235,2018,Maruti,Maruti Baleno ZETA 1.2 K12,Petrol,MANUAL,,"44,260",1st,Mumbai,"5,93,649"
236,2017,Maruti,Maruti Baleno DELTA 1.2 K12,Petrol,MANUAL,,"9,678",1st,Mumbai,"6,07,499"
237,2017,Maruti,Maruti Dzire VXI,Petrol,MANUAL,,"29,104",1st,Mumbai,"6,03,699"
238,2018,Tata,Tata Hexa Varicor 400 XM,Diesel,MANUAL,,"55,269",1st,Mumbai,"10,93,399"
239,2019,Honda,Honda Civic VX CVT,Petrol,i-VTEC,,"13,878",1st,Mumbai,"15,89,699"
240,2019,Hyundai,Hyundai VENUE 1.0 SX TURBO GDI DUAL TONE,Petrol,MANUAL,,"26,196",2nd,Mumbai,"8,75,299"
241,2014,Hyundai,Hyundai i20 ASTA 1.2,Petrol,MANUAL,,"47,837",1st,Mumbai,"4,71,399"
242,2017,Maruti,Maruti Ciaz ZETA 1.4 VVT,Petrol,MANUAL,,"24,865",1st,Mumbai,"7,04,499"
243,2017,Hyundai,Hyundai Creta 1.6 E + VTVT,Petrol,MANUAL,,"44,508",1st,Mumbai,"8,68,399"
244,2015,Honda,Honda City VX MT PETROL,Petrol,MANUAL,,"28,546",1st,Mumbai,"7,19,299"
245,2019,Maruti,Maruti Baleno ZETA 1.2 K12,Petrol,MANUAL,,"31,558",1st,Mumbai,"6,58,799"
246,2019,Hyundai,Hyundai Creta 1.6 VTVT SX AUTO,Petrol,AUTOMATIC,,"31,760",2nd,Mumbai,"13,33,399"
247,2014,Maruti,Maruti Wagon R 1.0 VXI,Petrol,MANUAL,,"63,921",1st,Mumbai,"3,60,599"
248,2016,Honda,Honda Jazz 1.2 V AT,Petrol,AUTOMATIC,,"66,112",1st,Mumbai,"5,80,999"
249,2021,Hyundai,Hyundai GRAND I10 NIOS SPORTZ CNG MT,Petrol,MANUAL,,"9,968",1st,Mumbai,"7,75,299"
250,2015,Hyundai,Hyundai Grand i10 ASTA 1.2 (O) VTVT,Petrol,MANUAL,,"90,826",1st,Mumbai,"4,14,074"
251,2016,Skoda,Skoda Superb 2.0 TDI CR LK AT,Diesel,AUTOMATIC,,"46,692",1st,Mumbai,"17,78,299"
252,2016,Hyundai,Hyundai Grand i10 SPORTZ 1.2 KAPPA VTVT,Petrol,MANUAL,,"62,046",1st,Mumbai,"4,52,199"
253,2021,Maruti,Maruti Dzire ZXI Plus,Petrol,MANUAL,,"2,176",1st,Mumbai,"9,00,899"
254,2017,Hyundai,Hyundai Elite i20 Magna Executive 1.2,Petrol,MANUAL,,"46,555",1st,Mumbai,"5,32,899"
255,2016,Honda,Honda City VX CVT PETROL,Petrol,AUTOMATIC,,"68,070",1st,Mumbai,"7,42,599"
256,2015,Honda,Honda Jazz 1.2 V AT,Petrol,AUTOMATIC,,"69,880",1st,Mumbai,"5,08,699"
257,2019,Maruti,Maruti Dzire VXI,Petrol,MANUAL,,"28,634",1st,Mumbai,"6,65,399"
258,2021,Maruti,Maruti Dzire VXI AMT,Petrol,AUTOMATIC,,"3,533",1st,Mumbai,"7,70,899"
259,2018,Maruti,Maruti Wagon R 1.0 VXI,Petrol,MANUAL,,"15,461",1st,Mumbai,"4,62,199"
260,2021,Toyota,Toyota Glanza G MT PETROL,Petrol,MANUAL,,"6,015",1st,Mumbai,"8,17,599"
261,2019,Hyundai,Hyundai NEW SANTRO 1.1 SPORTZ MT,Petrol,CNG,,"30,673",1st,Mumbai,"5,53,999"
262,2020,Tata,Tata Harrier XZ+ DARK EDITION,Diesel,MANUAL,,"13,646",1st,Mumbai,"19,90,599"
263,2019,Honda,Honda City VX CVT PETROL,Petrol,AUTOMATIC,,"40,802",2nd,Mumbai,"9,32,099"
264,2019,Hyundai,Hyundai VENUE 1.0 TURBO GDI SX+ AT,Petrol,AUTOMATIC,,"31,071",2nd,Mumbai,"10,02,459"
265,2020,Hyundai,Hyundai Creta 1.4 SX(O) TURBO GDI DCT,Petrol,AUTOMATIC,,"21,252",1st,Mumbai,"17,86,599"
266,2019,Hyundai,Hyundai Grand i10 1.2 KAPPA SPORTZ (O),Petrol,MANUAL,,"8,885",1st,Mumbai,"5,97,899"
267,2020,Hyundai,Hyundai Creta SX PETROL MT,Petrol,MANUAL,,"13,900",1st,Mumbai,"14,03,999"
268,2019,Hyundai,Hyundai Verna 1.6 SX VTVT AT (O),Petrol,AUTOMATIC,,"25,263",1st,Mumbai,"10,08,999"
269,2017,Maruti,Maruti Vitara Brezza ZDI PLUS,Diesel,MANUAL,,"33,442",1st,Mumbai,"9,20,999"
270,2017,Hyundai,Hyundai Grand i10 SPORTZ 1.2 KAPPA VTVT,Petrol,MANUAL,,"96,694",1st,Mumbai,"4,53,499"
271,2020,Hyundai,Hyundai Creta 1.6 SX AT CRDI,Diesel,AUTOMATIC,,"59,605",1st,Mumbai,"16,95,499"
272,2020,Hyundai,Hyundai Creta 1.4 SX(O) TURBO GDI DCT DUAL,Petrol,TONE,,"12,471",1st,Mumbai,"19,65,499"
273,2018,Toyota,Toyota Etios V,Petrol,MANUAL,,"20,146",2nd,Mumbai,"5,66,599"
274,2017,Hyundai,Hyundai Grand i10 SPORTZ 1.2 KAPPA VTVT,Petrol,MANUAL,,"20,522",2nd,Mumbai,"4,82,299"
275,2019,Honda,Honda Civic VX CVT i-VTEC,Petrol,AUTOMATIC,,"10,616",1st,Mumbai,"17,31,499"
276,2016,Hyundai,Hyundai Grand i10 ASTA 1.2 AT VTVT,Petrol,AUTOMATIC,,"34,515",3rd,Mumbai,"4,71,499"
277,2021,Skoda,Skoda Rapid 1.0 AMBITION TSI AT,Petrol,AUTOMATIC,,"4,315",1st,Mumbai,"11,34,599"
278,2015,Hyundai,Hyundai Creta 1.6 SX (O) CRDI,Diesel,MANUAL,,"63,288",2nd,Mumbai,"8,24,999"
279,2019,Maruti,Maruti Dzire VXI,Petrol,MANUAL,,"36,466",1st,Mumbai,"6,55,899"
280,2020,Skoda,Skoda Rapid ACTIVE 1.0 TSI,Petrol,MANUAL,,"47,165",1st,Mumbai,"9,09,299"
281,2020,Maruti,Maruti XL6 ALPHA AT SHVS,Petrol,AUTOMATIC,,"20,420",1st,Mumbai,"11,75,499"
282,2020,Maruti,Maruti S PRESSO VXI PLUS,Petrol,MANUAL,,"37,985",1st,Mumbai,"4,26,999"
283,2013,Hyundai,Hyundai i20 ASTA 1.2,Petrol,MANUAL,,"59,330",1st,Mumbai,"4,19,199"
284,2016,Maruti,Maruti Baleno ALPHA 1.2 K12,Petrol,MANUAL,,"55,555",1st,Mumbai,"5,77,999"
285,2017,Maruti,Maruti Wagon R 1.0 LXI CNG,Petrol,MANUAL,,"88,809",2nd,Mumbai,"4,03,199"
286,2018,Maruti,Maruti Dzire VXI,Petrol,MANUAL,,"41,056",1st,Mumbai,"6,39,999"
287,2019,Honda,Honda Civic VX DIESEL,Diesel,MANUAL,,"81,199",1st,Mumbai,"14,47,899"
288,2018,Mahindra,Mahindra TUV300 T 10 AT,Diesel,AUTOMATIC,,"57,303",2nd,Mumbai,"6,50,299"
289,2020,Maruti,Maruti Vitara Brezza ZXI+ AT SHVS,Petrol,AUTOMATIC,,"41,231",1st,Mumbai,"10,10,299"
290,2020,MG,MG HECTOR SHARP DCT PETROL,Petrol,AUTOMATIC,,"39,644",1st,Mumbai,"16,78,799"
291,2017,Maruti,Maruti Dzire ZXI,Petrol,MANUAL,,"24,890",1st,Mumbai,"6,16,299"
292,2019,Honda,Honda Civic ZX CVT PETROL,Petrol,AUTOMATIC,,"20,597",1st,Mumbai,"17,18,299"
293,2018,Tata,Tata Hexa Varicor 400 XM,Diesel,MANUAL,,"59,672",1st,Mumbai,"10,59,699"
294,2018,Honda,Honda Jazz 1.5 V I DTEC,Diesel,MANUAL,,"70,134",2nd,Mumbai,"6,97,299"
295,2018,Honda,Honda WR-V 1.2 i-VTEC VX MT,Petrol,MANUAL,,"14,979",2nd,Mumbai,"7,43,299"
296,2017,Maruti,Maruti Wagon R 1.0 LXI CNG,Petrol,MANUAL,,"68,422",1st,Mumbai,"4,54,199"
297,2017,Hyundai,Hyundai Creta SX PLUS 1.6 DUAL TONE VTVT,Petrol,MANUAL,,"89,426",1st,Mumbai,"9,11,399"
298,2020,Tata,Tata NEXON XZ+ OPT PETROL,Petrol,MANUAL,,"5,825",1st,Mumbai,"9,72,499"
299,2020,MG,MG HECTOR SHARP DCT PETROL,Petrol,AUTOMATIC,,"58,207",1st,Mumbai,"16,01,799"
300,2019,MG,MG HECTOR SHARP DCT PETROL,Petrol,AUTOMATIC,,"18,718",1st,Mumbai,"17,57,799"
301,2020,Maruti,Maruti S PRESSO VXI PLUS,Petrol,MANUAL,,"2,679",1st,Mumbai,"4,55,399"
302,2019,Hyundai,Hyundai Elite i20 1.2  ASTA (O) CVT,Petrol,AUTOMATIC,,"25,751",1st,Mumbai,"7,88,899"
303,2021,Honda,Honda WR-V 1.2 i-VTEC VX MT,Petrol,MANUAL,,"7,714",1st,Mumbai,"10,38,199"
304,2021,Toyota,Toyota Glanza G MT PETROL,Petrol,MANUAL,,"11,934",1st,Mumbai,"8,17,599"
305,2020,Honda,Honda Jazz ZX CVT,Petrol,AUTOMATIC,,"25,159",1st,Mumbai,"9,26,599"
306,2018,Hyundai,Hyundai Verna 1.6 SX VTVT AT (O),Petrol,AUTOMATIC,,"60,623",1st,Mumbai,"9,14,499"
307,2016,Hyundai,Hyundai i20 Active 1.2,Petrol,MANUAL,,"47,707",1st,Mumbai,"5,35,199"
308,2019,Maruti,Maruti Baleno ALPHA 1.2 K12,Petrol,MANUAL,,"33,967",2nd,Mumbai,"6,35,399"
309,2019,MG,MG HECTOR SHARP DCT PETROL,Petrol,AUTOMATIC,,"14,509",1st,Mumbai,"17,26,899"
310,2018,Tata,Tata Hexa Varicor 400 XTA,Diesel,AUTOMATIC,,"86,392",1st,Mumbai,"11,11,999"
311,2017,Maruti,Maruti Wagon R 1.0 VXI,Petrol,MANUAL,,"36,224",1st,Mumbai,"4,32,099"
312,2019,Hyundai,Hyundai Grand i10 MAGNA CNG,Petrol,MANUAL,,"44,561",1st,Mumbai,"5,36,199"
313,2021,Toyota,Toyota Glanza G MT PETROL,Petrol,MANUAL,,"20,107",1st,Mumbai,"8,17,599"
314,2018,Hyundai,Hyundai Verna 1.6 SX VTVT AT (O),Petrol,AUTOMATIC,,"23,085",1st,Mumbai,"9,99,099"
315,2019,Mahindra,Mahindra Kuv100 K2 TRIP CNG,Petrol,MANUAL,,"33,040",1st,Mumbai,"4,54,399"
316,2017,Ford,Ford Endeavour 3.2l 4X4 AT Titanium,Diesel,AUTOMATIC,,"38,385",1st,Mumbai,"29,52,199"
317,2020,Maruti,Maruti S PRESSO VXI CNG,Petrol,MANUAL,,"16,642",1st,Mumbai,"5,05,899"
318,2018,Maruti,Maruti Dzire VXI,Petrol,MANUAL,,"15,343",1st,Mumbai,"6,99,999"
319,2020,Tata,Tata ALTROZ XZ 1.2,Petrol,MANUAL,,"17,798",1st,Mumbai,"7,88,699"
320,2021,Skoda,Skoda Rapid STYLE 1.0 AT,Petrol,AUTOMATIC,,"3,417",1st,Mumbai,"12,77,049"
321,2018,Hyundai,Hyundai Elite i20 Magna Executive 1.2,Petrol,MANUAL,,"91,014",1st,Mumbai,"5,47,799"
322,2019,Maruti,Maruti S PRESSO VXI PLUS,Petrol,MANUAL,,"14,191",1st,Mumbai,"4,49,499"
323,2018,Maruti,Maruti Baleno ALPHA 1.2 K12,Petrol,MANUAL,,"23,970",1st,Mumbai,"6,64,599"
324,2019,Mahindra,Mahindra XUV 3OO 1.5 W6 MT,Diesel,MANUAL,,"96,053",1st,Mumbai,"8,28,799"
325,2020,Maruti,Maruti S Cross ZETA SHVS PETROL,Petrol,MANUAL,,"47,242",1st,Mumbai,"9,66,949"
326,2019,Maruti,Maruti Wagon R 1.0 LXI CNG,Petrol,MANUAL,,"15,026",2nd,Mumbai,"4,88,799"
327,2017,Maruti,Maruti Wagon R 1.0 VXI,Petrol,MANUAL,,"45,663",1st,Mumbai,"4,38,399"
328,2018,Maruti,Maruti Alto K10 VXI,Petrol,MANUAL,,"12,870",1st,Mumbai,"3,90,199"
329,2019,Maruti,Maruti Ciaz DELTA 1.5 SHVS VVT MT,Petrol,MANUAL,,"27,983",1st,Mumbai,"8,74,399"
330,2017,Maruti,Maruti Ciaz ZETA 1.4 VVT AMT,Petrol,AUTOMATIC,,"31,156",1st,Mumbai,"7,58,699"
331,2017,Tata,Tata Hexa Varicor 400 XTA,Diesel,AUTOMATIC,,"53,511",1st,Mumbai,"11,55,099"
332,2016,Hyundai,Hyundai Grand i10 SPORTZ 1.2 KAPPA VTVT,Petrol,MANUAL,,"33,859",1st,Mumbai,"5,03,899"
333,2016,Maruti,Maruti Vitara Brezza VDI OPT,Diesel,MANUAL,,"66,284",1st,Mumbai,"7,34,599"
334,2019,Tata,Tata NEXON XZA+ 1.5,Diesel,AUTOMATIC,,"36,229",1st,Mumbai,"11,20,699"
335,2016,Skoda,Skoda Superb 1.8 TSI STYLE AT,Petrol,AUTOMATIC,,"50,296",1st,Mumbai,"13,60,139"
336,2018,Maruti,Maruti Wagon R 1.0 LXI CNG,Petrol,MANUAL,,"63,205",1st,Mumbai,"4,68,599"
337,2021,Hyundai,Hyundai VENUE 1.0 TURBO GDI SX+ AT,Petrol,AUTOMATIC,,"2,869",1st,Mumbai,"12,92,099"
338,2020,Honda,Honda Jazz ZX CVT,Petrol,AUTOMATIC,,"12,260",1st,Mumbai,"10,25,599"
339,2017,Honda,Honda WR-V 1.5 i-DTEC VX MT,Diesel,MANUAL,,"55,632",1st,Mumbai,"7,63,199"
340,2021,Hyundai,Hyundai VENUE 1.0 TURBO GDI SX+ AT,Petrol,AUTOMATIC,,"3,398",1st,Mumbai,"12,71,999"
341,2021,Maruti,Maruti IGNIS ZETA 1.2 K12 AMT,Petrol,AUTOMATIC,,"1,512",1st,Mumbai,"7,81,299"
342,2017,Hyundai,Hyundai Creta 1.6 SX PLUS AUTO PETROL,Petrol,AUTOMATIC,,"74,784",2nd,Mumbai,"9,91,999"
343,2020,Maruti,Maruti S PRESSO VXI CNG,Petrol,MANUAL,,"30,120",1st,Mumbai,"5,11,499"
344,2017,Maruti,Maruti Wagon R 1.0 LXI CNG,Petrol,MANUAL,,"47,758",1st,Mumbai,"4,50,999"
345,2017,Jeep,Jeep Compass 2.0 LONGITUDE,Diesel,MANUAL,,"29,217",1st,Mumbai,"11,97,999"
346,2019,MG,MG HECTOR SHARP 2.0 DIESEL,Diesel,MANUAL,,"42,023",1st,Mumbai,"14,85,499"
347,2019,Maruti,Maruti Vitara Brezza ZDI,Diesel,MANUAL,,"74,108",1st,Mumbai,"9,22,099"
348,2019,MG,MG HECTOR SHARP DCT PETROL,Petrol,AUTOMATIC,,"33,745",2nd,Mumbai,"16,18,499"
349,2017,Tata,Tata Hexa Varicor 400 XTA,Diesel,AUTOMATIC,,"60,953",2nd,Mumbai,"11,03,499"
350,2018,Maruti,Maruti Wagon R 1.0 LXI CNG,Petrol,MANUAL,,"63,568",1st,Mumbai,"4,47,999"
351,2021,Skoda,Skoda Rapid STYLE 1.0 AT,Petrol,AUTOMATIC,,"7,323",1st,Mumbai,"13,28,199"
352,2020,Maruti,Maruti Dzire ZXI Plus AMT,Petrol,AUTOMATIC,,"11,919",1st,Mumbai,"8,82,199"
353,2017,Ford,Ford Ecosport 1.5 TITANIUM TI VCT AT,Petrol,AUTOMATIC,,"34,717",2nd,Mumbai,"6,88,099"
354,2017,Ford,Ford Ecosport 1.5 TITANIUM TI VCT,Petrol,MANUAL,,"32,346",1st,Mumbai,"7,36,299"
355,2019,Maruti,Maruti Wagon R 1.0 LXI CNG,Petrol,MANUAL,,"57,846",1st,Mumbai,"4,67,899"
356,2018,Honda,Honda City ZX CVT,Petrol,AUTOMATIC,,"33,636",1st,Mumbai,"10,51,799"
357,2018,Hyundai,Hyundai Creta 1.6 CRDI SX PLUS AUTO,Diesel,AUTOMATIC,,"66,209",1st,Mumbai,"11,63,899"
358,2021,Maruti,Maruti S PRESSO VXI PLUS,Petrol,MANUAL,,700,1st,Mumbai,"4,78,199"
359,2017,Jeep,Jeep Compass 2.0 LONGITUDE (O),Diesel,MANUAL,,"24,625",1st,Mumbai,"12,84,099"
360,2020,Hyundai,Hyundai VENUE 1.0 TURBO GDI SX+ AT,Petrol,AUTOMATIC,,"10,048",1st,Mumbai,"11,75,799"
361,2017,Toyota,Toyota Etios V,Petrol,MANUAL,,"73,919",1st,Mumbai,"5,25,099"
362,2017,Maruti,Maruti Wagon R 1.0 LXI CNG,Petrol,MANUAL,,"10,728",1st,Mumbai,"4,96,899"
363,2017,Jeep,Jeep Compass 2.0 LONGITUDE (O),Diesel,MANUAL,,"88,775",1st,Mumbai,"11,88,099"
364,2019,Maruti,Maruti Alto K10 VXI AMT,Petrol,AUTOMATIC,,"11,466",1st,Mumbai,"4,82,099"
365,2018,Mahindra,Mahindra MARAZZO M8 7 STR,Diesel,MANUAL,,"23,654",1st,Mumbai,"10,31,799"
366,2016,Nissan,Nissan Terrano XL PLUS 85 PS DEISEL,Diesel,MANUAL,,"1,34,145",1st,Mumbai,"5,79,299"
367,2020,Maruti,Maruti Dzire ZXI Plus AMT,Petrol,AUTOMATIC,,"7,295",1st,Mumbai,"9,13,599"
368,2018,Maruti,Maruti Wagon R 1.0 LXI CNG,Petrol,MANUAL,,"22,300",1st,Mumbai,"4,83,499"
369,2017,Maruti,Maruti IGNIS DELTA 1.2 K12 AMT,Petrol,AUTOMATIC,,"6,390",2nd,Mumbai,"5,24,099"
370,2019,MG,MG HECTOR SHARP DCT PETROL,Petrol,AUTOMATIC,,"50,821",1st,Mumbai,"16,21,499"
371,2018,Maruti,Maruti Dzire ZDI,Diesel,MANUAL,,"52,745",1st,Mumbai,"7,71,099"
372,2017,Honda,Honda City VX MT PETROL,Petrol,MANUAL,,"36,320",1st,Mumbai,"8,30,999"
373,2021,Maruti,Maruti IGNIS ALPHA 1.2 K12 AMT,Petrol,AUTOMATIC,,"3,432",1st,Mumbai,"8,65,399"
374,2017,Honda,Honda WR-V 1.2 i-VTEC VX MT,Petrol,MANUAL,,"46,374",1st,Mumbai,"7,11,299"
375,2017,Hyundai,Hyundai Verna 1.6 SX (O) CRDI MT,Diesel,MANUAL,,"53,796",1st,Mumbai,"10,36,199"
376,2019,Tata,Tata Hexa Varicor 400 XM,Diesel,MANUAL,,"52,103",1st,Mumbai,"13,72,199"
377,2021,Hyundai,Hyundai VENUE 1.0 TURBO GDI SX+ AT,Petrol,AUTOMATIC,,"5,065",1st,Mumbai,"12,64,999"
378,2018,Ford,Ford Ecosport 1.5 TITANIUM TI VCT,Petrol,MANUAL,,"17,181",1st,Mumbai,"7,48,299"
379,2018,Hyundai,Hyundai Creta 1.6 VTVT SX AUTO,Petrol,AUTOMATIC,,"34,004",2nd,Mumbai,"11,29,399"
380,2020,Skoda,Skoda Rapid 1.0 AMBITION TSI AT,Petrol,AUTOMATIC,,"27,690",1st,Mumbai,"10,97,199"
381,2018,Volkswagen,Volkswagen Ameo HIGHLINE PLUS 1.5,Diesel,MANUAL,,"83,244",1st,Mumbai,"5,84,749"
382,2017,Jeep,Jeep Compass 2.0 LONGITUDE (O),Diesel,MANUAL,,"68,267",1st,Mumbai,"11,82,899"
383,2018,Hyundai,Hyundai Creta 1.6 SX PLUS AUTO PETROL,Petrol,AUTOMATIC,,"16,385",2nd,Mumbai,"11,14,199"
384,2017,Honda,Honda City ZX CVT,Petrol,AUTOMATIC,,"33,580",2nd,Mumbai,"8,87,699"
385,2019,MG,MG HECTOR SHARP 2.0 DIESEL,Diesel,MANUAL,,"73,842",1st,Mumbai,"15,56,199"
386,2020,MG,MG HECTOR SHARP DCT PETROL,Petrol,AUTOMATIC,,"39,173",1st,Mumbai,"17,26,099"
387,2017,Hyundai,Hyundai Creta 1.6 SX PLUS AUTO PETROL,Petrol,AUTOMATIC,,"64,762",1st,Mumbai,"10,90,899"
388,2018,Jeep,Jeep Compass LIMITED 1.4 AT,Petrol,AUTOMATIC,,"36,590",1st,Mumbai,"14,37,199"
389,2018,Maruti,Maruti Ciaz ALPHA 1.4 VVT,Petrol,MANUAL,,"15,372",1st,Mumbai,"7,71,599"
390,2017,Ford,Ford Ecosport 1.5 TITANIUM TI VCT AT,Petrol,AUTOMATIC,,"53,165",2nd,Mumbai,"7,10,199"
391,2015,Maruti,Maruti S Cross ZETA 1.3,Diesel,MANUAL,,"67,134",1st,Mumbai,"6,28,999"
392,2017,Jeep,Jeep Compass LIMITED (O) 2.0 4*4,Diesel,MANUAL,,"78,452",1st,Mumbai,"13,19,999"
393,2018,Maruti,Maruti Baleno ZETA 1.2 K12 AMT,Petrol,AUTOMATIC,,"47,214",1st,Mumbai,"6,97,399"
394,2019,Maruti,Maruti IGNIS ZETA 1.2 K12,Petrol,MANUAL,,"8,473",1st,Mumbai,"5,68,999"
395,2018,Hyundai,Hyundai Creta 1.6 SX PLUS AUTO PETROL,Petrol,AUTOMATIC,,"31,416",1st,Mumbai,"12,32,399"
396,2018,Honda,Honda WR-V 1.2 i-VTEC VX MT,Petrol,MANUAL,,"15,522",1st,Mumbai,"7,86,699"
397,2018,Honda,Honda Amaze 1.2 V CVT I VTEC,Petrol,AUTOMATIC,,"67,116",1st,Mumbai,"6,71,699"
398,2021,Maruti,Maruti IGNIS ZETA 1.2 K12 AMT,Petrol,AUTOMATIC,,"7,904",1st,Mumbai,"7,68,099"
399,2017,Maruti,Maruti S Cross SIGMA 1.3,Diesel,MANUAL,,"86,650",1st,Mumbai,"6,95,699"
400,2019,Maruti,Maruti S Cross ZETA SHVS,Diesel,MANUAL,,"24,639",1st,Mumbai,"10,18,499"
401,2015,Mahindra,Mahindra Xylo D4 BS IV,Diesel,MANUAL,,"72,917",1st,Mumbai,"4,56,199"
402,2017,Hyundai,Hyundai Creta 1.6 CRDI SX PLUS AUTO,Diesel,AUTOMATIC,,"86,892",1st,Mumbai,"11,31,099"
403,2018,Hyundai,Hyundai Verna 1.6 SX VTVT AT (O),Petrol,AUTOMATIC,,"24,364",2nd,Mumbai,"10,17,399"
404,2020,KIA,KIA SELTOS GTX 1.4 GDI AT PETROL,Petrol,AUTOMATIC,,"13,972",1st,Mumbai,"16,82,799"
405,2015,Hyundai,Hyundai i20 Active 1.4 SX,Diesel,MANUAL,,"1,43,498",1st,Mumbai,"5,66,899"
406,2017,Jeep,Jeep Compass 2.0 LONGITUDE (O),Diesel,MANUAL,,"50,586",1st,Mumbai,"11,47,049"
407,2018,Honda,Honda City ZX CVT,Petrol,AUTOMATIC,,"10,485",1st,Mumbai,"10,69,499"
408,2019,Maruti,Maruti IGNIS ZETA 1.2 K12 AMT,Petrol,AUTOMATIC,,"25,641",1st,Mumbai,"6,03,599"
409,2017,Honda,Honda City VX MT PETROL,Petrol,MANUAL,,"27,606",1st,Mumbai,"8,25,399"
410,2018,Hyundai,Hyundai Creta 1.6 VTVT SX AUTO,Petrol,AUTOMATIC,,"44,796",2nd,Mumbai,"11,45,699"
411,2019,Maruti,Maruti S PRESSO VXI PLUS,Petrol,MANUAL,,"61,557",1st,Mumbai,"3,93,799"
412,2018,Tata,Tata NEXON XZ+ 1.2 DUAL TONE,Petrol,MANUAL,,"38,555",1st,Mumbai,"7,68,099"
413,2018,Hyundai,Hyundai Verna 1.6 SX VTVT AT (O),Petrol,AUTOMATIC,,"40,438",1st,Mumbai,"10,31,799"
414,2018,Hyundai,Hyundai Verna 1.6 SX VTVT AT (O),Petrol,AUTOMATIC,,"29,318",1st,Mumbai,"10,65,499"
415,2017,Jeep,Jeep Compass 2.0 LONGITUDE,Diesel,MANUAL,,"62,984",1st,Mumbai,"11,88,599"
416,2020,MG,MG HECTOR SHARP DCT PETROL,Petrol,AUTOMATIC,,"3,575",1st,Mumbai,"19,22,999"
417,2017,Honda,Honda City VX CVT PETROL,Petrol,AUTOMATIC,,"69,549",1st,Mumbai,"7,93,599"
418,2019,Toyota,Toyota Glanza G MT PETROL,Petrol,MANUAL,,"65,666",1st,Mumbai,"6,68,299"
419,2018,Jeep,Jeep Compass LIMITED O 1.4 AT,Petrol,AUTOMATIC,,"75,430",1st,Mumbai,"14,93,899"
420,2017,Maruti,Maruti S Cross DELTA 1.3,Diesel,MANUAL,,"1,04,007",1st,Mumbai,"6,20,499"
421,2020,KIA,KIA SELTOS 1.4 GTX+ TURBO GDI PETROL AT,Petrol,AUTOMATIC,,"26,655",1st,Mumbai,"17,99,799"
422,2017,Honda,Honda City ZX CVT,Petrol,AUTOMATIC,,"55,892",2nd,Mumbai,"8,42,399"
423,2018,Honda,Honda WR-V 1.2 i-VTEC VX MT,Petrol,MANUAL,,"57,922",1st,Mumbai,"7,33,299"
424,2020,KIA,KIA SELTOS 1.4 GTX+ TURBO GDI PETROL AT,Petrol,AUTOMATIC,,"6,499",1st,Mumbai,"19,11,299"
425,2020,KIA,KIA SELTOS 1.4 GTX+ TURBO GDI PETROL AT,Petrol,AUTOMATIC,,"11,214",1st,Mumbai,"17,98,199"
426,2017,Tata,Tata Zest XT RT,Petrol,MANUAL,,"39,609",1st,Mumbai,"4,52,699"
427,2020,Honda,Honda Civic ZX CVT PETROL,Petrol,AUTOMATIC,,"47,157",1st,Mumbai,"19,36,299"
428,2018,Toyota,Toyota YARIS VX,Petrol,CVT,,"21,278",1st,Mumbai,"10,70,599"
429,2018,Hyundai,Hyundai Verna 1.6 SX VTVT AT (O),Petrol,AUTOMATIC,,"47,188",1st,Mumbai,"10,60,999"
430,2020,KIA,KIA SELTOS 1.4 GTX+ TURBO GDI PETROL AT,Petrol,AUTOMATIC,,"12,353",1st,Mumbai,"18,00,499"
431,2018,Honda,Honda WR-V 1.5 i-DTEC VX MT,Diesel,MANUAL,,"66,931",1st,Mumbai,"8,11,799"
432,2019,Toyota,Toyota Glanza G CVT,Petrol,AUTOMATIC,,"44,506",1st,Mumbai,"6,96,499"
433,2019,Jeep,Jeep Compass 1.4 LIMITED PLUS AT,Petrol,AUTOMATIC,,"25,869",1st,Mumbai,"18,08,299"
434,2018,Toyota,Toyota YARIS VX CVT,Petrol,AUTOMATIC,,"79,348",1st,Mumbai,"9,62,799"
435,2018,Hyundai,Hyundai Tucson New 2WD AT GL DIESEL,Diesel,AUTOMATIC,,"11,345",1st,Mumbai,"19,99,499"
436,2011,Toyota,Toyota Corolla Altis 1.8 G,Petrol,MANUAL,,"1,22,639",2nd,Mumbai,"3,85,599"
437,2014,Hyundai,Hyundai Grand i10 SPORTS 1.2 VTVT,Petrol,MANUAL,,"43,841",2nd,Mumbai,"3,54,499"
438,2016,Maruti,Maruti Baleno DELTA 1.2 K12,Petrol,MANUAL,,"11,510",2nd,Mumbai,"5,06,399"
439,2019,Maruti,Maruti Ertiga ZXI SMART HYBRID AT,Petrol,AUTOMATIC,,"27,888",1st,Mumbai,"10,33,399"
440,2016,Volkswagen,Volkswagen Polo TRENDLINE 1.2L PETROL,Petrol,MANUAL,,"62,799",1st,Mumbai,"4,65,899"
441,2012,Honda,Honda Accord 2.4 MT,Petrol,MANUAL,,"50,161",2nd,Mumbai,"5,20,199"
442,2012,Maruti,Maruti Swift Dzire VDI BS IV,Diesel,MANUAL,,"50,727",1st,Mumbai,"4,41,299"
443,2016,Renault,Renault Kwid RXT Opt,Petrol,MANUAL,,"66,112",2nd,Mumbai,"2,80,599"
444,2014,Honda,Honda Amaze 1.2 SAT I VTEC,Petrol,AUTOMATIC,,"33,646",1st,Mumbai,"4,60,199"
445,2014,Maruti,Maruti Wagon R 1.0 LXI,Petrol,MANUAL,,"23,786",1st,Mumbai,"3,36,699"
446,2016,Renault,Renault Kwid RXT,Petrol,MANUAL,,"26,621",1st,Mumbai,"3,15,749"
447,2015,Maruti,Maruti Ertiga VDI ABS,Diesel,MANUAL,,"39,250",1st,Mumbai,"6,81,799"
448,2015,Maruti,Maruti Ciaz ZXI,Petrol,MANUAL,,"48,251",1st,Mumbai,"5,63,399"
449,2015,Maruti,Maruti Celerio VXI CNG,Petrol,MANUAL,,"97,080",2nd,Mumbai,"4,01,599"
450,2017,Maruti,Maruti Wagon R 1.0 VXI AMT,Petrol,AUTOMATIC,,"34,086",2nd,Mumbai,"3,81,549"
451,2014,Ford,Ford Ecosport 1.5 TITANIUMTDCI OPT,Diesel,MANUAL,,"67,225",1st,Mumbai,"5,85,999"
452,2015,Maruti,Maruti Swift VDI,Diesel,MANUAL,,"1,43,142",1st,Mumbai,"4,68,399"
453,2015,Maruti,Maruti Ciaz ZDI+,Diesel,MANUAL,,"1,03,637",1st,Mumbai,"5,84,199"
454,2019,Maruti,Maruti Baleno 	Zeta 1.2 K12,Petrol,SHVS,,"7,781",1st,Mumbai,"7,06,799"
455,2018,Ford,Ford Figo Aspire 1.5 TREND DIESEL,Diesel,MANUAL,,"48,553",1st,Mumbai,"5,45,999"
456,2018,Tata,Tata Hexa Varicor 400 XT,Diesel,MANUAL,,"90,156",1st,Mumbai,"9,97,699"
457,2018,Toyota,Toyota YARIS VX CVT,Petrol,AUTOMATIC,,"49,176",1st,Mumbai,"10,78,999"
458,2017,Maruti,Maruti Ertiga VDI SHVS,Diesel,MANUAL,,"31,529",1st,Mumbai,"8,72,099"
459,2013,Maruti,Maruti Alto 800 LXI,Petrol,MANUAL,,"12,000",1st,Mumbai,"2,38,799"
460,2013,Maruti,Maruti Alto 800 LXI,Petrol,MANUAL,,"12,000",1st,Mumbai,"2,38,799"
461,2014,Volkswagen,Volkswagen Polo COMFORTLINE 1.2L PETROL,Petrol,MANUAL,,"21,606",2nd,Mumbai,"3,66,899"
