,Year,Brand,Model,Fuel Type,Transmission,Engine Capacity,Kms Driven,No. of Owners,Location,Price
0,2021,Hyundai,Hyundai VENUE S MT 1.2 KAPPA,Petrol,MANUAL,,"7,239",1st,Kolkata,"7,87,299"
1,2020,Ford,Ford Ecosport 1.5 TREND TDCI,Diesel,MANUAL,,"12,860",1st,Kolkata,"8,24,799"
2,2020,Maruti,Maruti Swift VXI,Petrol,MANUAL,,"2,944",1st,Kolkata,"6,66,099"
3,2019,Renault,Renault Kwid CLIMBER 1.0,Petrol,MANUAL,,"2,975",1st,Kolkata,"4,23,899"
4,2021,Maruti,Maruti Celerio ZXI,Petrol,MANUAL,,"15,944",1st,Kolkata,"5,16,599"
5,2018,Hyundai,Hyundai Creta 1.4 E PLUS CRDI,Diesel,MANUAL,,"21,139",1st,Kolkata,"8,55,199"
6,2012,Maruti,Maruti Wagon R 1.0 VXI,Petrol,MANUAL,,"13,562",1st,Kolkata,"2,92,299"
7,2018,Maruti,Maruti Swift VXI,Petrol,MANUAL,,"49,894",1st,Kolkata,"5,01,299"
8,2020,Maruti,Maruti New  Wagon-R VXI 1.0,Petrol,MANUAL,,"7,113",1st,Kolkata,"5,57,599"
9,2019,Maruti,Maruti Swift VXI,Petrol,MANUAL,,"21,388",1st,Kolkata,"6,06,999"
10,2016,Maruti,Maruti Swift VXI,Petrol,MANUAL,,"16,379",1st,Kolkata,"4,47,999"
11,2018,Maruti,Maruti Swift VXI,Petrol,MANUAL,,"30,293",1st,Kolkata,"5,32,999"
12,2013,Hyundai,Hyundai Eon ERA PLUS,Petrol,MANUAL,,"10,916",1st,Kolkata,"2,33,899"
13,2018,Maruti,Maruti Swift VXI,Petrol,MANUAL,,"16,301",1st,Kolkata,"5,79,099"
14,2017,Maruti,Maruti Alto 800 LXI,Petrol,MANUAL,,"2,314",1st,Kolkata,"3,09,099"
15,2018,Maruti,Maruti Swift VXI,Petrol,MANUAL,,"37,030",1st,Kolkata,"5,34,699"
16,2015,Maruti,Maruti Alto K10 VXI,Petrol,MANUAL,,"14,732",1st,Kolkata,"2,96,699"
17,2021,Hyundai,Hyundai VENUE S MT 1.2 KAPPA,Petrol,MANUAL,,"11,156",1st,Kolkata,"7,50,999"
18,2019,Maruti,Maruti Swift VXI,Petrol,MANUAL,,"46,282",2nd,Kolkata,"6,01,999"
19,2020,Volkswagen,Volkswagen Polo Trendline 1.0 L Petrol,Petrol,MANUAL,,"24,344",1st,Kolkata,"5,59,199"
20,2019,Maruti,Maruti Swift VXI,Petrol,MANUAL,,"61,085",1st,Kolkata,"5,08,949"
21,2019,Honda,Honda WR-V 1.2 i-VTEC VX MT,Petrol,MANUAL,,"21,593",1st,Kolkata,"8,22,399"
22,2021,Nissan,Nissan MAGNITE XL Turbo,Petrol,MT,,"28,930",1st,Kolkata,"6,82,549"
23,2013,Maruti,Maruti Swift Dzire VXI 1.2 BS IV,Petrol,MANUAL,,"34,933",2nd,Kolkata,"3,70,799"
24,2014,Maruti,Maruti Ertiga ZXI,Petrol,MANUAL,,"9,389",1st,Kolkata,"6,28,099"
25,2019,Maruti,Maruti Celerio VXI,Petrol,MANUAL,,"20,536",1st,Kolkata,"4,39,099"
26,2018,Honda,Honda Jazz 1.2 SV MT,Petrol,MANUAL,,"34,640",1st,Kolkata,"6,14,299"
27,2018,Hyundai,Hyundai Grand i10 MAGNA 1.2 KAPPA VTVT,Petrol,MANUAL,,"12,493",1st,Kolkata,"4,79,299"
28,2019,Maruti,Maruti Swift VXI,Petrol,MANUAL,,"17,035",1st,Kolkata,"5,93,499"
29,2019,Hyundai,Hyundai NEW SANTRO ERA 1.1,Petrol,MANUAL,,"45,693",1st,Kolkata,"3,89,799"
30,2015,Maruti,Maruti Celerio VXI,Petrol,MANUAL,,"11,362",1st,Kolkata,"4,08,099"
31,2018,Jeep,Jeep Compass LIMITED (O) 2.0,Diesel,MANUAL,,"30,631",1st,Kolkata,"14,78,299"
32,2012,Maruti,Maruti Swift VXI,Petrol,MANUAL,,"39,966",1st,Kolkata,"3,46,799"
33,2021,Renault,Renault Kwid RXL,Petrol,MANUAL,,"3,685",1st,Kolkata,"4,61,799"
34,2013,Hyundai,Hyundai i10 MAGNA 1.1 IRDE2,Petrol,MANUAL,,"16,792",1st,Kolkata,"2,98,299"
35,2015,Mahindra,Mahindra Scorpio S10,Diesel,MANUAL,,"54,015",2nd,Kolkata,"8,45,799"
36,2019,Honda,Honda Amaze 1.2 V MT I-VTEC,Petrol,MANUAL,,"11,211",1st,Kolkata,"6,91,899"
37,2014,Maruti,Maruti Swift Dzire VXI,Petrol,MANUAL,,"47,393",1st,Kolkata,"4,33,199"
38,2019,Renault,Renault TRIBER 1.0 RXL PETROL,Petrol,MANUAL,,"3,325",1st,Kolkata,"6,01,699"
39,2020,Renault,Renault TRIBER RXE MT PETROL,Petrol,MANUAL,,"6,927",1st,Kolkata,"5,37,999"
40,2014,Maruti,Maruti Swift Dzire VXI 1.2 BS IV,Petrol,MANUAL,,"25,911",2nd,Kolkata,"3,97,599"
41,2018,Maruti,Maruti Swift VXI,Petrol,MANUAL,,"58,072",1st,Kolkata,"5,09,599"
42,2018,Hyundai,Hyundai Xcent E PLUS,Petrol,MANUAL,,"36,913",2nd,Kolkata,"4,73,399"
43,2014,Maruti,Maruti Swift VXI,Petrol,MANUAL,,"29,796",2nd,Kolkata,"3,94,599"
44,2018,Ford,Ford Ecosport 1.5 TITANIUM TI VCT,Petrol,MANUAL,,"7,568",1st,Kolkata,"7,90,899"
45,2017,Hyundai,Hyundai Elite i20 Magna Executive 1.2,Petrol,MANUAL,,"19,843",1st,Kolkata,"5,37,999"
46,2016,Hyundai,Hyundai Verna FLUIDIC 1.6 VTVT S,Petrol,MANUAL,,"23,680",1st,Kolkata,"5,63,699"
47,2015,Maruti,Maruti Celerio VXI,Petrol,MANUAL,,"23,958",1st,Kolkata,"3,96,699"
48,2020,Maruti,Maruti New  Wagon-R VXI 1.2L,Petrol,MANUAL,,"5,639",1st,Kolkata,"5,53,499"
49,2018,Hyundai,Hyundai Grand i10 ASTA 1.2 VTVT,Petrol,MANUAL,,"22,491",1st,Kolkata,"5,70,199"
50,2016,Maruti,Maruti Wagon R 1.0 VXI,Petrol,MANUAL,,"50,303",1st,Kolkata,"3,17,099"
51,2020,Mahindra,Mahindra Scorpio S11,Diesel,MANUAL,,"32,247",1st,Kolkata,"18,07,899"
52,2019,Tata,Tata Tiago XTA 1.2 PETROL,Petrol,AUTOMATIC,,"7,494",1st,Kolkata,"4,92,999"
53,2020,Hyundai,Hyundai Elite i20 1.2 SPORTS PLUS VTVT,Petrol,MANUAL,,"10,317",1st,Kolkata,"6,74,299"
54,2017,Tata,Tata Tiago XM 1.2 REVOTRON,Petrol,MANUAL,,"27,778",1st,Kolkata,"3,86,299"
55,2021,Mahindra,Mahindra XUV 3OO 1.2 W4,Petrol,MT,,"15,705",1st,Kolkata,"8,17,299"
56,2021,Renault,Renault TRIBER 1.0 RXZ,Petrol,MANUAL,,"5,591",1st,Kolkata,"7,38,799"
57,2018,Maruti,Maruti Alto 800 LXI,Petrol,MANUAL,,"10,577",1st,Kolkata,"3,36,699"
58,2017,Hyundai,Hyundai Elite i20 SPORTZ 1.2,Petrol,MANUAL,,"32,999",3rd,Kolkata,"5,27,999"
59,2014,Maruti,Maruti Alto 800 LXI,Petrol,MANUAL,,"35,820",3rd,Kolkata,"2,37,599"
60,2014,Honda,Honda Amaze 1.2 VXMT I VTEC,Petrol,MANUAL,,"30,992",2nd,Kolkata,"4,13,299"
61,2018,Skoda,Skoda Rapid Style 1.5 TDI AT,Diesel,AUTOMATIC,,"43,600",1st,Kolkata,"8,14,149"
62,2019,Renault,Renault TRIBER 1.0 RXT,Petrol,MANUAL,,"6,464",1st,Kolkata,"5,98,899"
63,2019,Maruti,Maruti Dzire VXI,Petrol,MANUAL,,"16,871",1st,Kolkata,"6,39,099"
64,2016,Maruti,Maruti Swift Dzire LXI OPT,Petrol,MANUAL,,"27,939",2nd,Kolkata,"4,29,599"
65,2018,Maruti,Maruti Swift ZXI,Petrol,MANUAL,,"18,823",1st,Kolkata,"5,91,999"
66,2018,Maruti,Maruti Alto 800 LXI,Petrol,MANUAL,,"30,455",1st,Kolkata,"2,89,599"
67,2019,Maruti,Maruti Vitara Brezza ZDI+ DUAL TONE AMT,Diesel,AUTOMATIC,,"37,221",1st,Kolkata,"10,17,699"
68,2021,Renault,Renault Kwid 1.0 CLIMBER OPT,Petrol,MANUAL,,"7,961",1st,Kolkata,"4,94,299"
69,2018,Hyundai,Hyundai Elite i20 SPORTZ 1.2,Petrol,MANUAL,,"16,639",1st,Kolkata,"6,20,499"
70,2018,Maruti,Maruti Celerio X ZXI OPT AMT,Petrol,AUTOMATIC,,"28,103",1st,Kolkata,"4,64,399"
71,2019,Maruti,Maruti New  Wagon-R VXI 1.0,Petrol,MANUAL,,"13,402",1st,Kolkata,"5,21,199"
72,2019,Maruti,Maruti Dzire VXI,Petrol,MANUAL,,"8,099",1st,Kolkata,"7,09,899"
73,2016,Hyundai,Hyundai Verna FLUIDIC 1.6 SX VTVT,Petrol,MANUAL,,"61,863",1st,Kolkata,"5,66,099"
74,2018,Hyundai,Hyundai Creta 1.6 SX AT CRDI,Diesel,AUTOMATIC,,"37,630",1st,Kolkata,"11,79,899"
75,2021,Maruti,Maruti S PRESSO VXI,Petrol,MANUAL,,"6,941",1st,Kolkata,"4,69,099"
76,2022,Renault,Renault Kiger RXZ CVT 1.0 TURBO DUAL,Petrol,TONE,,"4,047",1st,Kolkata,"11,62,999"
77,2020,Honda,Honda Amaze 1.2 S CVT I VTEC,Petrol,AUTOMATIC,,"3,576",1st,Kolkata,"7,40,099"
78,2015,Hyundai,Hyundai Elite i20 ASTA 1.2,Petrol,MANUAL,,"1,06,320",1st,Kolkata,"4,31,099"
79,2018,Hyundai,Hyundai Elite i20 ASTA 1.4 CRDI,Diesel,MANUAL,,"91,106",1st,Kolkata,"6,58,499"
80,2021,Ford,Ford Ecosport 1.5  TITANIUM SPORTS(SUNROOF),Diesel,MANUAL,,"8,143",1st,Kolkata,"11,58,099"
81,2015,Maruti,Maruti Alto 800 VXI,Petrol,MANUAL,,"46,994",2nd,Kolkata,"2,58,599"
82,2018,Maruti,Maruti Baleno DELTA 1.2 K12,Petrol,MANUAL,,"43,986",1st,Kolkata,"5,15,399"
83,2013,Maruti,Maruti Swift Dzire VXI 1.2 BS IV,Petrol,MANUAL,,"1,05,554",1st,Kolkata,"3,43,699"
84,2019,Maruti,Maruti New  Wagon-R VXI 1.0,Petrol,MANUAL,,"12,779",1st,Kolkata,"5,44,499"
85,2021,Hyundai,Hyundai NEW SANTRO 1.1 MAGNA MT,Petrol,MANUAL,,"5,752",1st,Kolkata,"5,11,899"
86,2016,Maruti,Maruti Wagon R 1.0 LXI,Petrol,MANUAL,,"33,271",1st,Kolkata,"3,56,299"
87,2016,Hyundai,Hyundai Elite i20 ASTA 1.2 (O),Petrol,MANUAL,,"24,096",1st,Kolkata,"5,53,099"
88,2015,Maruti,Maruti Swift VXI,Petrol,MANUAL,,"57,450",1st,Kolkata,"3,95,699"
89,2016,Hyundai,Hyundai Grand i10 MAGNA 1.2 VTVT,Petrol,MANUAL,,"30,266",1st,Kolkata,"4,12,799"
90,2021,Maruti,Maruti Swift VXI,Petrol,MANUAL,,"8,803",1st,Kolkata,"6,95,399"
91,2015,Hyundai,Hyundai Elite i20 ASTA 1.2,Petrol,MANUAL,,"45,812",3rd,Kolkata,"4,68,499"
92,2015,Maruti,Maruti Ciaz VXI PLUS,Petrol,MANUAL,,"13,034",1st,Kolkata,"5,07,099"
93,2018,Maruti,Maruti Wagon R 1.0 VXI AMT,Petrol,AUTOMATIC,,"16,204",3rd,Kolkata,"4,11,999"
94,2013,Ford,Ford Ecosport 1.5TITANIUM TDCI,Diesel,MANUAL,,"59,685",2nd,Kolkata,"4,95,699"
95,2016,Hyundai,Hyundai Creta 1.6 SX PLUS VTVT,Petrol,MANUAL,,"27,424",1st,Kolkata,"8,95,099"
96,2018,Toyota,Toyota Corolla Altis VL AT,Petrol,AUTOMATIC,,"34,174",2nd,Kolkata,"15,48,699"
97,2015,Maruti,Maruti Swift ZXI,Petrol,MANUAL,,"24,060",1st,Kolkata,"5,21,399"
98,2015,Maruti,Maruti Ciaz VXI PLUS,Petrol,MANUAL,,"47,257",2nd,Kolkata,"4,84,999"
99,2020,Hyundai,Hyundai NEW SANTRO MAGNA 1.1 CORPORATE EDITION,Petrol,MANUAL,,"15,263",1st,Kolkata,"4,73,399"
100,2018,Hyundai,Hyundai Verna 1.6 SX VTVT,Petrol,MANUAL,,"57,439",1st,Kolkata,"8,11,499"
101,2020,Datsun,Datsun Go Plus T (O) CVT,Petrol,AUTOMATIC,,"15,755",2nd,Kolkata,"5,54,699"
102,2019,Hyundai,Hyundai Xcent SX 1.2,Petrol,MANUAL,,"11,159",2nd,Kolkata,"5,54,199"
103,2020,Maruti,Maruti New  Wagon-R VXI 1.0,Petrol,MANUAL,,"19,002",1st,Kolkata,"5,69,499"
104,2019,Maruti,Maruti Dzire VXI,Petrol,MANUAL,,"27,798",1st,Kolkata,"5,73,699"
105,2020,KIA,KIA SELTOS 1.5 GTX+ AT,Diesel,AUTOMATIC,,"67,419",1st,Kolkata,"16,49,199"
106,2019,Hyundai,Hyundai NEW SANTRO SPORTZ 1.1,Petrol,MANUAL,,"20,629",2nd,Kolkata,"4,86,999"
107,2020,Maruti,Maruti Ciaz ALPHA 1.5 MT VTVT SHVS,Petrol,MANUAL,,"5,768",1st,Kolkata,"10,10,899"
108,2020,Maruti,Maruti XL6 ALPHA SHVS  MT,Petrol,MANUAL,,"9,883",2nd,Kolkata,"9,77,399"
109,2014,Maruti,Maruti Swift Dzire VXI 1.2 BS IV,Petrol,MANUAL,,"68,159",1st,Kolkata,"3,91,399"
110,2018,Hyundai,Hyundai Grand i10 MAGNA 1.2 VTVT,Petrol,MANUAL,,"52,987",1st,Kolkata,"4,73,999"
111,2019,Tata,Tata Harrier XZ 2.0L Kryotec,Diesel,MANUAL,,"57,852",1st,Kolkata,"14,11,199"
112,2018,Maruti,Maruti Baleno DELTA 1.2 K12,Petrol,MANUAL,,"27,047",1st,Kolkata,"5,34,699"
113,2019,Hyundai,Hyundai NEW SANTRO ASTA 1.1 MT,Petrol,MANUAL,,"42,119",1st,Kolkata,"5,09,799"
114,2015,Hyundai,Hyundai Elite i20 ASTA 1.2,Petrol,MANUAL,,"58,267",2nd,Kolkata,"4,75,499"
115,2018,Honda,Honda Amaze 1.2 SMT I VTEC,Petrol,MANUAL,,"10,772",2nd,Kolkata,"5,78,599"
116,2018,Hyundai,Hyundai Elite i20 Magna Executive 1.2,Petrol,MANUAL,,"24,056",1st,Kolkata,"5,65,199"
117,2018,Maruti,Maruti Dzire VXI,Petrol,MANUAL,,"50,254",1st,Kolkata,"5,62,499"
118,2015,Maruti,Maruti Wagon R 1.0 VXI,Petrol,MANUAL,,"58,284",1st,Kolkata,"3,13,299"
119,2018,Maruti,Maruti Baleno DELTA 1.2 K12,Petrol,MANUAL,,"28,371",1st,Kolkata,"5,49,499"
120,2020,KIA,KIA SONET GTX + 1.0,Petrol,IMT,,"20,873",2nd,Kolkata,"12,62,899"
121,2020,Ford,Ford Ecosport 1.5 TITANIUM PLUS TI VCT AT,Petrol,AUTOMATIC,,"15,237",1st,Kolkata,"10,17,699"
122,2015,Maruti,Maruti Wagon R 1.0 VXI,Petrol,MANUAL,,"24,574",2nd,Kolkata,"3,33,699"
123,2018,Jeep,Jeep Compass LIMITED (O) 2.0,Diesel,MANUAL,,"44,290",1st,Kolkata,"13,00,499"
124,2019,Honda,Honda WR-V 1.2 i-VTEC VX MT,Petrol,MANUAL,,"24,351",1st,Kolkata,"7,37,499"
125,2019,Maruti,Maruti Baleno ZETA 1.2 K12,Petrol,MANUAL,,"67,870",1st,Kolkata,"6,09,699"
126,2018,Maruti,Maruti Dzire ZXI Plus,Petrol,MANUAL,,"55,776",1st,Kolkata,"5,94,599"
127,2018,Maruti,Maruti Swift VXI,Petrol,MANUAL,,"74,534",1st,Kolkata,"5,29,599"
128,2019,Volkswagen,Volkswagen Ameo COMFORTLINE 1.0,Petrol,MANUAL,,"27,021",1st,Kolkata,"4,74,999"
129,2018,Hyundai,Hyundai Elite i20 Magna Executive 1.2,Petrol,MANUAL,,"26,739",1st,Kolkata,"5,65,199"
130,2015,Hyundai,Hyundai Elite i20 ASTA 1.2,Petrol,MANUAL,,"40,503",1st,Kolkata,"4,92,699"
131,2018,Maruti,Maruti Swift VXI,Petrol,MANUAL,,"79,345",1st,Kolkata,"5,57,099"
132,2020,Maruti,Maruti Dzire VXI,Petrol,MANUAL,,"17,463",1st,Kolkata,"6,80,899"
133,2019,Renault,Renault Kwid 1.0 RXT Opt AT,Petrol,AUTOMATIC,,"47,329",1st,Kolkata,"3,67,699"
134,2021,Maruti,Maruti Baleno ZETA 1.2 K12,Petrol,MANUAL,,"12,988",2nd,Kolkata,"7,85,699"
135,2016,Maruti,Maruti Wagon R 1.0 VXI,Petrol,MANUAL,,"28,518",2nd,Kolkata,"3,82,999"
136,2019,Maruti,Maruti New  Wagon-R VXI 1.0,Petrol,MANUAL,,"66,360",1st,Kolkata,"5,15,499"
137,2018,Maruti,Maruti Dzire VXI,Petrol,MANUAL,,"29,115",1st,Kolkata,"5,38,999"
138,2018,Maruti,Maruti Vitara Brezza VDI OPT,Diesel,MANUAL,,"71,374",1st,Kolkata,"7,07,499"
139,2017,Maruti,Maruti Baleno ZETA 1.2 K12,Petrol,MANUAL,,"81,974",1st,Kolkata,"5,37,299"
140,2018,Maruti,Maruti Ciaz ZETA 1.4 VVT,Petrol,MANUAL,,"37,972",1st,Kolkata,"6,28,799"
141,2018,Jeep,Jeep Compass LIMITED (O) 2.0,Diesel,MANUAL,,"47,584",2nd,Kolkata,"12,96,399"
142,2013,Hyundai,Hyundai Verna FLUIDIC 1.6 SX VTVT,Petrol,MANUAL,,"60,447",2nd,Kolkata,"4,44,099"
143,2019,Maruti,Maruti New  Wagon-R ZXI 1.2,Petrol,MANUAL,,"24,076",1st,Kolkata,"5,27,199"
144,2019,Ford,Ford Ecosport 1.5 TITANIUM PLUS TI VCT AT,Petrol,AUTOMATIC,,"7,277",1st,Kolkata,"10,54,799"
145,2018,Maruti,Maruti Dzire VXI,Petrol,MANUAL,,"25,412",1st,Kolkata,"5,70,199"
146,2019,Hyundai,Hyundai GRAND I10 NIOS SPORTZ PETROL,Petrol,MANUAL,,"12,697",1st,Kolkata,"6,42,899"
147,2018,Maruti,Maruti Wagon R 1.0 VXI,Petrol,MANUAL,,"15,531",1st,Kolkata,"4,37,299"
148,2018,Maruti,Maruti Swift VXI AMT,Petrol,AUTOMATIC,,"25,311",1st,Kolkata,"6,20,299"
149,2021,Maruti,Maruti Ciaz ALPHA 1.5 MT VTVT SHVS,Petrol,MANUAL,,"4,301",1st,Kolkata,"9,79,599"
150,2021,Hyundai,Hyundai GRAND I10 NIOS ASTA PETROL AMT,Petrol,AUTOMATIC,,"3,706",1st,Kolkata,"8,09,099"
151,2018,Hyundai,Hyundai Elite i20 Magna Executive 1.2,Petrol,MANUAL,,"51,717",1st,Kolkata,"5,48,899"
152,2020,Maruti,Maruti Baleno ALPHA 1.2K12  AT,Petrol,AUTOMATIC,,"6,119",1st,Kolkata,"8,78,799"
153,2019,Nissan,Nissan Kicks XV,Petrol,PETROL,,"39,476",1st,Kolkata,"7,24,299"
154,2019,Maruti,Maruti Dzire ZXI,Petrol,MANUAL,,"8,085",1st,Kolkata,"7,02,899"
155,2013,Ford,Ford Ecosport 1.0 ECOBOOST TITANIUM,Petrol,MANUAL,,"52,240",2nd,Kolkata,"4,81,399"
156,2015,Honda,Honda Jazz 1.2 V MT,Petrol,MANUAL,,"68,637",1st,Kolkata,"4,17,199"
157,2020,Mahindra,Mahindra MARAZZO M 6 + 7,Diesel,STR,,"10,455",1st,Kolkata,"12,98,599"
158,2018,Maruti,Maruti Dzire VXI AMT,Petrol,AUTOMATIC,,"60,210",1st,Kolkata,"6,04,699"
159,2019,Maruti,Maruti Dzire VXI,Petrol,MANUAL,,"23,170",1st,Kolkata,"6,59,799"
160,2019,Maruti,Maruti Baleno DELTA 1.2 K12,Petrol,MANUAL,,"15,176",1st,Kolkata,"6,23,699"
161,2019,KIA,KIA SELTOS GTK 1.4 GDI PETROL,Petrol,MANUAL,,"25,481",1st,Kolkata,"12,63,899"
162,2014,Hyundai,Hyundai Elite i20 SPORTZ 1.2,Petrol,MANUAL,,"62,281",1st,Kolkata,"4,07,199"
163,2019,Renault,Renault TRIBER 1.0 RXL PETROL,Petrol,MANUAL,,"29,739",2nd,Kolkata,"6,01,699"
164,2018,Maruti,Maruti Wagon R 1.0 VXI,Petrol,MANUAL,,"15,548",1st,Kolkata,"4,55,299"
165,2019,Hyundai,Hyundai Xcent S 1.2,Petrol,MANUAL,,"15,969",1st,Kolkata,"5,33,799"
166,2020,Tata,Tata Harrier XZA,Diesel,AUTOMATIC,,"28,660",1st,Kolkata,"17,68,499"
167,2018,Maruti,Maruti Dzire VXI,Petrol,MANUAL,,"27,562",1st,Kolkata,"6,31,899"
168,2015,Maruti,Maruti Wagon R 1.0 VXI,Petrol,MANUAL,,"63,476",1st,Kolkata,"3,48,599"
169,2018,Renault,Renault Captur RXE PETROL MT,Petrol,MANUAL,,"6,607",1st,Kolkata,"6,28,799"
170,2021,Maruti,Maruti Baleno ZETA 1.2 K12 CVT,Petrol,AUTOMATIC,,"9,039",1st,Kolkata,"8,43,299"
171,2018,Maruti,Maruti Alto 800 LXI,Petrol,MANUAL,,"44,752",1st,Kolkata,"3,16,799"
172,2014,Hyundai,Hyundai Grand i10 ASTA 1.2 (O) VTVT,Petrol,MANUAL,,"68,130",1st,Kolkata,"3,99,299"
173,2019,Maruti,Maruti Dzire VXI,Petrol,MANUAL,,"25,071",1st,Kolkata,"6,41,399"
174,2016,Hyundai,Hyundai i20 Active 1.2 S,Petrol,MANUAL,,"59,351",2nd,Kolkata,"5,26,799"
175,2020,Maruti,Maruti Dzire ZXI Plus,Petrol,MANUAL,,"15,303",1st,Kolkata,"8,36,999"
176,2014,Hyundai,Hyundai Grand i10 SPORTZ 1.2 KAPPA VTVT,Petrol,MANUAL,,"88,942",2nd,Kolkata,"3,67,899"
177,2018,Ford,Ford Figo Aspire 1.2 TITANIUM PETROL,Petrol,MANUAL,,"21,245",1st,Kolkata,"4,53,499"
178,2018,Maruti,Maruti Alto 800 LXI,Petrol,MANUAL,,"26,807",2nd,Kolkata,"3,15,499"
179,2018,Maruti,Maruti Wagon R 1.0 VXI,Petrol,MANUAL,,"18,824",1st,Kolkata,"4,78,199"
180,2014,Hyundai,Hyundai Elite i20 SPORTZ 1.2,Petrol,MANUAL,,"46,171",1st,Kolkata,"4,72,799"
181,2019,Honda,Honda City V MT PETROL,Petrol,MANUAL,,"45,063",1st,Kolkata,"9,47,449"
182,2019,Hyundai,Hyundai Grand i10 SPORTZ 1.2 KAPPA VTVT,Petrol,MANUAL,,"10,228",1st,Kolkata,"5,50,299"
183,2018,Maruti,Maruti Alto 800 LXI,Petrol,MANUAL,,"23,789",2nd,Kolkata,"2,99,999"
184,2020,Renault,Renault Kwid RXT,Petrol,MANUAL,,"13,167",1st,Kolkata,"4,65,399"
185,2014,Maruti,Maruti Wagon R 1.0 VXI,Petrol,MANUAL,,"17,691",1st,Kolkata,"3,72,699"
186,2020,Tata,Tata ALTROZ XZ 1.2,Petrol,MANUAL,,"7,750",1st,Kolkata,"7,43,499"
187,2021,Tata,Tata ALTROZ XZ + 1.2,Petrol,RTN,,"14,078",1st,Kolkata,"8,48,599"
188,2014,Maruti,Maruti Wagon R 1.0 VXI,Petrol,MANUAL,,"31,236",2nd,Kolkata,"3,73,599"
189,2018,Maruti,Maruti Ciaz 1.5 SIGMA SHVS,Petrol,MANUAL,,"18,682",1st,Kolkata,"7,09,299"
190,2018,Maruti,Maruti IGNIS DELTA 1.2 K12,Petrol,MANUAL,,"11,949",1st,Kolkata,"5,04,499"
191,2020,Maruti,Maruti Baleno ZETA 1.2 K12,Petrol,MANUAL,,"6,272",1st,Kolkata,"7,60,699"
192,2018,Hyundai,Hyundai Elite i20 ASTA 1.2,Petrol,MANUAL,,"22,471",1st,Kolkata,"6,74,799"
193,2018,Ford,Ford Ecosport 1.5 TITANIUM TI VCT,Petrol,MANUAL,,"54,500",1st,Kolkata,"7,38,499"
194,2021,Skoda,Skoda Rapid 1.0 AMBITION TSI AT,Petrol,AUTOMATIC,,"13,993",1st,Kolkata,"11,33,299"
195,2017,Maruti,Maruti Dzire VXI,Petrol,MANUAL,,"51,032",1st,Kolkata,"5,38,499"
196,2020,Maruti,Maruti S Cross ZETA AT 1.5,Petrol,SHVS,,"11,707",1st,Kolkata,"10,48,549"
197,2019,Maruti,Maruti Baleno DELTA 1.2 K12,Petrol,MANUAL,,"27,131",1st,Kolkata,"6,26,599"
198,2019,Hyundai,Hyundai Grand i10 SPORTZ 1.2 KAPPA VTVT,Petrol,MANUAL,,"27,407",1st,Kolkata,"5,32,399"
199,2016,Maruti,Maruti Wagon R 1.0 VXI,Petrol,MANUAL,,"32,532",2nd,Kolkata,"4,07,999"
200,2016,Maruti,Maruti Baleno ZETA 1.2 K12,Petrol,MANUAL,,"56,814",1st,Kolkata,"5,60,199"
201,2018,Maruti,Maruti IGNIS ALPHA 1.2 K12,Petrol,MANUAL,,"38,413",1st,Kolkata,"5,06,699"
202,2018,Maruti,Maruti Wagon R 1.0 VXI,Petrol,MANUAL,,"27,328",1st,Kolkata,"4,66,499"
203,2020,Maruti,Maruti Baleno DELTA 1.2 K12,Petrol,MANUAL,,"14,577",1st,Kolkata,"6,80,899"
204,2020,Maruti,Maruti S PRESSO VXI PLUS,Petrol,MANUAL,,"9,190",2nd,Kolkata,"4,96,999"
205,2017,Hyundai,Hyundai Grand i10 MAGNA 1.2 VTVT,Petrol,MANUAL,,"36,495",1st,Kolkata,"4,87,099"
206,2021,Maruti,Maruti S PRESSO VXI,Petrol,MANUAL,,"3,716",1st,Kolkata,"4,97,899"
207,2021,Jeep,Jeep Compass 1.4 SPORT AT,Petrol,AUTOMATIC,,"11,799",1st,Kolkata,"19,73,599"
208,2018,Maruti,Maruti Wagon R 1.0 VXI,Petrol,MANUAL,,"33,860",2nd,Kolkata,"4,50,199"
209,2018,Datsun,Datsun Redi Go 1.0 T(O) AT,Petrol,AUTOMATIC,,"20,032",1st,Kolkata,"3,62,599"
210,2018,Maruti,Maruti Wagon R 1.0 VXI,Petrol,MANUAL,,"42,246",2nd,Kolkata,"4,56,999"
211,2020,Maruti,Maruti S PRESSO VXI,Petrol,MANUAL,,"53,958",1st,Kolkata,"4,69,099"
212,2018,Maruti,Maruti Wagon R 1.0 VXI,Petrol,MANUAL,,"23,019",1st,Kolkata,"4,54,199"
213,2021,Maruti,Maruti S PRESSO VXI,Petrol,MANUAL,,"10,998",1st,Kolkata,"4,74,399"
214,2019,Maruti,Maruti Baleno DELTA 1.2 K12,Petrol,MANUAL,,"46,141",1st,Kolkata,"6,72,199"
215,2019,Maruti,Maruti S PRESSO VXI PLUS,Petrol,MANUAL,,"21,056",2nd,Kolkata,"4,50,299"
216,2020,Maruti,Maruti S PRESSO VXI,Petrol,MANUAL,,"31,305",1st,Kolkata,"4,69,099"
217,2018,Maruti,Maruti Baleno DELTA 1.2 K12,Petrol,MANUAL,,"33,268",2nd,Kolkata,"6,33,099"
218,2019,Hyundai,Hyundai Grand i10 SPORTZ 1.2 KAPPA VTVT,Petrol,MANUAL,,"33,016",1st,Kolkata,"5,41,899"
219,2021,Hyundai,Hyundai VENUE 1.0L Turbo GDI SX(O) MT,Petrol,MANUAL,,"24,023",1st,Kolkata,"11,30,899"
220,2018,Maruti,Maruti Alto K10 VXI,Petrol,MANUAL,,"30,220",1st,Kolkata,"3,82,499"
221,2018,Maruti,Maruti Baleno ZETA 1.2 K12,Petrol,MANUAL,,"22,772",1st,Kolkata,"7,23,999"
222,2018,Maruti,Maruti Alto K10 VXI (O) AMT,Petrol,AUTOMATIC,,"44,118",1st,Kolkata,"4,08,249"
223,2019,Maruti,Maruti Alto LXI,Petrol,MANUAL,,"10,527",1st,Kolkata,"3,44,999"
224,2018,Maruti,Maruti Alto 800 LXI,Petrol,MANUAL,,"20,785",1st,Kolkata,"3,33,499"
225,2020,Maruti,Maruti Alto VXI,Petrol,MANUAL,,"6,317",1st,Kolkata,"3,49,499"
226,2020,Maruti,Maruti Alto VXI,Petrol,MANUAL,,"11,233",1st,Kolkata,"4,20,199"
227,2018,Maruti,Maruti Alto 800 LXI,Petrol,MANUAL,,"69,975",1st,Kolkata,"3,27,099"
228,2018,Maruti,Maruti Baleno DELTA 1.2 K12,Petrol,MANUAL,,"24,747",1st,Kolkata,"6,59,099"
229,2020,Maruti,Maruti Alto LXI,Petrol,MANUAL,,"32,005",1st,Kolkata,"3,44,999"
230,2019,Maruti,Maruti S PRESSO VXI PLUS,Petrol,MANUAL,,"22,072",1st,Kolkata,"3,92,899"
231,2018,Maruti,Maruti Baleno ZETA 1.2 K12,Petrol,MANUAL,,"28,933",1st,Kolkata,"6,93,899"
232,2020,Maruti,Maruti Alto VXI,Petrol,MANUAL,,"13,045",2nd,Kolkata,"4,13,399"
233,2020,Maruti,Maruti Alto LXI,Petrol,MANUAL,,"26,856",1st,Kolkata,"3,95,499"
234,2018,Maruti,Maruti Swift VXI,Petrol,MANUAL,,"4,044",1st,Kolkata,"5,37,899"
235,2018,Maruti,Maruti Ertiga VXI  LIMITED EDITION,Petrol,MANUAL,,"48,288",1st,Kolkata,"7,43,599"
236,2014,Maruti,Maruti Alto 800 LXI,Petrol,MANUAL,,"1,37,396",1st,Kolkata,"2,06,099"
237,2019,Renault,Renault TRIBER 1.0 RXL PETROL,Petrol,MANUAL,,"4,056",1st,Kolkata,"6,01,699"
