,Year,Brand,Model,Fuel Type,Transmission,Engine Capacity,Kms Driven,No. of Owners,Location,Price
0,2015,Maruti,Maruti SX4 S Cross,Diesel,Automatic,1248,"96,458",1st,Pune,"7,32,000"
1,2016,Toyota,Toyota Corolla Altis,Petrol,Manual,1798,"32,726",2nd,Pune,"10,39,000 "
2,2018,Toyota,Toyota Yaris,Petrol,Manual,1496,"14,565",1st,Pune,"9,36,000"
3,2015,Honda,Honda City,Petrol,Manual,1497,"60,031",1st,Pune,"7,21,000 "
4,2017,Maruti,Maruti Ciaz,Petrol,Manual,1373,"78,091",1st,Pune,"7,18,000 "
5,2020,MG,MG Hector,Diesel,Automatic,1956,"16,856",1st,Pune,"17,69,000 "
6,2016,Maruti,Maruti Wagon R,Petrol,Manual,998,"33,963",1st,Pune,"4,06,000"
7,2020,Maruti,Maruti Ciaz,Petrol,Manual,1462,"5,149",1st,Pune,"11,58,000 "
8,2019,Renault,Renault Triber,Petrol,Manual,999,"9,833",1st,Pune,"7,13,000 "
9,2014,Honda,Honda City,Petrol,Manual,1497,"98,718",1st,Pune,"5,83,000"
10,2015,Hyundai,Hyundai Grand i10,Petrol,Manual,1197,"25,134",1st,Pune,"4,49,000"
11,2015,Hyundai,Hyundai i10,Petrol,Manual,1086,"28,618",2nd,Pune,"3,71,000"
12,2019,Mahindra,Mahindra XUV300,Petrol,Manual,1197,"51,463",2nd,Pune,"10,48,000 "
13,2018,Maruti,Maruti Baleno,Petrol,Manual,1197,"21,167",1st,Pune,"6,75,000 "
14,2020,Kia,Kia Seltos Htk Plus G,Petrol,Manual,1497,"12,000",First,Pune,13.25 Lakh*
15,2020,Tata,Tata Nexon Xz Plus Dualtone Roof,Petrol,Manual,1199,"40,000",First,Pune,9.75 Lakh*
16,2019,Honda,Honda City V Mt,Petrol,Manual,1497,"12,000",First,Pune,10.40 Lakh*
17,2014,Honda,Honda City I Vtec Cvt Vx,Petrol,Manual,1497,"50,000",First,Pune,6.88 Lakh*
18,2016,Bmw,Bmw X1 Xdrive 20d Xline,Diesel,Automatic,1995,"42,000",First,Pune,22.50 Lakh*
19,2015,Bmw,Bmw 3 Series 320d Gt Luxury Line,Diesel,Automatic,1995,"56,000",Second,Pune,19.75 Lakh*
20,2019,Mahindra,Mahindra XUV300,Petrol,Manual,1197,"51,463",2nd,Pune,"10,48,000 "
21,2018,Maruti,Maruti Baleno,Petrol,Manual,1197,"21,167",1st,Pune,"6,75,000 "
22,2014,Honda,Honda Amaze,Petrol,Manual,1198,"67,206",1st,Pune,"4,33,000 "
23,2016,Maruti,Maruti Swift,Petrol,Manual,1197,"28,696",1st,Pune,"4,93,000 "
24,2016,Nissan,Nissan Micra Active,Petrol,Manual,1198,"76,018",1st,Pune,"3,28,000 "
25,2014,Tata,Tata New Safari,Diesel,Automatic,2179,"34,686",1st,Pune,"4,91,000 "
26,2017,Maruti,Maruti Baleno,Petrol,Manual,1197,"30,271",1st,Pune,"5,98,000 "
27,2018,Maruti,Maruti Ciaz,Petrol,Manual,1373,"40,929",1st,Pune,"7,58,000 "
28,2017,Hyundai,Hyundai Creta,Petrol,Manual,1591,"84,150",1st,Pune,"8,84,000 "
29,2015,Maruti,Maruti Celerio,Petrol,Manual,998,"43,632",1st,Pune,"3,66,000"
30,2015,Hyundai,Hyundai Grand i10,Petrol,Manual,1197,"34,624",1st,Pune,"4,53,000 "
31,2017,Toyota,Toyota Corolla Altis,Petrol,Manual,1798,"75,669",1st,Pune,"10,60,000 "
32,2017,Hyundai,Hyundai Verna,Petrol,Manual,1591,"13,914",2nd,Pune,"8,59,000"
33,2017,Toyota,Toyota Innova Crysta,Diesel,Automatic,2393,"42,555",1st,Pune,"17,06,000 "
34,2015,Honda,Honda CR-V,Petrol,Manual,1997,"87,219",2nd,Pune,"8,70,000 "
35,2018,Honda,Honda City,Petrol,Manual,1497,"24,729",1st,Pune,"8,84,000"
36,2015,Maruti,Maruti Swift Dzire,Petrol,Manual,1197,"36,872",2nd,Pune,"4,94,000 "
37,2019,Jeep,Jeep Compass Trailhawk,Diesel,Automatic,1956,"70,115",1st,Pune,"22,98,000 "
38,2017,Maruti,Maruti SX4 S Cross,Diesel,Automatic,1248,"92,607",1st,Pune,"7,48,000"
39,2021,Skoda,Skoda Rapid,Petrol,Manual,999,"6,324",1st,Pune,"11,63,000 "
40,2019,Hyundai,Hyundai Creta,Petrol,Manual,1591,"56,513",1st,Pune,"12,38,000"
41,2015,Skoda,Skoda Rapid,Petrol,Manual,1598,"95,820",1st,Pune,"5,02,000 "
42,2014,Maruti,Maruti Wagon R,Petrol,Manual,998,"6,516",1st,Pune,"3,51,000"
43,2015,Maruti,Maruti Wagon R,Petrol,Manual,998,"25,277",1st,Pune,"3,30,000"
44,2016,Maruti,Maruti Baleno,Petrol,Manual,1197,"23,324",1st,Pune,"6,46,000 "
45,2014,Maruti,Maruti Swift,Petrol,Manual,1197,"75,785",1st,Pune,"4,14,000"
46,2016,Maruti,Maruti Swift,Petrol,Manual,1197,"32,667",1st,Pune,"4,83,000 "
47,2015,Hyundai,Hyundai Xcent,Petrol,Manual,1197,"36,550",2nd,Pune,"4,81,000 "
48,2015,Hyundai,Hyundai Grand i10,Petrol,Manual,1197,"36,544",1st,Pune,"4,26,000 "
49,2012,Honda,Honda Brio,Petrol,Manual,1198,"70,476",1st,Pune,"2,83,000 "
50,2016,Hyundai,Hyundai Grand i10,Petrol,Manual,1197,"29,250",1st,Pune,"5,35,000"
51,2015,Honda,Honda City,Petrol,Manual,1497,"72,389",1st,Pune,"7,06,000 "
52,2018,Maruti,Maruti Wagon R,Petrol,Manual,998,"30,263",1st,Pune,"4,20,000 "
53,2018,Honda,Honda WR-V,Petrol,Manual,1199,"43,454",1st,Pune,"8,04,000 "
54,2017,Hyundai,Hyundai Creta,Diesel,Automatic,1582,"73,089",1st,Pune,"12,08,000 "
55,2017,Maruti,Maruti Wagon R,Petrol,Manual,998,"29,874",1st,Pune,"3,98,000"
56,2012,Volkswagen,Volkswagen Vento,Petrol,Manual,1598,"74,017",1st,Pune,"3,46,000"
57,2017,Maruti,Maruti Ertiga,Diesel,Automatic,1248,"74,742",1st,Pune,"8,64,000"
58,2021,Renault,Renault Triber,Petrol,Manual,999,"10,539",1st,Pune,"8,54,000 "
59,2019,Mahindra,Mahindra Marazzo,Diesel,Automatic,1497,"40,293",1st,Pune,"11,02,000 "
60,2019,Renault,Renault Triber,Petrol,Manual,999,"16,395",1st,Pune,"6,42,000 "
61,2015,Hyundai,Hyundai i10,Petrol,Manual,1086,"48,921",1st,Pune,"3,13,000 "
62,2020,Maruti,Maruti Vitara Brezza,Petrol,Manual,1462,"23,816",1st,Pune,"9,62,000 "
63,2017,Volkswagen,Volkswagen Ameo,Diesel,Automatic,1498,"75,159",1st,Pune,"5,00,000"
64,2018,Maruti,Maruti Wagon R,Petrol,Manual,998,"43,404",1st,Pune,"3,93,000 "
65,2018,Maruti,Maruti Vitara Brezza,Diesel,Automatic,1248,"45,494",1st,Pune,"9,21,000 "
66,2019,Renault,Renault Triber,Petrol,Manual,999,"21,985",1st,Pune,"6,16,000"
67,2018,Maruti,Maruti Wagon R,Petrol,Manual,998,"5,956",2nd,Pune,"4,56,000 "
68,2018,Maruti,Maruti Vitara Brezza,Diesel,Automatic,1248,"89,652",1st,Pune,"8,85,000 "
69,2016,Hyundai,Hyundai Grand i10,Petrol,Manual,1197,"68,148",1st,Pune,"4,64,000"
70,2017,Jeep,Jeep Compass,Petrol,Manual,1368,"41,787",1st,Pune,"14,53,000 "
71,2017,Hyundai,Hyundai Grand i10,Petrol,Manual,1197,"17,626",1st,Pune,"4,88,000 "
72,2016,Volkswagen,Volkswagen Polo,Diesel,Automatic,1498,"59,961",1st,Pune,"5,43,000 "
73,2016,Mahindra,Mahindra KUV 100,Diesel,Automatic,1198,"63,638",1st,Pune,"4,68,000"
74,2017,Hyundai,Hyundai Creta,Petrol,Manual,1591,"29,486",2nd,Pune,"8,30,000 "
75,2014,Maruti,Maruti Swift,Petrol,Manual,1197,"23,310",1st,Pune,"4,31,000"
76,2015,Hyundai,Hyundai Verna,Petrol,Manual,1591,"30,397",1st,Pune,"7,10,000"
77,2018,Mahindra,Mahindra XUV500,Diesel,Automatic,2179,"41,379",1st,Pune,"16,18,000"
78,2015,Hyundai,Hyundai i20,Petrol,Manual,1197,"54,445",1st,Pune,"4,95,000 "
79,2019,Tata,Tata Tiago,Petrol,Manual,1199,"28,966",1st,Pune,"4,84,000"
80,2021,Kia,Kia Sonet,Petrol,Manual,998,"5,963",1st,Pune,"10,65,000 "
81,2020,Hyundai,Hyundai Venue,Diesel,Automatic,1493,"36,747",1st,Pune,"10,73,000"
82,2018,Maruti,Maruti Vitara Brezza,Diesel,Automatic,1248,"44,033",1st,Pune,"9,13,000 "
83,2016,Maruti,Maruti Swift Dzire,Diesel,Automatic,1248,"88,899",1st,Pune,"6,30,000"
84,2015,Maruti,Maruti Swift Dzire,Petrol,Manual,1197,"65,078",1st,Pune,"4,81,000 "
85,2015,Skoda,Skoda Rapid,Diesel,Automatic,1498,"63,855",1st,Pune,"4,77,000 "
86,2014,Hyundai,Hyundai i20,Diesel,Automatic,1396,"67,666",1st,Pune,"4,45,000"
87,2017,Ford,Ford Aspire Titanium,Petrol,Manual,1194,"75,000",First,Pune,3.99 Lakh*
88,2012,Mahindra,Mahindra Xuv500 W8 2wd,Diesel,Automatic,2179,"80,000",Second,Pune,4.75 Lakh*
89,2009,Maruti,Maruti Alto Lxi,Petrol,Manual,796,"41,000",First,Pune,1.45 Lakh*
90,2008,Honda,Honda City Gxi,Petrol,Manual,1497,"78,000",First,Pune,2.05 Lakh*
91,2014,Skoda,Skoda Rapid 1.6 Mpi Elegance,Petrol,Manual,1598,"44,000",First,Pune,3.99 Lakh*
92,2011,Toyota,Toyota Corolla Altis G,Petrol,Manual,1798,"1,13,756",First,Pune,3.85 Lakh*
93,2016,Mahindra,Mahindra Kuv 100 Mfalcon G80 K4 Plus,Petrol,Manual,1198,"36,010",First,Pune,3.85 Lakh*
94,2013,Hyundai,Hyundai Santro Xing Gl Cng,,,1086,"80,000",First,Pune,1.95 Lakh*
95,2020,Mercedes-benz,Mercedes-benz Glc 200,Petrol,Manual,1991,"32,000",First,Pune,56.50 Lakh*
96,2021,Bmw,Bmw X4 M Sport X Xdrive30d,Diesel,Automatic,2993,"15,000",First,Pune,68.50 Lakh*
97,2015,Audi,Audi A4 1.8 Tfsi Premium Plus,Petrol,Manual,1798,"15,000",Second,Pune,15.25 Lakh*
98,2016,Honda,Honda Amaze S I-dtec,Diesel,Automatic,1498,"74,000",First,Pune,5.85 Lakh*
99,2013,Maruti,Maruti Alto 800 Cng Lxi,,,796,"57,000",First,Pune,2.95 Lakh*
100,2014,Maruti,Maruti Wagon R Cng Lxi,,,998,"50,148",First,Pune,3.90 Lakh*
101,2013,Volkswagen,Volkswagen Polo Ipl Ii 1.2 Petrol Highline,Petrol,Manual,1198,"63,000",Second,Pune,3.99 Lakh*
102,2016,Volkswagen,Volkswagen Polo 1.2 Mpi Highline Plus,Petrol,Manual,1199,"43,000",First,Pune,5.55 Lakh*
103,2010,Hyundai,Hyundai Verna Transform Sx Vgt Crdi,Diesel,Automatic,1493,"72,000",Second,Pune,2.65 Lakh*
104,2017,Volkswagen,Volkswagen Ameo 1.2 Mpi Comfortline Plus,Petrol,Manual,1198,"47,000",First,Pune,4.99 Lakh*
105,2013,Honda,Honda Amaze S I-vtech,Petrol,Manual,1198,"27,000",First,Pune,3.99 Lakh*
106,2010,Hyundai,Hyundai I20 1.2 Asta,Petrol,Manual,1197,"58,000",First,Pune,2.65 Lakh*
107,2011,Hyundai,Hyundai I20 1.2 Magna,Petrol,Manual,1197,"48,000",First,Pune,2.49 Lakh*
108,2000,Honda,Honda City 1.3 Exi,Petrol,Manual,1343,"1,00,000",Second,Pune,1 Lakh*
109,2015,Hyundai,Hyundai Santa Fe 4wd At,Diesel,Automatic,2199,"1,18,000",First,Pune,11.50 Lakh*
110,2018,Bmw,Bmw 5 Series 520d Luxury Line,Diesel,Automatic,1995,"51,000",First,Pune,39.95 Lakh*
111,2011,Audi,Audi Q5 3.0 Tdi,Diesel,Automatic,2967,"1,09,710",First,Pune,12 Lakh*
112,2014,Mercedes-benz,Mercedes-benz C-class C 220 Cdi Grand Edition,Diesel,Automatic,2143,"85,902",First,Pune,16 Lakh*
113,2018,Volkswagen,Volkswagen Polo Gt Tsi,Petrol,Manual,1197,"44,155",First,Pune,8.50 Lakh*
114,2018,Maruti,Maruti Vitara Brezza Zdi,Diesel,Automatic,1248,"90,000",First,Pune,8.90 Lakh*
115,2011,Skoda,Skoda New Laura 1.8 Tsi Ambiente,Petrol,Manual,1798,"98,358",Third,Pune,3.35 Lakh*
116,2018,Maruti,Maruti Alto K10 Vxi Amt,Petrol,Manual,998,"10,000",First,Pune,4.25 Lakh*
117,2015,Hyundai,Hyundai Verna 1.6 Vtvt S,Petrol,Manual,1591,"32,000",First,Pune,6.45 Lakh*
118,2012,Mercedes-benz,Mercedes-benz C-class 250 Cdi Classic,Diesel,Automatic,2143,"85,000",First,Pune,12.75 Lakh*
119,2014,Honda,Honda Amaze S I-vtech,Petrol,Manual,1198,"69,000",First,Pune,4.25 Lakh*
120,2015,Ford,Ford Ecosport 1.5 Petrol Titanium,Petrol,Manual,1496,"75,058",First,Pune,4.90 Lakh*
121,2013,Chevrolet,Chevrolet Beat Lt,Petrol,Manual,1199,"44,200",Second,Pune,2.25 Lakh*
122,2017,Bmw,Bmw X5 Xdrive 30d Design Pure Experience 5 Seater,Diesel,Automatic,2993,"65,000",Second,Pune,45 Lakh*
123,2022,Volvo,Volvo S60 T4 Inscription,Petrol,Manual,1969,"15,000",First,Pune,51 Lakh*
124,2011,Skoda,Skoda New Laura 2.0 Tdi At L And K,Diesel,Automatic,1968,"1,29,000",Second,Pune,4.45 Lakh*
125,2017,Hyundai,Hyundai Tucson 2.0 E-vgt 2wd Mt,Diesel,Automatic,1995,"80,000",First,Pune,18.50 Lakh*
126,2011,Bmw,Bmw 5 Series 520d,Diesel,Automatic,1995,"35,000",Second,Pune,15.50 Lakh*
127,2017,Bmw,Bmw 7 Series 730ld Design Pure Excellence,Diesel,Automatic,2993,"45,000",First,Pune,71 Lakh*
128,2013,Maruti,Maruti Wagon R Lxi Cng,,,998,"72,000",First,Pune,3.75 Lakh*
129,2010,Nissan,Nissan Micra Xv,Petrol,Manual,1198,"45,000",First,Pune,1.99 Lakh*
130,2018,Toyota,Toyota Innova Crysta 2.8 Zx At Bsiv,Diesel,Automatic,2755,"90,000",First,Pune,22.50 Lakh*
131,2017,Audi,Audi Tt 45 Tfsi,Petrol,Manual,1984,"19,000",First,Pune,45 Lakh*
132,2011,Volkswagen,Volkswagen Vento Petrol Highline At,Petrol,Manual,1598,"30,200",First,Pune,3.45 Lakh*
133,2015,Maruti,Maruti Alto 800 Lxi,Petrol,Manual,796,"57,332",First,Pune,3.10 Lakh*
134,2016,Renault,Renault Kwid 1.0 Amt Rxt,Petrol,Manual,999,"18,065",First,Pune,3.70 Lakh*
135,2010,Chevrolet,Chevrolet Cruze Lt,Diesel,Automatic,1991,"66,000",Second,Pune,2.65 Lakh*
136,2018,Mercedes-benz,Mercedes-benz Cla Urban Sport 200d,Diesel,Automatic,2143,"40,000",First,Pune,24 Lakh*
137,2015,Maruti,Maruti Alto 800 Cng Lxi,,,796,"72,000",Second,Pune,2.89 Lakh*
138,2013,Mercedes-benz,Mercedes-benz C-class C 250 Cdi Avantgarde,Diesel,Automatic,2143,"1,06,000",Second,Pune,11.99 Lakh*
139,2017,Maruti,Maruti Swift Dzire Zxi Plus,Petrol,Manual,1197,"19,000",First,Pune,6.80 Lakh*
140,2019,Hyundai,Hyundai Venue Sx Opt Turbo,Petrol,Manual,998,"24,000",First,Pune,10.55 Lakh*
141,2015,Volkswagen,Volkswagen Jetta 2.0l Tdi Highline At,Diesel,Automatic,1968,"89,000",First,Pune,11.30 Lakh*
142,2021,Honda,Honda Jazz Zx Cvt,Petrol,Manual,1199,"3,000",First,Pune,9.90 Lakh*
143,2019,Toyota,Toyota Innova Crysta 2.8 Zx At Bsiv,Diesel,Automatic,2755,"40,000",First,Pune,21.40 Lakh*
144,2018,Honda,Honda Amaze V Cvt Petrol Bsiv,Petrol,Manual,1199,"33,000",First,Pune,7.70 Lakh*
145,2016,Mahindra,Mahindra Thar Di 4x4,Diesel,Automatic,2523,"43,000",Second,Pune,7.45 Lakh*
146,2016,Maruti,Maruti Alto K10 Lxi Cng,,,998,"47,000",First,Pune,3.45 Lakh*
147,2018,Maruti,Maruti Sx4 S Cross Delta Ddis 200 Sh,Diesel,Automatic,1248,"72,573",First,Pune,8.99 Lakh*
148,2008,Maruti,Maruti Swift Vxi Bsiii,Petrol,Manual,1298,"56,509",First,Pune,2.40 Lakh*
149,2021,Honda,Honda Amaze S I-dtec,Diesel,Automatic,1498,"21,231",First,Pune,9.05 Lakh*
150,2016,Hyundai,Hyundai Creta 1.6 Vtvt E Plus,Petrol,Manual,1591,"30,000",First,Pune,7.70 Lakh*
151,2013,Maruti,Maruti Swift Vdi,Diesel,Automatic,1248,"80,000",Second,Pune,5.10 Lakh*
152,2017,Maruti,Maruti Swift Dzire Zxi,Petrol,Manual,1197,"1,06,986",First,Pune,6.25 Lakh*
153,2018,Hyundai,Hyundai Grand I10 1.2 Crdi Sportz,Diesel,Automatic,1186,"23,425",First,Pune,5.91 Lakh*
154,2014,Volkswagen,Volkswagen Polo Ipl Ii 1.2 Diesel Highline,Diesel,Automatic,1199,"68,568",First,Pune,5.45 Lakh*
155,2013,Hyundai,Hyundai Grand I10 Magna,Petrol,Manual,1197,"64,000",Second,Pune,3.99 Lakh*
156,2017,Hyundai,Hyundai Xcent 1.2 Vtvt Sx,Petrol,Manual,1197,"65,000",First,Pune,5.31 Lakh*
157,2014,Maruti,Maruti Celerio Vxi At Optional,Petrol,Manual,998,"49,000",First,Pune,3.75 Lakh*
158,2014,Mercedes-benz,Mercedes-benz B Class B180 Cdi,Diesel,Automatic,2143,"90,000",Second,Pune,10.25 Lakh*
159,2014,Bmw,Bmw 5 Series 520d Luxury Line,Diesel,Automatic,1995,"1,10,000",Second,Pune,20.50 Lakh*
160,2015,Skoda,Skoda Superb Ambition 2.0 Tdi Cr At,Diesel,Automatic,1968,"85,000",First,Pune,10.85 Lakh*
161,2019,Maruti,Maruti Swift Amt Vxi,Petrol,Manual,1197,"18,000",First,Pune,6.80 Lakh*
162,2014,Hyundai,Hyundai Grand I10 Magna,Petrol,Manual,1197,"43,000",First,Pune,4.10 Lakh*
163,2013,Maruti,Maruti Swift Dzire Vdi,Diesel,Automatic,1248,"61,000",First,Pune,5 Lakh*
164,2017,Maruti,Maruti Ciaz Zeta Diesel,Diesel,Automatic,1248,"54,000",First,Pune,7.80 Lakh*
165,2014,Maruti,Maruti Alto K10 Vxi Optional,Petrol,Manual,998,"33,450",First,Pune,2.85 Lakh*
166,2011,Honda,Honda City 1.5 S Mt,Petrol,Manual,1497,"76,700",Second,Pune,3.60 Lakh*
167,2015,Jaguar,Jaguar Xf 2.2 Litre Luxury,Diesel,Automatic,2179,"74,250",First,Pune,23.50 Lakh*
168,2015,Maruti,Maruti Ciaz Vdi Plus Shvs,Diesel,Automatic,1248,"1,17,200",First,Pune,6.20 Lakh*
169,2018,Maruti,Maruti Swift Vdi Optional,Diesel,Automatic,1248,"33,450",Second,Pune,7.50 Lakh*
170,2014,Hyundai,Hyundai I20 Asta Option 1.4 Crdi,Diesel,Automatic,1396,"73,500",First,Pune,4.75 Lakh*
171,2017,Maruti,Maruti Ciaz S 1.3,Diesel,Automatic,1248,"83,200",First,Pune,7.80 Lakh*
172,2019,Honda,Honda Amaze V Petrol Bsiv,Petrol,Manual,1199,"9,340",Second,Pune,7.75 Lakh*
173,2015,Maruti,Maruti Swift Dzire Zdi,Diesel,Automatic,1248,"1,26,400",First,Pune,6.60 Lakh*
174,2017,Hyundai,Hyundai Grand I10 Sportz Petrol Bsiv,Petrol,Manual,1197,"58,200",First,Pune,5.20 Lakh*
175,2019,Honda,Honda City Edge Edition Sv,Petrol,Manual,1497,"9,210",First,Pune,8.91 Lakh*
176,2014,Hyundai,Hyundai Santa Fe 2wd At,Diesel,Automatic,2199,"1,16,551",Second,Pune,9.85 Lakh*
177,2016,Hyundai,Hyundai Verna 1.6 Vtvt S,Petrol,Manual,1591,"26,000",First,Pune,6.75 Lakh*
178,2015,Mahindra,Mahindra Xuv500 W10 Awd,Diesel,Automatic,2179,"59,000",First,Pune,9.25 Lakh*
179,2020,Toyota,Toyota Innova Crysta 2.4 Gx At 8 Str,Diesel,Automatic,2393,"58,000",First,Pune,22.64 Lakh*
180,2012,Honda,Honda Brio S Mt,Petrol,Manual,1198,"48,261",Second,Pune,3.51 Lakh*
181,2010,Mahindra,Mahindra Xylo E8 Abs Airbag,Diesel,Automatic,2498,"80,000",First,Pune,3.80 Lakh*
182,2012,Maruti,Maruti A-star At Vxi,Petrol,Manual,998,"45,251",Second,Pune,2.55 Lakh*
183,2014,Volkswagen,Volkswagen Crosspolo 1.2 Tdi,Diesel,Automatic,1199,"59,000",First,Pune,4.85 Lakh*
184,2016,Volvo,Volvo S60 Cross Country D4 Awd Bsiv,Diesel,Automatic,2400,"47,000",First,Pune,23.50 Lakh*
185,2012,Mercedes-benz,Mercedes-benz C-class C 250 Cdi Elegance,Diesel,Automatic,2143,"77,699",Second,Pune,12.50 Lakh*
186,2007,Tata,Tata Indica Dlg,Diesel,Automatic,1396,"1,20,000",Third,Pune,"90,000*"
187,2011,Honda,Honda City 1.5 V Mt,Petrol,Manual,1497,"79,000",Third,Pune,2.95 Lakh*
188,2013,Honda,Honda Amaze S I-vtech,Petrol,Manual,1198,"27,000",First,Pune,3.85 Lakh*
189,2013,Volkswagen,Volkswagen Polo 1.2 Mpi Comfortline,Petrol,Manual,1198,"65,000",First,Pune,3.75 Lakh*
190,2002,Toyota,Toyota Qualis Fs F2,Diesel,Automatic,2446,"1,10,000",Third,Pune,1.70 Lakh*
191,2018,Maruti,Maruti Ertiga 1.5 Vdi,Diesel,Automatic,1498,"16,000",First,Pune,10.25 Lakh*
192,2015,Toyota,Toyota Fortuner 4x4 At,Diesel,Automatic,2982,"69,000",First,Pune,19.75 Lakh*
193,2018,Volkswagen,Volkswagen Tiguan 2.0 Tdi Highline,Diesel,Automatic,1968,"27,990",First,Pune,28 Lakh*
194,2014,Hyundai,Hyundai Xcent 1.2 Kappa Base,Petrol,Manual,1197,"61,000",First,Pune,3.95 Lakh*
195,2013,Maruti,Maruti Wagon R Cng Lxi,,,998,"77,000",First,Pune,3.65 Lakh*
196,2015,Maruti,Maruti Swift Vvt Vxi,Petrol,Manual,1197,"63,500",First,Pune,4.90 Lakh*
197,2018,Honda,Honda City Anniversary I-vtec Cvt Zx,Petrol,Manual,1497,"28,000",First,Pune,10.80 Lakh*
198,2017,Maruti,Maruti Wagon R Cng Lxi Bsiv,,,998,"96,000",First,Pune,4.55 Lakh*
199,2020,Maruti,Maruti Celerio Vxi Cng Optional,,,998,"70,500",First,Pune,5.85 Lakh*
200,2011,Hyundai,Hyundai I20 1.2 Asta,Petrol,Manual,1197,"86,000",First,Pune,3.05 Lakh*
201,2012,Honda,Honda Brio V Mt,Petrol,Manual,1198,"60,000",First,Pune,3.05 Lakh*
202,2009,Maruti,Maruti Alto Lxi Bsiii,Petrol,Manual,796,"85,000",Second,Pune,1.40 Lakh*
203,2015,Maruti,Maruti Alto K10 Lxi Cng,,,998,"1,04,000",First,Pune,3.40 Lakh*
204,2013,Maruti,Maruti Alto 800 Cng Lxi,,,796,"96,000",First,Pune,2.70 Lakh*
205,2019,Hyundai,Hyundai Santro Sportz,Petrol,Manual,1086,"15,800",First,Pune,4.95 Lakh*
206,2017,Honda,Honda City I Dtec V,Diesel,Automatic,1498,"83,000",First,Pune,8.60 Lakh*
207,2012,Ford,Ford Figo Diesel Zxi,Diesel,Automatic,1399,"54,000",First,Pune,3.05 Lakh*
208,2008,Maruti,Maruti Versa Dx Bsiii,Petrol,Manual,1298,"1,00,000",Second,Pune,1.95 Lakh*
209,2012,Ford,Ford Figo Diesel Zxi,Diesel,Automatic,1399,"1,35,000",First,Pune,2.35 Lakh*
210,2012,Hyundai,Hyundai Verna 1.6 Crdi Ex Mt,Diesel,Automatic,1582,"1,15,000",Second,Pune,3.95 Lakh*
211,2017,Hyundai,Hyundai Xcent 1.2 Kappa Sx,Petrol,Manual,1197,"9,800",First,Pune,6.25 Lakh*
212,2015,Toyota,Toyota Platinum Etios 1.5 G,Petrol,Manual,1496,"57,000",First,Pune,5 Lakh*
213,2013,Toyota,Toyota Etios Liva G,Petrol,Manual,1197,"32,180",First,Pune,3.35 Lakh*
214,2019,Toyota,Toyota Innova Crysta 2.4 Vx Mt Bsiv,Diesel,Automatic,2393,"40,806",First,Pune,21 Lakh*
215,2014,Volkswagen,Volkswagen Vento Magnific 1.6 Highline,Petrol,Manual,1598,"42,181",First,Pune,4.95 Lakh*
216,2019,Mercedes-benz,Mercedes-benz V-class Marco Polo,Diesel,Automatic,2143,"45,000",Second,Pune,64 Lakh*
217,2013,Maruti,Maruti Wagon R Cng Lxi,,,998,"54,000",First,Pune,3.65 Lakh*
218,2014,Hyundai,Hyundai I20 Sportz 1.2,Petrol,Manual,1197,"68,000",First,Pune,4.70 Lakh*
219,2021,Volkswagen,Volkswagen Taigun 1.5 Tsi Gt,Petrol,Manual,1498,"14,141",Unregistered Car,Pune,19 Lakh*
220,2010,Volkswagen,Volkswagen Jetta 1.6 Trendline,Petrol,Manual,1595,"40,000",First,Pune,4 Lakh*
221,2018,Volkswagen,Volkswagen Tiguan 2.0 Tdi Highline,Diesel,Automatic,1968,"69,000",First,Pune,24 Lakh*
222,2021,Hyundai,Hyundai I20 N Line N8 Dct Dual Tone,Petrol,Manual,998,"10,000",First,Pune,12.50 Lakh*
223,2019,Honda,Honda Jazz 1.2 Vx I Vtec,Petrol,Manual,1199,"19,631",First,Pune,8.25 Lakh*
224,2021,Maruti,Maruti Swift Dzire Vxi,Petrol,Manual,1197,"21,000",First,Pune,7.40 Lakh*
225,2018,Hyundai,Hyundai Grand I10 Magna,Petrol,Manual,1197,"31,000",First,Pune,4.95 Lakh*
226,2016,Volkswagen,Volkswagen Ameo 1.5 Tdi Highline,Diesel,Automatic,1498,"85,000",First,Pune,6.50 Lakh*
227,2014,Honda,Honda Brio S Mt,Petrol,Manual,1198,"77,000",First,Pune,3.60 Lakh*
228,2019,Tata,Tata Tigor Xz Plus,Petrol,Manual,1199,"30,000",First,Pune,6.35 Lakh*
229,2020,Honda,Honda Amaze V Cvt Petrol,Petrol,Manual,1199,"11,600",First,Pune,8.70 Lakh*
230,2015,Maruti,Maruti Alto K10 Vxi Amt,Petrol,Manual,998,"20,100",First,Pune,3.65 Lakh*
231,2007,Mercedes-benz,Mercedes-benz S-class S 350 L,Petrol,Manual,3498,"74,000",Third,Pune,7.75 Lakh*
232,2020,Tata,Tata Harrier Xza Plus Dark Edition At,Diesel,Automatic,1956,"18,000",First,Pune,21.25 Lakh*
233,2010,Maruti,Maruti Zen Estilo Lxi Bs Iv,Petrol,Manual,998,"86,000",Second,Pune,1.99 Lakh*
234,2015,Honda,Honda City V Mt,Petrol,Manual,1497,"1,00,000",First,Pune,6.10 Lakh*
235,2018,Hyundai,Hyundai Grand I10 Magna,Petrol,Manual,1197,"22,000",First,Pune,4.90 Lakh*
236,2016,Maruti,Maruti Vitara Brezza Zdi,Diesel,Automatic,1248,"32,000",First,Pune,8.10 Lakh*
237,2016,Volkswagen,Volkswagen Polo 1.2 Mpi Highline Plus,Petrol,Manual,1199,"42,001",First,Pune,5.49 Lakh*
238,2019,Toyota,Toyota Yaris V Optional Cvt,Petrol,Manual,1496,"10,001",First,Pune,10.99 Lakh*
239,2012,Toyota,Toyota Etios Liva Vx,Petrol,Manual,1197,"62,001",Second,Pune,3.45 Lakh*
240,2014,Volkswagen,Volkswagen Vento Petrol Highline,Petrol,Manual,1598,"41,000",First,Pune,4.40 Lakh*
241,2014,Skoda,Skoda Superb Elegance 1.8 Tsi,Petrol,Manual,1798,"68,000",First,Pune,7.40 Lakh*
242,2015,Volkswagen,Volkswagen Polo 1.5 Tdi Highline,Diesel,Automatic,1498,"77,000",First,Pune,4.99 Lakh*
243,2013,Maruti,Maruti A-star Vxi,Petrol,Manual,998,"26,000",First,Pune,2.65 Lakh*
244,2010,Maruti,Maruti A-star Vxi,Petrol,Manual,998,"53,000",First,Pune,2.30 Lakh*
245,2022,Volkswagen,Volkswagen Polo 1.0 Tsi Highline Plus,Petrol,Manual,999,"32,000",First,Pune,7.25 Lakh*
246,2015,Honda,Honda City I Vtec Sv,Petrol,Manual,1497,"72,000",First,Pune,5.60 Lakh*
247,2009,Maruti,Maruti Swift Dzire Zxi,Petrol,Manual,1298,"74,495",First,Pune,3.11 Lakh*
248,2014,Maruti,Maruti Wagon R Lxi Cng,,,998,"62,889",First,Pune,3.91 Lakh*
249,2016,Maruti,Maruti Wagon R Vxi,Petrol,Manual,998,"25,658",First,Pune,4.31 Lakh*
250,2013,Maruti,Maruti Alto K10 2010-2014 Vxi,Petrol,Manual,998,"95,648",First,Pune,2.61 Lakh*
251,2013,Hyundai,Hyundai I10 Sportz At,Petrol,Manual,1197,"64,648",First,Pune,3.55 Lakh*
252,2013,Chevrolet,Chevrolet Beat Ls,Petrol,Manual,1199,"40,200",First,Pune,2.25 Lakh*
253,2017,Toyota,Toyota Corolla Altis D-4d Gl,Diesel,Automatic,1364,"48,000",Second,Pune,13.50 Lakh*
254,2015,Mercedes-benz,Mercedes-benz Gl-class 350 Cdi Blue Efficiency,Diesel,Automatic,2987,"88,000",First,Pune,39 Lakh*
255,2015,Toyota,Toyota Etios Liva 1.2 G,Petrol,Manual,1197,"65,000",Second,Pune,3.99 Lakh*
256,2018,Hyundai,Hyundai Verna Vtvt 1.6 Sx,Petrol,Manual,1591,"28,887",First,Pune,9.25 Lakh*
257,2015,Maruti,Maruti Ritz Vxi,Petrol,Manual,1197,"38,000",First,Pune,4.25 Lakh*
258,2013,Bmw,Bmw 7 Series Signature 730ld,Diesel,Automatic,2993,"43,994",Second,Pune,35 Lakh*
259,2016,Hyundai,Hyundai Creta 1.6 Vtvt Sx Plus,Petrol,Manual,1591,"63,000",First,Pune,9 Lakh*
260,2016,Toyota,Toyota Innova Crysta 2.4 Vx Mt,Diesel,Automatic,2393,"75,000",First,Pune,16.75 Lakh*
261,2012,Honda,Honda Jazz S,Petrol,Manual,1198,"41,000",Second,Pune,3.45 Lakh*
262,2016,Honda,Honda Jazz Vx,Petrol,Manual,1199,"68,000",First,Pune,5.70 Lakh*
263,2010,Hyundai,Hyundai I10 Magna,Petrol,Manual,1197,"41,000",First,Pune,2.25 Lakh*
264,2016,Maruti,Maruti Swift Vxi Optional,Petrol,Manual,1197,"87,000",First,Pune,5.30 Lakh*
265,2016,Audi,Audi Q7 35 Tdi Quattro Premium Plus,Diesel,Automatic,2967,"1,15,000",Second,Pune,24.11 Lakh*
266,2018,Hyundai,Hyundai Verna Crdi 1.6 At Sx Plus,Diesel,Automatic,1582,"53,336",First,Pune,12.50 Lakh*
267,2017,Land,Land Rover Range Rover Evoque Petrol Hse Dynamic,Petrol,Manual,1997,"11,000",First,Pune,47.50 Lakh*
268,2011,Toyota,Toyota Etios G,Petrol,Manual,1496,"1,01,347",Third,Pune,3.25 Lakh*
269,2011,Mercedes-benz,Mercedes-benz E-class E250 Cdi Elegance,Diesel,Automatic,2143,"66,000",Second,Pune,11 Lakh*
270,2015,Bmw,Bmw 5 Series 525d Luxury Line,Diesel,Automatic,1995,"74,00,000",Second,Pune,21.75 Lakh*
271,2015,Audi,Audi A6 2.0 Tdi Technology,Diesel,Automatic,1968,"88,000",First,Pune,23 Lakh*
272,2019,Tata,Tata Nexon 1.2 Revotron Xm,Petrol,Manual,1198,"17,000",First,Pune,7.50 Lakh*
273,2019,Honda,Honda Civic New,Petrol,Manual,1799,"21,000",First,Pune,15.30 Lakh*
274,2017,Tata,Tata Nexon 1.5 Revotorq Xz Plus,Diesel,Automatic,1497,"72,000",First,Pune,8.75 Lakh*
275,2013,Toyota,Toyota Etios Liva G,Petrol,Manual,1197,"60,000",Second,Pune,2.85 Lakh*
276,2010,Maruti,Maruti Sx4 Zxi Mt Bsiv,Petrol,Manual,1586,"65,000",First,Pune,2.45 Lakh*
277,2011,Tata,Tata Manza Elan Safire Bs Iv,Petrol,Manual,1368,"45,000",Second,Pune,1.85 Lakh*
278,2011,Maruti,Maruti Sx4 Zxi At,Petrol,Manual,1586,"85,000",Second,Pune,2.49 Lakh*
279,2013,Hyundai,Hyundai Verna 1.6 Sx Vtvt (o) At,Petrol,Manual,1591,"70,000",Second,Pune,4.55 Lakh*
280,2013,Maruti,Maruti Wagon R Lxi Cng,,,998,"53,000",First,Pune,3.35 Lakh*
281,2012,Honda,Honda City I Vtec V,Petrol,Manual,1497,"1,04,000",Second,Pune,3.99 Lakh*
282,2012,Bmw,Bmw 3 Series 320d Luxury Line,Diesel,Automatic,1995,"99,000",Second,Pune,11.95 Lakh*
283,2012,Jaguar,Jaguar Xj 5.0 L V8 Supercharged,Petrol,Manual,5000,"72,000",Second,Pune,29.75 Lakh*
284,2011,Audi,Audi A4 2.0 Tdi 177 Bhp Premium Plus,Diesel,Automatic,1968,"1,02,000",Second,Pune,7.50 Lakh*
285,2017,Audi,Audi Q3 30 Tdi,Diesel,Automatic,1968,"98,000",Third,Pune,19.75 Lakh*
286,2014,Mercedes-benz,Mercedes-benz Gl-class 350 Cdi Blue Efficiency,Diesel,Automatic,2987,"80,000",First,Pune,32.75 Lakh*
287,2013,Mercedes-benz,Mercedes-benz M-class Ml 350 4matic,Diesel,Automatic,2987,"1,03,000",Second,Pune,21.50 Lakh*
288,2017,Jeep,Jeep Compass 2.0 Limited 4x4,Diesel,Automatic,1956,"59,000",First,Pune,15.25 Lakh*
289,2011,Bmw,Bmw 5 Series 520d Sedan,Diesel,Automatic,1995,"98,000",Second,Pune,12.95 Lakh*
290,2016,Audi,Audi Q7 45 Tdi Quattro Technology,Diesel,Automatic,2967,"61,000",First,Pune,54 Lakh*
291,2014,Mercedes-benz,Mercedes-benz E-class E250 Cdi Avantgarde,Diesel,Automatic,2143,"70,000",Second,Pune,17.25 Lakh*
292,2011,Toyota,Toyota Corolla Altis Diesel D4dj,Diesel,Automatic,1364,"84,184",Second,Pune,5.35 Lakh*
293,2015,Hyundai,Hyundai Eon Sportz,Petrol,Manual,814,"41,600",First,Pune,3.60 Lakh*
294,2017,Maruti,Maruti Ignis 1.3 Zeta,Diesel,Automatic,1248,"60,627",First,Pune,5.49 Lakh*
295,2014,Maruti,Maruti Celerio Vxi,Petrol,Manual,998,"90,000",First,Pune,3.50 Lakh*
296,2017,Skoda,Skoda Superb Style 2.0 Tdi At,Diesel,Automatic,1968,"60,000",First,Pune,19.90 Lakh*
297,2016,Skoda,Skoda Superb Elegance 2.0 Tdi Cr At,Diesel,Automatic,1968,"88,000",First,Pune,14 Lakh*
298,2005,Maruti,Maruti Zen Vxi - Bs Iii,Petrol,Manual,993,"30,000",Third,Pune,1.10 Lakh*
299,2015,Maruti,Maruti Wagon R Lxi Cng,,,998,"50,000",Second,Pune,4 Lakh*
300,2017,Maruti,Maruti Vitara Brezza Zdi,Diesel,Automatic,1248,"88,000",First,Pune,8.10 Lakh*
301,2015,Skoda,Skoda Superb Elegance 2.0 Tdi Cr At,Diesel,Automatic,1968,"80,173",First,Pune,13 Lakh*
302,2016,Renault,Renault Pulse Rxz,Diesel,Automatic,1461,"38,000",First,Pune,4.95 Lakh*
303,2013,Audi,Audi A6 2.0 Tdi,Diesel,Automatic,1968,"70,000",First,Pune,16 Lakh*
304,2015,Hyundai,Hyundai Grand I10 Asta,Petrol,Manual,1197,"37,000",First,Pune,4.40 Lakh*
305,2019,Hyundai,Hyundai Venue Sx Opt Diesel,Diesel,Automatic,1493,"49,000",First,Pune,11.20 Lakh*
306,2012,Honda,Honda City V Mt,Petrol,Manual,1497,"61,000",First,Pune,4.25 Lakh*
307,2014,Hyundai,Hyundai Eon Era,Petrol,Manual,814,"48,000",Second,Pune,2.70 Lakh*
308,2016,Hyundai,Hyundai Grand I10 Asta Option,Petrol,Manual,1197,"52,000",First,Pune,4.85 Lakh*
309,2015,Maruti,Maruti Wagon R Vxi,Petrol,Manual,998,"43,000",First,Pune,3.95 Lakh*
310,2017,Maruti,Maruti Ertiga Cng Vxi Bsiv,,,1462,"1,10,000",First,Pune,8.50 Lakh*
311,2017,Maruti,Maruti Wagon R Cng Lxi Bsiv,,,998,"37,000",First,Pune,4.85 Lakh*
312,2015,Maruti,Maruti Wagon R Lxi,Petrol,Manual,998,"28,869",First,Pune,3.85 Lakh*
313,2018,Hyundai,Hyundai I20 Asta,Petrol,Manual,1197,"39,000",First,Pune,7.10 Lakh*
314,2017,Jeep,Jeep Compass 2.0 Longitude Option Bsiv,Diesel,Automatic,1956,"65,244",Second,Pune,12.50 Lakh*
315,2018,Skoda,Skoda Kodiaq 2.0 Tdi Style,Diesel,Automatic,1968,"64,895",First,Pune,31 Lakh*
316,2013,Maruti,Maruti Swift Vdi,Diesel,Automatic,1248,"78,651",First,Pune,4.50 Lakh*
317,2016,Hyundai,Hyundai Grand I10 1.2 Kappa Asta,Petrol,Manual,1197,"43,072",First,Pune,5.50 Lakh*
318,2014,Tata,Tata Nano Twist Xt,Petrol,Manual,624,"37,058",First,Pune,1.60 Lakh*
319,2010,Maruti,Maruti A-star Lxi,Petrol,Manual,998,"80,466",Second,Pune,1.80 Lakh*
320,2021,Maruti,Maruti Baleno Zeta,Petrol,Manual,1197,"49,024",First,Pune,7.35 Lakh*
321,2011,Honda,Honda City 1.5 S Mt,Petrol,Manual,1497,"82,000",Second,Pune,3.99 Lakh*
322,2010,Hyundai,Hyundai I10 Magna 1.1l,Petrol,Manual,1086,"70,000",Third,Pune,2.50 Lakh*
323,2015,Hyundai,Hyundai I20 Sportz Option 1.2,Petrol,Manual,1197,"67,084",First,Pune,5.75 Lakh*
324,2017,Maruti,Maruti Baleno 1.2 Zeta,Petrol,Manual,1197,"24,000",First,Pune,6.60 Lakh*
325,2017,Mahindra,Mahindra Xuv500 W10 1.99 Mhawk,Diesel,Automatic,1997,"90,000",First,Pune,12.50 Lakh*
326,2011,Bmw,Bmw X1 Sdrive20d,Diesel,Automatic,1995,"1,35,000",First,Pune,11.70 Lakh*
327,2019,Mercedes-benz,Mercedes-benz Cla Urban Sport 200,Petrol,Manual,1991,"14,200",First,Pune,34 Lakh*
328,2015,Toyota,Toyota Innova 2.5 G (diesel) 8 Seater,Diesel,Automatic,2494,"83,870",First,Pune,11.25 Lakh*
329,2019,Maruti,Maruti Eeco 7 Seater Std,Petrol,Manual,1196,"53,000",First,Pune,5.65 Lakh*
330,2019,Maruti,Maruti Xl6 Alpha At,Petrol,Manual,1462,"37,500",First,Pune,12 Lakh*
331,2011,Mercedes-benz,Mercedes-benz S-class S 500,Petrol,Manual,5461,"72,000",First,Pune,18.75 Lakh*
332,2021,Mercedes-benz,Mercedes-benz A-class Limousine A 200,Petrol,Manual,1332,"13,800",First,Pune,41 Lakh*
333,2007,Mercedes-benz,Mercedes-benz E-class 280 Cdi,Diesel,Automatic,2987,"1,19,000",First,Pune,5.50 Lakh*
334,2021,Renault,Renault Kwid 1.0 Rxt,Petrol,Manual,999,"8,500",First,Pune,4.95 Lakh*
335,2017,Mercedes-benz,Mercedes-benz E-class E 200 Cgi,Petrol,Manual,1991,"30,000",First,Pune,39 Lakh*
336,2019,Mercedes-benz,Mercedes-benz E-class Expression E 200 Bsiv,Petrol,Manual,1991,"13,000",First,Pune,53 Lakh*
337,2017,Audi,Audi A4 35 Tdi Premium Plus,Diesel,Automatic,1968,"26,400",First,Pune,35 Lakh*
338,2011,Mercedes-benz,Mercedes-benz C-class C 250 Cdi Avantgarde,Diesel,Automatic,2143,"75,000",Second,Pune,11.90 Lakh*
339,2017,Hyundai,Hyundai Creta 1.6 E Plus,Petrol,Manual,1591,"78,000",First,Pune,8.90 Lakh*
340,2019,Maruti,Maruti Celerio Zxi,Petrol,Manual,998,"16,000",First,Pune,5.35 Lakh*
341,2013,Bmw,Bmw 7 Series 730ld,Diesel,Automatic,2993,"73,000",Second,Pune,28.50 Lakh*
342,2015,Bmw,Bmw 3 Series 320d Luxury Line,Diesel,Automatic,1995,"61,000",Second,Pune,18.50 Lakh*
343,2014,Bmw,Bmw 5 Series 520d Modern Line,Diesel,Automatic,1995,"99,500",First,Pune,21.50 Lakh*
344,2014,Mahindra,Mahindra Thar Crde Ac,Diesel,Automatic,2498,"12,000",Second,Pune,7.75 Lakh*
345,2008,Toyota,Toyota Camry W2 (at),Petrol,Manual,2362,"1,19,000",First,Pune,4.40 Lakh*
346,2018,Toyota,Toyota Corolla Altis 1.8 G Cvt,Petrol,Manual,1798,"51,000",First,Pune,13 Lakh*
347,2008,Toyota,Toyota Alphard 3.0 V6,Petrol,Manual,2995,"70,000",Third,Pune,14.25 Lakh*
348,2016,Jaguar,Jaguar Xj 3.0l Premium Luxury,Diesel,Automatic,2993,"71,000",First,Pune,41.90 Lakh*
349,2009,Hyundai,Hyundai I20 Magna 1.2,Petrol,Manual,1197,"49,250",Second,Pune,2.50 Lakh*
350,2017,Maruti,Maruti Celerio Vxi,Petrol,Manual,998,"82,000",First,Pune,4.25 Lakh*
351,2013,Audi,Audi Q7 3.0 Tdi Quattro,Diesel,Automatic,2967,"1,20,000",First,Pune,22 Lakh*
352,2013,Hyundai,Hyundai I10 Magna 1.1l,Petrol,Manual,1086,"76,000",Second,Pune,2.99 Lakh*
353,2017,Hyundai,Hyundai Creta 1.6 Vtvt Sx Plus,Petrol,Manual,1591,"85,000",First,Pune,9.25 Lakh*
354,2020,Hyundai,Hyundai Santro Magna,Petrol,Manual,1086,"9,000",First,Pune,4.90 Lakh*
355,2011,Maruti,Maruti A-star Lxi,Petrol,Manual,998,"70,000",First,Pune,2.45 Lakh*
356,2017,Maruti,Maruti Wagon R Cng Lxi,,,998,"74,000",First,Pune,4.70 Lakh*
357,2016,Hyundai,Hyundai Xcent 1.2 Vtvt Sx,Petrol,Manual,1197,"64,200",First,Pune,5.85 Lakh*
358,2015,Jaguar,Jaguar Xf 2.2 Litre Luxury,Diesel,Automatic,2179,"50,000",First,Pune,26.50 Lakh*
359,2013,Maruti,Maruti Swift Dzire Zdi,Diesel,Automatic,1248,"68,000",First,Pune,5.65 Lakh*
360,2015,Maruti,Maruti Alto K10 Vxi,Petrol,Manual,998,"26,000",First,Pune,2.95 Lakh*
361,2015,Volkswagen,Volkswagen Vento 1.2 Tsi Highline At,Petrol,Manual,1197,"75,000",Second,Pune,6.50 Lakh*
362,2012,Hyundai,Hyundai Santa Fe 4x2,Diesel,Automatic,2199,"1,20,000",Third,Pune,5.75 Lakh*
363,2014,Honda,Honda City I Vtec Cvt Vx,Petrol,Manual,1497,"57,897",First,Pune,7 Lakh*
364,2011,Land,Land Rover Range Rover Sport Tdv6,Diesel,Automatic,2993,"1,19,939",Second,Pune,29 Lakh*
365,2016,Hyundai,Hyundai I20 Sportz 1.2,Petrol,Manual,1197,"36,000",First,Pune,5.90 Lakh*
366,2010,Ford,Ford Fiesta 1.4 Sxi Tdci Abs,Diesel,Automatic,1399,"93,000",Third,Pune,2.45 Lakh*
367,2019,Honda,Honda Wr-v I-dtec Vx,Diesel,Automatic,1498,"48,800",First,Pune,10.25 Lakh*
368,2020,Jaguar,Jaguar Xe Se,Petrol,Manual,1997,"34,913",First,Pune,29 Lakh*
369,2013,Bmw,Bmw 5 Series 520d Luxury Line,Diesel,Automatic,1995,"97,275",Second,Pune,14.50 Lakh*
370,2018,Renault,Renault Captur 1.5 Diesel Rxt Mono,Diesel,Automatic,1461,"42,305",First,Pune,9.25 Lakh*
371,2015,Honda,Honda Jazz Vx,Petrol,Manual,1199,"38,000",First,Pune,5.25 Lakh*
372,2013,Maruti,Maruti Alto K10 2010-2014 Vxi,Petrol,Manual,998,"15,000",First,Pune,2.70 Lakh*
373,2015,Volkswagen,Volkswagen Vento 1.2 Tsi Highline At,Petrol,Manual,1197,"40,296",First,Pune,5.40 Lakh*
374,2017,Renault,Renault Kwid Climber 1.0 Amt,Petrol,Manual,999,"62,000",Second,Pune,3.75 Lakh*
375,2021,Mg,Mg Zs Ev Exclusive,,,0,"19,000",First,Pune,24.75 Lakh*
376,2019,Mercedes-benz,Mercedes-benz Cla 200 Cdi Sport,Diesel,Automatic,2143,"29,000",First,Pune,31.25 Lakh*
377,2015,Tata,Tata New Safari Dicor 2.2 Ex 4x2,Diesel,Automatic,2179,"1,12,000",First,Pune,4.21 Lakh*
378,2010,Hyundai,Hyundai I20 Asta 1.4 Crdi (diesel),Diesel,Automatic,1396,"1,05,000",Second,Pune,2.71 Lakh*
379,2015,Hyundai,Hyundai I20 Active 1.4 Sx,Diesel,Automatic,1396,"21,587",First,Pune,6.25 Lakh*
380,2015,Nissan,Nissan Micra Xv Cvt,Petrol,Manual,1198,"54,000",First,Pune,4.01 Lakh*
381,2013,Volkswagen,Volkswagen Vento 1.5 Tdi Highline,Diesel,Automatic,1498,"70,000",First,Pune,4.40 Lakh*
382,2020,Mg,Mg Hector Sharp At Bsiv,Petrol,Manual,1451,"18,179",First,Pune,17.50 Lakh*
383,2014,Hyundai,Hyundai I10 Magna 1.1l,Petrol,Manual,1086,"62,000",First,Pune,3.15 Lakh*
384,2012,Volkswagen,Volkswagen Vento Diesel Comfortline,Diesel,Automatic,1598,"75,000",Second,Pune,3.21 Lakh*
385,2018,Maruti,Maruti Swift Zxi,Petrol,Manual,1197,"78,000",First,Pune,6.11 Lakh*
386,2014,Maruti,Maruti Ertiga Vxi Cng,,,1373,"59,000",Second,Pune,6.75 Lakh*
387,2017,Maruti,Maruti Ignis 1.2 Zeta Bsiv,Petrol,Manual,1197,"75,000",First,Pune,4.99 Lakh*
388,2012,Hyundai,Hyundai Eon Sportz,Petrol,Manual,814,"74,000",First,Pune,2.21 Lakh*
389,2015,Honda,Honda Jazz V Cvt,Petrol,Manual,1199,"75,000",First,Pune,5.25 Lakh*
390,2012,Skoda,Skoda Fabia 1.2 Mpi Ambition,Petrol,Manual,1198,"49,000",First,Pune,2.15 Lakh*
391,2017,Maruti,Maruti Alto 800 Cng Lxi,,,796,"74,000",First,Pune,3.25 Lakh*
392,2017,Hyundai,Hyundai Grand I10 1.2 Kappa Sportz Option At,Petrol,Manual,1197,"32,000",First,Pune,6.40 Lakh*
393,2017,Hyundai,Hyundai Grand I10 Magna,Petrol,Manual,1197,"33,000",First,Pune,5.10 Lakh*
394,2016,Maruti,Maruti Celerio Green Vxi,,,998,"62,000",First,Pune,4.25 Lakh*
395,2017,Hyundai,Hyundai I20 1.2 Spotz,Petrol,Manual,1197,"55,000",First,Pune,5.99 Lakh*
396,2017,Maruti,Maruti Swift Lxi Option,Petrol,Manual,1197,"53,000",First,Pune,4.99 Lakh*
397,2010,Maruti,Maruti Swift Dzire Vxi,Petrol,Manual,1298,"72,000",Second,Pune,2.49 Lakh*
398,2017,Maruti,Maruti Sx4 S Cross Ddis 200 Zeta,Diesel,Automatic,1248,"78,000",First,Pune,7.25 Lakh*
399,2019,Honda,Honda Wr-v I-vtec Vx,Petrol,Manual,1199,"19,000",First,Pune,8.40 Lakh*
400,2010,Maruti,Maruti Swift Vxi Bsiii,Petrol,Manual,1298,"62,000",Second,Pune,2.55 Lakh*
401,2014,Maruti,Maruti Wagon R Vxi,Petrol,Manual,998,"45,000",First,Pune,3.75 Lakh*
402,2014,Maruti,Maruti Wagon R Stingray Vxi,Petrol,Manual,998,"43,000",First,Pune,3.75 Lakh*
403,2014,Hyundai,Hyundai Verna 1.6 Sx Vtvt,Petrol,Manual,1591,"21,000",First,Pune,4.75 Lakh*
404,2012,Hyundai,Hyundai Elantra Crdi Sx,Diesel,Automatic,1582,"90,511",Second,Pune,5.14 Lakh*
405,2016,Tata,Tata Hexa Xta,Diesel,Automatic,2179,"76,647",Second,Pune,10.58 Lakh*
406,2015,Renault,Renault Lodgy Stepway 110ps Rxz 7s,Diesel,Automatic,1461,"94,000",First,Pune,4.75 Lakh*
407,2012,Bmw,Bmw 5 Series 525d Sedan,Diesel,Automatic,2993,"79,000",First,Pune,14.49 Lakh*
408,2013,Volkswagen,Volkswagen Vento 1.5 Tdi Highline,Diesel,Automatic,1498,"75,000",Second,Pune,4.40 Lakh*
409,2011,Volkswagen,Volkswagen Vento Petrol Highline At,Petrol,Manual,1598,"65,000",First,Pune,3.45 Lakh*
410,2016,Volkswagen,Volkswagen Gti 1.8 Tsi,Petrol,Manual,1798,"50,000",First,Pune,6.85 Lakh*
411,2013,Hyundai,Hyundai I20 Asta 1.4 Crdi,Diesel,Automatic,1396,"73,000",First,Pune,4.85 Lakh*
412,2017,Hyundai,Hyundai Creta 1.6 Crdi Sx Option,Diesel,Automatic,1582,"55,000",First,Pune,12.30 Lakh*
413,2016,Tata,Tata Nano Cng Xm,,,624,"43,000",First,Pune,1.48 Lakh*
414,2015,Maruti,Maruti Swift Vvt Vxi,Petrol,Manual,1197,"54,929",First,Pune,5.15 Lakh*
415,2020,Land,Land Rover Discovery Sport R-dynamic Se Diesel,Diesel,Automatic,1999,"14,000",First,Pune,67.95 Lakh*
416,2016,Hyundai,Hyundai Verna 1.6 Vtvt At S,Petrol,Manual,1591,"15,000",First,Pune,7.75 Lakh*
417,2017,Hyundai,Hyundai Grand I10 1.2 Kappa Sportz Bsiv,Petrol,Manual,1197,"33,000",First,Pune,4.85 Lakh*
418,2014,Hyundai,Hyundai I20 Sportz 1.2,Petrol,Manual,1197,"82,936",First,Pune,4.35 Lakh*
419,2015,Ford,Ford Ecosport 1.5 Diesel Titanium Plus,Diesel,Automatic,1498,"59,000",First,Pune,6.45 Lakh*
420,2013,Hyundai,Hyundai I10 Magna 1.1l,Petrol,Manual,1086,"26,000",First,Pune,3.15 Lakh*
421,2021,Mg,Mg Hector Sharp Cvt,Petrol,Manual,1451,"41,000",First,Pune,17.25 Lakh*
422,2011,Chevrolet,Chevrolet Cruze Ltz At,Diesel,Automatic,1991,"81,000",Second,Pune,3.85 Lakh*
423,2011,Ford,Ford Figo Diesel Titanium,Diesel,Automatic,1399,"49,807",First,Pune,2.67 Lakh*
424,2006,Tata,Tata Indigo Lx,Diesel,Automatic,1405,"90,000",Third,Pune,"70,000*"
425,2021,Kia,Kia Carnival Premium,Diesel,Automatic,2199,"34,000",First,Pune,26.50 Lakh*
426,2014,Skoda,Skoda Rapid 1.6 Mpi Elegance,Petrol,Manual,1598,"87,000",First,Pune,4.70 Lakh*
427,2015,Hyundai,Hyundai I20 Active 1.2 S,Petrol,Manual,1197,"78,000",First,Pune,5.80 Lakh*
428,2018,Skoda,Skoda Rapid 1.5 Tdi At Style Bsiv,Diesel,Automatic,1498,"70,000",First,Pune,9.25 Lakh*
429,2013,Hyundai,Hyundai I20 Sportz 1.2,Petrol,Manual,1197,"60,000",Second,Pune,3.90 Lakh*
430,2013,Audi,Audi A4 2.0 Tdi,Diesel,Automatic,1968,"1,15,406",Second,Pune,12.45 Lakh*
431,2011,Audi,Audi A6 2.7 Tdi,Diesel,Automatic,2698,"1,23,142",First,Pune,9.45 Lakh*
432,2015,Honda,Honda Jazz Vx,Petrol,Manual,1199,"83,653",Second,Pune,5.25 Lakh*
433,2012,Maruti,Maruti Wagon R Vxi,Petrol,Manual,998,"40,000",First,Pune,3.10 Lakh*
434,2017,Hyundai,Hyundai Tucson 2.0 E-vgt 2wd At Gl,Diesel,Automatic,1995,"79,380",First,Pune,19 Lakh*
435,2021,Tata,Tata Harrier Xm,Diesel,Automatic,1956,"24,000",First,Pune,15.50 Lakh*
436,2001,Hyundai,Hyundai Santro Ls Zipdrive Euro Ii,Petrol,Manual,999,"80,000",Fourth,Pune,"65,000*"
437,2016,Audi,Audi Q3 35 Tdi Quattro Premium,Diesel,Automatic,1968,"1,05,489",First,Pune,18.50 Lakh*
438,2014,Hyundai,Hyundai I20 Sportz Option 1.2,Petrol,Manual,1197,"41,000",First,Pune,5.18 Lakh*
439,2013,Maruti,Maruti Wagon R Cng Lxi,,,998,"75,000",Second,Pune,2.99 Lakh*
440,2021,Toyota,Toyota Fortuner 4x2 Diesel At,Diesel,Automatic,2755,"59,000",First,Pune,41.50 Lakh*
441,2020,Mercedes-benz,Mercedes-benz Amg C 43 4matic Coupe,Petrol,Manual,2996,"7,792",Second,Pune,70 Lakh*
442,2019,Ford,Ford Freestyle Titanium Petrol Bsiv,Petrol,Manual,1194,"29,300",First,Pune,6.50 Lakh*
443,2018,Volkswagen,Volkswagen Vento 1.5 Tdi Highline At,Diesel,Automatic,1498,"42,000",First,Pune,10.90 Lakh*
444,2016,Renault,Renault Lodgy World Edition 85ps,Diesel,Automatic,1461,"77,000",First,Pune,6.45 Lakh*
445,2016,Hyundai,Hyundai Xcent 1.2 Kappa At S Option,Petrol,Manual,1197,"20,000",First,Pune,5.50 Lakh*
446,2017,Hyundai,Hyundai I20 Sportz 1.2,Petrol,Manual,1197,"35,000",First,Pune,6.50 Lakh*
447,2011,Audi,Audi Q5 3.0 Tdi Quattro,Diesel,Automatic,2967,"1,09,700",First,Pune,12.50 Lakh*
448,2010,Bmw,Bmw 5 Series 525d,Diesel,Automatic,1995,"73,400",Second,Pune,12.50 Lakh*
449,2017,Jeep,Jeep Compass 2.0 Limited,Diesel,Automatic,1956,"85,000",First,Pune,13.95 Lakh*
450,2020,Toyota,Toyota Urban Cruiser Mid At,Petrol,Manual,1462,"18,000",First,Pune,9.70 Lakh*
451,2016,Hyundai,Hyundai Creta 1.6 Vtvt Sx Plus,Petrol,Manual,1591,"27,000",First,Pune,9.60 Lakh*
452,2016,Maruti,Maruti Celerio Vxi At Optional,Petrol,Manual,998,"37,000",Second,Pune,4.50 Lakh*
453,2015,Hyundai,Hyundai Creta 1.6 Vtvt S,Petrol,Manual,1591,"39,139",Second,Pune,7.57 Lakh*
454,2015,Hyundai,Hyundai Grand I10 Asta Option At,Petrol,Manual,1197,"28,000",First,Pune,5.35 Lakh*
455,2017,Hyundai,Hyundai I20 1.2 Spotz,Petrol,Manual,1197,"30,111",First,Pune,6.35 Lakh*
456,2016,Maruti,Maruti Baleno Alpha,Petrol,Manual,1197,"27,111",Second,Pune,5.85 Lakh*
457,2012,Bmw,Bmw X1 Sdrive 20d Xline,Diesel,Automatic,1995,"1,01,290",Second,Pune,9.50 Lakh*
458,2010,Honda,Honda City I Vtec V,Petrol,Manual,1497,"91,000",First,Pune,3.50 Lakh*
459,2017,Hyundai,Hyundai Tucson 2.0 E-vgt 2wd At Gls,Diesel,Automatic,1995,"80,000",First,Pune,19.50 Lakh*
460,2012,Volkswagen,Volkswagen Polo Diesel Trendline 1.2l,Diesel,Automatic,1199,"1,20,000",Third,Pune,3.10 Lakh*
461,2016,Mercedes-benz,Mercedes-benz Cla 200 Sport Edition,Petrol,Manual,1991,"45,311",Second,Pune,20.85 Lakh*
462,2016,Maruti,Maruti Baleno 1.2 Delta,Petrol,Manual,1197,"56,000",First,Pune,5.55 Lakh*
463,2013,Maruti,Maruti Wagon R Vxi,Petrol,Manual,998,"39,300",First,Pune,3.45 Lakh*
464,2014,Bmw,Bmw 5 Series 520d Modern Line,Diesel,Automatic,1995,"69,000",First,Pune,20.50 Lakh*
465,2014,Bmw,Bmw 5 Series 520d Luxury Line,Diesel,Automatic,1995,"83,000",First,Pune,20.50 Lakh*
466,2019,Maruti,Maruti Wagon R Cng Lxi Opt,,,998,"24,000",First,Pune,5.55 Lakh*
467,2021,Tata,Tata Harrier Xta Plus Dark Edition At,Diesel,Automatic,1956,"10,000",First,Pune,21.45 Lakh*
468,2016,Hyundai,Hyundai I20 Sportz 1.2,Petrol,Manual,1197,"84,000",First,Pune,5.80 Lakh*
469,2018,Maruti,Maruti Wagon R Cng Lxi,,,998,"69,000",First,Pune,4.95 Lakh*
470,2018,Hyundai,Hyundai Creta 1.6 Vtvt Sx Plus,Petrol,Manual,1591,"32,100",First,Pune,10.10 Lakh*
471,2011,Hyundai,Hyundai I20 Asta (o),Petrol,Manual,1197,"60,010",Second,Pune,2.81 Lakh*
472,2018,Hyundai,Hyundai Santro Sportz,Petrol,Manual,1086,"16,000",First,Pune,4.50 Lakh*
473,2020,Hyundai,Hyundai Creta 1.6 Ex Diesel,Diesel,Automatic,1582,"29,000",First,Pune,11.50 Lakh*
474,2010,Mahindra,Mahindra Scorpio Vls 2.2 Mhawk,Diesel,Automatic,2179,"1,00,000",First,Pune,4.65 Lakh*
475,2017,Skoda,Skoda Rapid Monte Carlo 1.6 Mpi At Bsiv,Petrol,Manual,1598,"71,000",First,Pune,7.35 Lakh*
476,2016,Maruti,Maruti Wagon R Lxi Cng Avance Edition,,,998,"90,000",Second,Pune,4.45 Lakh*
477,2018,Maruti,Maruti Ertiga Bsiv Vxi,Petrol,Manual,1373,"6,500",First,Pune,8.45 Lakh*
478,2019,Ford,Ford Ecosport 1.5 Diesel Titanium Plus,Diesel,Automatic,1498,"33,000",First,Pune,9.95 Lakh*
479,2017,Mahindra,Mahindra Bolero Mhawk D70 Sle,Diesel,Automatic,1493,"75,452",First,Pune,6.85 Lakh*
480,2016,Mahindra,Mahindra Tuv 300 T4,Diesel,Automatic,1493,"72,000",First,Pune,5.45 Lakh*
481,2012,Volkswagen,Volkswagen Vento Petrol Highline,Petrol,Manual,1598,"72,000",First,Pune,3.85 Lakh*
482,2016,Mahindra,Mahindra Xuv500 W4,Diesel,Automatic,2179,"75,754",First,Pune,7.25 Lakh*
483,2002,Toyota,Toyota Qualis Fs B3,Diesel,Automatic,2446,"1,20,000",Third,Pune,1.60 Lakh*
484,2006,Maruti,Maruti Alto Lxi,Petrol,Manual,796,"70,000",Third,Pune,"65,000*"
485,2012,Hyundai,Hyundai I10 Sportz At,Petrol,Manual,1197,"86,000",First,Pune,3.25 Lakh*
486,2007,Hyundai,Hyundai Santro Xing Gl Plus Cng,,,1086,"70,000",Second,Pune,1.70 Lakh*
487,2016,Bmw,Bmw 3 Series Gt Luxury Line,Diesel,Automatic,1995,"42,266",Second,Pune,28.95 Lakh*
488,2021,Hyundai,Hyundai Creta Sx Executive,Petrol,Manual,1497,"10,000",First,Pune,13.55 Lakh*
489,2013,Honda,Honda Brio V Mt,Petrol,Manual,1198,"28,107",First,Pune,3.80 Lakh*
490,2006,Mitsubishi,Mitsubishi Lancer 1.5 Lxi,Petrol,Manual,1468,"75,000",First,Pune,"67,000*"
491,2016,Maruti,Maruti Wagon R Amt Vxi,Petrol,Manual,998,"17,200",Second,Pune,4.25 Lakh*
492,2019,Maruti,Maruti Celerio Zxi Mt Bsiv,Petrol,Manual,998,"26,500",First,Pune,5.25 Lakh*
493,2009,Maruti,Maruti 800 Std Bsiii,Petrol,Manual,796,"70,000",Second,Pune,1.40 Lakh*
494,2020,Kia,Kia Seltos Gtx Plus Dct,Petrol,Manual,1353,"29,524",First,Pune,17.50 Lakh*
495,2007,Chevrolet,Chevrolet Aveo 1.4,Petrol,Manual,1399,"80,000",Third,Pune,"85,000*"
496,2014,Maruti,Maruti Alto 800 Lxi,Petrol,Manual,796,"21,005",First,Pune,2.78 Lakh*
497,2019,Tata,Tata Tiago 1.05 Revotorq Xz Plus,Diesel,Automatic,1047,"45,768",First,Pune,4.78 Lakh*
498,2020,Honda,Honda City Zx Mt,Petrol,Manual,1498,"14,620",First,Pune,13.50 Lakh*
499,2017,Skoda,Skoda Superb Lk 1.8 Tsi At,Petrol,Manual,1798,"59,000",First,Pune,17.75 Lakh*
500,2021,Toyota,Toyota Innova Crysta 2.4 G 8 Str,Diesel,Automatic,2393,"11,000",First,Pune,22.75 Lakh*
501,2010,Ford,Ford Figo Petrol Zxi,Petrol,Manual,1196,"89,000",First,Pune,2.10 Lakh*
502,2013,Mahindra,Mahindra Ssangyong Rexton Rx7,Diesel,Automatic,2696,"99,000",Second,Pune,6.25 Lakh*
503,2019,Kia,Kia Seltos Gtx Plus At D,Diesel,Automatic,1493,"14,500",First,Pune,16.95 Lakh*
504,2013,Maruti,Maruti Wagon R Cng Lxi,,,998,"75,000",Second,Pune,3.80 Lakh*
505,2010,Tata,Tata Indica Aura 1.2 Safire,Petrol,Manual,1172,"80,000",Second,Pune,2.15 Lakh*
506,2014,Mahindra,Mahindra Xuv500 W8 Awd,Diesel,Automatic,2179,"65,000",First,Pune,8.75 Lakh*
507,2010,Maruti,Maruti Wagon R Lxi,Petrol,Manual,998,"87,000",First,Pune,2.75 Lakh*
508,2015,Maruti,Maruti Wagon R Cng Lxi,,,998,"78,000",First,Pune,3.95 Lakh*
509,2014,Maruti,Maruti Wagon R Vxi,Petrol,Manual,998,"35,000",First,Pune,3.75 Lakh*
510,2009,Hyundai,Hyundai I20 Magna,Petrol,Manual,1197,"1,20,001",First,Pune,2.55 Lakh*
511,2014,Toyota,Toyota Etios Liva G,Petrol,Manual,1197,"44,000",First,Pune,4.35 Lakh*
512,2019,Hyundai,Hyundai Verna Vtvt 1.6 Sx,Petrol,Manual,1591,"8,000",First,Pune,9.80 Lakh*
513,2016,Maruti,Maruti Celerio Zxi,Petrol,Manual,998,"63,000",First,Pune,4.25 Lakh*
514,2018,Maruti,Maruti Vitara Brezza Zdi,Diesel,Automatic,1248,"49,000",First,Pune,8.75 Lakh*
515,2013,Maruti,Maruti Wagon R Vxi,Petrol,Manual,998,"54,000",First,Pune,3.40 Lakh*
516,2017,Maruti,Maruti Baleno 1.2 Cvt Zeta,Petrol,Manual,1197,"30,000",First,Pune,7.35 Lakh*
517,2002,Maruti,Maruti Wagon R Lxi,Petrol,Manual,998,"46,000",Second,Pune,"80,000*"
518,2014,Hyundai,Hyundai Grand I10 Sportz,Petrol,Manual,1197,"21,000",First,Pune,4.35 Lakh*
519,2012,Volkswagen,Volkswagen Polo Diesel Highline 1.2l,Diesel,Automatic,1199,"85,000",Second,Pune,4.35 Lakh*
520,2010,Hyundai,Hyundai I10 Magna 1.1l,Petrol,Manual,1086,"70,000",Third,Pune,2.50 Lakh*
521,2007,Ford,Ford Fiesta 1.4 Zxi Duratec,Petrol,Manual,1388,"99,542",Fourth,Pune,1.45 Lakh*
522,2020,Mahindra,Mahindra Xuv500 W11 Option Awd,Diesel,Automatic,2179,"34,507",First,Pune,16.45 Lakh*
523,2019,Mahindra,Mahindra Thar Crde,Diesel,Automatic,2498,"36,410",First,Pune,9.45 Lakh*
524,2010,Hyundai,Hyundai I10 Sportz 1.2 At,Petrol,Manual,1197,"66,551",Second,Pune,2.81 Lakh*
525,2017,Maruti,Maruti Swift Dzire Amt Zxi Plus Bs Iv,Petrol,Manual,1197,"54,000",First,Pune,7.50 Lakh*
526,2018,Maruti,Maruti Baleno 1.2 Cvt Alpha,Petrol,Manual,1197,"10,000",First,Pune,7.80 Lakh*
527,2019,Maruti,Maruti Ertiga Zxi Plus Petrol,Petrol,Manual,1462,"27,000",First,Pune,10.35 Lakh*
528,2021,Hyundai,Hyundai Venue Sx Opt Imt,Petrol,Manual,998,"15,000",First,Pune,10.50 Lakh*
529,2008,Maruti,Maruti Alto Lxi,Petrol,Manual,796,"1,10,000",Second,Pune,1.35 Lakh*
530,2016,Hyundai,Hyundai Grand I10 Asta Option Cng,,,1197,"25,000",First,Pune,5.20 Lakh*
531,2014,Ford,Ford Endeavour 2.5l 4x2 Mt,Diesel,Automatic,2499,"74,000",First,Pune,10.50 Lakh*
532,2013,Maruti,Maruti Alto K10 2010-2014 Vxi,Petrol,Manual,998,"50,000",Second,Pune,2.65 Lakh*
533,2017,Skoda,Skoda Superb Style 2.0 Tdi At,Diesel,Automatic,1968,"61,500",First,Pune,20 Lakh*
534,2015,Skoda,Skoda Superb Elegance 2.0 Tdi Cr At,Diesel,Automatic,1968,"80,200",First,Pune,13 Lakh*
535,2018,Hyundai,Hyundai Verna Crdi 1.6 At Sx Plus,Diesel,Automatic,1582,"53,400",First,Pune,12.50 Lakh*
536,2018,Bmw,Bmw 5 Series 530d M Sport,Diesel,Automatic,2993,"43,200",Second,Pune,49 Lakh*
537,2013,Audi,Audi A6 2.0 Tdi Premium Plus,Diesel,Automatic,1968,"70,900",First,Pune,16 Lakh*
538,2017,Toyota,Toyota Corolla Altis D-4d Gl,Diesel,Automatic,1364,"48,100",Second,Pune,13.50 Lakh*
539,2017,Bmw,Bmw X1 Sdrive20d Expedition,Diesel,Automatic,1995,"35,600",First,Pune,27 Lakh*
540,2012,Toyota,Toyota Fortuner 4x4 Mt,Diesel,Automatic,2982,"1,35,300",Second,Pune,12.50 Lakh*
541,2015,Hyundai,Hyundai Eon Magna Plus,Petrol,Manual,814,"32,000",First,Pune,2.88 Lakh*
542,2012,Hyundai,Hyundai I20 1.4 Crdi Magna,Diesel,Automatic,1396,"70,000",First,Pune,3.78 Lakh*
543,2016,Honda,Honda City I Vtec V,Petrol,Manual,1497,"70,000",First,Pune,5.75 Lakh*
544,2013,Maruti,Maruti Alto K10 2010-2014 Vxi,Petrol,Manual,998,"95,000",First,Pune,2.35 Lakh*
545,2010,Honda,Honda City 1.5 V Mt,Petrol,Manual,1497,"78,000",Second,Pune,3.25 Lakh*
546,2012,Hyundai,Hyundai I20 1.2 Magna,Petrol,Manual,1197,"78,000",First,Pune,3.40 Lakh*
547,2017,Tata,Tata Nexon 1.2 Revotron Xz Plus Dual Tone,Petrol,Manual,1198,"42,500",First,Pune,7.60 Lakh*
548,2021,Tata,Tata Altroz Xz Diesel,Diesel,Automatic,1497,"25,000",First,Pune,8.99 Lakh*
549,2013,Toyota,Toyota Fortuner 4x2 Manual,Diesel,Automatic,2982,"1,30,000",First,Pune,14.90 Lakh*
550,2016,Hyundai,Hyundai Grand I10 Magna,Petrol,Manual,1197,"68,000",First,Pune,4.50 Lakh*
551,2020,Maruti,Maruti Baleno 1.2 Zeta,Petrol,Manual,1197,"20,000",First,Pune,7.50 Lakh*
552,2017,Hyundai,Hyundai Grand I10 Sportz,Petrol,Manual,1197,"47,000",First,Pune,5.15 Lakh*
553,2014,Nissan,Nissan Terrano Xl 110 Ps,Diesel,Automatic,1461,"59,000",First,Pune,5.90 Lakh*
554,2016,Honda,Honda City I Vtec Cvt Vx,Petrol,Manual,1497,"70,000",First,Pune,7.21 Lakh*
555,2017,Hyundai,Hyundai Creta 1.6 Crdi Sx Plus,Diesel,Automatic,1582,"84,000",First,Pune,11.60 Lakh*
556,2021,Maruti,Maruti Wagon R Cng Lxi,,,998,"18,000",First,Pune,6.45 Lakh*
557,2019,Maruti,Maruti Baleno 1.2 Delta,Petrol,Manual,1197,"27,000",First,Pune,6.65 Lakh*
558,2019,Maruti,Maruti Baleno 1.2 Cvt Alpha,Petrol,Manual,1197,"59,000",First,Pune,7.75 Lakh*
559,2017,Ford,Ford Ecosport 1.5 Petrol Titanium,Petrol,Manual,1496,"52,000",Second,Pune,6.15 Lakh*
560,2020,Maruti,Maruti Swift Dzire Vxi,Petrol,Manual,1197,"13,000",First,Pune,7.40 Lakh*
561,2017,Maruti,Maruti Baleno Zeta Cvt,Petrol,Manual,1197,"35,616",First,Pune,7 Lakh*
562,2019,Tata,Tata Nexon 1.2 Revotron Xza Plus,Petrol,Manual,1198,"7,463",First,Pune,9.06 Lakh*
563,2017,Tata,Tata Hexa Xta,Diesel,Automatic,2179,"67,000",First,Pune,12.75 Lakh*
564,2010,Maruti,Maruti Swift Dzire Vxi,Petrol,Manual,1197,"80,000",First,Pune,3.25 Lakh*
565,2017,Tata,Tata Tiago 1.05 Revotorq Xt,Diesel,Automatic,1047,"82,000",First,Pune,5 Lakh*
566,2021,Skoda,Skoda Kushaq 1.0 Tsi Ambition,Petrol,Manual,999,"10,000",First,Pune,12.90 Lakh*
567,2009,Toyota,Toyota Innova 2.5 G4 Diesel 7-seater,Diesel,Automatic,2494,"3,00,000",Third,Pune,3.50 Lakh*
568,2018,Honda,Honda City Zx Cvt,Petrol,Manual,1497,"26,100",First,Pune,11.75 Lakh*
569,2014,Honda,Honda City I Vtec Cvt Vx,Petrol,Manual,1497,"64,358",First,Pune,7 Lakh*
570,2014,Mahindra,Mahindra Xuv500 W6 2wd,Diesel,Automatic,2179,"79,933",Third,Pune,5.39 Lakh*
571,2018,Hyundai,Hyundai I20 Active Sx Petrol,Petrol,Manual,1197,"64,000",First,Pune,6.75 Lakh*
572,2011,Toyota,Toyota Etios Liva G Plus,Petrol,Manual,1197,"80,000",First,Pune,3.25 Lakh*
573,2018,Hyundai,Hyundai I20 Active Sx Dual Tone Petrol,Petrol,Manual,1197,"24,000",First,Pune,6.91 Lakh*
574,2011,Ford,Ford Figo Diesel Zxi,Diesel,Automatic,1399,"60,000",First,Pune,2.35 Lakh*
575,2010,Maruti,Maruti Omni Mpi Cargo Bsiv,Petrol,Manual,796,"58,000",Second,Pune,1.85 Lakh*
576,2012,Maruti,Maruti Alto Lxi,Petrol,Manual,796,"75,000",First,Pune,1.75 Lakh*
577,2016,Toyota,Toyota Innova 2.5 G (diesel) 8 Seater Bs Iv,Diesel,Automatic,2494,"1,29,000",Second,Pune,9.49 Lakh*
578,2012,Hyundai,Hyundai I10 Magna 1.1l,Petrol,Manual,1086,"60,000",Third,Pune,2.20 Lakh*
579,2014,Mahindra,Mahindra Scorpio Sle 7s Bsiii,Diesel,Automatic,2179,"1,00,000",First,Pune,4.50 Lakh*
580,1996,Mercedes-benz,Mercedes-benz E-class 250 D W 124,Diesel,Automatic,1796,"1,92,000",Third,Pune,2.50 Lakh*
581,2018,Maruti,Maruti Swift Dzire Vxi 1.2 Bs Iv,Petrol,Manual,1197,"58,000",First,Pune,6.75 Lakh*
582,2015,Hyundai,Hyundai I20 Magna 1.2,Petrol,Manual,1197,"55,975",First,Pune,5.25 Lakh*
583,2022,Tata,Tata New Safari Xza Plus Kaziranga Edition At,Diesel,Automatic,1956,"10,000",First,Pune,25.25 Lakh*
584,2015,Nissan,Nissan Terrano Xl,Petrol,Manual,1598,"28,000",First,Pune,5.75 Lakh*
585,2017,Maruti,Maruti Ertiga Vxi Cng,,,1373,"66,000",First,Pune,8.45 Lakh*
586,2017,Ford,Ford Ecosport 1.5 Petrol Titanium,Petrol,Manual,1496,"13,000",First,Pune,7.50 Lakh*
587,2018,Hyundai,Hyundai Creta 1.6 Sx Option,Petrol,Manual,1591,"25,000",First,Pune,11.50 Lakh*
588,2017,Renault,Renault Duster 110ps Diesel Rxz Amt,Diesel,Automatic,1461,"1,24,000",Second,Pune,7 Lakh*
589,2016,Hyundai,Hyundai Grand I10 Magna,Petrol,Manual,1197,"52,400",First,Pune,4.75 Lakh*
590,2014,Maruti,Maruti Wagon R Cng Lxi Bsiv,,,998,"82,000",First,Pune,3.85 Lakh*
591,2013,Nissan,Nissan Sunny Xe,Petrol,Manual,1498,"52,172",First,Pune,3.41 Lakh*
592,2019,Kia,Kia Seltos Htk D,Diesel,Automatic,1493,"13,000",First,Pune,13.50 Lakh*
593,2013,Maruti,Maruti Alto K10 2010-2014 Vxi,Petrol,Manual,998,"16,000",First,Pune,2.60 Lakh*
594,2016,Maruti,Maruti Swift Zxi Bsiv,Petrol,Manual,1197,"54,000",First,Pune,5.45 Lakh*
595,2010,Ford,Ford Figo Diesel Titanium,Diesel,Automatic,1399,"63,000",Second,Pune,2.15 Lakh*
596,2018,Maruti,Maruti Vitara Brezza Zdi Plus Dual Tone,Diesel,Automatic,1248,"54,000",First,Pune,9.25 Lakh*
597,2015,Hyundai,Hyundai I20 Asta Option 1.2,Petrol,Manual,1197,"64,000",First,Pune,5.49 Lakh*
598,2018,Hyundai,Hyundai Verna Vtvt 1.6 Sx,Petrol,Manual,1591,"28,500",First,Pune,8.99 Lakh*
599,2008,Hyundai,Hyundai I10 Era,Petrol,Manual,1086,"82,000",First,Pune,1.99 Lakh*
600,2017,Maruti,Maruti Swift Dzire Vxi,Petrol,Manual,1197,"7,000",First,Pune,6.75 Lakh*
601,2016,Hyundai,Hyundai I20 Sportz 1.2,Petrol,Manual,1197,"54,000",First,Pune,6.25 Lakh*
602,2013,Hyundai,Hyundai I20 Magna,Petrol,Manual,1197,"33,545",Second,Pune,3.71 Lakh*
603,2012,Maruti,Maruti Ertiga Zxi,Petrol,Manual,1373,"48,853",First,Pune,5.85 Lakh*
604,2016,Mahindra,Mahindra Xuv500 At W10 1.99 Mhawk,Diesel,Automatic,1997,"77,000",Second,Pune,11.65 Lakh*
605,2015,Honda,Honda City I Vtec Vx Option Bl,Petrol,Manual,1497,"25,987",First,Pune,6.85 Lakh*
606,2009,Maruti,Maruti Estilo Lxi,Petrol,Manual,1061,"59,420",Second,Pune,1.99 Lakh*
607,2010,Volkswagen,Volkswagen Polo Petrol Highline 1.2l,Petrol,Manual,1198,"73,000",Second,Pune,2.89 Lakh*
608,2008,Maruti,Maruti Swift Dzire Zxi,Petrol,Manual,1197,"43,560",First,Pune,2.73 Lakh*
609,2010,Chevrolet,Chevrolet Aveo 1.4 Lt,Petrol,Manual,1399,"1,05,000",Second,Pune,2.51 Lakh*
610,2011,Honda,Honda City 1.5 S Mt,Petrol,Manual,1497,"52,400",Second,Pune,3.51 Lakh*
611,2019,Honda,Honda Jazz Vx Cvt,Petrol,Manual,1199,"16,080",First,Pune,8.25 Lakh*
612,2017,Mercedes-benz,Mercedes-benz E-class E200 Edition E,Petrol,Manual,1991,"26,164",First,Pune,42.85 Lakh*
613,2018,Tata,Tata Hexa Xt,Diesel,Automatic,2179,"83,000",First,Pune,12.75 Lakh*
614,2021,Tata,Tata Nexon Ev Prime Xz Plus,,,0,"14,000",First,Pune,13.90 Lakh*
615,2020,Maruti,Maruti Swift Amt Vxi,Petrol,Manual,1197,"15,000",First,Pune,7.20 Lakh*
616,2013,Mahindra,Mahindra Ssangyong Rexton Rx7,Diesel,Automatic,2696,"85,000",First,Pune,6.75 Lakh*
617,2016,Maruti,Maruti Ertiga Shvs Vdi,Diesel,Automatic,1248,"62,550",First,Pune,8.65 Lakh*
618,2019,Hyundai,Hyundai Santro Sportz Amt,Petrol,Manual,1086,"16,000",First,Pune,5.60 Lakh*
619,2018,Hyundai,Hyundai I20 Asta Option,Petrol,Manual,1197,"41,000",First,Pune,7.49 Lakh*
620,2011,Skoda,Skoda Fabia 1.2 Mpi Elegance,Petrol,Manual,1198,"74,000",Second,Pune,2.35 Lakh*
621,2013,Ford,Ford Ecosport 1.0 Ecoboost Titanium Optional,Petrol,Manual,999,"88,000",Second,Pune,4 Lakh*
622,2017,Hyundai,Hyundai I20 1.2 Asta,Petrol,Manual,1197,"36,000",First,Pune,6.45 Lakh*
623,2016,Maruti,Maruti Alto 800 Lxi,Petrol,Manual,796,"1,30,000",First,Pune,2.95 Lakh*
624,2015,Maruti,Maruti Alto 800 Lxi,Petrol,Manual,796,"30,150",First,Pune,3.50 Lakh*
625,2011,Hyundai,Hyundai I20 1.2 Asta,Petrol,Manual,1197,"92,000",Second,Pune,2.60 Lakh*
626,2019,Hyundai,Hyundai Santro Sportz Cng,,,1086,"25,000",First,Pune,6.20 Lakh*
627,2019,Maruti,Maruti Baleno Delta,Petrol,Manual,1197,"14,400",First,Pune,7.50 Lakh*
628,2016,Maruti,Maruti Baleno Delta,Petrol,Manual,1197,"26,424",First,Pune,6.50 Lakh*
629,2016,Volkswagen,Volkswagen Ameo 1.2 Mpi Highline,Petrol,Manual,1198,"34,150",First,Pune,5.55 Lakh*
630,2014,Mahindra,Mahindra Xuv500 W4,Diesel,Automatic,2179,"1,16,000",First,Pune,6.50 Lakh*
631,2020,Maruti,Maruti Swift Lxi,Petrol,Manual,1197,"40,555",First,Pune,6.40 Lakh*
632,2018,Renault,Renault Kwid 1.0 Amt Rxt,Petrol,Manual,999,"25,054",First,Pune,4.30 Lakh*
633,2015,Maruti,Maruti Ertiga 1.5 Vdi,Diesel,Automatic,1498,"62,000",First,Pune,6.91 Lakh*
634,2015,Skoda,Skoda Rapid 1.6 Mpi Ambition,Petrol,Manual,1598,"44,000",First,Pune,5.85 Lakh*
635,2003,Honda,Honda City 1.3 Lxi,Petrol,Manual,1343,"90,000",Second,Pune,"50,000*"
636,2011,Hyundai,Hyundai I10 Sportz,Petrol,Manual,1197,"42,000",Second,Pune,2.35 Lakh*
637,2017,Mahindra,Mahindra Xuv500 W9 Bsiv,Diesel,Automatic,2179,"89,800",First,Pune,10.95 Lakh*
638,2010,Toyota,Toyota Innova 2.5 V Diesel 8-seater,Diesel,Automatic,2494,"13,426",Second,Pune,5.91 Lakh*
639,2011,Mercedes-benz,Mercedes-benz C-class C 200 Be Classic,Petrol,Manual,1796,"70,868",Second,Pune,8.55 Lakh*
640,2016,Hyundai,Hyundai I20 Active 1.2 Sx,Petrol,Manual,1197,"51,600",First,Pune,6.25 Lakh*
641,2015,Honda,Honda Jazz 1.2 E I Vtec,Petrol,Manual,1199,"44,000",Second,Pune,4.75 Lakh*
642,2014,Renault,Renault Pulse Rxl,Diesel,Automatic,1461,"71,000",First,Pune,3.10 Lakh*
643,2018,Tata,Tata Nexon 1.2 Revotron Xm,Petrol,Manual,1198,"22,000",Second,Pune,6.75 Lakh*
644,2019,Hyundai,Hyundai Grand I10 Magna,Petrol,Manual,1197,"25,221",First,Pune,6.25 Lakh*
645,2010,Hyundai,Hyundai I10 Sportz 1.2 At,Petrol,Manual,1197,"70,000",First,Pune,2.85 Lakh*
646,2012,Toyota,Toyota Etios Liva Vx,Petrol,Manual,1197,"87,000",Second,Pune,3.90 Lakh*
647,2018,Mercedes-benz,Mercedes-benz C-class C 220d Avantgarde Edition C,Diesel,Automatic,2143,"36,000",Second,Pune,33 Lakh*
648,2014,Maruti,Maruti Swift Dzire Vdi,Diesel,Automatic,1248,"1,26,005",First,Pune,5.65 Lakh*
649,2013,Jaguar,Jaguar Xf 2.2 Litre Luxury,Diesel,Automatic,2179,"81,000",Second,Pune,18 Lakh*
650,2007,Maruti,Maruti Swift Vdi Bsiii,Diesel,Automatic,1248,"1,10,000",Third,Pune,1.75 Lakh*
651,2018,Mercedes-benz,Mercedes-benz Glc 220d 4matic Sport,Diesel,Automatic,2143,"43,141",First,Pune,45.85 Lakh*
652,2013,Honda,Honda City 1.5 V Mt Sunroof,Petrol,Manual,1497,"1,13,000",First,Pune,4.95 Lakh*
653,2014,Honda,Honda City I Vtec Cvt Sv,Petrol,Manual,1497,"66,400",First,Pune,6.38 Lakh*
654,2012,Skoda,Skoda Rapid 1.6 Mpi Ambition,Petrol,Manual,1598,"71,000",First,Pune,4.15 Lakh*
655,2015,Maruti,Maruti Wagon R Vxi 1.2,Petrol,Manual,1197,"41,000",First,Pune,4.25 Lakh*
656,2018,Maruti,Maruti Wagon R Cng Lxi,,,998,"93,254",First,Pune,4.75 Lakh*
657,2012,Honda,Honda Brio S Mt,Petrol,Manual,1198,"69,000",First,Pune,3.14 Lakh*
658,2010,Maruti,Maruti Alto K10 2010-2014 Vxi,Petrol,Manual,998,"19,000",First,Pune,1.95 Lakh*
659,2012,Hyundai,Hyundai I10 Magna,Petrol,Manual,1197,"57,153",Second,Pune,2.85 Lakh*
660,2021,Hyundai,Hyundai Venue S Bsiv,Petrol,Manual,1197,"9,043",First,Pune,11.50 Lakh*
661,2019,Hyundai,Hyundai Creta 1.6 Sx Option Executive Diesel,Diesel,Automatic,1582,"89,000",First,Pune,14 Lakh*
662,2013,Maruti,Maruti Swift Dzire Vdi,Diesel,Automatic,1248,"45,000",First,Pune,5.50 Lakh*
663,2018,Hyundai,Hyundai Grand I10 Magna,Petrol,Manual,1197,"36,000",First,Pune,4.95 Lakh*
664,2018,Honda,Honda Amaze S I-vtec,Petrol,Manual,1198,"22,000",First,Pune,6.25 Lakh*
665,2011,Toyota,Toyota Etios Gd,Diesel,Automatic,1364,"1,10,000",Third,Pune,3.50 Lakh*
666,2017,Hyundai,Hyundai Grand I10 1.2 Kappa Sportz Option,Petrol,Manual,1197,"29,500",First,Pune,4.97 Lakh*
667,2014,Honda,Honda City I Vtec Cvt Sv,Petrol,Manual,1497,"65,000",First,Pune,6.38 Lakh*
668,2017,Hyundai,Hyundai Grand I10 1.2 Kappa Sportz Option,Petrol,Manual,1197,"29,000",First,Pune,4.98 Lakh*
669,2014,Honda,Honda City I Vtec Cvt Sv,Petrol,Manual,1497,"45,000",First,Pune,6.48 Lakh*
670,2016,Mahindra,Mahindra Xuv500 W4,Diesel,Automatic,2179,"60,000",First,Pune,7.50 Lakh*
671,2012,Hyundai,Hyundai I10 Magna 1.2 Itech Se,Petrol,Manual,1197,"72,000",First,Pune,3.10 Lakh*
672,2013,Volkswagen,Volkswagen Vento Petrol Highline At,Petrol,Manual,1598,"85,000",Second,Pune,4.21 Lakh*
673,2017,Hyundai,Hyundai Grand I10 1.2 Kappa Sportz Option,Petrol,Manual,1197,"38,211",First,Pune,5.35 Lakh*
674,2018,Hyundai,Hyundai I20 Active 1.2 Sx Dual Tone,Petrol,Manual,1197,"24,000",First,Pune,7.55 Lakh*
675,2019,Maruti,Maruti Xl6 Zeta,Petrol,Manual,1462,"41,000",First,Pune,9.75 Lakh*
676,2015,Honda,Honda City I Dtec V,Diesel,Automatic,1498,"69,000",First,Pune,6.50 Lakh*
677,2013,Maruti,Maruti Swift Dzire Vxi,Petrol,Manual,1197,"68,000",First,Pune,4.40 Lakh*
678,2008,Toyota,Toyota Innova 2.5 G (diesel) 8 Seater,Diesel,Automatic,2494,"96,000",First,Pune,4.90 Lakh*
679,2011,Volkswagen,Volkswagen Vento Diesel Trendline,Diesel,Automatic,1598,"46,511",First,Pune,3.25 Lakh*
680,2013,Hyundai,Hyundai I10 Magna 1.1 Itech Se,Petrol,Manual,1086,"52,160",First,Pune,2.82 Lakh*
681,2014,Hyundai,Hyundai Santa Fe 4wd At,Diesel,Automatic,2199,"89,000",Second,Pune,10.65 Lakh*
682,2019,Mahindra,Mahindra Marazzo M2 8str,Diesel,Automatic,1497,"27,000",First,Pune,10.75 Lakh*
683,2013,Hyundai,Hyundai I10 Magna,Petrol,Manual,1197,"27,000",First,Pune,3.50 Lakh*
684,2015,Maruti,Maruti Alto 800 Lxi,Petrol,Manual,796,"80,000",Third,Pune,2.50 Lakh*
685,2006,Hyundai,Hyundai Santro Dx,Petrol,Manual,999,"70,000",Third,Pune,"70,000*"
686,2007,Maruti,Maruti Alto Lx,Petrol,Manual,796,"40,000",First,Pune,1.20 Lakh*
687,2018,Hyundai,Hyundai I20 1.2 Asta Option,Petrol,Manual,1197,"68,454",First,Pune,6.97 Lakh*
688,2014,Bmw,Bmw 3 Series 320d Luxury Line,Diesel,Automatic,1995,"33,521",First,Pune,16.50 Lakh*
689,2015,Skoda,Skoda Superb Elegance 2.0 Tdi Cr At,Diesel,Automatic,1968,"82,600",First,Pune,11 Lakh*
690,2012,Audi,Audi Q5 2.0 Tdi,Diesel,Automatic,1968,"73,000",Second,Pune,14.50 Lakh*
691,2014,Skoda,Skoda Superb Elegance 2.0 Tdi Cr At,Diesel,Automatic,1968,"88,600",Second,Pune,10.35 Lakh*
692,2018,Jaguar,Jaguar Xf 2.0 Diesel Prestige,Diesel,Automatic,1999,"50,000",Second,Pune,34 Lakh*
693,2016,Jaguar,Jaguar Xf 2.2 Litre Luxury,Diesel,Automatic,2179,"90,000",First,Pune,19.50 Lakh*
694,2010,Maruti,Maruti Wagon R Lxi,Petrol,Manual,998,"36,000",Third,Pune,2.60 Lakh*
695,2011,Maruti,Maruti Ritz Zxi,Petrol,Manual,1197,"79,000",First,Pune,3.35 Lakh*
696,2014,Maruti,Maruti Wagon R Lxi Optional,Petrol,Manual,998,"55,000",First,Pune,4.35 Lakh*
697,2018,Renault,Renault Duster 85ps Diesel Rxs,Diesel,Automatic,1461,"58,226",First,Pune,8.85 Lakh*
698,2012,Maruti,Maruti Alto K10 2010-2014 Vxi,Petrol,Manual,998,"54,000",First,Pune,2.10 Lakh*
699,2016,Hyundai,Hyundai Creta 1.6 Sx Automatic Diesel,Diesel,Automatic,1582,"81,000",First,Pune,10.80 Lakh*
700,2014,Tata,Tata Indica Ev2 Ls,Diesel,Automatic,1396,"62,000",First,Pune,2.50 Lakh*
701,2018,Hyundai,Hyundai I20 Magna Plus Diesel,Diesel,Automatic,1396,"41,700",Second,Pune,7.25 Lakh*
702,2013,Mercedes-benz,Mercedes-benz C-class C 220 Cdi Elegance At,Diesel,Automatic,2143,"1,00,000",Third,Pune,10.50 Lakh*
703,2015,Hyundai,Hyundai Grand I10 Sportz,Petrol,Manual,1197,"51,000",Second,Pune,4.50 Lakh*
704,2010,Maruti,Maruti Omni 8 Seater Bsiv,Petrol,Manual,796,"1,00,000",Second,Pune,1.99 Lakh*
705,2017,Renault,Renault Kwid 1.0 Amt Rxt,Petrol,Manual,999,"60,000",Second,Pune,3.22 Lakh*
706,2016,Ford,Ford Endeavour 3.2 Titanium At 4x4,Diesel,Automatic,3198,"37,000",Second,Pune,26.50 Lakh*
707,2011,Hyundai,Hyundai I10 Magna,Petrol,Manual,1197,"71,000",First,Pune,2.85 Lakh*
708,2016,Hyundai,Hyundai Creta 1.6 Vtvt Sx Plus,Petrol,Manual,1591,"9,000",First,Pune,10.20 Lakh*
709,2018,Hyundai,Hyundai I20 1.2 Asta,Petrol,Manual,1197,"25,000",First,Pune,6.75 Lakh*
710,2020,Hyundai,Hyundai Venue Sx Plus Turbo Dct,Petrol,Manual,998,"23,000",First,Pune,10.95 Lakh*
711,2008,Honda,Honda City 1.5 S Mt,Petrol,Manual,1497,"1,25,000",Second,Pune,2.75 Lakh*
712,2015,Hyundai,Hyundai Creta 1.6 Vtvt Sx Plus,Petrol,Manual,1591,"28,000",First,Pune,8.95 Lakh*
713,2013,Toyota,Toyota Innova 2.5 G (diesel) 8 Seater,Diesel,Automatic,2494,"1,23,000",First,Pune,8.25 Lakh*
714,2017,Maruti,Maruti Ciaz 1.4 Zeta,Petrol,Manual,1373,"24,961",Second,Pune,6.43 Lakh*
715,2016,Honda,Honda Jazz 1.2 V At I Vtec,Petrol,Manual,1199,"52,259",First,Pune,5.69 Lakh*
716,2016,Maruti,Maruti Alto 800 Lxi,Petrol,Manual,796,"44,044",Second,Pune,2.37 Lakh*
717,2010,Tata,Tata Manza Aura Safire,Petrol,Manual,1368,"51,082",Third,Pune,1.65 Lakh*
718,2014,Tata,Tata Manza Club Class Quadrajet90 Vx,Diesel,Automatic,1248,"90,000",Third,Pune,3 Lakh*
719,2021,Maruti,Maruti Alto 800 Lxi,Petrol,Manual,796,"25,000",First,Pune,3.70 Lakh*
720,2019,Maruti,Maruti Swift Vvt Zxi,Petrol,Manual,1197,"30,000",First,Pune,6.95 Lakh*
721,2011,Volkswagen,Volkswagen Polo Petrol Comfortline 1.2l,Petrol,Manual,1198,"73,000",First,Pune,2.88 Lakh*
722,2018,Mercedes-benz,Mercedes-benz E-class Exclusive E 220d,Diesel,Automatic,1950,"23,497",First,Pune,54 Lakh*
723,2009,Mercedes-benz,Mercedes-benz C-class C 220 Cdi Elegance At,Diesel,Automatic,2143,"72,796",First,Pune,9.99 Lakh*
724,2006,Ford,Ford Fusion 1.6 Duratec Petrol,Petrol,Manual,1596,"80,000",Second,Pune,"95,000*"
725,2019,Hyundai,Hyundai Venue Sx Opt Diesel Bsiv,Diesel,Automatic,1396,"29,700",First,Pune,11.75 Lakh*
726,2019,Hyundai,Hyundai I20 Sportz Plus Bsiv,Petrol,Manual,1197,"12,752",First,Pune,6.99 Lakh*
727,2017,Hyundai,Hyundai Verna Vtvt 1.6 At Sx Option,Petrol,Manual,1591,"34,954",First,Pune,10.20 Lakh*
728,2013,Honda,Honda City I Vtec S,Petrol,Manual,1497,"48,000",First,Pune,5.15 Lakh*
729,2015,Maruti,Maruti Wagon R Vxi,Petrol,Manual,998,"26,000",First,Pune,4.10 Lakh*
730,2016,Hyundai,Hyundai Grand I10 Sportz,Petrol,Manual,1197,"51,000",Second,Pune,4.70 Lakh*
731,2007,Maruti,Maruti Omni Lpg Std Bsiv,,,,"1,00,000",Fourth,Pune,1.35 Lakh*
732,2003,Maruti,Maruti 800 Std Mpfi,Petrol,Manual,796,"1,00,000",Second,Pune,"60,000*"
733,2006,Honda,Honda City Gxi,Petrol,Manual,1497,"1,30,000",Third,Pune,1 Lakh*
734,2017,Hyundai,Hyundai I20 1.2 Spotz,Petrol,Manual,1197,"70,884",First,Pune,6.10 Lakh*
735,2018,Renault,Renault Kwid 1.0 Rxt Optional,Petrol,Manual,999,"77,226",First,Pune,3.30 Lakh*
736,2012,Maruti,Maruti Wagon R Vxi Bs Iv,Petrol,Manual,998,"35,000",First,Pune,2.90 Lakh*
737,2004,Tata,Tata Indigo Marina Lx,Diesel,Automatic,1405,"1,10,000",First,Pune,"65,000*"
738,2017,Maruti,Maruti Baleno Rs 1.0 Petrol,Petrol,Manual,998,"89,000",First,Pune,5.90 Lakh*
739,2020,Hyundai,Hyundai Creta Sx Diesel,Diesel,Automatic,1493,"29,000",First,Pune,17.50 Lakh*
740,2006,Tata,Tata Indica Gls,Petrol,Manual,1193,"80,000",First,Pune,"75,000*"
741,2012,Toyota,Toyota Innova 2.5 G (diesel) 7 Seater,Diesel,Automatic,2494,"1,01,200",First,Pune,7 Lakh*
742,2017,Hyundai,Hyundai Creta 1.6 Gamma Sx Plus,Petrol,Manual,1591,"57,561",Second,Pune,9.40 Lakh*
743,2013,Fiat,Fiat Punto 1.2 Dynamic,Petrol,Manual,1172,"37,000",First,Pune,2.75 Lakh*
744,2014,Hyundai,Hyundai Eon Era Plus,Petrol,Manual,814,"57,000",First,Pune,2.60 Lakh*
745,2009,Maruti,Maruti Swift 1.3 Vxi,Petrol,Manual,1298,"78,128",Third,Pune,1.59 Lakh*
746,2010,Hyundai,Hyundai I10 Magna,Petrol,Manual,1197,"49,000",First,Pune,3.15 Lakh*
747,2016,Honda,Honda Jazz 1.2 Sv I Vtec,Petrol,Manual,1199,"85,000",First,Pune,5.25 Lakh*
748,2010,Volvo,Volvo Xc90 D5 At Awd,Diesel,Automatic,2400,"1,35,000",First,Pune,10.50 Lakh*
749,2015,Maruti,Maruti Alto K10 Vxi Amt,Petrol,Manual,998,"59,000",Second,Pune,2.99 Lakh*
750,2016,Honda,Honda Amaze Ace Edition Cvt Petrol Bsiv,Petrol,Manual,1199,"37,682",First,Pune,6.85 Lakh*
751,2013,Tata,Tata Safari Storme Ex,Diesel,Automatic,2179,"85,000",Second,Pune,3.50 Lakh*
752,2012,Maruti,Maruti Wagon R Cng Lxi,,,998,"58,000",Second,Pune,3.25 Lakh*
753,2010,Honda,Honda City 1.5 S Mt,Petrol,Manual,1497,"80,000",Second,Pune,3.21 Lakh*
754,2019,Hyundai,Hyundai Verna Vtvt 1.6 Sx,Petrol,Manual,1591,"31,000",First,Pune,8.80 Lakh*
755,2015,Renault,Renault Kwid Rxt,Petrol,Manual,799,"43,565",First,Pune,2.67 Lakh*
756,2011,Chevrolet,Chevrolet Aveo 1.4,Petrol,Manual,1399,"50,000",First,Pune,1.50 Lakh*
757,2018,Honda,Honda Amaze Vx I Dtec,Diesel,Automatic,1498,"90,000",First,Pune,7.50 Lakh*
758,2018,Toyota,Toyota Innova Crysta 2.8 Zx At Bsiv,Diesel,Automatic,2755,"75,000",First,Pune,20.50 Lakh*
759,2015,Renault,Renault Lodgy World Edition 110ps,Diesel,Automatic,1461,"81,000",First,Pune,5.84 Lakh*
760,2012,Hyundai,Hyundai Verna 1.6 Sx Vtvt (o),Petrol,Manual,1591,"38,000",First,Pune,4.75 Lakh*
761,2013,Hyundai,Hyundai Verna 1.6 Ex Vtvt,Petrol,Manual,1591,"71,000",First,Pune,4.49 Lakh*
762,2016,Hyundai,Hyundai Eon Sportz,Petrol,Manual,814,"30,000",First,Pune,3.10 Lakh*
763,2013,Renault,Renault Duster 110ps Diesel Rxz,Diesel,Automatic,1461,"1,10,000",First,Pune,4.05 Lakh*
764,2015,Maruti,Maruti Wagon R Vxi,Petrol,Manual,998,"59,000",First,Pune,4 Lakh*
765,2018,Maruti,Maruti Ertiga Vxi Cng,,,1373,"93,000",First,Pune,9.10 Lakh*
766,2018,Maruti,Maruti Swift Dzire Zxi 1.2,Petrol,Manual,1197,"25,870",First,Pune,7.35 Lakh*
767,2018,Skoda,Skoda Rapid 1.5 Tdi Ambition Bsiv,Diesel,Automatic,1498,"75,000",First,Pune,9.50 Lakh*
768,2016,Maruti,Maruti Alto 800 Lxi,Petrol,Manual,796,"61,704",First,Pune,2.45 Lakh*
769,2020,Kia,Kia Sonet 1.5 Gtx Plus Diesel At,Diesel,Automatic,1493,"19,245",First,Pune,13.39 Lakh*
770,2009,Tata,Tata Indigo Glx Bs Iii,Petrol,Manual,1193,"14,157",Second,Pune,"87,499*"
771,2013,Tata,Tata Indigo Elx Bs Iv,Diesel,Automatic,1396,"1,10,000",Second,Pune,2.30 Lakh*
772,2016,Honda,Honda Amaze S I-dtech,Diesel,Automatic,1498,"1,20,000",Fourth,Pune,3.90 Lakh*
773,2016,Renault,Renault Kwid Rxt,Petrol,Manual,799,"23,000",Third,Pune,2.50 Lakh*
774,2018,Honda,Honda City I-vtec Zx,Petrol,Manual,1497,"25,000",First,Pune,10.95 Lakh*
775,2012,Toyota,Toyota Fortuner 4x2 At,Diesel,Automatic,2982,"1,43,500",Second,Pune,13.95 Lakh*
776,2007,Maruti,Maruti Alto Lxi,Petrol,Manual,796,"40,000",Second,Pune,1.35 Lakh*
777,2018,Tata,Tata Nexon 1.5 Revotorq Xz Plus,Diesel,Automatic,1497,"1,01,825",First,Pune,7.48 Lakh*
778,2013,Mercedes-benz,Mercedes-benz C-class 220 Cdi At,Diesel,Automatic,2143,"61,127",Second,Pune,12.50 Lakh*
779,2016,Hyundai,Hyundai I20 1.2 Spotz,Petrol,Manual,1197,"10,262",First,Pune,5.75 Lakh*
780,2015,Hyundai,Hyundai I20 1.2 Asta,Petrol,Manual,1197,"52,494",First,Pune,5.40 Lakh*
781,2012,Honda,Honda City S,Petrol,Manual,1497,"71,213",First,Pune,4.25 Lakh*
782,2017,Maruti,Maruti Vitara Brezza Zdi Plus Dual Tone,Diesel,Automatic,1248,"85,000",First,Pune,8.50 Lakh*
783,2015,Maruti,Maruti Alto K10 Vxi,Petrol,Manual,998,"42,000",First,Pune,2.70 Lakh*
784,2013,Maruti,Maruti Wagon R Lxi,Petrol,Manual,998,"60,000",First,Pune,3.50 Lakh*
785,2019,Tata,Tata Harrier Xz Bsiv,Diesel,Automatic,1956,"17,801",First,Pune,15.47 Lakh*
786,2013,Maruti,Maruti Swift Dzire Vxi,Petrol,Manual,1197,"1,14,816",First,Pune,3.58 Lakh*
787,2011,Volkswagen,Volkswagen Vento Diesel Highline,Diesel,Automatic,1598,"90,000",Third,Pune,3.15 Lakh*
788,2006,Maruti,Maruti Alto Lxi,Petrol,Manual,796,"1,11,000",Fifth,Pune,1.15 Lakh*
789,2015,Honda,Honda Jazz 1.5 Vx I Dtec,Diesel,Automatic,1498,"88,000",First,Pune,5.75 Lakh*
790,2018,Toyota,Toyota Innova Crysta 2.4 Vx Mt 8 Str,Diesel,Automatic,2393,"1,26,000",First,Pune,17.75 Lakh*
791,2019,Renault,Renault Kwid Rxt,Petrol,Manual,799,"11,200",First,Pune,4.25 Lakh*
792,2010,Hyundai,Hyundai I10 Era,Petrol,Manual,1086,"80,000",Second,Pune,2.20 Lakh*
793,2006,Hyundai,Hyundai Santro Xing Xl,Petrol,Manual,1086,"1,20,000",Third,Pune,1.10 Lakh*
794,2021,Maruti,Maruti Sx4 S Cross Zeta,Petrol,Manual,1462,"6,652",First,Pune,10.55 Lakh*
795,2015,Maruti,Maruti Ciaz At Zxi,Petrol,Manual,1373,"69,727",First,Pune,5.90 Lakh*
796,2015,Ford,Ford Ecosport 1.5 Ti Vct At Titanium,Petrol,Manual,1499,"45,000",First,Pune,5.95 Lakh*
797,2021,Toyota,Toyota Fortuner 4x2 Diesel At,Diesel,Automatic,2755,"31,500",First,Pune,38.50 Lakh*
798,2014,Maruti,Maruti Ertiga Vxi Cng,,,1462,"1,10,000",First,Pune,6.75 Lakh*
799,2016,Tata,Tata Aria Pride 4x2,Diesel,Automatic,2179,"94,077",First,Pune,4.95 Lakh*
800,2019,Mahindra,Mahindra Marazzo M4 8str,Diesel,Automatic,1497,"95,425",First,Pune,7.90 Lakh*
801,2012,Hyundai,Hyundai I20 1.2 Asta,Petrol,Manual,1197,"47,000",Second,Pune,3.30 Lakh*
802,2006,Mahindra,Mahindra Bolero Di Dx 8 Seater,Diesel,Automatic,2523,"1,20,000",First,Pune,1 Lakh*
803,2015,Volkswagen,Volkswagen Vento 1.2 Tsi Highline At,Petrol,Manual,1197,"27,581",First,Pune,5.97 Lakh*
804,2016,Honda,Honda Amaze Vx Cvt I-vtec,Petrol,Manual,1199,"76,928",First,Pune,5.25 Lakh*
805,2018,Hyundai,Hyundai I20 1.2 Era,Petrol,Manual,1197,"45,000",First,Pune,5.95 Lakh*
806,2007,Honda,Honda City Gxi,Petrol,Manual,1497,"78,000",First,Pune,1.80 Lakh*
807,2016,Maruti,Maruti Wagon R Vxi,Petrol,Manual,998,"79,000",First,Pune,4 Lakh*
808,2015,Hyundai,Hyundai I20 Sportz 1.4 Crdi,Diesel,Automatic,1396,"76,000",First,Pune,5.85 Lakh*
809,2013,Mahindra,Mahindra Ssangyong Rexton Rx7,Diesel,Automatic,2696,"58,000",First,Pune,6.25 Lakh*
810,2018,Maruti,Maruti Swift Dzire Vxi 1.2,Petrol,Manual,1197,"50,000",First,Pune,6.65 Lakh*
811,2017,Mercedes-benz,Mercedes-benz Glc 220d 4matic Style,Diesel,Automatic,2143,"47,200",First,Pune,45 Lakh*
812,2009,Maruti,Maruti Ritz Vxi,Petrol,Manual,1197,"1,10,000",Third,Pune,2.50 Lakh*
813,2019,Hyundai,Hyundai Grand I10 1.2 Kappa Sportz Option,Petrol,Manual,1197,"28,000",First,Pune,5.90 Lakh*
814,2014,Nissan,Nissan Terrano Xv 110 Ps,Diesel,Automatic,1461,"72,000",First,Pune,4.99 Lakh*
815,2016,Maruti,Maruti Ciaz Vxi,Petrol,Manual,1373,"47,925",First,Pune,5.67 Lakh*
816,2018,Tata,Tata Hexa Xt,Diesel,Automatic,2179,"41,899",First,Pune,12.13 Lakh*
817,2017,Maruti,Maruti Swift Dzire Zxi,Petrol,Manual,1197,"48,000",First,Pune,6.75 Lakh*
818,2013,Bmw,Bmw 5 Series 520d Luxury Line,Diesel,Automatic,1995,"88,000",Second,Pune,14.50 Lakh*
819,2021,Maruti,Maruti Xl6 Zeta At,Petrol,Manual,1462,"2,700",First,Pune,11.34 Lakh*
820,2008,Toyota,Toyota Corolla Altis G,Petrol,Manual,1798,"1,26,583",Third,Pune,2.37 Lakh*
821,2019,Hyundai,Hyundai I20 Asta Option Bsiv,Petrol,Manual,1197,"32,931",First,Pune,7.52 Lakh*
822,2017,Jeep,Jeep Compass 2.0 Limited Option,Diesel,Automatic,1956,"44,635",Second,Pune,12.42 Lakh*
823,2020,Maruti,Maruti Ciaz Delta,Petrol,Manual,1462,"6,373",First,Pune,9.50 Lakh*
824,2011,Maruti,Maruti Sx4 Vdi,Diesel,Automatic,1248,"1,83,260",Second,Pune,2.52 Lakh*
825,2016,Honda,Honda City I Vtec Sv,Petrol,Manual,1497,"59,829",First,Pune,6.22 Lakh*
826,2014,Maruti,Maruti Alto 800 Lxi,Petrol,Manual,796,"52,612",First,Pune,2.08 Lakh*
827,2011,Maruti,Maruti A-star Vxi,Petrol,Manual,998,"70,000",First,Pune,2.30 Lakh*
828,2012,Toyota,Toyota Corolla Altis G Mt,Petrol,Manual,1798,"78,000",First,Pune,4.50 Lakh*
829,2010,Bmw,Bmw 5 Series 525d,Diesel,Automatic,1995,"84,000",Third,Pune,10.50 Lakh*
830,2020,Tata,Tata Nexon 1.2 Revotron Xm,Petrol,Manual,1198,"28,000",First,Pune,8.20 Lakh*
831,2005,Honda,Honda City Zxi At,Petrol,Manual,1493,"1,20,000",Second,Pune,1.25 Lakh*
832,2015,Mercedes-benz,Mercedes-benz Gl-class 350 Cdi Blue Efficiency,Diesel,Automatic,2987,"88,100",First,Pune,39 Lakh*
833,2020,Maruti,Maruti Wagon R Cng Lxi,,,998,"41,670",First,Pune,5.77 Lakh*
834,2017,Volkswagen,Volkswagen Polo 1.2 Mpi Comfortline,Petrol,Manual,1199,"38,000",Second,Pune,5.75 Lakh*
835,2018,Hyundai,Hyundai Tucson 2.0 E-vgt 2wd At Gl,Diesel,Automatic,1995,"13,905",First,Pune,22 Lakh*
836,2015,Hyundai,Hyundai Xcent 1.2 Kappa Sx,Petrol,Manual,1197,"49,829",First,Pune,4.32 Lakh*
837,2016,Maruti,Maruti Omni Mpi Cargo Bsiv,Petrol,Manual,796,"50,000",First,Pune,2.65 Lakh*
838,2017,Tata,Tata Zest Quadrajet 1.3 Xt,Diesel,Automatic,1248,"1,31,670",First,Pune,3.52 Lakh*
839,2013,Mahindra,Mahindra Bolero Zlx,Diesel,Automatic,2523,"1,23,220",Third,Pune,3.77 Lakh*
840,2006,Maruti,Maruti Baleno Lxi,Petrol,Manual,1590,"90,000",Second,Pune,"80,000*"
841,2007,Maruti,Maruti Swift 1.3 Vxi,Petrol,Manual,1298,"1,10,000",Second,Pune,2 Lakh*
842,2019,Hyundai,Hyundai Santro Magna Bsiv,Petrol,Manual,1086,"52,000",First,Pune,5.20 Lakh*
843,2017,Honda,Honda City I Vtec Vx,Petrol,Manual,1497,"39,700",First,Pune,8.65 Lakh*
844,2012,Hyundai,Hyundai I20 1.2 Asta,Petrol,Manual,1197,"61,000",First,Pune,3.35 Lakh*
845,2015,Hyundai,Hyundai Grand I10 Asta,Petrol,Manual,1197,"62,000",First,Pune,3.90 Lakh*
846,2000,Maruti,Maruti Alto Lx,Petrol,Manual,796,"35,000",First,Pune,"70,000*"
847,2016,Volkswagen,Volkswagen Ameo 1.2 Mpi Comfortline,Petrol,Manual,1198,"80,000",Second,Pune,4.95 Lakh*
848,2013,Maruti,Maruti Wagon R Lxi Cng Optional,,,998,"80,000",First,Pune,4.10 Lakh*
849,2009,Hyundai,Hyundai I20 Asta,Petrol,Manual,1197,"60,726",Third,Pune,2.14 Lakh*
850,2015,Maruti,Maruti Ertiga Cng Vxi,,,1462,"64,630",First,Pune,7.41 Lakh*
851,2017,Mahindra,Mahindra Xylo D2 Bs Iii,Diesel,Automatic,2489,"30,000",First,Pune,3.72 Lakh*
852,2009,Mercedes-benz,Mercedes-benz E-class E350 Petrol,Petrol,Manual,3498,"65,081",Second,Pune,9.50 Lakh*
853,2012,Toyota,Toyota Etios Liva G,Petrol,Manual,1197,"71,000",First,Pune,3.65 Lakh*
854,2017,Datsun,Datsun Redigo T Option,Petrol,Manual,799,"25,000",First,Pune,2.40 Lakh*
855,2018,Honda,Honda City I-vtec Cvt V,Petrol,Manual,1497,"20,045",First,Pune,9.34 Lakh*
856,2015,Maruti,Maruti Alto K10 Vxi,Petrol,Manual,998,"48,474",Second,Pune,2.67 Lakh*
857,2015,Hyundai,Hyundai Eon Magna,Petrol,Manual,814,"22,402",First,Pune,3.15 Lakh*
858,2015,Hyundai,Hyundai I20 Active 1.2 S,Petrol,Manual,1197,"74,400",First,Pune,5.70 Lakh*
859,2014,Volkswagen,Volkswagen Vento Tsi,Petrol,Manual,1197,"72,184",Second,Pune,5.30 Lakh*
860,2013,Maruti,Maruti Wagon R Cng Lxi Bsiv,,,998,"80,000",Second,Pune,3.65 Lakh*
861,2011,Bmw,Bmw 3 Series 320d,Diesel,Automatic,1995,"1,17,844",Second,Pune,6.92 Lakh*
862,2022,Tata,Tata New Safari Xz Plus 6 Str,Diesel,Automatic,1956,145,First,Pune,25 Lakh*
863,2016,Maruti,Maruti Baleno 1.3 Zeta,Diesel,Automatic,1248,"69,000",First,Pune,6.80 Lakh*
864,2013,Toyota,Toyota Etios G,Petrol,Manual,1496,"55,665",First,Pune,4.25 Lakh*
865,2016,Honda,Honda Jazz V,Petrol,Manual,1199,"49,730",First,Pune,6.25 Lakh*
866,2015,Volkswagen,Volkswagen Vento 1.6 Highline,Petrol,Manual,1598,"46,800",First,Pune,6.40 Lakh*
867,2020,Hyundai,Hyundai Venue Sx Imt,Petrol,Manual,998,"15,000",First,Pune,9.50 Lakh*
868,2018,Skoda,Skoda Kodiaq 2.0 Tdi Style,Diesel,Automatic,1968,"95,000",First,Pune,25.50 Lakh*
869,2022,Mg,Mg Astor Sharp,Petrol,Manual,1498,"2,500",First,Pune,15.35 Lakh*
870,2015,Hyundai,Hyundai I20 Sportz 1.4 Crdi,Diesel,Automatic,1396,"1,10,000",First,Pune,5.50 Lakh*
871,2019,Hyundai,Hyundai Verna Vtvt 1.6 Sx,Petrol,Manual,1591,"20,000",First,Pune,9.60 Lakh*
872,2019,Tata,Tata Tigor Xz Plus,Petrol,Manual,1199,"35,000",First,Pune,6.50 Lakh*
873,2014,Hyundai,Hyundai I10 Sportz,Petrol,Manual,1197,"1,30,000",First,Pune,2.90 Lakh*
874,2012,Hyundai,Hyundai I20 1.4 Crdi Magna,Diesel,Automatic,1396,"72,000",First,Pune,4.25 Lakh*
875,2016,Maruti,Maruti Baleno 1.2 Delta,Petrol,Manual,1197,"55,000",First,Pune,5.70 Lakh*
876,2015,Maruti,Maruti Wagon R Lxi Cng,,,998,"67,000",First,Pune,4.60 Lakh*
877,2015,Honda,Honda Jazz 1.2 S I Vtec,Petrol,Manual,1199,"65,000",Second,Pune,4.84 Lakh*
878,2009,Honda,Honda Civic 1.8 S At,Petrol,Manual,1799,"57,000",Second,Pune,2.98 Lakh*
879,2007,Maruti,Maruti Sx4 Zxi Bsiii,Petrol,Manual,1586,"1,00,000",Second,Pune,1.73 Lakh*
880,2021,Maruti,Maruti Baleno Alpha,Petrol,Manual,1197,"23,684",First,Pune,7.02 Lakh*
881,2011,Tata,Tata Manza Elan Quadrajet Bs Iv,Diesel,Automatic,1248,"1,38,875",Third,Pune,1.84 Lakh*
882,2011,Hyundai,Hyundai I10 Era,Petrol,Manual,1086,"60,000",Third,Pune,2.30 Lakh*
883,2016,Maruti,Maruti Swift Dzire Amt Zdi Plus,Diesel,Automatic,1248,"69,000",First,Pune,6.65 Lakh*
884,2012,Volkswagen,Volkswagen Vento Diesel Highline,Diesel,Automatic,1598,"90,000",Second,Pune,4.25 Lakh*
885,2016,Mercedes-benz,Mercedes-benz Gle 250d,Diesel,Automatic,2143,"1,00,000",First,Pune,34.75 Lakh*
886,2016,Honda,Honda City I Vtec V,Petrol,Manual,1497,"61,052",First,Pune,6.86 Lakh*
887,2010,Tata,Tata Indica Terra 1.4 Tdi,Diesel,Automatic,1405,"66,842",First,Pune,1.59 Lakh*
888,2017,Hyundai,Hyundai Grand I10 1.2 Kappa Asta,Petrol,Manual,1197,"62,568",First,Pune,5.09 Lakh*
889,2007,Toyota,Toyota Innova 2.5 V Diesel 7-seater,Diesel,Automatic,2494,"2,00,000",Third,Pune,3 Lakh*
890,2015,Hyundai,Hyundai Xcent 1.2 Kappa S,Petrol,Manual,1197,"85,000",First,Pune,4.79 Lakh*
891,2014,Tata,Tata Zest Revotron 1.2t Xms,Petrol,Manual,1193,"67,000",Second,Pune,3.85 Lakh*
892,2011,Fiat,Fiat Punto 1.3 Dynamic,Diesel,Automatic,1248,"70,000",First,Pune,2.50 Lakh*
893,2010,Volkswagen,Volkswagen Passat 1.8 Tsi Mt,Petrol,Manual,1798,"80,000",Third,Pune,3.15 Lakh*
894,2012,Honda,Honda City V At Exclusive,Petrol,Manual,1497,"1,00,000",First,Pune,4.80 Lakh*
895,2013,Volkswagen,Volkswagen Vento Petrol Highline At,Petrol,Manual,1598,"66,999",First,Pune,3.95 Lakh*
896,2017,Maruti,Maruti Swift Dzire Vxi At,Petrol,Manual,1197,"35,000",First,Pune,6.65 Lakh*
897,2017,Hyundai,Hyundai Grand I10 Sportz,Petrol,Manual,1197,"82,000",First,Pune,5.35 Lakh*
898,2018,Maruti,Maruti Swift Dzire Tour 1.3 S Diesel,Diesel,Automatic,1248,"80,000",First,Pune,5.50 Lakh*
899,2013,Chevrolet,Chevrolet Sail 1.3 Ls,Diesel,Automatic,1248,"75,000",First,Pune,2.75 Lakh*
900,2020,Tata,Tata Altroz Xm,Petrol,Manual,1199,"60,000",First,Pune,6.01 Lakh*
901,2010,Hyundai,Hyundai I20 1.2 Sportz,Petrol,Manual,1197,"87,717",First,Pune,3 Lakh*
902,2015,Volkswagen,Volkswagen Polo Gt Tsi,Petrol,Manual,1197,"27,000",First,Pune,6.45 Lakh*
903,2016,Maruti,Maruti Alto K10 Lxi,Petrol,Manual,998,"62,000",First,Pune,3.25 Lakh*
904,2014,Honda,Honda Amaze Ex I-vtech,Petrol,Manual,1198,"91,000",Second,Pune,3.75 Lakh*
905,2019,Tata,Tata Nexon 1.2 Revotron Xm,Petrol,Manual,1198,"30,000",Second,Pune,7 Lakh*
906,2018,Maruti,Maruti Alto 800 Cng Lxi,,,796,"36,965",First,Pune,3.95 Lakh*
907,2016,Honda,Honda City I Vtec Cvt Sv,Petrol,Manual,1497,"57,385",Second,Pune,7 Lakh*
908,2013,Maruti,Maruti Swift Vxi,Petrol,Manual,1197,"67,338",First,Pune,4.35 Lakh*
909,2016,Tata,Tata Safari Storme Vx,Diesel,Automatic,2179,"75,783",Second,Pune,7.95 Lakh*
910,2015,Maruti,Maruti Wagon R Lxi Cng,,,998,"1,04,593",First,Pune,4.15 Lakh*
911,2016,Maruti,Maruti Vitara Brezza Zdi Plus,Diesel,Automatic,1248,"67,000",First,Pune,7.60 Lakh*
912,2009,Maruti,Maruti Swift Dzire Vxi,Petrol,Manual,1298,"98,000",First,Pune,2.80 Lakh*
913,2016,Maruti,Maruti Baleno 1.2 Delta,Petrol,Manual,1197,"88,000",First,Pune,5.30 Lakh*
914,2015,Skoda,Skoda Rapid 1.5 Tdi Ambition With Alloy Wheel,Diesel,Automatic,1498,"47,000",First,Pune,6.40 Lakh*
915,2013,Maruti,Maruti Swift Dzire Vxi,Petrol,Manual,1197,"42,000",First,Pune,4.45 Lakh*
916,2013,Mercedes-benz,Mercedes-benz E-class E250 Cdi Avantgarde,Diesel,Automatic,2143,"53,665",First,Pune,24.85 Lakh*
917,2011,Bmw,Bmw 3 Series 320d,Diesel,Automatic,1995,"75,000",Second,Pune,8.65 Lakh*
918,2017,Hyundai,Hyundai I20 1.2 Spotz,Petrol,Manual,1197,"63,851",First,Pune,6.25 Lakh*
919,2013,Hyundai,Hyundai I20 Sportz At 1.4,Petrol,Manual,1396,"52,507",Second,Pune,4.20 Lakh*
920,2017,Honda,Honda Jazz 1.2 Sv I Vtec,Petrol,Manual,1199,"32,703",Second,Pune,5.65 Lakh*
921,2015,Maruti,Maruti Alto 800 Lxi,Petrol,Manual,796,"47,000",First,Pune,2.80 Lakh*
922,2011,Hyundai,Hyundai I20 1.2 Asta,Petrol,Manual,1197,"92,000",Third,Pune,2.75 Lakh*
923,2004,Maruti,Maruti Zen Vxi Bsii,Petrol,Manual,993,"90,000",Third,Pune,"95,000*"
924,2016,Maruti,Maruti Ciaz At Zxi Plus,Petrol,Manual,1373,"65,000",First,Pune,7.25 Lakh*
925,2008,Hyundai,Hyundai I10 Magna,Petrol,Manual,1197,"90,000",Second,Pune,1.90 Lakh*
926,2019,Renault,Renault Captur Platine Dual Tone Diesel,Diesel,Automatic,1461,"22,560",First,Pune,10.75 Lakh*
927,2018,Maruti,Maruti Vitara Brezza Zdi Amt,Diesel,Automatic,1248,"89,000",First,Pune,8.95 Lakh*
928,2020,Tata,Tata Harrier Xza Plus Dark Edition At,Diesel,Automatic,1956,"18,156",First,Pune,21.91 Lakh*
929,2020,Kia,Kia Seltos Htx D,Diesel,Automatic,1493,"18,295",First,Pune,16 Lakh*
930,2019,Maruti,Maruti Swift Dzire Vxi 1.2,Petrol,Manual,1197,"79,653",First,Pune,7.50 Lakh*
931,2019,Toyota,Toyota Innova Crysta 2.4 G Mt 8 Str,Diesel,Automatic,2393,"78,000",First,Pune,18.50 Lakh*
932,2019,Maruti,Maruti Celerio X Amt Vxi,Petrol,Manual,998,"74,000",First,Pune,5.50 Lakh*
933,2018,Hyundai,Hyundai Grand I10 Sportz,Petrol,Manual,1197,"15,000",First,Pune,5.75 Lakh*
934,2018,Maruti,Maruti Baleno 1.2 Zeta,Petrol,Manual,1197,"29,000",First,Pune,6.75 Lakh*
935,2018,Tata,Tata Nexon 1.2 Revotron Xm,Petrol,Manual,1198,"20,000",First,Pune,7.60 Lakh*
936,2015,Hyundai,Hyundai Eon Magna Plus,Petrol,Manual,814,"53,017",First,Pune,2.69 Lakh*
937,2010,Maruti,Maruti Ritz Zxi,Petrol,Manual,1197,"89,900",First,Pune,2.90 Lakh*
938,2017,Jeep,Jeep Compass 2.0 Longitude,Diesel,Automatic,1956,"92,000",First,Pune,13.50 Lakh*
939,2016,Mercedes-benz,Mercedes-benz Gle 250d,Diesel,Automatic,2143,"69,000",Second,Pune,35 Lakh*
940,2012,Skoda,Skoda Rapid 1.6 Mpi At Ambition Plus,Petrol,Manual,1598,"56,000",Second,Pune,4.49 Lakh*
941,2013,Honda,Honda Jazz X,Petrol,Manual,1198,"80,000",Second,Pune,3.60 Lakh*
942,2015,Audi,Audi A4 35 Tdi Premium,Diesel,Automatic,1968,"65,000",Second,Pune,17.75 Lakh*
943,2018,Jeep,Jeep Compass 2.0 Limited,Diesel,Automatic,1956,"58,537",First,Pune,16.25 Lakh*
944,2014,Mini,Mini Cooper S,Petrol,Manual,1598,"68,000",Second,Pune,16 Lakh*
945,2008,Hyundai,Hyundai Santro Xing Gls,Petrol,Manual,1086,"54,000",Second,Pune,1.25 Lakh*
946,2006,Mercedes-benz,Mercedes-benz E-class E270 Cdi,Diesel,Automatic,2987,"69,146",Second,Pune,6.85 Lakh*
947,2016,Audi,Audi Q5 3.0 Tdi Quattro,Diesel,Automatic,2967,"67,000",Second,Pune,29 Lakh*
948,2014,Toyota,Toyota Innova 2.5 G (diesel) 8 Seater,Diesel,Automatic,2494,"95,000",Second,Pune,8.40 Lakh*
949,2019,Tata,Tata Nexon 1.5 Revotorq Xza Plus Dualtone,Diesel,Automatic,1497,"64,000",First,Pune,10 Lakh*
950,2014,Bmw,Bmw 3 Series Gt 320d Luxury Line,Diesel,Automatic,1995,"79,669",First,Pune,20.85 Lakh*
951,2015,Renault,Renault Duster 85ps Diesel Rxl,Diesel,Automatic,1461,"76,931",First,Pune,5.51 Lakh*
952,2014,Hyundai,Hyundai I20 Asta 1.2,Petrol,Manual,1197,"68,000",First,Pune,5.35 Lakh*
953,2013,Hyundai,Hyundai Santa Fe 4x4 At,Diesel,Automatic,2199,"67,193",First,Pune,8.30 Lakh*
954,2015,Audi,Audi A8 L 3.0 Tdi Quattro,Diesel,Automatic,2967,"35,000",First,Pune,55 Lakh*
955,2019,Maruti,Maruti Vitara Brezza Vdi,Diesel,Automatic,1248,"31,683",Second,Pune,7.93 Lakh*
956,2018,Honda,Honda Wr-v I-dtec S,Diesel,Automatic,1498,"12,421",First,Pune,6.23 Lakh*
957,2017,Hyundai,Hyundai Grand I10 Sportz Plus,Petrol,Manual,1197,"48,480",First,Pune,5.65 Lakh*
958,2013,Volkswagen,Volkswagen Vento Petrol Comfortline,Petrol,Manual,1598,"1,07,000",First,Pune,3.25 Lakh*
959,2019,Kia,Kia Seltos Htk Plus D,Diesel,Automatic,1493,"38,000",First,Pune,13.90 Lakh*
960,2011,Hyundai,Hyundai I20 1.2 Era,Petrol,Manual,1197,"95,000",First,Pune,2.65 Lakh*
961,2015,Audi,Audi A6 35 Tdi,Diesel,Automatic,1968,"64,000",Second,Pune,21 Lakh*
962,2017,Toyota,Toyota Innova Crysta 2.4 Vx Mt 8 Str,Diesel,Automatic,2393,"1,12,000",First,Pune,17.50 Lakh*
963,2004,Mercedes-benz,Mercedes-benz E-class 200 Kompressor Elegance,Petrol,Manual,1796,"89,300",Third,Pune,2.40 Lakh*
964,2014,Hyundai,Hyundai I20 Magna 1.4 Crdi,Diesel,Automatic,1396,"82,300",First,Pune,5.20 Lakh*
965,2013,Volkswagen,Volkswagen Polo 1.2 Mpi Highline,Petrol,Manual,1198,"55,300",First,Pune,3.70 Lakh*
966,2012,Hyundai,Hyundai I20 1.2 Magna,Petrol,Manual,1197,"58,200",Second,Pune,3.11 Lakh*
967,2010,Honda,Honda Jazz S,Petrol,Manual,1198,"74,800",Second,Pune,2.60 Lakh*
968,2010,Maruti,Maruti A-star Vxi,Petrol,Manual,998,"51,300",Second,Pune,2.10 Lakh*
969,2018,Jeep,Jeep Compass 2.0 Limited,Diesel,Automatic,1956,"57,800",Second,Pune,13.72 Lakh*
970,2011,Chevrolet,Chevrolet Beat Diesel Lt,Diesel,Automatic,936,"68,024",First,Pune,2.15 Lakh*
971,2011,Bmw,Bmw 3 Series 320d Sedan,Diesel,Automatic,1995,"53,021",First,Pune,7.65 Lakh*
972,2011,Tata,Tata Manza Aqua Quadrajet,Diesel,Automatic,1248,"70,000",First,Pune,2.50 Lakh*
973,2012,Honda,Honda City E,Petrol,Manual,1497,"62,000",First,Pune,4.60 Lakh*
974,2012,Honda,Honda City E,Petrol,Manual,1497,"72,000",First,Pune,4.50 Lakh*
975,2012,Honda,Honda City V At,Petrol,Manual,1497,"82,000",Second,Pune,4.50 Lakh*
976,2018,Datsun,Datsun Redigo T Option,Petrol,Manual,799,"20,000",First,Pune,2.40 Lakh*
977,2014,Mercedes-benz,Mercedes-benz B Class B180 Cdi,Diesel,Automatic,2143,"60,000",Second,Pune,13.25 Lakh*
978,2009,Maruti,Maruti Swift Dzire Zxi,Petrol,Manual,1197,"72,000",First,Pune,2.70 Lakh*
979,2011,Maruti,Maruti Swift Vdi,Diesel,Automatic,1248,"1,10,209",First,Pune,3.30 Lakh*
980,2007,Toyota,Toyota Innova 2.5 G (diesel) 7 Seater,Diesel,Automatic,2494,"1,40,000",Second,Pune,3.55 Lakh*
981,2011,Fiat,Fiat Grande Punto 1.4 Dynamic,Petrol,Manual,1368,"88,000",First,Pune,1.70 Lakh*
982,2011,Maruti,Maruti Swift Vdi,Diesel,Automatic,1248,"78,000",First,Pune,3.35 Lakh*
983,2013,Hyundai,Hyundai I10 Magna,Petrol,Manual,1197,"38,845",First,Pune,3.50 Lakh*
984,2013,Hyundai,Hyundai Santa Fe 4x4 At,Diesel,Automatic,2199,"68,000",First,Pune,8.75 Lakh*
985,2011,Maruti,Maruti Ritz Zxi,Petrol,Manual,1197,"84,000",First,Pune,3 Lakh*
986,2013,Honda,Honda Amaze S Petrol,Petrol,Manual,1199,"65,042",First,Pune,4.10 Lakh*
987,2016,Maruti,Maruti Celerio Zxi,Petrol,Manual,998,"48,775",Second,Pune,3.37 Lakh*
988,2011,Honda,Honda City 1.5 S Mt,Petrol,Manual,1497,"75,000",Second,Pune,3.50 Lakh*
989,2015,Honda,Honda Jazz 1.2 V At I Vtec,Petrol,Manual,1199,"79,657",First,Pune,4.83 Lakh*
990,2009,Chevrolet,Chevrolet Spark 1.0 Ls,Petrol,Manual,995,"65,000",Second,Pune,1 Lakh*
991,2015,Nissan,Nissan Micra Xl,Petrol,Manual,1198,"52,000",First,Pune,3.40 Lakh*
992,2012,Fiat,Fiat Linea 1.3 Emotion,Diesel,Automatic,1248,"75,000",First,Pune,2.80 Lakh*
993,2011,Toyota,Toyota Fortuner 2.8 2wd Mt,Diesel,Automatic,2755,"1,48,000",Second,Pune,12 Lakh*
994,2018,Maruti,Maruti Eeco 5 Seater Ac Bsiv,Petrol,Manual,1196,"12,345",Unregistered Car,Pune,14.15 Lakh*
995,2018,Maruti,Maruti Eeco 5 Seater Ac Bsiv,Petrol,Manual,1196,"12,345",Unregistered Car,Pune,7 Lakh*
996,2018,Maruti,Maruti Eeco 5 Seater Ac Bsiv,Petrol,Manual,1196,"12,345",Unregistered Car,Pune,11.50 Lakh*
997,2016,Honda,Honda City I Vtec V,Petrol,Manual,1497,"43,500",Second,Pune,6.25 Lakh*
998,2013,Toyota,Toyota Etios G Sp,Petrol,Manual,1496,"39,418",Second,Pune,3.65 Lakh*
999,2011,Hyundai,Hyundai I10 Asta Sunroof At,Petrol,Manual,1197,"41,000",Second,Pune,3.40 Lakh*
1000,2013,Bmw,Bmw 7 Series 730ld,Diesel,Automatic,2993,"45,700",Second,Pune,31 Lakh*
1001,2017,Mahindra,Mahindra Scorpio S7 120,Diesel,Automatic,2179,"50,000",First,Pune,15 Lakh*
1002,2012,Maruti,Maruti Alto 800 Cng Lxi,,,796,"23,000",First,Pune,1.99 Lakh*
1003,2008,Maruti,Maruti Zen Estilo Lx Bsiv,Petrol,Manual,998,"56,000",First,Pune,1.61 Lakh*
1004,2013,Volkswagen,Volkswagen Vento 1.5 Tdi Highline At,Diesel,Automatic,1498,"55,000",Second,Pune,5 Lakh*
1005,2016,Tata,Tata Bolt Revotron Xms,Petrol,Manual,1193,"51,000",First,Pune,4.19 Lakh*
1006,2019,Toyota,Toyota Yaris Vx Cvt Bsiv,Petrol,Manual,1496,"10,000",Second,Pune,9.25 Lakh*
1007,2016,Renault,Renault Kwid 1.0 Rxt,Petrol,Manual,999,"82,000",First,Pune,2.95 Lakh*
1008,2020,Volkswagen,Volkswagen Polo 1.0 Tsi Highline Plus,Petrol,Manual,999,"40,600",First,Pune,7.57 Lakh*
1009,2020,Volkswagen,Volkswagen Polo 1.0 Tsi Highline Plus,Petrol,Manual,999,"40,000",First,Pune,7.58 Lakh*
1010,2013,Maruti,Maruti Wagon R Vxi,Petrol,Manual,998,"54,000",First,Pune,3.25 Lakh*
1011,2005,Maruti,Maruti Wagon R Vxi Bsiii,Petrol,Manual,1061,"60,000",Second,Pune,1.30 Lakh*
1012,2007,Hyundai,Hyundai Santro Xing Gls,Petrol,Manual,1086,"90,000",Third,Pune,1.04 Lakh*
1013,2017,Bmw,Bmw X1 Xdrive 20d Xline,Diesel,Automatic,1995,"1,00,000",First,Pune,24.50 Lakh*
1014,2018,Maruti,Maruti Eeco 5 Seater Ac Bsiv,Petrol,Manual,1196,"12,345",Unregistered Car,Pune,14.15 Lakh*
