,Year,Brand,Model,Fuel Type,Transmission,Engine Capacity,Kms Driven,No. of Owners,Location,Price
0,2015,Honda,Honda City,Petrol,Manual,1497,"59,775",1st,Kolkata,"5,60,000"
1,2019,Honda,Honda WR-V,Diesel,Automatic,1498,"41,757",1st,Kolkata,"9,02,000"
2,2015,Maruti,Maruti Wagon R,Petrol,Manual,998,"15,993",1st,Kolkata,"3,48,000"
3,2017,Maruti,Maruti Ciaz,Petrol,Manual,1373,"45,695",1st,Kolkata,"6,79,000"
4,2017,Maruti,Maruti Ciaz,Petrol,Manual,1373,"41,487",1st,Kolkata,"6,50,000"
5,2018,Maruti,Maruti Ciaz,Petrol,Manual,1462,"50,418",1st,Kolkata,"7,98,000"
6,2014,Volkswagen,Volkswagen Polo,Diesel,Automatic,1498,"56,215",1st,Kolkata,"3,73,000"
7,2018,Toyota,Toyota Corolla Altis,Petrol,Manual,1798,"46,398",1st,Kolkata,"10,90,000"
8,2017,Honda,Honda City,Petrol,Manual,1497,"35,385",1st,Kolkata,"8,15,000 "
9,2015,Honda,Honda City,Diesel,Automatic,1498,"1,19,501",2nd,Kolkata,"5,88,000"
10,2018,Maruti,Maruti Alto 800,Petrol,Manual,796,"12,011",1st,Kolkata,"3,40,000"
11,2016,Hyundai,Hyundai Xcent,Diesel,Automatic,1120,"82,471",1st,Kolkata,"3,68,000"
12,2018,Tata,Tata Tigor,Diesel,Automatic,1047,"76,893",1st,Kolkata,"4,92,000"
13,2018,Maruti,Maruti Ciaz,Diesel,Automatic,1248,"42,453",1st,Kolkata,"7,85,000"
14,2017,Honda,Honda Jazz,Petrol,Manual,1199,"22,267",1st,Kolkata,"5,53,000"
15,2018,Maruti,Maruti Celerio,Petrol,Manual,998,"52,492",1st,Kolkata,"4,05,000 "
16,2017,Maruti,Maruti Alto 800 Lxi,Petrol,Manual,796,"37,258",First,Kolkata,2.50 Lakh*
17,2020,Renault,Renault Triber Rxt,Petrol,Manual,999,"57,778",First,Kolkata,5.86 Lakh*
18,2013,Toyota,Toyota Corolla Altis G,Petrol,Manual,1798,"1,06,188",First,Kolkata,4.20 Lakh*
19,2017,Jeep,Jeep Compass 2.0 Limited Option,Diesel,Automatic,1956,"64,011",First,Kolkata,12.50 Lakh*
20,2018,Maruti,Maruti Alto 800,Petrol,Manual,796,"12,011",1st,Kolkata,"3,40,000"
21,2018,Maruti,Maruti Celerio,Petrol,Manual,998,"52,492",1st,Kolkata,"4,05,000 "
22,2014,Volkswagen,Volkswagen Vento,Petrol,Manual,1598,"35,791",1st,Kolkata,"4,78,000"
23,2016,Maruti,Maruti SX4 S Cross,Diesel,Automatic,1248,"86,554",1st,Kolkata,"6,00,000"
24,2014,Volkswagen,Volkswagen Vento,Petrol,Manual,1197,"56,368",2nd,Kolkata,"4,61,000"
25,2018,Maruti,Maruti Alto 800,Petrol,Manual,796,"22,673",1st,Kolkata,"3,08,000"
26,2017,Hyundai,Hyundai Xcent,Diesel,Automatic,1186,"85,412",1st,Kolkata,"4,31,000"
27,2018,Hyundai,Hyundai Creta,Petrol,Manual,1591,"35,898",1st,Kolkata,"8,40,000"
28,2017,Skoda,Skoda Rapid,Diesel,Automatic,1498,"76,759",1st,Kolkata,"7,09,000"
29,2012,Maruti,Maruti Zen Estilo,Petrol,Manual,998,"51,419",1st,Kolkata,"2,03,000 "
30,2014,Maruti,Maruti Ritz,Petrol,Manual,1197,"80,833",1st,Kolkata,"2,48,000 "
31,2021,Tata,Tata Altroz,Petrol,Manual,1199,"33,720",1st,Kolkata,"8,65,000"
32,2017,Hyundai,Hyundai Grand i10,Petrol,Manual,1197,"58,135",1st,Kolkata,"4,68,000"
33,2016,Maruti,Maruti Ciaz,Petrol,Manual,1373,"27,286",2nd,Kolkata,"5,52,000"
34,2016,Hyundai,Hyundai Creta,Petrol,Manual,1591,"36,105",1st,Kolkata,"6,79,000"
35,2020,MG,MG Hector,Petrol,Manual,1451,"54,039",1st,Kolkata,"14,83,000"
36,2016,Hyundai,Hyundai Verna,Petrol,Manual,1591,"29,160",2nd,Kolkata,"5,46,000"
37,2017,Honda,Honda City,Petrol,Manual,1497,"65,357",1st,Kolkata,"6,03,000"
38,2017,Honda,Honda City,Petrol,Manual,1497,"52,933",1st,Kolkata,"8,14,000 "
39,2018,Jeep,Jeep Compass,Diesel,Automatic,1956,"53,416",1st,Kolkata,"13,60,000 "
40,2016,Maruti,Maruti Ciaz,Petrol,Manual,1373,"66,109",1st,Kolkata,"5,38,000"
41,2018,Honda,Honda Amaze,Petrol,Manual,1198,"38,877",1st,Kolkata,"6,11,000"
42,2014,Maruti,Maruti Swift,Petrol,Manual,1197,"66,239",1st,Kolkata,"3,83,000 "
43,2015,Mahindra,Mahindra XUV500,Diesel,Automatic,2179,"54,693",2nd,Kolkata,"8,53,000"
44,2016,Honda,Honda Jazz,Petrol,Manual,1199,"54,655",1st,Kolkata,"4,18,000"
45,2018,Honda,Honda Jazz,Petrol,Manual,1199,"5,644",1st,Kolkata,"6,65,000"
46,2015,Maruti,Maruti Celerio,Petrol,Manual,998,"51,741",1st,Kolkata,"3,58,000 "
47,2012,Maruti,Maruti Swift,Petrol,Manual,1197,"27,900",1st,Kolkata,"3,60,000"
48,2013,Toyota,Toyota Etios Liva,Petrol,Manual,1197,"79,933",2nd,Kolkata,"2,55,000"
49,2018,Hyundai,Hyundai Creta,Petrol,Manual,1591,"20,496",1st,Kolkata,"8,75,000 "
50,2017,Maruti,Maruti Alto 800,Petrol,Manual,796,"15,209",1st,Kolkata,"2,96,000"
51,2017,Renault,Renault Duster,Petrol,Manual,1498,"20,462",1st,Kolkata,"6,99,000"
52,2019,Hyundai,Hyundai Santro,Petrol,Manual,1086,"43,148",1st,Kolkata,"4,75,000"
53,2017,Maruti,Maruti Alto 800,Petrol,Manual,796,"38,224",1st,Kolkata,"2,98,000"
54,2021,Tata,Tata Tigor,Petrol,Manual,1199,"27,125",1st,Kolkata,"5,63,000"
55,2020,Hyundai,Hyundai Venue,Petrol,Manual,998,"31,065",1st,Kolkata,"9,23,000"
56,2015,Maruti,Maruti SX4 S Cross,Diesel,Automatic,1598,"85,951",1st,Kolkata,"4,78,000"
57,2017,Renault,Renault Duster,Petrol,Manual,1498,"20,462",1st,Kolkata,"6,94,000"
58,2019,Hyundai,Hyundai Verna,Petrol,Manual,1591,"19,536",1st,Kolkata,"8,64,000"
59,2013,Hyundai,Hyundai i10,Petrol,Manual,1197,"32,227",1st,Kolkata,"2,73,000"
60,2018,Maruti,Maruti Wagon R,Petrol,Manual,998,"32,014",1st,Kolkata,"4,28,000 "
61,2016,Hyundai,Hyundai Xcent,Diesel,Automatic,1120,"82,471",1st,Kolkata,"3,68,000"
62,2017,Mahindra,Mahindra KUV 100,Diesel,Automatic,1198,"44,299",1st,Kolkata,"3,48,000 "
63,2014,Renault,Renault Duster,Diesel,Automatic,1461,"89,756",1st,Kolkata,"3,93,000"
64,2013,Honda,Honda City,Petrol,Manual,1497,"78,523",2nd,Kolkata,"3,35,000"
65,2014,Hyundai,Hyundai i10,Petrol,Manual,1086,"56,193",1st,Kolkata,"3,03,000"
66,2021,Bmw,Bmw 3 Series M340i Xdrive,Petrol,Manual,2998,"1,700",First,Kolkata,67 Lakh*
67,2015,Honda,Honda Jazz 1.2 Vx I Vtec,Petrol,Manual,1199,"42,000",First,Kolkata,3.85 Lakh*
68,2011,Maruti,Maruti Swift Dzire Zxi,Petrol,Manual,1197,"40,000",First,Kolkata,2.79 Lakh*
69,2016,Hyundai,Hyundai Verna 1.6 Crdi S,Diesel,Automatic,1582,"42,000",First,Kolkata,5.50 Lakh*
70,2017,Honda,Honda City I-vtec Cvt Vx,Petrol,Manual,1497,"37,000",First,Kolkata,7.85 Lakh*
71,2013,Audi,Audi Q3 2.0 Tdi Quattro Premium Plus,Diesel,Automatic,1968,"35,000",First,Kolkata,9.75 Lakh*
72,2014,Jaguar,Jaguar Xf 2.2 Litre Luxury,Diesel,Automatic,2179,"35,000",First,Kolkata,15.99 Lakh*
73,2015,Nissan,Nissan Sunny Diesel Xv,Diesel,Automatic,1461,"58,000",First,Kolkata,3.99 Lakh*
74,2017,Renault,Renault Kwid 1.0 Rxl,Petrol,Manual,999,"22,000",First,Kolkata,2.49 Lakh*
75,2016,Maruti,Maruti Swift Lxi Option,Petrol,Manual,1197,"58,001",First,Kolkata,3.85 Lakh*
76,2012,Chevrolet,Chevrolet Spark 1.0 Ls,Petrol,Manual,995,"83,000",First,Kolkata,1.09 Lakh*
77,2016,Hyundai,Hyundai I20 Asta Option 1.2,Petrol,Manual,1197,"24,001",First,Kolkata,5.74 Lakh*
78,2016,Maruti,Maruti Swift Vxi,Petrol,Manual,1197,"38,010",First,Kolkata,4.14 Lakh*
79,2014,Honda,Honda Mobilio S I-dtec,Diesel,Automatic,1498,"1,16,000",First,Kolkata,4 Lakh*
80,2022,Honda,Honda City V Cvt,Petrol,Manual,1498,"55,000",First,Kolkata,6.75 Lakh*
81,2012,Mercedes-benz,Mercedes-benz C-class C 250 Cdi Avantgarde,Diesel,Automatic,2143,"42,000",First,Kolkata,6.75 Lakh*
82,2015,Maruti,Maruti Wagon R Vxi,Petrol,Manual,998,"37,000",First,Kolkata,3.30 Lakh*
83,2011,Ford,Ford Endeavour 3.0l 4x4 At,Diesel,Automatic,2953,"25,000",First,Kolkata,7.95 Lakh*
84,2016,Nissan,Nissan Sunny Xl Cvt,Petrol,Manual,1498,"30,000",First,Kolkata,4 Lakh*
85,2017,Honda,Honda City I Vtec Sv,Petrol,Manual,1497,"46,000",First,Kolkata,5.85 Lakh*
86,2017,Maruti,Maruti Ignis 1.2 Delta Bsiv,Petrol,Manual,1197,"23,000",First,Kolkata,4.25 Lakh*
87,2012,Hyundai,Hyundai Verna 1.6 Sx,Diesel,Automatic,1582,"60,000",First,Kolkata,3.50 Lakh*
88,2018,Maruti,Maruti Baleno Delta Diesel,Diesel,Automatic,1248,"39,556",First,Kolkata,5.35 Lakh*
89,2014,Maruti,Maruti Alto 800 Lxi,Petrol,Manual,796,"17,200",First,Kolkata,2.10 Lakh*
90,2017,Toyota,Toyota Innova Crysta 2.8 Zx At Bsiv,Diesel,Automatic,2755,"50,000",First,Kolkata,17.75 Lakh*
91,2021,Toyota,Toyota Urban Cruiser High,Petrol,Manual,1462,"2,600",First,Kolkata,9 Lakh*
92,2019,Volvo,Volvo Xc40 D4 Inscription Bsiv,Diesel,Automatic,1969,"50,000",First,Kolkata,28 Lakh*
93,2011,Hyundai,Hyundai I20 1.2 Magna,Petrol,Manual,1197,"52,193",First,Kolkata,1.80 Lakh*
94,2009,Honda,Honda City 1.5 S Mt,Petrol,Manual,1497,"1,08,000",First,Kolkata,2.23 Lakh*
95,2011,Hyundai,Hyundai I10 Sportz,Petrol,Manual,1197,"25,089",First,Kolkata,1.95 Lakh*
96,2014,Hyundai,Hyundai I10 Sportz,Petrol,Manual,1197,"43,000",First,Kolkata,2.70 Lakh*
97,2016,Honda,Honda Jazz 1.2 E I Vtec,Petrol,Manual,1199,"19,211",First,Kolkata,3.95 Lakh*
98,2014,Honda,Honda City I Dtec S,Diesel,Automatic,1498,"50,221",Second,Kolkata,4.40 Lakh*
99,2017,Maruti,Maruti Swift Amt Zxi,Petrol,Manual,1197,"44,369",First,Kolkata,4.40 Lakh*
100,2018,Hyundai,Hyundai Verna Vtvt 1.6 Sx,Petrol,Manual,1591,"25,000",First,Kolkata,7.49 Lakh*
101,2014,Hyundai,Hyundai Grand I10 Sportz,Petrol,Manual,1197,"1,06,000",First,Kolkata,3.35 Lakh*
102,2009,Hyundai,Hyundai I20 Magna,Petrol,Manual,1197,"78,800",Second,Kolkata,1.99 Lakh*
103,2011,Hyundai,Hyundai Verna Transform Vtvt,Petrol,Manual,1599,"68,238",Second,Kolkata,2.35 Lakh*
104,,,,,,,,,Kolkata,
105,2018,Hyundai,Hyundai Grand I10 1.2 Crdi Asta,Diesel,Automatic,1186,"70,000",First,Kolkata,4.35 Lakh*
106,2014,Honda,Honda City I Vtec Cvt Sv,Petrol,Manual,1497,"36,000",First,Kolkata,4.49 Lakh*
107,2017,Maruti,Maruti Vitara Brezza Vdi,Diesel,Automatic,1248,"42,000",First,Kolkata,5.81 Lakh*
108,2017,Renault,Renault Lodgy Stepway 110ps Rxz 7s,Diesel,Automatic,1461,"45,000",First,Kolkata,5.88 Lakh*
109,2019,Audi,Audi Q3 30 Tfsi Premium Fwd,Petrol,Manual,1395,"25,844",First,Kolkata,20.99 Lakh*
110,2017,Hyundai,Hyundai Grand I10 1.2 Crdi Sportz Option,Diesel,Automatic,1186,"43,217",Second,Kolkata,3.49 Lakh*
111,2007,Hyundai,Hyundai Santro Xing Xk Erlx Euroiii,Petrol,Manual,1086,"20,000",First,Kolkata,1.50 Lakh*
112,2018,Honda,Honda Br-v I-vtec S Mt,Petrol,Manual,1497,"27,000",First,Kolkata,7.50 Lakh*
113,2021,Mahindra,Mahindra Thar Lx 4-str Hard Top Diesel,Diesel,Automatic,2184,"16,000",First,Kolkata,14.49 Lakh*
114,2008,Honda,Honda City Exi,Petrol,Manual,1497,"84,000",Second,Kolkata,"99,000*"
115,2016,Mahindra,Mahindra Kuv 100 Mfalcon D75 K8,Diesel,Automatic,1198,"55,000",First,Kolkata,3.85 Lakh*
116,2007,Maruti,Maruti Wagon R Vxi Bsiii,Petrol,Manual,998,"70,000",Third,Kolkata,1 Lakh*
117,2016,Maruti,Maruti Swift Dzire Vxi 1.2 Bs Iv,Petrol,Manual,1197,"22,664",First,Kolkata,4.79 Lakh*
118,2020,Tata,Tata Altroz Xz Diesel,Diesel,Automatic,1497,"9,934",First,Kolkata,8.25 Lakh*
119,2014,Honda,Honda Amaze S I-vtech,Petrol,Manual,1198,"34,000",First,Kolkata,3.30 Lakh*
120,2012,Maruti,Maruti Alto K10 Lxi,Petrol,Manual,998,"17,000",First,Kolkata,1.90 Lakh*
121,2010,Maruti,Maruti Zen Estilo Lxi Bs Iv,Petrol,Manual,998,"47,000",First,Kolkata,1.70 Lakh*
122,2017,Tata,Tata Hexa Xt 4x4,Diesel,Automatic,2179,"16,000",First,Kolkata,11.50 Lakh*
123,2013,Hyundai,Hyundai Verna 1.6 Sx Vtvt,Petrol,Manual,1591,"1,15,000",First,Kolkata,3 Lakh*
124,2021,Nissan,Nissan Magnite Turbo Xl,Petrol,Manual,999,"49,859",First,Kolkata,5.50 Lakh*
125,2014,Honda,Honda Mobilio S I-vtec,Petrol,Manual,1497,"44,174",First,Kolkata,4.25 Lakh*
126,2016,Tata,Tata Zest Revotron 1.2t Xm,Petrol,Manual,1193,"53,122",First,Kolkata,2.80 Lakh*
127,2016,Maruti,Maruti Celerio Vxi,Petrol,Manual,998,"39,871",First,Kolkata,3.25 Lakh*
128,2017,Hyundai,Hyundai Grand I10 1.2 Kappa Asta,Petrol,Manual,1197,"27,684",First,Kolkata,4.25 Lakh*
129,2022,Tata,Tata Punch Creative Amt,Petrol,Manual,1199,"1,244",First,Kolkata,7.75 Lakh*
130,2022,Audi,Audi A4 Technology,Petrol,Manual,1998,"4,748",First,Kolkata,45.99 Lakh*
131,2015,Maruti,Maruti Wagon R Vxi,Petrol,Manual,998,"59,000",First,Kolkata,3.15 Lakh*
132,2013,Volkswagen,Volkswagen Polo 1.2 Mpi Comfortline,Petrol,Manual,1198,"52,000",First,Kolkata,2.94 Lakh*
133,2013,Volkswagen,Volkswagen Vento Petrol Comfortline,Petrol,Manual,1598,"50,000",First,Kolkata,3.50 Lakh*
134,2014,Hyundai,Hyundai I10 Magna,Petrol,Manual,1197,"32,000",First,Kolkata,2.69 Lakh*
135,2015,Maruti,Maruti Swift Dzire Vxi,Petrol,Manual,1197,"39,000",First,Kolkata,4.34 Lakh*
136,2014,Mercedes-benz,Mercedes-benz C-class 220 Cdi At,Diesel,Automatic,2143,"35,000",First,Kolkata,12.75 Lakh*
137,2010,Hyundai,Hyundai I20 1.2 Magna,Petrol,Manual,1197,"36,001",First,Kolkata,2.21 Lakh*
138,2017,Maruti,Maruti Ciaz 1.4 Sigma,Petrol,Manual,1373,"48,000",First,Kolkata,5.25 Lakh*
139,2015,Toyota,Toyota Corolla Altis Js Mt,Petrol,Manual,1798,"44,000",First,Kolkata,7 Lakh*
140,2015,Maruti,Maruti Wagon R Vxi Bs Iv,Petrol,Manual,998,"45,000",First,Kolkata,2.95 Lakh*
141,2018,Honda,Honda Jazz V,Petrol,Manual,1199,"26,000",First,Kolkata,5.50 Lakh*
142,2017,Mahindra,Mahindra Bolero Power Plus Sle,Diesel,Automatic,1493,"1,40,000",First,Kolkata,5.50 Lakh*
143,2018,Toyota,Toyota Platinum Etios 1.5 Gx,Petrol,Manual,1496,"37,000",First,Kolkata,4.95 Lakh*
144,2018,Maruti,Maruti Celerio Zxi Amt,Petrol,Manual,998,"29,194",First,Kolkata,4.75 Lakh*
145,2008,Hyundai,Hyundai Santro Xing Gl,Petrol,Manual,1086,"40,040",First,Kolkata,1.60 Lakh*
146,2017,Nissan,Nissan Micra Active Xl Petrol,Petrol,Manual,1198,"22,150",First,Kolkata,2.70 Lakh*
147,2020,Hyundai,Hyundai Grand I10 Nios Sportz,Petrol,Manual,1197,"11,000",First,Kolkata,6.25 Lakh*
148,2018,Hyundai,Hyundai Creta 1.6 Vtvt S,Petrol,Manual,1591,"75,000",First,Kolkata,6.95 Lakh*
149,2021,Maruti,Maruti S-presso Vxi Plus 2019-2022,Petrol,Manual,998,"3,000",First,Kolkata,4.75 Lakh*
150,2018,Mahindra,Mahindra Scorpio S3 9 Seater Bsiv,Diesel,Automatic,2523,"55,000",First,Kolkata,9.49 Lakh*
151,2014,Hyundai,Hyundai Xcent 1.2 Kappa S Option,Petrol,Manual,1197,"41,144",First,Kolkata,3.45 Lakh*
152,2017,Hyundai,Hyundai Creta 1.6 Sx Option Executive Diesel,Diesel,Automatic,1582,"33,000",First,Kolkata,8.99 Lakh*
153,2018,Ford,Ford Figo 1.2p Titanium Opt Mt,Petrol,Manual,1196,"40,000",First,Kolkata,3.75 Lakh*
154,2019,Hyundai,Hyundai Creta 1.6 Sx,Petrol,Manual,1591,"19,000",First,Kolkata,9.95 Lakh*
155,2018,Maruti,Maruti Wagon R Vxi Plus Optional,Petrol,Manual,998,"21,000",First,Kolkata,4.25 Lakh*
156,2018,Hyundai,Hyundai I20 Magna Plus,Petrol,Manual,1197,"25,000",First,Kolkata,5.25 Lakh*
157,2020,Volkswagen,Volkswagen Polo 1.0 Mpi Highline Plus Bsiv,Petrol,Manual,999,"18,000",First,Kolkata,6.85 Lakh*
158,2017,Hyundai,Hyundai Creta 1.6 Crdi Sx,Diesel,Automatic,1582,"50,000",First,Kolkata,8.65 Lakh*
159,2018,Honda,Honda Wr-v Edge Edition I-vtec S,Petrol,Manual,1199,"48,000",First,Kolkata,5.50 Lakh*
160,2017,Honda,Honda Br-v I-vtec Vx Mt,Petrol,Manual,1497,"10,000",First,Kolkata,7.55 Lakh*
161,2018,Maruti,Maruti Celerio X Amt Zxi Option,Petrol,Manual,998,"40,000",First,Kolkata,4.25 Lakh*
162,2008,Maruti,Maruti Alto Lxi Bsiii,Petrol,Manual,796,"60,000",Second,Kolkata,1.05 Lakh*
163,2016,Hyundai,Hyundai Eon Sportz,Petrol,Manual,814,"27,000",First,Kolkata,2.64 Lakh*
164,2017,Honda,Honda Brio 1.2 S Option Mt,Petrol,Manual,1198,"40,000",First,Kolkata,3.75 Lakh*
165,2014,Hyundai,Hyundai Verna 1.6 Sx Vtvt,Petrol,Manual,1591,"46,000",First,Kolkata,4.74 Lakh*
166,2015,Honda,Honda City I Vtec Sv,Petrol,Manual,1497,"34,312",First,Kolkata,5.20 Lakh*
167,2015,Mahindra,Mahindra Scorpio S6 Plus 7 Seater,Diesel,Automatic,2179,"47,198",First,Kolkata,8.50 Lakh*
168,2016,Maruti,Maruti Baleno Delta,Petrol,Manual,1197,"23,057",First,Kolkata,5.35 Lakh*
169,2014,Hyundai,Hyundai Grand I10 Sportz,Petrol,Manual,1197,"38,250",First,Kolkata,3.15 Lakh*
170,2017,Tata,Tata Tiago 1.05 Revotorq Xe,Diesel,Automatic,1047,"28,170",First,Kolkata,3.50 Lakh*
171,2013,Hyundai,Hyundai I10 Magna,Petrol,Manual,1197,"40,000",First,Kolkata,1.99 Lakh*
172,2011,Tata,Tata New Safari Dicor 2.2 Vx 4x2 Bs Iv,Diesel,Automatic,2179,"1,20,000",Second,Kolkata,2.10 Lakh*
173,2013,Maruti,Maruti Swift Dzire Vdi,Diesel,Automatic,1248,"80,000",First,Kolkata,4.50 Lakh*
174,2019,Bmw,Bmw 7 Series 730ld Dpe Signature,Diesel,Automatic,2993,"19,700",First,Kolkata,95 Lakh*
175,2019,Maruti,Maruti Ciaz Alpha Bsiv,Petrol,Manual,1462,"36,000",First,Kolkata,6.75 Lakh*
176,2015,Nissan,Nissan Sunny Diesel Xv,Diesel,Automatic,1461,"84,000",First,Kolkata,3.50 Lakh*
177,2014,Honda,Honda Amaze Ex I-vtech,Petrol,Manual,1198,"25,000",First,Kolkata,3.25 Lakh*
178,2015,Maruti,Maruti Ciaz At Zxi,Petrol,Manual,1373,"43,000",First,Kolkata,5.75 Lakh*
179,2017,Hyundai,Hyundai Elantra 2.0 Sx,Petrol,Manual,1999,"44,000",First,Kolkata,8.25 Lakh*
180,2016,Honda,Honda Amaze S I-vtec,Petrol,Manual,1198,"40,000",First,Kolkata,3.65 Lakh*
181,2017,Honda,Honda City I Vtec Vx,Petrol,Manual,1497,"35,000",First,Kolkata,7.75 Lakh*
182,2018,Mahindra,Mahindra Thar Di 4x4,Diesel,Automatic,2523,"86,000",First,Kolkata,7.50 Lakh*
183,2014,Maruti,Maruti Celerio Vxi,Petrol,Manual,998,"25,000",Second,Kolkata,2.30 Lakh*
184,2016,Hyundai,Hyundai Creta 1.6 Vtvt Sx Plus,Petrol,Manual,1591,"21,300",Second,Kolkata,7.62 Lakh*
185,2020,Honda,Honda City Vx Mt,Petrol,Manual,1498,"7,000",First,Kolkata,11.25 Lakh*
186,2018,Hyundai,Hyundai I20 1.2 Magna Executive,Petrol,Manual,1197,"26,281",First,Kolkata,5.64 Lakh*
187,2017,Hyundai,Hyundai I20 1.2 Asta Option,Petrol,Manual,1197,"32,000",First,Kolkata,5.89 Lakh*
188,2009,Maruti,Maruti Wagon R Lxi,Petrol,Manual,998,"54,577",First,Kolkata,1.83 Lakh*
189,2018,Mahindra,Mahindra Scorpio S3 9 Seater Bsiv,Diesel,Automatic,2523,"60,849",First,Kolkata,9.23 Lakh*
190,2015,Maruti,Maruti Alto K10 Vxi Amt,Petrol,Manual,998,"33,000",First,Kolkata,2.84 Lakh*
191,2017,Hyundai,Hyundai Xcent 1.2 Vtvt Sx,Petrol,Manual,1197,"38,225",First,Kolkata,4.25 Lakh*
192,2017,Hyundai,Hyundai Grand I10 1.2 Kappa Asta,Petrol,Manual,1197,"47,242",First,Kolkata,4.38 Lakh*
193,2013,Honda,Honda City V Mt,Petrol,Manual,1497,"47,547",First,Kolkata,3.30 Lakh*
194,2017,Mahindra,Mahindra Scorpio S10 7 Seater,Diesel,Automatic,2179,"55,847",First,Kolkata,11.60 Lakh*
195,2018,Renault,Renault Kwid 1.0 Amt Rxt,Petrol,Manual,999,"20,000",First,Kolkata,3.25 Lakh*
196,2020,Kia,Kia Seltos Gtx Plus Dct,Petrol,Manual,1353,"26,474",First,Kolkata,15.45 Lakh*
197,2011,Maruti,Maruti Wagon R Lxi Bs Iv,Petrol,Manual,998,"52,000",First,Kolkata,2.15 Lakh*
198,2019,Toyota,Toyota Fortuner 2.8 4wd At Bsiv,Diesel,Automatic,2755,"97,000",First,Kolkata,28.50 Lakh*
199,2019,Jeep,Jeep Compass 2.0 Limited Option,Diesel,Automatic,1956,"40,000",First,Kolkata,17 Lakh*
200,2010,Hyundai,Hyundai I10 Sportz,Petrol,Manual,1197,"39,000",Second,Kolkata,2.07 Lakh*
201,2013,Maruti,Maruti Wagon R Vxi,Petrol,Manual,998,"54,851",First,Kolkata,2.45 Lakh*
202,2020,Renault,Renault Triber Rxz Easy-r Amt,Petrol,Manual,999,"29,000",First,Kolkata,6.60 Lakh*
203,2016,Hyundai,Hyundai I20 Sportz 1.2,Petrol,Manual,1197,"38,000",First,Kolkata,6.64 Lakh*
204,2019,Hyundai,Hyundai Grand I10 Magna,Petrol,Manual,1197,"26,000",First,Kolkata,4.14 Lakh*
205,2008,Maruti,Maruti Sx4 Vxi Bsiii,Petrol,Manual,1586,"49,226",First,Kolkata,1.75 Lakh*
206,2009,Honda,Honda Jazz Select Edition Active,Petrol,Manual,1198,"46,411",Second,Kolkata,2 Lakh*
207,2019,Renault,Renault Kwid Rxl Bsiv,Petrol,Manual,799,"37,000",First,Kolkata,2.89 Lakh*
208,2015,Maruti,Maruti Alto 800 Vxi,Petrol,Manual,796,"30,618",First,Kolkata,2.40 Lakh*
209,2014,Audi,Audi Q7 3.0 Tdi Quattro Premium Plus,Diesel,Automatic,2967,"57,533",First,Kolkata,23.50 Lakh*
210,2017,Hyundai,Hyundai Creta 1.6 Vtvt E Plus,Petrol,Manual,1591,"37,369",First,Kolkata,7.45 Lakh*
211,2017,Mercedes-benz,Mercedes-benz C-class Prime C 220d,Diesel,Automatic,1950,"28,000",Second,Kolkata,26.49 Lakh*
212,2014,Audi,Audi Q5 2.0 Tdi Premium Plus,Diesel,Automatic,1968,"34,000",First,Kolkata,21.50 Lakh*
213,2018,Mahindra,Mahindra Xuv500 W11 Option,Diesel,Automatic,2179,"57,224",First,Kolkata,13.55 Lakh*
214,2019,Jeep,Jeep Compass 2.0 Limited Option 4x4,Diesel,Automatic,1956,"30,653",First,Kolkata,15.15 Lakh*
215,2011,Bmw,Bmw 3 Series 320d Highline,Diesel,Automatic,1995,"40,000",First,Kolkata,8.55 Lakh*
216,2015,Bmw,Bmw 3 Series 320d Luxury Line,Diesel,Automatic,1995,"30,687",First,Kolkata,19.90 Lakh*
217,2013,Audi,Audi A6 2.0 Tdi Premium Plus,Diesel,Automatic,1968,"59,000",First,Kolkata,14.25 Lakh*
218,2012,Audi,Audi A4 2.0 Tdi,Diesel,Automatic,1968,"62,000",First,Kolkata,9.50 Lakh*
219,2014,Audi,Audi A6 2.0 Tdi Premium Plus,Diesel,Automatic,1968,"34,000",First,Kolkata,16.25 Lakh*
220,2016,Toyota,Toyota Corolla Altis 1.8 G Cvt,Petrol,Manual,1798,"36,000",First,Kolkata,9.25 Lakh*
221,2020,Maruti,Maruti Ciaz Alpha,Petrol,Manual,1462,"8,503",First,Kolkata,8.50 Lakh*
222,2011,Hyundai,Hyundai I10 Magna,Petrol,Manual,1197,"27,480",First,Kolkata,2.50 Lakh*
223,2017,Honda,Honda Amaze E Diesel,Diesel,Automatic,1498,"43,000",First,Kolkata,4.75 Lakh*
224,2015,Maruti,Maruti Ciaz Vdi Plus,Diesel,Automatic,1248,"58,187",First,Kolkata,4.80 Lakh*
225,2013,Hyundai,Hyundai I10 Era 1.1 Itech Se,Petrol,Manual,1086,"44,749",First,Kolkata,2.30 Lakh*
226,2015,Toyota,Toyota Etios Cross 1.2l G,Petrol,Manual,1197,"32,600",First,Kolkata,4.35 Lakh*
227,2015,Honda,Honda Amaze S I-dtech,Diesel,Automatic,1498,"42,000",First,Kolkata,3.57 Lakh*
228,2014,Chevrolet,Chevrolet Spark 1.0 Lt,Petrol,Manual,995,"36,000",First,Kolkata,1.45 Lakh*
229,2013,Honda,Honda Brio S Mt,Petrol,Manual,1198,"37,000",First,Kolkata,1.99 Lakh*
230,2017,Hyundai,Hyundai Eon D Lite Plus Option,Petrol,Manual,814,"12,000",First,Kolkata,2.20 Lakh*
231,2013,Mahindra,Mahindra Xuv500 W8 Fwd,Diesel,Automatic,2179,"42,000",First,Kolkata,5.25 Lakh*
232,2017,Honda,Honda Jazz 1.2 Vx I Vtec,Petrol,Manual,1199,"29,000",First,Kolkata,5.25 Lakh*
233,2014,Renault,Renault Duster 85ps Diesel Rxl Optional,Diesel,Automatic,1461,"47,000",First,Kolkata,3.85 Lakh*
234,2017,Maruti,Maruti Swift Dzire Vdi,Diesel,Automatic,1248,"63,940",First,Kolkata,5.35 Lakh*
235,2021,Nissan,Nissan Magnite Xl,Petrol,Manual,999,"12,660",First,Kolkata,6.35 Lakh*
236,2018,Hyundai,Hyundai Verna Vtvt 1.6 At Sx Option,Petrol,Manual,1591,"20,000",First,Kolkata,9 Lakh*
237,2014,Datsun,Datsun Go T,Petrol,Manual,1198,"39,241",First,Kolkata,2.45 Lakh*
238,2007,Honda,Honda Cr-v 2.4 4wd At,Petrol,Manual,2354,"70,000",First,Kolkata,4.50 Lakh*
239,2012,Maruti,Maruti Swift Zdi,Diesel,Automatic,1248,"1,00,000",First,Kolkata,3.20 Lakh*
240,2015,Hyundai,Hyundai Xcent 1.2 Kappa S,Petrol,Manual,1197,"19,001",First,Kolkata,3.35 Lakh*
241,2013,Honda,Honda Amaze S I-dtech,Diesel,Automatic,1498,"60,000",First,Kolkata,2.85 Lakh*
242,2014,Hyundai,Hyundai Xcent 1.2 Kappa S,Petrol,Manual,1197,"70,000",Second,Kolkata,3 Lakh*
243,2014,Hyundai,Hyundai Grand I10 Asta,Petrol,Manual,1197,"13,000",First,Kolkata,3.65 Lakh*
244,2016,Hyundai,Hyundai Eon Era Plus Option,Petrol,Manual,814,"50,000",Second,Kolkata,2.20 Lakh*
245,2019,Bmw,Bmw 5 Series 520d Luxury Line,Diesel,Automatic,1995,"21,500",First,Kolkata,43 Lakh*
246,2019,Ford,Ford Endeavour Titanium Plus 4x2,Diesel,Automatic,2198,"39,135",Second,Kolkata,29.99 Lakh*
247,2020,Mercedes-benz,Mercedes-benz C-class Progressive C 220d,Diesel,Automatic,1950,"4,811",First,Kolkata,41.99 Lakh*
248,2016,Land,Land Rover Discovery Sport Td4 S,Diesel,Automatic,2179,"67,728",First,Kolkata,28.99 Lakh*
249,2020,Audi,Audi A6 45 Tfsi Technology,Petrol,Manual,1984,"4,906",First,Kolkata,48.99 Lakh*
250,2011,Hyundai,Hyundai I10 Era 1.1 Itech Se,Petrol,Manual,1086,"22,000",First,Kolkata,2.35 Lakh*
251,2018,Toyota,Toyota Yaris Vx Bsiv,Petrol,Manual,1496,"40,900",First,Kolkata,6.95 Lakh*
252,2012,Renault,Renault Scala Rxe,Petrol,Manual,1498,"69,000",First,Kolkata,2.10 Lakh*
253,2016,Maruti,Maruti Ertiga 1.5 Vdi,Diesel,Automatic,1498,"68,318",Second,Kolkata,6.65 Lakh*
254,2020,Renault,Renault Kwid Climber 1.0 Mt Opt,Petrol,Manual,999,"34,495",Second,Kolkata,4.15 Lakh*
255,2020,Tata,Tata Nexon Ev Prime Xz Plus,,,0,"21,500",First,Kolkata,13.95 Lakh*
256,2018,Honda,Honda City I-dtec Zx,Diesel,Automatic,1498,"25,500",First,Kolkata,8.75 Lakh*
257,2013,Honda,Honda City I Vtec S,Petrol,Manual,1497,"35,000",First,Kolkata,3.49 Lakh*
258,2016,Hyundai,Hyundai I20 Active 1.4 Sx Dual Tone,Diesel,Automatic,1396,"46,000",First,Kolkata,4.95 Lakh*
259,2015,Honda,Honda City I Dtec Vx Option,Diesel,Automatic,1498,"53,000",First,Kolkata,4.89 Lakh*
260,2013,Honda,Honda Amaze S I-vtech,Petrol,Manual,1198,"28,021",First,Kolkata,3.25 Lakh*
261,2015,Hyundai,Hyundai I20 Active 1.2 S,Petrol,Manual,1197,"47,000",First,Kolkata,4.89 Lakh*
262,2018,Bmw,Bmw 3 Series Gt Luxury Line,Diesel,Automatic,1995,"16,000",Second,Kolkata,31.50 Lakh*
263,2013,Renault,Renault Duster Petrol Rxe,Petrol,Manual,1598,"60,000",Third,Kolkata,3.50 Lakh*
264,2011,Hyundai,Hyundai I20 1.2 Magna,Petrol,Manual,1197,"53,128",First,Kolkata,2.25 Lakh*
265,2011,Toyota,Toyota Etios 2014-2016 V,Petrol,Manual,1496,"35,453",First,Kolkata,2.25 Lakh*
266,2015,Volkswagen,Volkswagen Polo 1.5 Tdi Comfortline,Diesel,Automatic,1498,"75,000",First,Kolkata,3.25 Lakh*
267,2021,Hyundai,Hyundai I20 Asta Opt,Petrol,Manual,1197,"27,200",First,Kolkata,8.65 Lakh*
268,2010,Maruti,Maruti Sx4 Zxi Mt Bsiv,Petrol,Manual,1586,"45,600",First,Kolkata,1.99 Lakh*
269,2015,Renault,Renault Lodgy 85ps Rxe,Diesel,Automatic,1461,"49,652",First,Kolkata,4.25 Lakh*
270,2019,Hyundai,Hyundai Creta 1.6 Crdi At Sx Plus,Diesel,Automatic,1582,"40,000",First,Kolkata,12.49 Lakh*
271,2016,Maruti,Maruti Wagon R Vxi,Petrol,Manual,998,"33,000",First,Kolkata,3.25 Lakh*
272,2019,Renault,Renault Kwid Rxt Optional,Petrol,Manual,799,"20,000",First,Kolkata,2.95 Lakh*
273,2021,Jaguar,Jaguar Xe Se,Petrol,Manual,1997,"4,125",First,Kolkata,41.49 Lakh*
274,2015,Hyundai,Hyundai Xcent 1.2 Kappa S,Petrol,Manual,1197,"11,628",First,Kolkata,4.25 Lakh*
275,2012,Hyundai,Hyundai Eon Lpg Magna Plus,,,814,"4,968",First,Kolkata,2.15 Lakh*
276,2016,Hyundai,Hyundai Creta 1.6 Crdi Sx Plus,Diesel,Automatic,1582,"53,759",First,Kolkata,8.20 Lakh*
277,2014,Bmw,Bmw 3 Series Gt 320d Luxury Line,Diesel,Automatic,1995,"16,357",First,Kolkata,15.96 Lakh*
278,2014,Honda,Honda Brio E Mt,Petrol,Manual,1198,"45,000",First,Kolkata,2.30 Lakh*
279,2018,Tata,Tata Tigor 1.2 Revotron Xz Option,Petrol,Manual,1199,"3,588",First,Kolkata,4.94 Lakh*
280,2016,Porsche,Porsche Cayenne Diesel Platinum Edition,Diesel,Automatic,2967,"68,000",First,Kolkata,55 Lakh*
281,2020,Jaguar,Jaguar Xe Se,Petrol,Manual,1997,"3,600",First,Kolkata,39.50 Lakh*
282,2015,Audi,Audi A6 35 Tdi Premium,Diesel,Automatic,1968,"36,200",First,Kolkata,24 Lakh*
283,2014,Hyundai,Hyundai Grand I10 Crdi Asta Option,Diesel,Automatic,1120,"72,954",First,Kolkata,3.25 Lakh*
284,2016,Hyundai,Hyundai Grand I10 Sportz,Petrol,Manual,1197,"48,117",First,Kolkata,3.80 Lakh*
285,2010,Hyundai,Hyundai I10 Sportz 1.2,Petrol,Manual,1197,"41,000",First,Kolkata,1.65 Lakh*
286,2016,Maruti,Maruti Swift Vxi,Petrol,Manual,1197,"42,315",First,Kolkata,4.35 Lakh*
287,2018,Maruti,Maruti Alto 800 Vxi Optional,Petrol,Manual,796,"24,000",First,Kolkata,2.89 Lakh*
288,2014,Honda,Honda City I Vtec V,Petrol,Manual,1497,"69,000",First,Kolkata,4.65 Lakh*
289,2018,Tata,Tata Tiago 1.2 Revotron Xt,Petrol,Manual,1199,"42,868",First,Kolkata,3.80 Lakh*
290,2020,Kia,Kia Seltos Htx G,Petrol,Manual,1497,"15,700",First,Kolkata,12.75 Lakh*
291,2017,Maruti,Maruti Baleno 1.2 Cvt Zeta,Petrol,Manual,1197,"48,000",First,Kolkata,5.85 Lakh*
292,2017,Maruti,Maruti Baleno 1.2 Zeta,Petrol,Manual,1197,"37,000",First,Kolkata,5.60 Lakh*
293,2018,Tata,Tata Tiago 1.2 Revotron Xe,Petrol,Manual,1199,"30,000",First,Kolkata,4 Lakh*
294,2016,Maruti,Maruti Swift Dzire Vxi 1.2 Bs Iv,Petrol,Manual,1197,"28,917",Second,Kolkata,4.85 Lakh*
295,2017,Honda,Honda Amaze S Option I-vtec,Petrol,Manual,1198,"44,000",First,Kolkata,4.25 Lakh*
296,2016,Maruti,Maruti Baleno 1.2 Zeta,Petrol,Manual,1197,"23,000",First,Kolkata,5 Lakh*
297,2017,Maruti,Maruti Ertiga Bsiv Vxi,Petrol,Manual,1373,"15,000",First,Kolkata,6.50 Lakh*
298,2018,Maruti,Maruti Ciaz Delta Diesel,Diesel,Automatic,1248,"46,000",First,Kolkata,5.86 Lakh*
299,2012,Mahindra,Mahindra Scorpio Bsiv,Diesel,Automatic,2523,"55,000",First,Kolkata,5.34 Lakh*
300,2012,Honda,Honda Jazz S,Petrol,Manual,1198,"33,000",First,Kolkata,3.21 Lakh*
301,2010,Toyota,Toyota Corolla Altis G,Petrol,Manual,1798,"48,000",First,Kolkata,2.35 Lakh*
302,2019,Honda,Honda Amaze V Diesel,Diesel,Automatic,1498,"28,546",First,Kolkata,6 Lakh*
303,2020,Maruti,Maruti Ertiga Zxi,Petrol,Manual,1462,"38,000",First,Kolkata,9.65 Lakh*
304,2019,Hyundai,Hyundai Grand I10 1.2 Kappa Magna Bsiv,Petrol,Manual,1197,"8,000",First,Kolkata,4.75 Lakh*
305,2019,Kia,Kia Seltos Htx Plus At D,Diesel,Automatic,1493,"40,000",First,Kolkata,14.25 Lakh*
306,2014,Ford,Ford Ecosport 1.0 Ecoboost Titanium,Petrol,Manual,999,"45,000",First,Kolkata,4.50 Lakh*
307,2010,Fiat,Fiat Linea 1.4 Dynamic,Petrol,Manual,1368,"26,000",First,Kolkata,1.99 Lakh*
308,2018,Maruti,Maruti Celerio X Amt Zxi Option,Petrol,Manual,998,"35,000",First,Kolkata,4.25 Lakh*
309,2016,Skoda,Skoda Octavia 2.0 Tdi At Style Plus,Diesel,Automatic,1968,"50,000",First,Kolkata,12.50 Lakh*
310,2014,Honda,Honda Mobilio S I-vtec,Petrol,Manual,1497,"42,000",First,Kolkata,4.50 Lakh*
311,2010,Toyota,Toyota Corolla Altis Gl,Petrol,Manual,1798,"58,000",First,Kolkata,2.95 Lakh*
312,2020,Mahindra,Mahindra Xuv300 W8 Diesel,Diesel,Automatic,1497,"38,000",First,Kolkata,9.50 Lakh*
313,2017,Audi,Audi Q5 30 Tdi Quattro Premium Plus,Diesel,Automatic,1968,"38,000",First,Kolkata,25.90 Lakh*
314,2017,Hyundai,Hyundai I20 Active 1.2 Sx,Petrol,Manual,1197,"37,391",First,Kolkata,5.79 Lakh*
315,2015,Hyundai,Hyundai Xcent 1.2 Kappa S,Petrol,Manual,1197,"65,000",First,Kolkata,3.75 Lakh*
316,2018,Hyundai,Hyundai I20 Active 1.2 S,Petrol,Manual,1197,"53,647",First,Kolkata,5.90 Lakh*
317,2009,Toyota,Toyota Innova 2.5 Gx (diesel) 8 Seater,Diesel,Automatic,2494,"90,153",First,Kolkata,3.35 Lakh*
318,2017,Honda,Honda City I Vtec Vx,Petrol,Manual,1497,"37,000",First,Kolkata,7.50 Lakh*
319,2016,Hyundai,Hyundai Creta 1.6 Crdi Sx Option,Diesel,Automatic,1582,"42,000",First,Kolkata,7.99 Lakh*
320,2019,Hyundai,Hyundai Grand I10 1.2 Kappa Sportz Option At,Petrol,Manual,1197,"26,000",First,Kolkata,5.15 Lakh*
321,2018,Hyundai,Hyundai Verna Vtvt 1.6 Sx,Petrol,Manual,1591,"37,352",First,Kolkata,7.25 Lakh*
322,2016,Honda,Honda Amaze Sx I Vtec,Petrol,Manual,1198,"37,000",First,Kolkata,3.99 Lakh*
323,2009,Hyundai,Hyundai Santro Xing Gl,Petrol,Manual,1086,"17,442",First,Kolkata,1.45 Lakh*
324,2017,Hyundai,Hyundai Grand I10 1.2 Kappa Sportz Bsiv,Petrol,Manual,1197,"14,284",First,Kolkata,4.45 Lakh*
325,2022,Volvo,Volvo S60 T4 Inscription,Petrol,Manual,1969,"4,620",First,Kolkata,43.45 Lakh*
326,2019,Jeep,Jeep Compass 1.4 Limited Plus Bsiv,Petrol,Manual,1368,"38,000",First,Kolkata,16.85 Lakh*
327,2013,Mercedes-benz,Mercedes-benz C-class 220 Cdi At,Diesel,Automatic,2143,"55,000",First,Kolkata,8.49 Lakh*
328,2019,Tata,Tata Tiago 1.2 Revotron Xe,Petrol,Manual,1199,"15,000",First,Kolkata,3.30 Lakh*
329,2019,Nissan,Nissan Kicks Xv Premium D Bsiv,Diesel,Automatic,1461,"67,023",First,Kolkata,8.55 Lakh*
330,2015,Maruti,Maruti Alto K10 Vxi Amt,Petrol,Manual,998,"38,200",First,Kolkata,2.75 Lakh*
331,2017,Hyundai,Hyundai Xcent 1.2 Vtvt E,Petrol,Manual,1197,"32,388",First,Kolkata,4.10 Lakh*
332,2019,Mahindra,Mahindra Marazzo M8 8str,Diesel,Automatic,1497,"40,000",First,Kolkata,12.50 Lakh*
333,2013,Honda,Honda Brio S Mt,Petrol,Manual,1198,"39,000",First,Kolkata,2.37 Lakh*
334,2017,Hyundai,Hyundai Grand I10 Sportz,Petrol,Manual,1197,"24,000",First,Kolkata,4.55 Lakh*
335,2018,Jeep,Jeep Compass 2.0 Limited Plus,Diesel,Automatic,1956,"55,000",First,Kolkata,15.45 Lakh*
336,2020,Kia,Kia Seltos Htx G,Petrol,Manual,1497,"31,000",First,Kolkata,12.95 Lakh*
337,2010,Maruti,Maruti Swift Vxi Bsiv,Petrol,Manual,1197,"38,000",First,Kolkata,2.54 Lakh*
338,2016,Maruti,Maruti Sx4 S Cross Ddis 200 Zeta,Diesel,Automatic,1248,"55,200",First,Kolkata,5 Lakh*
339,2013,Volkswagen,Volkswagen Polo Diesel Comfortline 1.2l,Diesel,Automatic,1199,"42,883",First,Kolkata,2.95 Lakh*
340,2016,Honda,Honda City I Vtec Vx,Petrol,Manual,1497,"45,200",First,Kolkata,6.25 Lakh*
341,2015,Honda,Honda City I Vtec V,Petrol,Manual,1497,"53,000",First,Kolkata,4.65 Lakh*
342,2017,Mercedes-benz,Mercedes-benz Glc 220d 4matic Style,Diesel,Automatic,2143,"32,168",First,Kolkata,34.49 Lakh*
343,2013,Honda,Honda Brio S Mt,Petrol,Manual,1198,"68,943",First,Kolkata,1.99 Lakh*
344,2014,Honda,Honda City I Dtec Vx,Diesel,Automatic,1498,"65,000",First,Kolkata,5 Lakh*
345,2011,Honda,Honda Civic 1.8 S Mt,Petrol,Manual,1799,"44,000",First,Kolkata,2.69 Lakh*
346,2010,Maruti,Maruti Eeco 7 Seater Standard Bsiv,Petrol,Manual,1196,"36,000",First,Kolkata,2.10 Lakh*
347,2009,Maruti,Maruti Swift Vdi Bsiii,Diesel,Automatic,1248,"1,05,725",First,Kolkata,2.20 Lakh*
348,2019,Hyundai,Hyundai Creta 1.6 E Plus Diesel,Diesel,Automatic,1582,"49,000",First,Kolkata,8.99 Lakh*
349,2016,Maruti,Maruti Wagon R Vxi,Petrol,Manual,998,"31,497",First,Kolkata,3.75 Lakh*
350,2018,Mahindra,Mahindra Xuv500 W11 Bsiv,Diesel,Automatic,2179,"24,557",First,Kolkata,12.49 Lakh*
351,2010,Skoda,Skoda Superb Elegance 1.8 Tsi,Petrol,Manual,1798,"61,000",First,Kolkata,3.75 Lakh*
352,2016,Maruti,Maruti Celerio Vxi,Petrol,Manual,998,"39,000",First,Kolkata,3.24 Lakh*
353,2010,Maruti,Maruti Wagon R Lxi Bs Iv,Petrol,Manual,998,"38,000",First,Kolkata,1.80 Lakh*
354,2006,Tata,Tata Indigo Gls,Petrol,Manual,1396,"20,000",First,Kolkata,"50,000*"
355,2020,Hyundai,Hyundai I20 1.2 Spotz,Petrol,Manual,1197,"9,000",First,Kolkata,6.60 Lakh*
356,2019,Renault,Renault Kwid Rxl,Petrol,Manual,799,"6,568",First,Kolkata,3.25 Lakh*
357,2020,Maruti,Maruti Eeco 7 Seater Std,Petrol,Manual,1196,"22,000",First,Kolkata,3.99 Lakh*
358,2013,Hyundai,Hyundai Grand I10 Sportz Celebration Edition,Petrol,Manual,1197,"35,278",First,Kolkata,3.25 Lakh*
359,2016,Maruti,Maruti Sx4 S Cross Zeta Ddis 200 Sh,Diesel,Automatic,1248,"70,000",First,Kolkata,5 Lakh*
360,2018,Maruti,Maruti Swift Vxi,Petrol,Manual,1197,"41,000",First,Kolkata,5.34 Lakh*
361,2019,Jeep,Jeep Compass 1.4 Limited Plus Bsiv,Petrol,Manual,1368,"23,904",First,Kolkata,17.99 Lakh*
362,2009,Volkswagen,Volkswagen Passat Highline Dsg S (spl. Edition),Diesel,Automatic,1968,"58,770",Second,Kolkata,4.25 Lakh*
363,2012,Tata,Tata New Safari Dicor 2.2 Ex 4x2,Diesel,Automatic,2179,"1,20,000",Third,Kolkata,1.70 Lakh*
364,2017,Fiat,Fiat Linea Classic Plus With Alloy 1.3 Multijet,Diesel,Automatic,1248,"90,000",First,Kolkata,3.50 Lakh*
365,2016,Ford,Ford Endeavour 3.2 Titanium At 4x4,Diesel,Automatic,3198,"11,400",First,Kolkata,23.99 Lakh*
366,2012,Hyundai,Hyundai I20 1.4 Crdi Era,Diesel,Automatic,1396,"38,000",First,Kolkata,2.35 Lakh*
367,2015,Mercedes-benz,Mercedes-benz Gla Class 200 Cdi,Diesel,Automatic,2143,"79,402",First,Kolkata,16.49 Lakh*
368,2017,Honda,Honda City I Vtec Sv,Petrol,Manual,1497,"39,000",First,Kolkata,5.85 Lakh*
369,2011,Hyundai,Hyundai I10 Asta,Petrol,Manual,1197,"32,632",First,Kolkata,2.25 Lakh*
370,2014,Skoda,Skoda Superb 1.8 Tfsi Mt,Petrol,Manual,1798,"65,000",First,Kolkata,7.65 Lakh*
371,2018,Ford,Ford Ecosport 1.5 Petrol Titanium,Petrol,Manual,1496,"28,500",Second,Kolkata,6.36 Lakh*
372,2021,Tata,Tata Altroz Xz,Petrol,Manual,1199,"5,000",First,Kolkata,8 Lakh*
373,2017,Honda,Honda Br-v I-vtec S Mt,Petrol,Manual,1497,"60,812",First,Kolkata,6.40 Lakh*
374,2009,Mitsubishi,Mitsubishi Pajero 2.8 Sfx Bsiii Dual Tone,Diesel,Automatic,2835,"56,000",Second,Kolkata,5.50 Lakh*
375,2018,Hyundai,Hyundai Verna Vtvt 1.4 Ex,Petrol,Manual,1368,"38,695",First,Kolkata,6.49 Lakh*
376,2014,Bmw,Bmw X1 Sdrive20d,Diesel,Automatic,1995,"57,096",First,Kolkata,14.49 Lakh*
377,2019,Hyundai,Hyundai Santro Sportz Cng,,,1086,"5,000",First,Kolkata,5.25 Lakh*
378,2017,Honda,Honda City I Vtec Vx,Petrol,Manual,1497,"20,830",First,Kolkata,6.49 Lakh*
379,2014,Audi,Audi A6 2.0 Tdi Premium Plus,Diesel,Automatic,1968,"61,000",First,Kolkata,12.99 Lakh*
380,2016,Hyundai,Hyundai Elantra 2.0 Sx Option At,Petrol,Manual,1999,"45,000",First,Kolkata,9.50 Lakh*
381,2014,Skoda,Skoda Rapid 1.5 Tdi Ambition Plus,Diesel,Automatic,1498,"65,000",First,Kolkata,3.99 Lakh*
382,2013,Ford,Ford Ecosport 1.5 Dv5 Mt Trend,Diesel,Automatic,1498,"63,817",First,Kolkata,3.59 Lakh*
383,2018,Maruti,Maruti Alto 800 Vxi,Petrol,Manual,796,"28,000",First,Kolkata,2.89 Lakh*
384,2009,Maruti,Maruti Wagon R Cng Lxi,,,998,"64,000",Second,Kolkata,1.35 Lakh*
385,2018,Honda,Honda City I-vtec Vx,Petrol,Manual,1497,"24,900",First,Kolkata,7.89 Lakh*
386,2021,Maruti,Maruti Ertiga Vxi,Petrol,Manual,1462,"24,000",First,Kolkata,9.45 Lakh*
387,2021,Tata,Tata Nexon Ev Prime Xz Plus Lux,,,0,"26,600",First,Kolkata,15 Lakh*
388,2017,Mahindra,Mahindra Scorpio S10 7 Seater,Diesel,Automatic,2179,"46,000",First,Kolkata,10.49 Lakh*
389,2012,Hyundai,Hyundai I10 Magna Lpg,,,1086,"45,000",First,Kolkata,2.39 Lakh*
390,2017,Hyundai,Hyundai I20 Active Sx Petrol,Petrol,Manual,1197,"36,671",First,Kolkata,5.50 Lakh*
391,2009,Maruti,Maruti Wagon R Lxi Minor,Petrol,Manual,1061,"30,000",Second,Kolkata,1.60 Lakh*
392,2020,Hyundai,Hyundai Creta Sx,Petrol,Manual,1497,"39,781",First,Kolkata,13.73 Lakh*
393,2018,Audi,Audi Q3 35 Tdi Quattro Premium Plus,Diesel,Automatic,1968,"67,599",First,Kolkata,20.99 Lakh*
394,2015,Mercedes-benz,Mercedes-benz C-class C 200 Be Classic,Petrol,Manual,1796,"38,246",First,Kolkata,19.49 Lakh*
395,2015,Hyundai,Hyundai Grand I10 Crdi Asta,Diesel,Automatic,1120,"52,000",First,Kolkata,3.99 Lakh*
396,2005,Maruti,Maruti Esteem Vxi,Petrol,Manual,1298,"28,000",First,Kolkata,1.35 Lakh*
397,2017,Maruti,Maruti Swift Ddis Vdi,Diesel,Automatic,1248,"49,000",First,Kolkata,3.99 Lakh*
398,2016,Hyundai,Hyundai I10 Magna 1.1l,Petrol,Manual,1086,"40,895",First,Kolkata,2.95 Lakh*
399,2020,Maruti,Maruti Ignis 1.2 Zeta Bsiv,Petrol,Manual,1197,"22,454",First,Kolkata,5.35 Lakh*
400,2017,Hyundai,Hyundai Creta 1.6 Crdi At Sx Plus,Diesel,Automatic,1582,"42,000",First,Kolkata,8.89 Lakh*
401,2016,Mahindra,Mahindra Bolero Zlx,Diesel,Automatic,2523,"60,000",Second,Kolkata,5 Lakh*
402,2020,Maruti,Maruti Xl6 Alpha,Petrol,Manual,1462,"48,000",First,Kolkata,9.45 Lakh*
403,2016,Maruti,Maruti Swift Zdi Bsiv,Diesel,Automatic,1248,"90,000",Second,Kolkata,4 Lakh*
404,2021,Tata,Tata Nexon Ev Prime Xz Plus Lux,,,0,"26,600",First,Kolkata,15 Lakh*
405,2014,Hyundai,Hyundai Grand I10 Asta,Petrol,Manual,1197,"54,000",First,Kolkata,3.49 Lakh*
406,2017,Skoda,Skoda Octavia 2.0 Tdi At Style Plus,Diesel,Automatic,1968,"46,207",First,Kolkata,9.99 Lakh*
407,2018,Maruti,Maruti Baleno Delta,Petrol,Manual,1197,"29,000",First,Kolkata,5.85 Lakh*
408,2022,Tata,Tata New Safari Xza Plus Gold At,Diesel,Automatic,1956,"4,742",First,Kolkata,22.99 Lakh*
409,2016,Audi,Audi Q3 35 Tdi Quattro Premium,Diesel,Automatic,1968,"49,593",First,Kolkata,18.49 Lakh*
410,2017,Volvo,Volvo V40 D3 R Design,Diesel,Automatic,1969,"10,502",First,Kolkata,19.75 Lakh*
411,2018,Land,Land Rover Range Rover Evoque 2.0 Td4 Hse Dynamic,Diesel,Automatic,1999,"11,382",First,Kolkata,43.99 Lakh*
412,2015,Maruti,Maruti Alto 800 Vxi,Petrol,Manual,796,"29,000",First,Kolkata,2.55 Lakh*
413,2013,Maruti,Maruti Ertiga Vdi,Diesel,Automatic,1248,"42,207",First,Kolkata,5.25 Lakh*
414,2013,Porsche,Porsche Panamera Diesel,Diesel,Automatic,4806,"33,550",First,Kolkata,29.99 Lakh*
415,2013,Tata,Tata Sumo Cx,Diesel,Automatic,2956,"70,000",First,Kolkata,3.32 Lakh*
416,2012,Maruti,Maruti Wagon R Vxi 1.2 Bsiv,Petrol,Manual,1197,"51,000",First,Kolkata,2.50 Lakh*
417,2012,Ford,Ford Fiesta 1.4 Duratorq Lxi,Diesel,Automatic,1388,"60,000",First,Kolkata,1.40 Lakh*
418,2021,Honda,Honda City Zx Mt,Petrol,Manual,1498,"22,000",First,Kolkata,12.45 Lakh*
419,2016,Ford,Ford Endeavour 2.2 Trend At 4x2,Diesel,Automatic,2198,"85,200",Second,Kolkata,16.71 Lakh*
420,2015,Honda,Honda Jazz 1.2 V I Vtec,Petrol,Manual,1199,"42,231",First,Kolkata,4.75 Lakh*
421,2015,Honda,Honda Amaze Sx I-vtec,Petrol,Manual,1198,"43,000",First,Kolkata,3.19 Lakh*
422,2007,Maruti,Maruti Wagon R Vxi Minor,Petrol,Manual,998,"1,08,000",First,Kolkata,1.35 Lakh*
423,2009,Toyota,Toyota Corolla Altis 1.8 J,Petrol,Manual,1798,"53,000",First,Kolkata,1.89 Lakh*
424,2018,Mahindra,Mahindra Tuv 300 T6 Plus,Diesel,Automatic,1493,"70,000",First,Kolkata,6 Lakh*
425,2017,Toyota,Toyota Fortuner 2.8 2wd Mt,Diesel,Automatic,2755,"56,400",First,Kolkata,25.26 Lakh*
426,2011,Hyundai,Hyundai Eon Magna Optional,Petrol,Manual,814,"46,000",Second,Kolkata,1.85 Lakh*
427,2013,Porsche,Porsche Panamera Diesel,Diesel,Automatic,4806,"33,549",First,Kolkata,29.99 Lakh*
428,2020,Hyundai,Hyundai Venue Sx Imt,Petrol,Manual,998,"11,000",First,Kolkata,9 Lakh*
429,2003,Maruti,Maruti 800 Ac,Petrol,Manual,796,"30,000",Second,Kolkata,"40,000*"
430,2010,Maruti,Maruti Swift Vxi Bsiv,Petrol,Manual,1197,"55,000",First,Kolkata,2.25 Lakh*
431,2014,Honda,Honda Brio S Mt,Petrol,Manual,1198,"47,183",First,Kolkata,3.35 Lakh*
432,2012,Tata,Tata Nano Lx Bsiv,Petrol,Manual,624,"50,000",First,Kolkata,"45,000*"
433,2014,Hyundai,Hyundai I10 Magna 1.1l,Petrol,Manual,1086,"19,000",First,Kolkata,2.65 Lakh*
434,2019,Maruti,Maruti Eeco 5 Seater Ac Bsiv,Petrol,Manual,1196,"30,000",First,Kolkata,4.35 Lakh*
435,2016,Hyundai,Hyundai Elantra Sx At,Petrol,Manual,1797,"36,000",First,Kolkata,7.24 Lakh*
436,2015,Hyundai,Hyundai I20 Magna 1.2,Petrol,Manual,1197,"57,125",First,Kolkata,4.25 Lakh*
437,2017,Mahindra,Mahindra Tuv 300 T6,Diesel,Automatic,1493,"27,431",First,Kolkata,6.25 Lakh*
438,2019,Hyundai,Hyundai Grand I10 1.2 Kappa Magna Bsiv,Petrol,Manual,1197,"35,000",First,Kolkata,4.25 Lakh*
439,2017,Mahindra,Mahindra Tuv 300 T4 Plus,Diesel,Automatic,1493,"36,167",Second,Kolkata,5.80 Lakh*
440,2016,Maruti,Maruti Ertiga Bsiv Vxi,Petrol,Manual,1373,"29,370",First,Kolkata,6.95 Lakh*
441,2002,Maruti,Maruti Zen Vx,Petrol,Manual,993,"50,000",First,Kolkata,"50,000*"
442,2016,Maruti,Maruti Alto 800 Lxi,Petrol,Manual,796,"7,300",First,Kolkata,2.70 Lakh*
443,2017,Hyundai,Hyundai Grand I10 Sportz,Petrol,Manual,1197,"43,305",First,Kolkata,4.35 Lakh*
444,2013,Maruti,Maruti Wagon R Vxi,Petrol,Manual,998,"37,000",First,Kolkata,2.70 Lakh*
445,2017,Honda,Honda City Zx Cvt,Petrol,Manual,1497,"39,000",First,Kolkata,8.69 Lakh*
446,2019,Bmw,Bmw 5 Series 520d Luxury Line,Diesel,Automatic,1995,"21,600",First,Kolkata,43.50 Lakh*
447,2017,Hyundai,Hyundai Tucson 2.0 Dual Vtvt 2wd At Gls,Petrol,Manual,1999,"19,200",First,Kolkata,19.75 Lakh*
448,2017,Mercedes-benz,Mercedes-benz Glc 220d 4matic Style,Diesel,Automatic,2143,"30,000",First,Kolkata,39 Lakh*
449,2016,Maruti,Maruti Swift Dzire Vxi Optional,Petrol,Manual,1197,"37,000",First,Kolkata,4.57 Lakh*
450,2020,Renault,Renault Triber Rxz Easy-r Amt,Petrol,Manual,999,"40,000",First,Kolkata,6.20 Lakh*
451,2016,Audi,Audi Q3 35 Tdi Quattro Premium,Diesel,Automatic,1968,"49,592",First,Kolkata,18.49 Lakh*
452,2016,Hyundai,Hyundai Grand I10 Sportz,Petrol,Manual,1197,"50,000",First,Kolkata,3.50 Lakh*
453,2017,Ford,Ford Ecosport 1.5 Diesel Ambiente,Diesel,Automatic,1498,"48,112",First,Kolkata,4.89 Lakh*
454,2017,Skoda,Skoda Octavia 2.0 Tdi At Style Plus,Diesel,Automatic,1968,"46,206",First,Kolkata,9.99 Lakh*
455,2017,Volvo,Volvo V40 D3 R Design,Diesel,Automatic,1969,"10,501",First,Kolkata,19.75 Lakh*
456,2015,Maruti,Maruti Wagon R Lxi Bs Iv,Petrol,Manual,998,"20,000",First,Kolkata,2.75 Lakh*
457,2020,Kia,Kia Sonet 1.5 Gtx Plus Diesel Dt,Diesel,Automatic,1493,"12,000",First,Kolkata,11.50 Lakh*
458,2017,Hyundai,Hyundai Verna 1.4 Vtvt,Petrol,Manual,1396,"23,300",First,Kolkata,6.20 Lakh*
459,2015,Hyundai,Hyundai I20 Sportz 1.2,Petrol,Manual,1197,"25,200",First,Kolkata,4.40 Lakh*
460,2014,Maruti,Maruti Swift Dzire Vdi,Diesel,Automatic,1248,"81,110",First,Kolkata,3.81 Lakh*
461,2011,Maruti,Maruti Swift Vxi,Petrol,Manual,1197,"30,685",First,Kolkata,2.55 Lakh*
462,2013,Maruti,Maruti Zen Estilo Lxi Bs Iv,Petrol,Manual,998,"50,000",Second,Kolkata,1.56 Lakh*
463,2015,Renault,Renault Duster 110ps Diesel Rxz Option,Diesel,Automatic,1461,"23,000",First,Kolkata,5.50 Lakh*
464,2016,Maruti,Maruti Ciaz Zdi Plus Shvs,Diesel,Automatic,1248,"73,400",First,Kolkata,5.27 Lakh*
465,2018,Maruti,Maruti Alto K10 Vxi Optional,Petrol,Manual,998,"40,000",First,Kolkata,2.95 Lakh*
466,2018,Maruti,Maruti Ciaz 1.4 Sigma,Petrol,Manual,1373,"22,700",First,Kolkata,4.80 Lakh*
467,2018,Maruti,Maruti Baleno 1.2 Delta,Petrol,Manual,1197,"41,000",First,Kolkata,4.65 Lakh*
468,2019,Land,Land Rover Range Rover Sport 3.0 D Hse,Diesel,Automatic,2993,"11,202",First,Kolkata,1.19 Crore*
469,2006,Toyota,Toyota Innova 2.5 G (diesel) 8 Seater Bs Iv,Diesel,Automatic,2494,"1,20,000",Second,Kolkata,2.80 Lakh*
470,2017,Honda,Honda Wr-v I-dtec Vx,Diesel,Automatic,1498,"53,600",First,Kolkata,6.27 Lakh*
471,2016,Maruti,Maruti Wagon R Amt Vxi,Petrol,Manual,998,"38,000",First,Kolkata,3.25 Lakh*
472,2016,Mahindra,Mahindra Xuv500 W10 2wd,Diesel,Automatic,2179,"72,000",Second,Kolkata,8.95 Lakh*
473,2020,Mahindra,Mahindra Xuv300 W8 Diesel,Diesel,Automatic,1497,"40,000",First,Kolkata,9.75 Lakh*
474,2013,Hyundai,Hyundai I20 Sportz 1.4 Crdi,Diesel,Automatic,1396,"75,000",First,Kolkata,2.99 Lakh*
475,2019,Hyundai,Hyundai Grand I10 1.2 Kappa Asta,Petrol,Manual,1197,"9,000",First,Kolkata,5.25 Lakh*
476,2015,Mahindra,Mahindra Xuv500 W10 Awd,Diesel,Automatic,2179,"95,000",First,Kolkata,9.25 Lakh*
477,2016,Audi,Audi Q3 35 Tdi Quattro Premium Plus,Diesel,Automatic,1968,"50,000",First,Kolkata,17.50 Lakh*
478,2020,Mahindra,Mahindra Marazzo M6 Plus 8str,Diesel,Automatic,1497,"12,000",First,Kolkata,10.75 Lakh*
479,2014,Honda,Honda City I Vtec Cvt Sv,Petrol,Manual,1497,"65,000",First,Kolkata,4.65 Lakh*
480,2019,Datsun,Datsun Go Plus T Option,Petrol,Manual,1198,"20,000",First,Kolkata,3.95 Lakh*
481,2013,Hyundai,Hyundai I20 Sportz 1.2,Petrol,Manual,1197,"50,000",First,Kolkata,3.50 Lakh*
482,2018,Maruti,Maruti Swift Vdi Bsiv,Diesel,Automatic,1248,"29,300",First,Kolkata,4.73 Lakh*
483,2016,Hyundai,Hyundai Eon Sportz,Petrol,Manual,814,"15,000",First,Kolkata,2.75 Lakh*
484,2018,Maruti,Maruti Swift Amt Vxi,Petrol,Manual,1197,"21,078",First,Kolkata,5.45 Lakh*
485,2018,Mahindra,Mahindra Scorpio S11,Diesel,Automatic,2179,"41,000",First,Kolkata,12.59 Lakh*
486,2011,Hyundai,Hyundai I20 1.2 Magna,Petrol,Manual,1197,"33,000",First,Kolkata,2.45 Lakh*
487,2017,Honda,Honda Wr-v I-dtec Vx,Diesel,Automatic,1498,"86,929",First,Kolkata,6.50 Lakh*
488,2021,Hyundai,Hyundai Grand I10 Nios Turbo Sportz,Petrol,Manual,998,"10,000",First,Kolkata,6.99 Lakh*
489,2016,Datsun,Datsun Go T Bsiv,Petrol,Manual,1198,"26,610",First,Kolkata,2.62 Lakh*
490,2016,Hyundai,Hyundai Eon Era Plus Option,Petrol,Manual,814,"50,000",Second,Kolkata,2.20 Lakh*
491,2014,Hyundai,Hyundai Xcent 1.2 Kappa S Option,Petrol,Manual,1197,"70,000",Second,Kolkata,3 Lakh*
492,2015,Hyundai,Hyundai Xcent 1.2 Kappa S Option,Petrol,Manual,1197,"19,000",First,Kolkata,3.45 Lakh*
493,2009,Bmw,Bmw 5 Series 525i,Petrol,Manual,2497,"65,200",Second,Kolkata,5 Lakh*
494,2012,Maruti,Maruti Zen Estilo Lxi Bs Iv,Petrol,Manual,998,"48,102",Second,Kolkata,1.95 Lakh*
495,2019,Honda,Honda Wr-v I-vtec Vx,Petrol,Manual,1199,"21,000",First,Kolkata,7.79 Lakh*
496,2017,Ford,Ford Aspire 1.2 Ti-vct Titanium Opt,Petrol,Manual,1196,"30,234",First,Kolkata,4 Lakh*
497,2013,Maruti,Maruti Swift Dzire Vdi,Diesel,Automatic,1248,"32,153",Second,Kolkata,3.70 Lakh*
498,2019,Jeep,Jeep Compass 1.4 Limited Plus Bsiv,Petrol,Manual,1368,"38,000",First,Kolkata,16.90 Lakh*
499,2017,Renault,Renault Kwid 1.0 Rxt,Petrol,Manual,999,"50,000",Second,Kolkata,3 Lakh*
500,2020,Kia,Kia Sonet Gtx Plus Turbo Imt,Petrol,Manual,998,"35,000",First,Kolkata,10 Lakh*
501,2018,Honda,Honda Jazz V,Petrol,Manual,1199,"39,000",First,Kolkata,5.10 Lakh*
502,2018,Hyundai,Hyundai Grand I10 1.2 Kappa Asta,Petrol,Manual,1197,"2,691",First,Kolkata,5.50 Lakh*
503,2019,Land,Land Rover Range Rover Evoque Petrol Hse Dynamic,Petrol,Manual,1997,"29,780",First,Kolkata,48.99 Lakh*
504,2019,Land,Land Rover Range Rover Evoque Petrol Hse Dynamic,Petrol,Manual,1997,"31,948",First,Kolkata,48.99 Lakh*
505,2017,Ford,Ford Ecosport 1.5 Diesel Ambiente,Diesel,Automatic,1498,"48,111",First,Kolkata,4.89 Lakh*
506,2017,Honda,Honda City I Vtec Vx,Petrol,Manual,1497,"53,725",First,Kolkata,7.49 Lakh*
507,2018,Mercedes-benz,Mercedes-benz C-class C300 Cabriolet,Petrol,Manual,1991,"8,838",First,Kolkata,60.99 Lakh*
508,2022,Tata,Tata New Safari Xza Plus Gold At,Diesel,Automatic,1956,"4,741",First,Kolkata,22.75 Lakh*
509,2016,Audi,Audi A3 Cabriolet 1.4 Tfsi,Petrol,Manual,1395,"27,973",First,Kolkata,31.99 Lakh*
510,2020,Honda,Honda City I-vtec Vx,Petrol,Manual,1497,"26,039",First,Kolkata,11.99 Lakh*
511,2015,Audi,Audi A3 Cabriolet 40 Tfsi Premium Plus,Petrol,Manual,1798,"44,765",First,Kolkata,31.99 Lakh*
512,2012,Audi,Audi A6 2.0 Tdi Technology,Diesel,Automatic,1968,"81,606",First,Kolkata,11.99 Lakh*
513,2015,Honda,Honda City I Vtec Cvt Sv,Petrol,Manual,1497,"58,103",First,Kolkata,5.54 Lakh*
514,2010,Maruti,Maruti Wagon R Lxi Bs Iv,Petrol,Manual,998,"34,000",First,Kolkata,1.88 Lakh*
515,2016,Audi,Audi A3 Cabriolet 1.4 Tfsi,Petrol,Manual,1395,"27,972",First,Kolkata,31.99 Lakh*
516,2019,Mercedes-benz,Mercedes-benz Gle 350d,Diesel,Automatic,2987,"22,308",First,Kolkata,58.99 Lakh*
517,2016,Hyundai,Hyundai Creta 1.6 Crdi Sx Plus,Diesel,Automatic,1582,"53,369",First,Kolkata,7.49 Lakh*
518,2015,Audi,Audi A3 Cabriolet 40 Tfsi Premium Plus,Petrol,Manual,1798,"44,764",First,Kolkata,31.99 Lakh*
519,2018,Mahindra,Mahindra Marazzo M6 8str,Diesel,Automatic,1497,"43,000",First,Kolkata,8.50 Lakh*
520,2020,Bmw,Bmw X3 Xdrive 20d Luxury Line,Diesel,Automatic,1995,"25,248",First,Kolkata,47.49 Lakh*
521,2022,Tata,Tata New Safari Xza Plus Gold At,Diesel,Automatic,1956,"4,740",First,Kolkata,22.75 Lakh*
522,2017,Mercedes-benz,Mercedes-benz Glc 43 Amg Coupe,Petrol,Manual,2996,"40,138",First,Kolkata,54.99 Lakh*
523,2012,Audi,Audi A6 2.0 Tdi Technology,Diesel,Automatic,1968,"81,605",First,Kolkata,11.99 Lakh*
524,2020,Maruti,Maruti S-presso Vxi Opt 2019-2022,Petrol,Manual,998,"8,000",First,Kolkata,4.07 Lakh*
525,2013,Hyundai,Hyundai Verna 1.6 Sx Vtvt (o),Petrol,Manual,1591,"37,554",First,Kolkata,4.04 Lakh*
526,2013,Mahindra,Mahindra Xuv500 W8 Fwd,Diesel,Automatic,2179,"95,660",Third,Kolkata,4.99 Lakh*
527,2015,Mercedes-benz,Mercedes-benz S-class S 350 Cdi,Diesel,Automatic,2987,"41,002",First,Kolkata,32.33 Lakh*
528,2017,Mahindra,Mahindra Kuv 100 Nxt G80 K6 Plus,Petrol,Manual,1198,"24,000",First,Kolkata,3.50 Lakh*
529,2016,Toyota,Toyota Etios 2014-2016 V,Petrol,Manual,1496,"34,815",First,Kolkata,4.48 Lakh*
530,2014,Chevrolet,Chevrolet Beat Ls,Petrol,Manual,1199,"40,000",Second,Kolkata,1.80 Lakh*
531,2015,Volkswagen,Volkswagen Vento 1.5 Tdi Highline,Diesel,Automatic,1498,"50,000",Second,Kolkata,4 Lakh*
532,2016,Maruti,Maruti Sx4 S Cross Zeta Ddis 200 Sh,Diesel,Automatic,1248,"80,000",First,Kolkata,4.99 Lakh*
533,2014,Skoda,Skoda Superb Elegance 1.8 Tsi Mt,Petrol,Manual,1798,"63,000",First,Kolkata,7.50 Lakh*
534,2011,Audi,Audi Q5 3.0 Tdi Quattro,Diesel,Automatic,2967,"59,000",First,Kolkata,9 Lakh*
535,2014,Land,Land Rover Range Rover Evoque 2.2l Prestige,Diesel,Automatic,2179,"40,100",Second,Kolkata,24.99 Lakh*
536,1995,Maruti,Maruti 800 Std,Petrol,Manual,796,"70,000",Second,Kolkata,"70,000*"
537,2003,Maruti,Maruti Wagon R Vxi,Petrol,Manual,998,"60,000",Third,Kolkata,"65,000*"
538,2020,Hyundai,Hyundai Venue Sx Plus Dual Tone Turbo Dct,Petrol,Manual,998,"8,000",First,Kolkata,11 Lakh*
539,2018,Mercedes-benz,Mercedes-benz C-class C300 Cabriolet,Petrol,Manual,1991,"8,837",Second,Kolkata,60.99 Lakh*
540,2017,Maruti,Maruti Ciaz Vdi Plus Shvs,Diesel,Automatic,1248,"90,000",Second,Kolkata,5.30 Lakh*
541,2017,Volkswagen,Volkswagen Polo 1.2 Mpi Comfortline,Petrol,Manual,1198,"38,000",First,Kolkata,4.50 Lakh*
542,2020,Maruti,Maruti Baleno Zeta,Petrol,Manual,1197,"25,888",First,Kolkata,6.45 Lakh*
543,2014,Bmw,Bmw X1 Sdrive 20d Xline,Diesel,Automatic,1995,"36,000",First,Kolkata,11.99 Lakh*
544,2021,Maruti,Maruti Sx4 S Cross Alpha,Petrol,Manual,1462,"8,000",First,Kolkata,10.95 Lakh*
545,2017,Toyota,Toyota Etios Cross 1.2 G X Edition,Petrol,Manual,1197,"26,000",First,Kolkata,4.50 Lakh*
546,2010,Honda,Honda Jazz S,Petrol,Manual,1198,"58,000",First,Kolkata,1.95 Lakh*
547,2016,Honda,Honda City I Vtec V,Petrol,Manual,1497,"48,000",First,Kolkata,5.25 Lakh*
548,2019,Mahindra,Mahindra Xuv500 W7,Diesel,Automatic,2179,"39,000",First,Kolkata,11 Lakh*
549,2015,Hyundai,Hyundai Grand I10 Magna,Petrol,Manual,1197,"38,000",First,Kolkata,3.45 Lakh*
550,2020,Hyundai,Hyundai Verna Sx,Petrol,Manual,1497,"6,800",First,Kolkata,9.50 Lakh*
551,2013,Hyundai,Hyundai I20 Magna Optional 1.2,Petrol,Manual,1197,"38,000",First,Kolkata,2.99 Lakh*
552,2015,Mahindra,Mahindra Xylo H8 Abs With Airbags,Diesel,Automatic,2179,"55,000",First,Kolkata,5.99 Lakh*
553,2021,Toyota,Toyota Glanza G Cvt,Petrol,Manual,1197,"5,000",First,Kolkata,8.25 Lakh*
554,2017,Maruti,Maruti Swift Dzire Amt Zxi Plus,Petrol,Manual,1197,"55,000",First,Kolkata,5.99 Lakh*
555,2011,Chevrolet,Chevrolet Beat Lt,Petrol,Manual,1199,"23,100",Second,Kolkata,1.27 Lakh*
556,2018,Maruti,Maruti Swift Vdi,Diesel,Automatic,1248,"54,500",Second,Kolkata,5.28 Lakh*
557,2019,Audi,Audi A6 35 Tdi,Diesel,Automatic,1968,"16,500",First,Kolkata,44.70 Lakh*
558,2018,Hyundai,Hyundai Grand I10 1.2 Kappa Sportz Bsiv,Petrol,Manual,1197,"16,000",First,Kolkata,4.20 Lakh*
559,2019,Ford,Ford Ecosport 1.5 Diesel Titanium Plus,Diesel,Automatic,1498,"45,000",First,Kolkata,7.90 Lakh*
560,2019,Jeep,Jeep Compass 2.0 Limited Plus Bsiv,Diesel,Automatic,1956,"22,000",First,Kolkata,19 Lakh*
561,2007,Maruti,Maruti Alto Lx,Petrol,Manual,796,"1,20,000",Second,Kolkata,"90,000*"
562,2018,Mercedes-benz,Mercedes-benz E-class Exclusive E 220d,Diesel,Automatic,1950,"29,847",First,Kolkata,38.99 Lakh*
563,2012,Maruti,Maruti Wagon R Vxi,Petrol,Manual,998,"45,000",First,Kolkata,2.65 Lakh*
564,2011,Tata,Tata Sumo Victa Di Ex 7/9 Str Bsiii,Diesel,Automatic,2956,"65,200",Second,Kolkata,2.50 Lakh*
565,2018,Bmw,Bmw 6 Series Gt 630d Luxury Line,Diesel,Automatic,2993,"37,064",First,Kolkata,47.99 Lakh*
566,2015,Honda,Honda City I Dtec Vx Option,Diesel,Automatic,1498,"48,200",First,Kolkata,4.89 Lakh*
567,2014,Honda,Honda City I Vtec Sv,Petrol,Manual,1497,"55,000",First,Kolkata,4.11 Lakh*
568,2011,Toyota,Toyota Innova 2.5 G4 Diesel 8-seater,Diesel,Automatic,2494,"1,15,177",First,Kolkata,6 Lakh*
569,2020,Toyota,Toyota Urban Cruiser Premium,Petrol,Manual,1462,"15,000",First,Kolkata,9.25 Lakh*
570,2021,Hyundai,Hyundai Verna Sx Opt Diesel,Diesel,Automatic,1493,"27,470",First,Kolkata,12.75 Lakh*
571,2018,Hyundai,Hyundai I20 Active Sx Diesel,Diesel,Automatic,1396,"15,988",First,Kolkata,6.10 Lakh*
572,2021,Hyundai,Hyundai I20 Asta Turbo Dct Dt,Petrol,Manual,998,"4,189",First,Kolkata,9.40 Lakh*
573,2020,Kia,Kia Seltos Htk Plus D,Diesel,Automatic,1493,"27,464",First,Kolkata,10.90 Lakh*
574,2013,Maruti,Maruti Wagon R Lxi,Petrol,Manual,998,"7,000",First,Kolkata,2.75 Lakh*
575,2018,Maruti,Maruti Alto 800 Lxi,Petrol,Manual,796,"29,200",First,Kolkata,2.84 Lakh*
576,2017,Honda,Honda City I Vtec Vx Option,Petrol,Manual,1497,"43,000",First,Kolkata,8.39 Lakh*
577,2019,Mercedes-benz,Mercedes-benz C-class Coupe C43 Amg,Petrol,Manual,2996,"21,100",First,Kolkata,65 Lakh*
578,2017,Land,Land Rover Range Rover 3.0 Hse,Diesel,Automatic,2993,"56,500",Second,Kolkata,69.95 Lakh*
579,2020,Bmw,Bmw X1 Sdrive 20d Xline,Diesel,Automatic,1995,"31,228",First,Kolkata,24.99 Lakh*
580,2015,Hyundai,Hyundai Grand I10 Magna,Petrol,Manual,1197,"48,000",First,Kolkata,3.75 Lakh*
581,2019,Mahindra,Mahindra Xuv500 W9 At,Diesel,Automatic,2179,"26,338",First,Kolkata,13.99 Lakh*
582,2012,Bmw,Bmw 3 Series 320d Dynamic,Diesel,Automatic,1995,"29,000",First,Kolkata,9.75 Lakh*
583,2014,Hyundai,Hyundai Elantra Crdi Sx,Diesel,Automatic,1582,"68,000",First,Kolkata,6.50 Lakh*
584,2019,Mahindra,Mahindra Marazzo M6 Plus 8str,Diesel,Automatic,1497,"20,000",First,Kolkata,9.75 Lakh*
585,2018,Tata,Tata Tigor 1.05 Revotorq Xz Option,Diesel,Automatic,1047,"46,500",First,Kolkata,4.65 Lakh*
586,2019,Maruti,Maruti Swift Vvt Vxi,Petrol,Manual,1197,"30,000",First,Kolkata,5.75 Lakh*
587,2007,Hyundai,Hyundai Getz 1.1 Gvs,Petrol,Manual,1086,"50,000",First,Kolkata,"99,000*"
588,2010,Hyundai,Hyundai I10 Sportz,Petrol,Manual,1197,"57,113",Second,Kolkata,2 Lakh*
589,2017,Mahindra,Mahindra Kuv 100 Mfalcon G80 K6,Petrol,Manual,1198,"5,383",First,Kolkata,3.32 Lakh*
590,2013,Honda,Honda City I Vtec Sv,Petrol,Manual,1497,"45,000",First,Kolkata,3.50 Lakh*
591,2014,Skoda,Skoda Superb 1.8 Tsi Mt,Petrol,Manual,1798,"44,000",First,Kolkata,6.50 Lakh*
592,2021,Maruti,Maruti Swift Dzire Vxi,Petrol,Manual,1197,"35,000",First,Kolkata,6.51 Lakh*
593,2008,Maruti,Maruti Wagon R Lxi Minor,Petrol,Manual,1061,"23,000",First,Kolkata,1.55 Lakh*
594,2012,Hyundai,Hyundai I10 Magna,Petrol,Manual,1197,"18,000",First,Kolkata,2.60 Lakh*
595,2015,Maruti,Maruti Sx4 S Cross Ddis 200 Sigma Option,Diesel,Automatic,1248,"35,000",First,Kolkata,4.99 Lakh*
596,2016,Chevrolet,Chevrolet Tavera Neo 3 Max 10 Str,Diesel,Automatic,2499,"45,200",First,Kolkata,4.50 Lakh*
597,2020,Maruti,Maruti Alto 800 Vxi,Petrol,Manual,796,"60,000",First,Kolkata,2.70 Lakh*
598,2009,Honda,Honda City 1.5 S Mt,Petrol,Manual,1497,"54,958",First,Kolkata,2.32 Lakh*
599,2013,Toyota,Toyota Etios Gd,Diesel,Automatic,1364,"1,80,000",First,Kolkata,2.25 Lakh*
600,2020,Hyundai,Hyundai Grand I10 Nios Sportz,Petrol,Manual,1197,"36,105",First,Kolkata,5.95 Lakh*
601,2011,Hyundai,Hyundai Eon Era,Petrol,Manual,814,"21,548",First,Kolkata,1.52 Lakh*
602,2017,Mercedes-benz,Mercedes-benz Cla 200 Cdi Style,Diesel,Automatic,2143,"38,494",First,Kolkata,22.99 Lakh*
603,2013,Maruti,Maruti Alto 800 Lxi,Petrol,Manual,796,"30,000",First,Kolkata,2.05 Lakh*
604,2007,Maruti,Maruti Swift 1.3 Vxi,Petrol,Manual,1298,"80,000",First,Kolkata,1.20 Lakh*
605,2011,Honda,Honda Accord 2.4 At,Petrol,Manual,2354,"49,000",Second,Kolkata,4.95 Lakh*
606,2011,Bmw,Bmw 5 Series 520d,Diesel,Automatic,1995,"58,000",First,Kolkata,11.75 Lakh*
607,2018,Honda,Honda City V Cvt,Petrol,Manual,1497,"44,000",First,Kolkata,8.20 Lakh*
608,2013,Toyota,Toyota Innova 2.5 Vx (diesel) 8 Seater Bs Iv,Diesel,Automatic,2494,"55,000",Second,Kolkata,6.99 Lakh*
609,2013,Hyundai,Hyundai Grand I10 Sportz,Petrol,Manual,1197,"44,000",First,Kolkata,2.99 Lakh*
610,2018,Maruti,Maruti Vitara Brezza Zdi Plus Dual Tone,Diesel,Automatic,1248,"55,000",First,Kolkata,7.75 Lakh*
611,2016,Maruti,Maruti Alto K10 Vxi Optional,Petrol,Manual,998,"45,000",First,Kolkata,2.85 Lakh*
612,2012,Maruti,Maruti Ertiga Zxi,Petrol,Manual,1373,"41,244",Second,Kolkata,5.10 Lakh*
613,2016,Land,Land Rover Discovery Sport Td4 Hse 7s,Diesel,Automatic,1999,"39,156",First,Kolkata,32.99 Lakh*
614,1997,Maruti,Maruti 800 Ac,Petrol,Manual,796,"10,000",Second,Kolkata,"42,000*"
615,2015,Hyundai,Hyundai I10 Magna 1.1l,Petrol,Manual,1086,"34,000",First,Kolkata,2.84 Lakh*
616,2009,Hyundai,Hyundai I10 Magna Optional 1.1l,Petrol,Manual,1086,"55,000",First,Kolkata,1.75 Lakh*
617,2014,Maruti,Maruti Swift Vxi Bsiv,Petrol,Manual,1197,"50,000",First,Kolkata,3.85 Lakh*
618,1997,Maruti,Maruti 800 Ac,Petrol,Manual,796,"10,000",Second,Kolkata,"80,000*"
619,2009,Honda,Honda City I Vtec S,Petrol,Manual,1497,"55,000",First,Kolkata,2.44 Lakh*
620,2014,Honda,Honda City I Vtec Sv,Petrol,Manual,1497,"40,000",First,Kolkata,5.10 Lakh*
621,2018,Mahindra,Mahindra Tuv 300 Plus P4 Bsiv,Diesel,Automatic,2179,"60,000",Second,Kolkata,6 Lakh*
622,2015,Renault,Renault Duster Petrol Rxl,Petrol,Manual,1598,"63,155",First,Kolkata,4.50 Lakh*
623,2015,Toyota,Toyota Corolla Altis Gl Mt,Petrol,Manual,1798,"68,874",First,Kolkata,7.70 Lakh*
624,2021,Maruti,Maruti Wagon R Vxi Opt 1.2,Petrol,Manual,1197,"2,000",First,Kolkata,5.85 Lakh*
625,2012,Honda,Honda Brio S Option Mt,Petrol,Manual,1198,"92,400",First,Kolkata,2.28 Lakh*
626,2013,Ford,Ford Ecosport 1.5 Dv5 Mt Titanium,Diesel,Automatic,1498,"1,00,000",First,Kolkata,3.70 Lakh*
627,2015,Maruti,Maruti Celerio Vxi Optional,Petrol,Manual,998,"55,000",First,Kolkata,3.15 Lakh*
628,2017,Datsun,Datsun Redigo Sport,Petrol,Manual,799,"10,000",First,Kolkata,2 Lakh*
629,2007,Maruti,Maruti Wagon R Vxi Minor,Petrol,Manual,1061,"1,10,000",First,Kolkata,1.29 Lakh*
630,2011,Maruti,Maruti Zen Estilo Lxi Bs Iv,Petrol,Manual,998,"43,256",First,Kolkata,1.95 Lakh*
631,2018,Mahindra,Mahindra Tuv 300 T8,Diesel,Automatic,1493,"37,000",First,Kolkata,7 Lakh*
632,2018,Maruti,Maruti Alto K10 Vxi,Petrol,Manual,998,"10,000",Third,Kolkata,2.70 Lakh*
633,2020,Hyundai,Hyundai Grand I10 Nios Amt Sportz,Petrol,Manual,1197,"18,166",First,Kolkata,6.50 Lakh*
634,2014,Porsche,Porsche Panamera Diesel,Diesel,Automatic,2967,"28,800",First,Kolkata,42 Lakh*
635,2021,Audi,Audi Q2 Standard,Petrol,Manual,1984,"15,754",First,Kolkata,36.99 Lakh*
636,2017,Maruti,Maruti Celerio Zxi Optional,Petrol,Manual,998,"25,000",First,Kolkata,4.11 Lakh*
637,2015,Honda,Honda City I Dtec Sv,Diesel,Automatic,1498,"7,50,000",First,Kolkata,4.70 Lakh*
638,2014,Hyundai,Hyundai Elantra Crdi Sx,Diesel,Automatic,1582,"55,000",First,Kolkata,6.50 Lakh*
639,2018,Tata,Tata Tigor 1.05 Revotorq Xz Option,Diesel,Automatic,1047,"48,000",First,Kolkata,4.75 Lakh*
640,2014,Hyundai,Hyundai Xcent 1.2 Kappa S,Petrol,Manual,1197,"28,000",First,Kolkata,3.50 Lakh*
641,2017,Volvo,Volvo V40 D3 R Design,Diesel,Automatic,1969,"10,500",First,Kolkata,19.75 Lakh*
642,2011,Porsche,Porsche Cayenne Diesel,Diesel,Automatic,2967,"37,383",First,Kolkata,19.99 Lakh*
643,2018,Mahindra,Mahindra Bolero Power Plus Slx,Diesel,Automatic,1493,"23,000",First,Kolkata,7 Lakh*
644,2015,Audi,Audi A3 Cabriolet 40 Tfsi Premium Plus,Petrol,Manual,1798,"44,764",First,Kolkata,34.49 Lakh*
645,2019,Mercedes-benz,Mercedes-benz Gle 43 Amg Coupe,Petrol,Manual,2996,"18,081",First,Kolkata,79.99 Lakh*
646,2015,Toyota,Toyota Corolla Altis G Mt,Petrol,Manual,1798,"46,000",First,Kolkata,6.65 Lakh*
647,2016,Hyundai,Hyundai Xcent 1.2 Kappa Sx,Petrol,Manual,1197,"1,07,390",First,Kolkata,3.65 Lakh*
648,2015,Maruti,Maruti Eeco 5 Str With Ac Plus Htr Cng,,,1196,"32,460",Second,Kolkata,3.85 Lakh*
649,2014,Maruti,Maruti Sx4 Vdi,Diesel,Automatic,1248,"42,100",First,Kolkata,2.95 Lakh*
650,2017,Honda,Honda City I Vtec Vx,Petrol,Manual,1497,"50,000",First,Kolkata,6.75 Lakh*
651,2019,Honda,Honda Wr-v Edge Edition I-dtec S,Diesel,Automatic,1498,"55,000",First,Kolkata,5.99 Lakh*
652,2020,Tata,Tata Altroz Xt,Petrol,Manual,1199,"48,000",First,Kolkata,5.99 Lakh*
653,2013,Honda,Honda Amaze Sx I-dtec,Diesel,Automatic,1498,"50,000",First,Kolkata,2.99 Lakh*
654,2019,Hyundai,Hyundai Verna Vtvt 1.6 Sx Option,Petrol,Manual,1591,"30,000",First,Kolkata,8.95 Lakh*
655,2012,Honda,Honda City I Vtec S,Petrol,Manual,1497,"47,000",First,Kolkata,3.45 Lakh*
656,2018,Mahindra,Mahindra Scorpio S3 9 Seater Bsiv,Diesel,Automatic,2523,"25,000",First,Kolkata,9.50 Lakh*
657,2013,Maruti,Maruti Alto 800 Lxi,Petrol,Manual,796,"28,000",First,Kolkata,2.10 Lakh*
658,2017,Maruti,Maruti Ertiga Shvs Vdi Limited Edition,Diesel,Automatic,1248,"65,300",First,Kolkata,7.26 Lakh*
659,2014,Maruti,Maruti Ritz Vdi,Diesel,Automatic,1248,"1,01,315",First,Kolkata,2.80 Lakh*
660,2014,Hyundai,Hyundai Grand I10 Magna,Petrol,Manual,1197,"49,100",First,Kolkata,3.11 Lakh*
661,2010,Hyundai,Hyundai I20 Magna 1.2,Petrol,Manual,1197,"64,429",First,Kolkata,2.40 Lakh*
662,2011,Maruti,Maruti Ritz Vxi Abs,Petrol,Manual,1197,"61,632",First,Kolkata,1.95 Lakh*
663,2017,Maruti,Maruti Baleno 1.2 Zeta,Petrol,Manual,1197,"37,000",First,Kolkata,5.51 Lakh*
664,2015,Maruti,Maruti Wagon R Vxi 1.2 Bsiv,Petrol,Manual,1197,"32,000",First,Kolkata,3.49 Lakh*
665,2014,Bmw,Bmw X1 Sdrive20d,Diesel,Automatic,1995,"57,095",First,Kolkata,14.49 Lakh*
666,2017,Renault,Renault Kwid 1.0 Rxt Optional,Petrol,Manual,999,"12,000",First,Kolkata,3.20 Lakh*
667,2012,Hyundai,Hyundai Eon D Lite Plus,Petrol,Manual,814,"25,000",First,Kolkata,1.85 Lakh*
668,2016,Hyundai,Hyundai Eon 1.0 Era Plus,Petrol,Manual,998,"38,800",First,Kolkata,2.60 Lakh*
669,2017,Mahindra,Mahindra Kuv 100 Mfalcon D75 K4,Diesel,Automatic,1198,"1,03,687",First,Kolkata,3 Lakh*
670,2018,Hyundai,Hyundai Creta 1.6 Sx Option,Petrol,Manual,1591,"23,120",First,Kolkata,10.25 Lakh*
671,2018,Hyundai,Hyundai Grand I10 1.2 Kappa Magna Bsiv,Petrol,Manual,1197,"30,244",First,Kolkata,4.40 Lakh*
672,2016,Honda,Honda City I Vtec V,Petrol,Manual,1497,"27,460",First,Kolkata,5.50 Lakh*
673,2018,Land,Land Rover Range Rover Evoque 2.0 Td4 Hse Dynamic,Diesel,Automatic,1999,"11,380",First,Kolkata,43.99 Lakh*
674,2015,Maruti,Maruti Ciaz Zdi Plus Shvs,Diesel,Automatic,1248,"68,000",First,Kolkata,5.75 Lakh*
675,2018,Mahindra,Mahindra Xuv500 W9,Diesel,Automatic,2179,"42,097",First,Kolkata,10.80 Lakh*
676,2013,Honda,Honda City I Vtec S,Petrol,Manual,1497,"42,000",First,Kolkata,3.75 Lakh*
677,2020,Maruti,Maruti Eeco 7 Seater Std,Petrol,Manual,1196,"28,000",First,Kolkata,4.25 Lakh*
678,2020,Maruti,Maruti Alto 800 Lxi,Petrol,Manual,796,"1,367",First,Kolkata,3.26 Lakh*
679,2017,Honda,Honda City Vx Mt,Petrol,Manual,1498,"53,723",First,Kolkata,7.99 Lakh*
680,2021,Volkswagen,Volkswagen Polo 1.0 Tsi Highline Plus,Petrol,Manual,999,"3,100",Second,Kolkata,7.75 Lakh*
681,2017,Honda,Honda City I Vtec Vx Option,Petrol,Manual,1497,"44,000",First,Kolkata,6.90 Lakh*
682,2018,Hyundai,Hyundai Grand I10 1.2 Kappa Sportz Bsiv,Petrol,Manual,1197,"41,000",First,Kolkata,4.15 Lakh*
683,2014,Hyundai,Hyundai Verna 1.6 Sx Vtvt,Petrol,Manual,1591,"42,000",First,Kolkata,4.15 Lakh*
684,2019,Hyundai,Hyundai Verna Vtvt 1.6 Sx,Petrol,Manual,1591,"28,000",First,Kolkata,8.25 Lakh*
685,2009,Mercedes-benz,Mercedes-benz C-class C 200 Kompressor Elegance At,Petrol,Manual,1796,"43,200",Second,Kolkata,5.89 Lakh*
686,2020,Renault,Renault Kwid Rxl,Petrol,Manual,799,"7,340",First,Kolkata,3.75 Lakh*
687,2018,Maruti,Maruti Ignis 1.2 Zeta Bsiv,Petrol,Manual,1197,"17,000",First,Kolkata,5 Lakh*
688,2013,Hyundai,Hyundai Verna 1.6 Vtvt,Petrol,Manual,1591,"52,000",First,Kolkata,3.99 Lakh*
689,2017,Hyundai,Hyundai Creta 1.6 Crdi Sx,Diesel,Automatic,1582,"50,000",First,Kolkata,8.90 Lakh*
690,2015,Hyundai,Hyundai Verna 1.6 Sx Vtvt,Petrol,Manual,1591,"53,000",First,Kolkata,5.85 Lakh*
691,2017,Renault,Renault Kwid 1.0 Rxt Optional At 2016-2019,Petrol,Manual,999,"47,452",Second,Kolkata,2.90 Lakh*
692,2015,Honda,Honda City I Dtec Vx,Diesel,Automatic,1498,"37,000",First,Kolkata,5.99 Lakh*
693,2016,Honda,Honda Amaze Sx I Vtec,Petrol,Manual,1198,"50,000",First,Kolkata,4.50 Lakh*
694,2011,Porsche,Porsche Cayenne Diesel,Diesel,Automatic,2967,"37,355",First,Kolkata,27.49 Lakh*
695,2014,Maruti,Maruti Eeco 5 Seater Ac,Petrol,Manual,1196,"28,000",First,Kolkata,2.75 Lakh*
696,2014,Hyundai,Hyundai Verna 1.4 Vtvt,Petrol,Manual,1396,"48,000",First,Kolkata,3.95 Lakh*
697,2017,Skoda,Skoda Octavia 2.0 Tdi At Style Plus,Diesel,Automatic,1968,"46,205",First,Kolkata,9.99 Lakh*
698,2015,Honda,Honda City I Vtec Vx Option,Petrol,Manual,1497,"50,000",First,Kolkata,5.95 Lakh*
699,2019,Hyundai,Hyundai Xcent 1.2 Vtvt Sx,Petrol,Manual,1197,"40,000",First,Kolkata,4.99 Lakh*
700,2009,Maruti,Maruti Swift 1.3 Vxi Abs,Petrol,Manual,1298,"70,000",First,Kolkata,1.95 Lakh*
701,2013,Honda,Honda Amaze S I-dtech,Diesel,Automatic,1498,"51,000",First,Kolkata,2.99 Lakh*
702,2016,Mahindra,Mahindra Kuv 100 Mfalcon G80 K2 Plus,Petrol,Manual,1198,"50,000",First,Kolkata,3.25 Lakh*
703,2011,Porsche,Porsche Cayenne Diesel,Diesel,Automatic,2967,"37,382",First,Kolkata,19.99 Lakh*
704,2013,Bmw,Bmw X1 Sdrive 20d Xline,Diesel,Automatic,1995,"38,000",First,Kolkata,13.90 Lakh*
705,2016,Mahindra,Mahindra Xuv500 Sportz Mt Awd,Diesel,Automatic,2179,"55,000",First,Kolkata,8.50 Lakh*
706,2015,Hyundai,Hyundai Grand I10 Magna,Petrol,Manual,1197,"32,000",First,Kolkata,3.50 Lakh*
707,2017,Volvo,Volvo V40 D3 R Design,Diesel,Automatic,1969,"10,002",First,Kolkata,19.75 Lakh*
708,2018,Jeep,Jeep Compass 2.0 Longitude Option,Diesel,Automatic,1956,"38,000",First,Kolkata,12.50 Lakh*
709,2017,Toyota,Toyota Etios Cross 1.2 G X Edition,Petrol,Manual,1197,"24,000",First,Kolkata,4.75 Lakh*
710,2012,Honda,Honda Jazz X,Petrol,Manual,1198,"45,000",First,Kolkata,2.75 Lakh*
711,2014,Maruti,Maruti Ertiga Vdi,Diesel,Automatic,1248,"53,000",First,Kolkata,5.49 Lakh*
712,2009,Hyundai,Hyundai I10 Era,Petrol,Manual,1086,"51,000",First,Kolkata,1.80 Lakh*
713,2020,Tata,Tata Yodha Pickup Crew Cabin,Diesel,Automatic,2956,104,First,Kolkata,3.50 Lakh*
714,2013,Volkswagen,Volkswagen Vento Diesel Comfortline,Diesel,Automatic,1598,"42,000",Second,Kolkata,2.49 Lakh*
715,2013,Audi,Audi S4 3.0 Tfsi Technology Pack,Petrol,Manual,2995,"37,000",First,Kolkata,25 Lakh*
716,2016,Ford,Ford Ecosport 1.5 Petrol Titanium,Petrol,Manual,1496,"45,000",First,Kolkata,6 Lakh*
717,2009,Hyundai,Hyundai I10 Magna,Petrol,Manual,1197,"43,500",First,Kolkata,1.40 Lakh*
718,2007,Toyota,Toyota Corolla Ae,Petrol,Manual,1794,"80,000",First,Kolkata,1.10 Lakh*
719,2015,Hyundai,Hyundai Eon Magna Plus,Petrol,Manual,814,"21,806",First,Kolkata,2.50 Lakh*
720,2017,Mahindra,Mahindra Scorpio 1.99 S4 Plus,Diesel,Automatic,1997,"35,000",First,Kolkata,7 Lakh*
721,2016,Renault,Renault Kwid 1.0,Petrol,Manual,999,"70,000",First,Kolkata,2.50 Lakh*
722,2019,Tata,Tata Nexon 1.2 Revotron Xe,Petrol,Manual,1198,"10,000",First,Kolkata,5 Lakh*
723,2015,Maruti,Maruti Alto 800 Lxi,Petrol,Manual,796,"28,000",First,Kolkata,2.65 Lakh*
724,2018,Maruti,Maruti Baleno 1.3 Delta,Diesel,Automatic,1248,"70,000",First,Kolkata,5 Lakh*
