,Year,Brand,Model,Fuel Type,Transmission,Engine Capacity,Kms Driven,No. of Owners,Location,Price
0,2019,Hyundai,Hyundai Verna 1.6 SX VTVT (O),Petrol,MANUAL,,"81,902",1st,New Delhi,"9,81,699"
1,2020,KIA,KIA SELTOS GTX + AT PETROL,Petrol,AUTOMATIC,,"8,241",1st,New Delhi,"18,95,199"
2,2020,Maruti,Maruti Swift LXI,Petrol,MANUAL,,"10,568",1st,New Delhi,"5,92,499"
3,2019,Maruti,Maruti Swift LXI,Petrol,MANUAL,,"27,659",1st,New Delhi,"5,33,399"
4,2020,KIA,KIA SELTOS HTX 1.5 PETROL MT,Petrol,MANUAL,,"32,799",1st,New Delhi,"13,83,099"
5,2014,Mercedes,Mercedes Benz C Class C 200 AVANTGARDE,Petrol,AUTOMATIC,,"37,531",1st,New Delhi,"20,33,499"
6,2020,Maruti,Maruti Swift LXI,Petrol,MANUAL,,"19,919",1st,New Delhi,"5,66,799"
7,2013,Hyundai,Hyundai i10 ERA 1.1 IRDE,Petrol,MANUAL,,"38,139",1st,New Delhi,"2,71,699"
8,2021,Renault,Renault Kiger RXZ 1.0 MT DUAL,Petrol,TONE,,"14,474",2nd,New Delhi,"8,23,199"
9,2022,MG,MG ASTOR SHARP (O) 1.5 CVT IVORY,Petrol,AUTOMATIC,,"2,091",1st,New Delhi,"17,67,999"
10,2014,Honda,Honda City VX MT PETROL,Petrol,MANUAL,,"61,168",2nd,New Delhi,"6,58,499"
11,2013,Jaguar,Jaguar XF 2.2 DIESEL,Diesel,AUTOMATIC,,"28,909",2nd,New Delhi,"15,49,999"
12,2021,Renault,Renault Kwid 1.0 RXT Opt,Petrol,MANUAL,,368,1st,New Delhi,"5,05,099"
13,2020,Hyundai,Hyundai NEW SANTRO 1.1 ERA EXICUTIVE,Petrol,MANUAL,,"3,812",2nd,New Delhi,"4,71,599"
14,2021,Tata,Tata ALTROZ XM+ 1.2,Petrol,RTN,,"7,416",1st,New Delhi,"7,20,176"
15,2021,Maruti,Maruti Swift LXI,Petrol,MANUAL,,"5,078",1st,New Delhi,"6,11,299"
16,2019,KIA,KIA SELTOS HTK PLUS 1.5 DIESEL,Diesel,MANUAL,,"25,067",1st,New Delhi,"13,07,499"
17,2019,Maruti,Maruti Swift LXI,Petrol,MANUAL,,"24,967",1st,New Delhi,"5,56,999"
18,2018,Maruti,Maruti Dzire LXI,Petrol,MANUAL,,"25,788",1st,New Delhi,"5,42,299"
19,2017,Honda,Honda WR-V 1.2 i-VTEC VX MT,Petrol,MANUAL,,"17,511",1st,New Delhi,"7,79,899"
20,2019,KIA,KIA SELTOS GTX + AT PETROL,Petrol,AUTOMATIC,,"37,357",1st,New Delhi,"16,59,099"
21,2021,Tata,Tata ALTROZ XE 1.2,Petrol,MANUAL,,"7,472",1st,New Delhi,"6,41,999"
22,2020,MG,MG HECTOR PLUS SHARP,Petrol,DCT,,"3,483",1st,New Delhi,"18,90,299"
23,2022,Nissan,Nissan MAGNITE XL Turbo,Petrol,MT,,"5,306",1st,New Delhi,"8,43,099"
24,2021,Renault,Renault Kiger RXT 1.0 AMT,Petrol,AUTOMATIC,,"6,192",1st,New Delhi,"8,30,299"
25,2011,Hyundai,Hyundai i10 MAGNA 1.2 KAPPA2,Petrol,MANUAL,,"72,229",1st,New Delhi,"2,82,899"
26,2022,Tata,Tata ALTROZ XZ 1.2,Petrol,MANUAL,,"1,086",1st,New Delhi,"8,61,699"
27,2014,Hyundai,Hyundai i10 MAGNA 1.1 IRDE2,Petrol,MANUAL,,"41,439",2nd,New Delhi,"3,49,399"
28,2014,Maruti,Maruti Alto 800 VXI,Petrol,MANUAL,,"28,210",1st,New Delhi,"2,70,299"
29,2010,Maruti,Maruti Alto LXI,Petrol,MANUAL,,"48,001",2nd,New Delhi,"1,70,299"
30,2009,Hyundai,Hyundai i10 ERA 1.1 IRDE,Petrol,MANUAL,,"44,327",1st,New Delhi,"1,99,699"
31,2020,Maruti,Maruti Baleno SIGMA 1.2 K12,Petrol,MANUAL,,"13,525",1st,New Delhi,"6,00,999"
32,2019,Jeep,Jeep Compass 1.4 SPORT PETROL,Petrol,MANUAL,,"42,490",2nd,New Delhi,"13,76,149"
33,2020,KIA,KIA SELTOS HTK 1.5 PETROL,Petrol,MANUAL,,"32,873",1st,New Delhi,"11,89,899"
34,2020,MG,MG HECTOR PLUS SHARP HYBRID PETROL,Petrol,MANUAL,,"12,185",2nd,New Delhi,"18,48,299"
35,2020,Hyundai,Hyundai Grand i10 MAGNA 1.2 VTVT,Petrol,MANUAL,,"6,470",1st,New Delhi,"6,08,399"
36,2021,Datsun,Datsun Redi Go T (O),Petrol,MANUAL,,"13,021",1st,New Delhi,"4,63,499"
37,2021,Toyota,Toyota URBAN CRUISER HIGH,Petrol,AT,,"6,724",1st,New Delhi,"11,83,499"
38,2014,Nissan,Nissan Micra XE DIESEL,Diesel,MANUAL,,"63,753",1st,New Delhi,"2,75,299"
39,2019,Jeep,Jeep Compass 1.4  LONGITUDE (O) AT,Petrol,AUTOMATIC,,"23,327",1st,New Delhi,"20,12,799"
40,2019,Jeep,Jeep Compass 2.0 LIMITED,Diesel,MANUAL,,"46,860",1st,New Delhi,"19,41,699"
41,2014,Maruti,Maruti Celerio VXI AMT,Petrol,AUTOMATIC,,"41,822",3rd,New Delhi,"3,39,599"
42,2021,Nissan,Nissan MAGNITE XV MT,Petrol,PETROL,,"15,844",1st,New Delhi,"7,07,999"
43,2016,Hyundai,Hyundai Grand i10 SPORTZ 1.2 KAPPA VTVT,Petrol,MANUAL,,"16,157",1st,New Delhi,"4,65,199"
44,2018,Hyundai,Hyundai Verna 1.6 CRDI SX + AT,Diesel,AUTOMATIC,,"34,073",1st,New Delhi,"11,49,399"
45,2013,BMW,BMW X3 XDRIVE 20D,Diesel,AUTOMATIC,,"71,180",2nd,New Delhi,"11,26,499"
46,2015,Hyundai,Hyundai Elite i20 SPORTZ 1.2,Petrol,MANUAL,,"25,414",1st,New Delhi,"5,30,099"
47,2017,Honda,Honda City SV MT PETROL,Petrol,MANUAL,,"58,689",1st,New Delhi,"7,32,399"
48,2012,Hyundai,Hyundai i10 SPORTZ 1.2 KAPPA2,Petrol,MANUAL,,"55,018",1st,New Delhi,"2,57,999"
49,2016,Honda,Honda Amaze 1.2 SAT I VTEC,Petrol,AUTOMATIC,,"48,381",2nd,New Delhi,"5,38,599"
50,2021,KIA,KIA SONET GTX PLUS 1.5D,Diesel,AT,,"38,187",1st,New Delhi,"13,84,399"
51,2020,Renault,Renault Kwid 1.0 RXT Opt,Petrol,MANUAL,,"10,572",2nd,New Delhi,"4,52,199"
52,2021,Tata,Tata TIGOR XZ 1.2 REVOTRON,Petrol,MANUAL,,649,1st,New Delhi,"7,31,399"
53,2017,Maruti,Maruti Vitara Brezza ZDI PLUS DUAL TONE,Diesel,MANUAL,,"38,072",1st,New Delhi,"7,88,599"
54,2020,Hyundai,Hyundai Creta 1.5 SX (O) AT,Petrol,AUTOMATIC,,"16,315",1st,New Delhi,"17,55,399"
55,2013,Maruti,Maruti Swift Dzire VXI,Petrol,MANUAL,,"25,068",1st,New Delhi,"3,98,999"
56,2015,Maruti,Maruti Swift VDI ABS,Diesel,MANUAL,,"46,245",1st,New Delhi,"4,32,499"
57,2014,Maruti,Maruti Wagon R 1.0 LXI,Petrol,MANUAL,,"59,277",1st,New Delhi,"3,42,699"
58,2019,MG,MG HECTOR SHARP DCT PETROL,Petrol,AUTOMATIC,,"9,378",1st,New Delhi,"17,94,899"
59,2020,KIA,KIA SONET GTX + 1.0,Petrol,IMT,,"19,359",1st,New Delhi,"13,14,099"
60,2020,Maruti,Maruti IGNIS SIGMA 1.2 K12,Petrol,MANUAL,,"15,199",1st,New Delhi,"5,06,599"
61,2020,KIA,KIA SELTOS HTK PLUS AT 1.5 DIESEL,Diesel,AUTOMATIC,,"33,981",2nd,New Delhi,"14,65,299"
62,2021,Nissan,Nissan MAGNITE XL Turbo,Petrol,MT,,"13,713",1st,New Delhi,"8,41,249"
63,2015,Volkswagen,Volkswagen Polo GT TSI 1.2 PETROL AT,Petrol,AUTOMATIC,,"36,483",1st,New Delhi,"6,08,199"
64,2019,Maruti,Maruti Swift VXI,Petrol,MANUAL,,"35,953",1st,New Delhi,"6,03,299"
65,2013,Hyundai,Hyundai Verna FLUIDIC 1.6 SX VTVT OPT AT,Petrol,AUTOMATIC,,"60,368",2nd,New Delhi,"5,23,299"
66,2018,Maruti,Maruti Alto K10 VXI,Petrol,MANUAL,,"2,920",1st,New Delhi,"4,08,999"
67,2014,Honda,Honda City V MT PETROL,Petrol,MANUAL,,"83,263",1st,New Delhi,"5,49,799"
68,2021,Renault,Renault Kiger RXZ 1.0 TURBO,Petrol,MT,,"7,733",1st,New Delhi,"9,01,699"
69,2021,Renault,Renault Kwid 1.0 RXT Opt,Petrol,MANUAL,,"2,863",1st,New Delhi,"4,73,299"
70,2020,KIA,KIA SELTOS HTX+ AT 1.5 DIESEL,Diesel,AUTOMATIC,,"32,605",2nd,New Delhi,"15,39,699"
71,2016,Hyundai,Hyundai Elite i20 MAGNA 1.2,Petrol,MANUAL,,"20,452",2nd,New Delhi,"4,94,199"
72,2015,Honda,Honda Jazz 1.2 VX I-VTECH,Petrol,MANUAL,,"28,170",1st,New Delhi,"5,43,799"
73,2019,Hyundai,Hyundai Grand i10 SPORTZ 1.2 KAPPA VTVT,Petrol,MANUAL,,"21,043",1st,New Delhi,"5,40,599"
74,2011,Hyundai,Hyundai i10 MAGNA 1.1 IRDE2,Petrol,MANUAL,,"61,943",1st,New Delhi,"2,59,399"
75,2019,Honda,Honda Amaze 1.2 V CVT I VTEC,Petrol,AUTOMATIC,,"13,291",2nd,New Delhi,"7,88,699"
76,2021,Maruti,Maruti Celerio ZXI AMT,Petrol,AUTOMATIC,,"9,278",1st,New Delhi,"6,07,599"
77,2021,Maruti,Maruti Vitara Brezza VXI,Petrol,MANUAL,,"9,236",1st,New Delhi,"8,79,499"
78,2013,Hyundai,Hyundai i20 ERA 1.4 CRDI,Diesel,MANUAL,,"30,354",1st,New Delhi,"3,06,299"
79,2016,Honda,Honda Jazz 1.2 S AT,Petrol,AUTOMATIC,,"48,225",2nd,New Delhi,"5,26,999"
80,2018,Volkswagen,Volkswagen Polo GT TSI 1.2 PETROL AT,Petrol,AUTOMATIC,,"96,751",1st,New Delhi,"7,47,899"
81,2013,Hyundai,Hyundai i20 MAGNA O 1.2,Petrol,MANUAL,,"59,194",2nd,New Delhi,"3,42,799"
82,2021,Renault,Renault Kiger RX EASY R 1.0,Petrol,L,,"15,795",1st,New Delhi,"8,00,799"
83,2019,Maruti,Maruti Swift VXI AMT,Petrol,AUTOMATIC,,"45,067",2nd,New Delhi,"6,22,999"
84,2019,Maruti,Maruti Baleno DELTA 1.2 K12,Petrol,MANUAL,,"12,452",2nd,New Delhi,"6,68,599"
85,2020,Honda,Honda City VX MT PETROL,Petrol,MANUAL,,"7,632",1st,New Delhi,"12,97,699"
86,2020,Maruti,Maruti New  Wagon-R ZXI 1.2,Petrol,MANUAL,,"12,418",1st,New Delhi,"6,08,599"
87,2021,Renault,Renault Kwid 1.0 RXT Opt AT,Petrol,AUTOMATIC,,"35,187",1st,New Delhi,"5,00,799"
88,2021,KIA,KIA SONET GTX PLUS 1.5D,Diesel,MT,,"14,458",1st,New Delhi,"15,44,149"
89,2013,Hyundai,Hyundai i20 SPORTZ 1.4 CRDI,Diesel,MANUAL,,"65,005",1st,New Delhi,"3,36,499"
90,2010,Maruti,Maruti Alto LXI,Petrol,MANUAL,,"55,163",1st,New Delhi,"1,88,099"
91,2014,Honda,Honda City SV MT PETROL,Petrol,MANUAL,,"20,567",2nd,New Delhi,"5,99,249"
92,2021,Maruti,Maruti Alto LXI OPT,Petrol,MANUAL,,"2,229",1st,New Delhi,"4,28,399"
93,2018,Honda,Honda City V MT PETROL,Petrol,MANUAL,,"68,805",1st,New Delhi,"8,15,699"
94,2021,Hyundai,Hyundai VENUE S MT 1.2 KAPPA,Petrol,MANUAL,,"15,263",1st,New Delhi,"8,34,099"
95,2019,Maruti,Maruti Baleno DELTA 1.2 K12,Petrol,MANUAL,,"24,539",1st,New Delhi,"6,71,599"
96,2019,Datsun,Datsun Redi Go A,Petrol,MANUAL,,"27,411",1st,New Delhi,"3,28,049"
97,2017,Renault,Renault Kwid RXT,Petrol,MANUAL,,"31,486",1st,New Delhi,"3,50,699"
98,2021,Toyota,Toyota URBAN CRUISER PREMIUM,Petrol,MT,,"18,042",2nd,New Delhi,"10,29,499"
99,2015,Maruti,Maruti Alto 800 LXI,Petrol,MANUAL,,"95,793",1st,New Delhi,"2,24,299"
100,2018,Jeep,Jeep Compass 2.0 LONGITUDE,Diesel,MANUAL,,"72,575",1st,New Delhi,"12,04,299"
101,2018,Honda,Honda Amaze 1.2 S (O) MT I VTEC,Petrol,MANUAL,,"58,093",2nd,New Delhi,"5,06,299"
102,2019,Tata,Tata NEXON XMA 1.2,Petrol,AUTOMATIC,,"28,467",1st,New Delhi,"7,87,499"
103,2020,Honda,Honda City V MT PETROL,Petrol,MANUAL,,"4,216",1st,New Delhi,"10,96,749"
104,2020,Maruti,Maruti Baleno SIGMA 1.2 K12,Petrol,MANUAL,,"36,041",1st,New Delhi,"5,51,299"
105,2018,Maruti,Maruti Swift ZXI AMT,Petrol,AUTOMATIC,,"12,194",1st,New Delhi,"6,77,099"
106,2017,Maruti,Maruti Vitara Brezza VDI OPT,Diesel,MANUAL,,"28,496",2nd,New Delhi,"6,47,599"
107,2018,Honda,Honda Amaze 1.5 VXMT I DTEC,Diesel,MANUAL,,"52,220",1st,New Delhi,"6,92,849"
108,2021,Maruti,Maruti New  Wagon-R 1.0 Lxi (o) cng,Petrol,MANUAL,,"34,542",1st,New Delhi,"6,83,199"
109,2021,Maruti,Maruti New  Wagon-R LXI CNG 1.0 L,Petrol,MANUAL,,"19,087",1st,New Delhi,"6,08,899"
110,2020,Maruti,Maruti Celerio VXI AMT,Petrol,AUTOMATIC,,"10,515",1st,New Delhi,"5,74,699"
111,2011,Honda,Honda City S MT PETROL,Petrol,MANUAL,,"52,035",1st,New Delhi,"3,72,999"
112,2019,Renault,Renault Kwid 1.0 RXT Opt,Petrol,MANUAL,,"50,466",1st,New Delhi,"4,14,699"
113,2020,Honda,Honda City VX MT PETROL,Petrol,MANUAL,,"6,873",1st,New Delhi,"12,84,799"
114,2018,Renault,Renault Kwid RXL,Petrol,MANUAL,,"19,927",1st,New Delhi,"3,54,799"
115,2020,Maruti,Maruti New  Wagon-R ZXI 1.2,Petrol,MANUAL,,"10,777",1st,New Delhi,"6,08,599"
116,2018,Maruti,Maruti Wagon R 1.0 VXI AMT,Petrol,AUTOMATIC,,"15,854",1st,New Delhi,"5,10,899"
117,2018,Renault,Renault Kwid 1.0 RXL,Petrol,MANUAL,,"42,535",1st,New Delhi,"3,32,399"
118,2019,Maruti,Maruti Alto VXI,Petrol,MANUAL,,"13,818",2nd,New Delhi,"3,91,299"
119,2016,Hyundai,Hyundai Grand i10 SPORTZ 1.2 KAPPA VTVT,Petrol,MANUAL,,"19,575",1st,New Delhi,"4,85,599"
120,2019,Tata,Tata Tiago XE 1.2 REVOTRON,Petrol,MANUAL,,"14,201",1st,New Delhi,"4,60,599"
121,2022,Tata,Tata ALTROZ XZ 1.2,Petrol,MANUAL,,"9,734",1st,New Delhi,"8,22,499"
122,2010,Honda,Honda City S MT PETROL,Petrol,MANUAL,,"39,565",1st,New Delhi,"3,91,699"
123,2021,Tata,Tata Tiago XTA 1.2 PETROL,Petrol,AUTOMATIC,,"6,990",1st,New Delhi,"6,84,599"
124,2016,Maruti,Maruti Baleno DELTA 1.2 K12 AT,Petrol,AUTOMATIC,,"26,314",2nd,New Delhi,"5,27,799"
125,2021,Maruti,Maruti Alto LXI,Petrol,MANUAL,,"2,303",1st,New Delhi,"3,84,399"
126,2019,MG,MG HECTOR SHARP DCT PETROL,Petrol,AUTOMATIC,,"12,283",1st,New Delhi,"16,65,399"
127,2019,Mahindra,Mahindra XUV 3OO 1.5 W6 MT,Diesel,MANUAL,,"23,806",1st,New Delhi,"9,17,399"
128,2016,Hyundai,Hyundai Elite i20 ASTA 1.2 (O),Petrol,MANUAL,,"66,702",1st,New Delhi,"6,07,899"
129,2021,Tata,Tata ALTROZ XZ 1.2,Petrol,MANUAL,,"10,789",1st,New Delhi,"8,04,899"
130,2018,Maruti,Maruti Swift VXI AMT,Petrol,AUTOMATIC,,"34,110",1st,New Delhi,"6,26,699"
131,2013,Hyundai,Hyundai i10 SPORTZ 1.2 KAPPA2,Petrol,MANUAL,,"43,384",1st,New Delhi,"3,33,449"
132,2018,Renault,Renault Kwid RXL,Petrol,MANUAL,,"55,187",2nd,New Delhi,"3,21,799"
133,2016,Hyundai,Hyundai Verna FLUIDIC 1.6 VTVT SX AT,Petrol,AUTOMATIC,,"13,924",2nd,New Delhi,"7,13,499"
134,2020,Maruti,Maruti New  Wagon-R VXI 1.2L,Petrol,MANUAL,,"10,471",2nd,New Delhi,"5,58,799"
135,2015,Hyundai,Hyundai i10 MAGNA 1.1 IRDE2,Petrol,MANUAL,,"45,657",1st,New Delhi,"3,25,399"
136,2019,Maruti,Maruti Baleno DELTA 1.2 K12,Petrol,MANUAL,,"16,402",1st,New Delhi,"6,76,399"
137,2021,Mahindra,Mahindra Thar LX  4WD AT CONVERTIBLE,Petrol,AUTOMATIC,,"4,222",1st,New Delhi,"16,96,099"
138,2021,Renault,Renault TRIBER 1.0 RXZ,Petrol,MANUAL,,"1,599",1st,New Delhi,"7,86,899"
139,2020,Tata,Tata ALTROZ XZ 1.2,Petrol,MANUAL,,"13,937",1st,New Delhi,"8,27,999"
140,2018,Ford,Ford Figo Aspire 1.2 TITANIUM PETROL,Petrol,MANUAL,,"33,815",1st,New Delhi,"5,68,299"
141,2021,Maruti,Maruti Alto LXI CNG,Petrol,MANUAL,,"17,920",1st,New Delhi,"5,07,699"
142,2018,Hyundai,Hyundai Elite i20 Magna Executive 1.2,Petrol,MANUAL,,"15,702",1st,New Delhi,"5,81,799"
143,2022,Maruti,Maruti S PRESSO VXI AGS,Petrol,AUTOMATIC,,244,1st,New Delhi,"5,67,399"
144,2021,Maruti,Maruti Ciaz ALPHA 1.5 MT VTVT SHVS,Petrol,MANUAL,,"4,708",1st,New Delhi,"11,33,599"
145,2020,Maruti,Maruti Baleno DELTA 1.2 K12,Petrol,MANUAL,,"4,260",1st,New Delhi,"7,25,599"
146,2016,Mahindra,Mahindra Kuv100 K8 6 STR,Petrol,MANUAL,,"19,930",1st,New Delhi,"4,60,899"
147,2018,Jeep,Jeep Compass 2.0 LIMITED,Diesel,MANUAL,,"55,714",1st,New Delhi,"12,61,299"
148,2019,Hyundai,Hyundai Creta 1.6 VTVT SX AUTO,Petrol,AUTOMATIC,,"26,097",2nd,New Delhi,"13,53,699"
149,2017,Hyundai,Hyundai Grand i10 SPORTZ (O) 1.2 AT VTVT,Petrol,AUTOMATIC,,"16,636",1st,New Delhi,"5,86,499"
150,2020,Toyota,Toyota YARIS G CVT,Petrol,AUTOMATIC,,"44,823",1st,New Delhi,"9,79,299"
151,2021,Datsun,Datsun Redi Go T (O),Petrol,MANUAL,,"7,323",1st,New Delhi,"4,57,499"
152,2017,Renault,Renault Kwid RXT,Petrol,MANUAL,,"25,220",1st,New Delhi,"3,56,099"
153,2022,Honda,Honda Amaze 1.2 VXMT I VTEC,Petrol,MANUAL,,"3,031",1st,New Delhi,"9,45,599"
154,2019,Honda,Honda Jazz VX EXCLUSIVE CVT,Petrol,AUTOMATIC,,"13,801",1st,New Delhi,"8,05,999"
155,2017,Honda,Honda WR-V 1.2 i-VTEC VX MT,Petrol,MANUAL,,"51,606",2nd,New Delhi,"7,15,999"
156,2021,Mahindra,Mahindra XUV500 W9 AT,Diesel,AUTOMATIC,,"20,809",1st,New Delhi,"18,83,699"
157,2020,Maruti,Maruti Baleno DELTA 1.2 K12,Petrol,MANUAL,,"36,411",1st,New Delhi,"7,11,199"
158,2014,Honda,Honda City V MT PETROL,Petrol,MANUAL,,"91,673",2nd,New Delhi,"5,57,699"
159,2021,Tata,Tata Harrier XZA  DUAL TONE,Diesel,AUTOMATIC,,"16,826",1st,New Delhi,"20,86,999"
160,2018,Hyundai,Hyundai Elite i20 ASTA 1.2 (O),Petrol,MANUAL,,"87,715",1st,New Delhi,"6,74,299"
161,2017,Maruti,Maruti Baleno SIGMA 1.2 K12,Petrol,MANUAL,,"23,514",1st,New Delhi,"5,23,999"
162,2019,Hyundai,Hyundai New Elantra 1.6 SX AT O,Diesel,AUTOMATIC,,"11,784",1st,New Delhi,"14,47,599"
163,2020,Hyundai,Hyundai Creta S CRDI,Diesel,MANUAL,,"15,734",1st,New Delhi,"14,50,499"
164,2019,Honda,Honda City V MT PETROL,Petrol,MANUAL,,"38,050",1st,New Delhi,"9,12,699"
165,2021,Tata,Tata TIGOR XZ PLUS 1.2 REVOTRON,Petrol,MANUAL,,"7,089",1st,New Delhi,"8,14,799"
166,2021,Honda,Honda Jazz VX 1.2 CVT,Petrol,AUTOMATIC,,"7,460",1st,New Delhi,"9,53,799"
167,2017,Toyota,Toyota Corolla Altis G AT,Petrol,AUTOMATIC,,"75,422",1st,New Delhi,"13,89,899"
168,2017,Hyundai,Hyundai Grand i10 SPORTZ 1.2 KAPPA VTVT,Petrol,MANUAL,,"65,162",1st,New Delhi,"4,60,699"
169,2012,Maruti,Maruti Alto K10 VXI,Petrol,MANUAL,,"87,463",1st,New Delhi,"2,18,899"
170,2018,Renault,Renault Kwid RXT,Petrol,MANUAL,,"25,236",1st,New Delhi,"3,42,199"
171,2015,Volkswagen,Volkswagen Polo COMFORTLINE 1.2L PETROL,Petrol,MANUAL,,"86,070",1st,New Delhi,"4,34,999"
172,2020,Honda,Honda Jazz ZX CVT,Petrol,AUTOMATIC,,"9,871",1st,New Delhi,"10,00,099"
173,2016,Hyundai,Hyundai Grand i10 SPORTZ 1.2 KAPPA VTVT,Petrol,MANUAL,,"62,740",2nd,New Delhi,"4,27,799"
174,2020,Hyundai,Hyundai Creta 1.5 SX (O) AT,Petrol,AUTOMATIC,,"31,437",1st,New Delhi,"17,66,599"
175,2019,Hyundai,Hyundai Creta 1.4 S CRDI,Diesel,MANUAL,,"71,968",1st,New Delhi,"9,57,899"
176,2021,Hyundai,Hyundai NEW I20 ASTA (O) 1.5 CRDI,Diesel,MT,,"27,082",1st,New Delhi,"11,38,899"
177,2019,Maruti,Maruti Baleno DELTA 1.2 K12,Petrol,MANUAL,,"24,767",1st,New Delhi,"6,48,799"
178,2019,Hyundai,Hyundai Elite i20 1.2 SPORTS PLUS VTVT,Petrol,MANUAL,,"30,078",1st,New Delhi,"7,07,299"
179,2021,Tata,Tata ALTROZ XT,Petrol,1.2,,"13,351",1st,New Delhi,"7,73,599"
180,2018,Honda,Honda Jazz 1.2 S MT,Petrol,MANUAL,,"50,506",2nd,New Delhi,"5,43,799"
181,2019,Maruti,Maruti Baleno DELTA 1.2 K12,Petrol,MANUAL,,"26,288",1st,New Delhi,"6,55,499"
182,2017,Renault,Renault Kwid RXT,Petrol,MANUAL,,"25,910",2nd,New Delhi,"3,42,799"
183,2016,Maruti,Maruti Celerio VXI CNG,Petrol,MANUAL,,"69,575",1st,New Delhi,"3,81,299"
184,2021,Maruti,Maruti Vitara Brezza ZXI +,Petrol,MANUAL,,"22,317",1st,New Delhi,"9,82,499"
185,2021,Maruti,Maruti Dzire VXI,Petrol,MANUAL,,"14,400",1st,New Delhi,"7,41,999"
186,2019,Renault,Renault Kwid 1.0 RXT Opt,Petrol,MANUAL,,"31,621",1st,New Delhi,"4,20,299"
187,2018,Hyundai,Hyundai Verna 1.6 SX VTVT,Petrol,MANUAL,,"24,712",1st,New Delhi,"8,84,199"
188,2020,Hyundai,Hyundai Creta 1.6 VTVT SX AUTO,Petrol,AUTOMATIC,,"29,081",1st,New Delhi,"14,07,599"
189,2018,Tata,Tata Tiago XE 1.2 REVOTRON,Petrol,MANUAL,,"16,179",1st,New Delhi,"4,49,499"
190,2020,Maruti,Maruti New  Wagon-R ZXI 1.2,Petrol,MANUAL,,"23,797",1st,New Delhi,"6,08,599"
191,2018,Maruti,Maruti Baleno DELTA 1.2 K12,Petrol,MANUAL,,"26,445",1st,New Delhi,"6,04,899"
192,2016,Maruti,Maruti Celerio ZXI AMT,Petrol,AUTOMATIC,,"32,649",1st,New Delhi,"4,35,599"
193,2019,Hyundai,Hyundai Grand i10 SPORTZ 1.2 KAPPA VTVT,Petrol,MANUAL,,"37,953",2nd,New Delhi,"5,21,999"
194,2017,Maruti,Maruti Celerio ZXI OPT AMT,Petrol,AUTOMATIC,,"81,353",1st,New Delhi,"4,22,099"
195,2021,Mahindra,Mahindra Thar LX D 4*4 MT HT,Diesel,MANUAL,,"6,962",1st,New Delhi,"17,02,699"
196,2018,Honda,Honda Amaze 1.2 V CVT I VTEC,Petrol,AUTOMATIC,,"23,495",1st,New Delhi,"7,73,999"
197,2020,Honda,Honda City V MT PETROL,Petrol,MANUAL,,"24,280",1st,New Delhi,"10,76,199"
198,2019,MG,MG HECTOR SUPER DIESEL,Diesel,MANUAL,,"52,465",2nd,New Delhi,"13,91,399"
199,2019,Hyundai,Hyundai VENUE 1.0 TURBO GDI SX+ AT,Petrol,AUTOMATIC,,"57,770",1st,New Delhi,"10,39,999"
200,2020,Hyundai,Hyundai Creta S PETROL MT,Petrol,MANUAL,,"7,757",1st,New Delhi,"13,28,499"
201,2019,Maruti,Maruti Baleno DELTA 1.2 K12,Petrol,MANUAL,,"25,647",1st,New Delhi,"6,75,199"
202,2018,Maruti,Maruti Celerio VXI,Petrol,MANUAL,,"12,407",1st,New Delhi,"4,66,049"
203,2018,Honda,Honda Amaze 1.2 VXMT I VTEC,Petrol,MANUAL,,"1,546",1st,New Delhi,"7,20,399"
204,2020,Skoda,Skoda Rapid 1.0 AMBITION TSI AT,Petrol,AUTOMATIC,,"16,292",2nd,New Delhi,"11,67,399"
205,2019,Maruti,Maruti Baleno DELTA 1.2 K12,Petrol,MANUAL,,"24,453",2nd,New Delhi,"6,59,099"
206,2019,MG,MG HECTOR SHARP 2.0 DIESEL,Diesel,MANUAL,,"50,353",1st,New Delhi,"15,18,299"
207,2019,Maruti,Maruti Celerio VXI,Petrol,MANUAL,,"27,718",1st,New Delhi,"4,70,699"
208,2019,Maruti,Maruti Baleno DELTA 1.2 K12,Petrol,MANUAL,,"29,383",1st,New Delhi,"6,60,999"
209,2018,Maruti,Maruti Alto K10 VXI (O) AMT,Petrol,AUTOMATIC,,"13,002",2nd,New Delhi,"4,07,299"
210,2021,Maruti,Maruti Alto LXI CNG,Petrol,MANUAL,,"23,812",1st,New Delhi,"5,10,799"
211,2018,Honda,Honda WR-V 1.2 i-VTEC S MT,Petrol,MANUAL,,"18,136",2nd,New Delhi,"6,52,199"
212,2021,Hyundai,Hyundai Verna SX PETROL MT,Petrol,MANUAL,,"21,114",1st,New Delhi,"11,91,899"
213,2021,Maruti,Maruti Alto VXI PLUS,Petrol,MANUAL,,"4,889",1st,New Delhi,"4,35,499"
214,2018,Honda,Honda Amaze 1.2 V CVT I VTEC,Petrol,AUTOMATIC,,"53,849",1st,New Delhi,"7,03,699"
215,2020,Maruti,Maruti Baleno DELTA 1.2 K12,Petrol,MANUAL,,"29,525",2nd,New Delhi,"6,07,999"
216,2019,Hyundai,Hyundai Creta 1.6 VTVT SX AUTO,Petrol,AUTOMATIC,,"31,594",1st,New Delhi,"13,53,699"
217,2020,Honda,Honda Jazz 1.2 ZX MT,Petrol,MANUAL,,"10,535",1st,New Delhi,"8,93,899"
218,2019,Honda,Honda WR-V 1.2 i-VTEC VX MT,Petrol,MANUAL,,"43,575",1st,New Delhi,"8,13,199"
219,2020,Tata,Tata ALTROZ XZ 1.2,Petrol,MANUAL,,"37,413",1st,New Delhi,"7,95,399"
220,2019,Maruti,Maruti Ciaz ALPHA 1.3 DDIS SHVS,Diesel,MANUAL,,"35,969",1st,New Delhi,"9,03,299"
221,2019,Renault,Renault Kwid RXL,Petrol,MANUAL,,"35,525",2nd,New Delhi,"3,50,499"
222,2022,Maruti,Maruti S Cross SIGMA 1.5 SHVS,Petrol,MANUAL,,"1,189",1st,New Delhi,"9,41,199"
223,2019,Honda,Honda City V MT PETROL,Petrol,MANUAL,,"29,922",1st,New Delhi,"9,23,399"
224,2016,Ford,Ford Ecosport 1.5 TITANIUM TI VCT,Petrol,MANUAL,,"46,901",2nd,New Delhi,"6,30,199"
225,2018,Volkswagen,Volkswagen TIGUAN HIGHLINE A/T,Diesel,AUTOMATIC,,"74,860",1st,New Delhi,"21,39,099"
226,2018,Honda,Honda City V MT PETROL,Petrol,MANUAL,,"23,860",1st,New Delhi,"8,59,699"
227,2021,Tata,Tata TIGOR XZ PLUS 1.2 REVOTRON,Petrol,MANUAL,,"9,553",1st,New Delhi,"8,14,799"
228,2020,Tata,Tata ALTROZ XZ 1.2,Petrol,MANUAL,,"32,106",1st,New Delhi,"8,22,499"
229,2019,Maruti,Maruti Baleno DELTA 1.2 K12,Petrol,MANUAL,,"22,380",1st,New Delhi,"6,43,239"
230,2019,Honda,Honda Amaze 1.2 V CVT I VTEC,Petrol,AUTOMATIC,,"29,577",1st,New Delhi,"7,94,399"
231,2014,Maruti,Maruti Swift ZXI,Petrol,MANUAL,,"63,278",1st,New Delhi,"4,46,999"
232,2019,Hyundai,Hyundai Elite i20 1.2 SPORTS PLUS VTVT,Petrol,MANUAL,,"45,805",1st,New Delhi,"6,99,299"
233,2017,Maruti,Maruti Alto K10 VXI,Petrol,MANUAL,,"95,218",1st,New Delhi,"3,31,199"
234,2018,Renault,Renault Kwid 1.0 RXT Opt,Petrol,MANUAL,,"75,123",1st,New Delhi,"3,42,999"
235,2013,Hyundai,Hyundai i20 SPORTZ 1.4 CRDI,Diesel,MANUAL,,"1,21,564",2nd,New Delhi,"3,48,599"
236,2019,Maruti,Maruti Baleno ZETA 1.2 K12,Petrol,MANUAL,,"19,398",1st,New Delhi,"7,28,199"
237,2019,Hyundai,Hyundai NEW SANTRO 1.1 MAGNA AMT,Petrol,AUTOMATIC,,"20,498",1st,New Delhi,"5,27,699"
238,2021,Maruti,Maruti S Cross ZETA AT 1.5,Petrol,SHVS,,"5,268",1st,New Delhi,"11,08,699"
239,2013,Toyota,Toyota Etios Liva G SP,Petrol,MANUAL,,"36,330",1st,New Delhi,"3,76,599"
240,2020,Hyundai,Hyundai NEW SANTRO SPORTZ 1.1,Petrol,MANUAL,,"17,336",1st,New Delhi,"4,73,899"
241,2021,Maruti,Maruti New  Wagon-R 1.0 Lxi (o) cng,Petrol,MANUAL,,"16,511",1st,New Delhi,"6,84,099"
242,2017,Toyota,Toyota Corolla Altis  GL,Petrol,MANUAL,,"58,885",1st,New Delhi,"11,36,899"
243,2019,Maruti,Maruti Alto K10 VXI,Petrol,MANUAL,,"5,821",1st,New Delhi,"4,28,299"
244,2016,Maruti,Maruti Ciaz VXI PLUS,Petrol,MANUAL,,"14,253",1st,New Delhi,"6,86,399"
245,2019,Hyundai,Hyundai NEW SANTRO ASTA 1.1 MT,Petrol,MANUAL,,"12,664",1st,New Delhi,"5,58,899"
246,2017,Maruti,Maruti Dzire VXI,Petrol,MANUAL,,"37,336",2nd,New Delhi,"5,71,099"
247,2018,Tata,Tata Hexa Varicor 400 XMA,Diesel,AUTOMATIC,,"75,883",1st,New Delhi,"11,48,749"
248,2017,Hyundai,Hyundai Elite i20 ASTA 1.2,Petrol,MANUAL,,"25,775",2nd,New Delhi,"6,02,099"
249,2019,MG,MG HECTOR SHARP DCT PETROL,Petrol,AUTOMATIC,,"36,621",1st,New Delhi,"17,78,399"
250,2016,Maruti,Maruti Baleno ZETA 1.2 K12,Petrol,MANUAL,,"22,535",1st,New Delhi,"5,74,899"
251,2019,MG,MG HECTOR SHARP DCT PETROL,Petrol,AUTOMATIC,,"35,443",1st,New Delhi,"17,26,099"
252,2021,Maruti,Maruti S Cross ZETA AT 1.5,Petrol,SHVS,,"15,291",2nd,New Delhi,"10,19,399"
253,2019,Maruti,Maruti Baleno DELTA 1.2 K12,Petrol,MANUAL,,"25,227",1st,New Delhi,"6,89,199"
254,2019,Maruti,Maruti Celerio VXI,Petrol,MANUAL,,"33,888",2nd,New Delhi,"4,41,899"
255,2019,MG,MG HECTOR SHARP DCT PETROL,Petrol,AUTOMATIC,,"38,903",1st,New Delhi,"16,57,899"
256,2021,Maruti,Maruti IGNIS DELTA 1.2 K12,Petrol,MANUAL,,"12,799",1st,New Delhi,"6,42,999"
257,2018,Maruti,Maruti IGNIS SIGMA 1.2 K12,Petrol,MANUAL,,"18,645",1st,New Delhi,"4,66,099"
258,2017,Maruti,Maruti Baleno DELTA 1.2 K12,Petrol,MANUAL,,"64,181",1st,New Delhi,"4,80,449"
259,2018,Maruti,Maruti Baleno ZETA 1.2 K12,Petrol,MANUAL,,"30,672",1st,New Delhi,"6,47,999"
260,2020,Mahindra,Mahindra Scorpio S9,Diesel,MANUAL,,"26,121",1st,New Delhi,"15,13,099"
261,2020,Hyundai,Hyundai GRAND I10 NIOS SPORTZ PETROL,Petrol,MANUAL,,"16,489",1st,New Delhi,"6,76,399"
262,2017,Honda,Honda WR-V 1.2 i-VTEC VX MT,Petrol,MANUAL,,"84,507",1st,New Delhi,"6,71,699"
263,2021,Tata,Tata NEXON XZ+ 1.5,Diesel,MANUAL,,"6,694",1st,New Delhi,"12,61,699"
264,2016,Hyundai,Hyundai Creta 1.6 SX PLUS VTVT ANNIVERSARY EDITION,Petrol,MANUAL,,"51,297",2nd,New Delhi,"8,51,799"
265,2019,Maruti,Maruti IGNIS ALPHA 1.2 K12 AMT,Petrol,AUTOMATIC,,"25,350",1st,New Delhi,"6,70,699"
266,2019,Maruti,Maruti Alto VXI,Petrol,MANUAL,,"37,786",1st,New Delhi,"3,46,054"
267,2015,Hyundai,Hyundai Eon MAGNA PLUS,Petrol,MANUAL,,"43,616",2nd,New Delhi,"3,05,699"
268,2017,Honda,Honda WR-V 1.2 i-VTEC S MT,Petrol,MANUAL,,"39,333",1st,New Delhi,"6,48,099"
269,2020,Maruti,Maruti S PRESSO VXI PLUS AGS,Petrol,AUTOMATIC,,"2,258",1st,New Delhi,"5,28,499"
270,2020,MG,MG HECTOR SHARP DCT PETROL,Petrol,AUTOMATIC,,"33,016",1st,New Delhi,"18,04,899"
271,2016,Hyundai,Hyundai Grand i10 SPORTZ 1.2 KAPPA VTVT,Petrol,MANUAL,,"19,577",1st,New Delhi,"4,28,299"
272,2020,Mahindra,Mahindra XUV 3OO 1.2 W6,Petrol,MT,,"17,763",1st,New Delhi,"9,29,799"
273,2018,Maruti,Maruti Wagon R 1.0 LXI,Petrol,MANUAL,,"18,671",1st,New Delhi,"4,24,499"
274,2019,Hyundai,Hyundai Tucson New 2WD AT GLS PETROL,Petrol,AUTOMATIC,,"38,848",1st,New Delhi,"21,39,499"
275,2019,Hyundai,Hyundai GRAND I10 NIOS SPORTZ 1.2 AT,Petrol,AUTOMATIC,,"15,206",1st,New Delhi,"7,25,899"
276,2021,Mahindra,Mahindra XUV 3OO 1.2 W6,Petrol,MT,,"7,334",1st,New Delhi,"9,95,499"
277,2017,Mahindra,Mahindra XUV500 W8 FWD,Diesel,MANUAL,,"84,279",2nd,New Delhi,"9,69,399"
278,2017,Maruti,Maruti Wagon R 1.0 LXI CNG,Petrol,MANUAL,,"77,117",2nd,New Delhi,"3,69,999"
279,2016,Maruti,Maruti Baleno DELTA 1.2 K12,Petrol,MANUAL,,"26,114",1st,New Delhi,"5,25,199"
280,2017,Maruti,Maruti Celerio VXI,Petrol,MANUAL,,"25,646",1st,New Delhi,"4,32,099"
281,2021,Mahindra,Mahindra Thar LX D 4*4 MT HT,Diesel,MANUAL,,"10,292",1st,New Delhi,"16,73,799"
282,2020,Hyundai,Hyundai Creta 1.6 SX AT CRDI,Diesel,AUTOMATIC,,"42,396",1st,New Delhi,"16,03,199"
283,2020,Maruti,Maruti Vitara Brezza VXI,Petrol,MANUAL,,"42,315",2nd,New Delhi,"7,92,799"
284,2021,Toyota,Toyota Glanza G CVT,Petrol,AUTOMATIC,,"8,225",1st,New Delhi,"9,30,899"
285,2021,Tata,Tata Safari XE 2.0 KRYOTEC,Diesel,MANUAL,,"17,534",1st,New Delhi,"15,36,799"
286,2019,Tata,Tata Hexa Varicor 400 XM,Diesel,MANUAL,,"43,696",1st,New Delhi,"15,05,499"
287,2018,Hyundai,Hyundai Grand i10 MAGNA 1.2 VTVT,Petrol,MANUAL,,"39,304",1st,New Delhi,"4,72,699"
288,2017,Hyundai,Hyundai Grand i10 MAGNA 1.2 KAPPA VTVT,Petrol,MANUAL,,"18,003",1st,New Delhi,"4,77,220"
289,2018,Honda,Honda WR-V 1.2 i-VTEC VX MT,Petrol,MANUAL,,"41,604",1st,New Delhi,"7,55,199"
290,2014,Honda,Honda Amaze 1.2 EMT I VTEC,Petrol,MANUAL,,"49,342",1st,New Delhi,"4,18,099"
291,2015,Hyundai,Hyundai Xcent S 1.2,Petrol,MANUAL,,"35,557",1st,New Delhi,"4,45,599"
292,2017,Maruti,Maruti Celerio ZXI AMT,Petrol,AUTOMATIC,,"40,735",1st,New Delhi,"4,48,699"
293,2016,Ford,Ford Ecosport 1.5 TITANIUM TI VCT,Petrol,MANUAL,,"53,040",1st,New Delhi,"7,01,099"
294,2014,Hyundai,Hyundai Grand i10 SPORTZ 1.2 KAPPA VTVT,Petrol,MANUAL,,"50,886",1st,New Delhi,"3,98,899"
295,2016,Hyundai,Hyundai Grand i10 ASTA 1.2 KAPPA VTVT,Petrol,MANUAL,,"80,982",2nd,New Delhi,"4,60,899"
296,2019,Hyundai,Hyundai Grand i10 SPORTZ 1.2 KAPPA VTVT,Petrol,MANUAL,,"39,642",1st,New Delhi,"5,30,699"
297,2015,Hyundai,Hyundai Grand i10 SPORTZ 1.2 KAPPA VTVT,Petrol,MANUAL,,"47,146",2nd,New Delhi,"4,34,699"
298,2015,Maruti,Maruti Swift LXI OPT,Petrol,MANUAL,,"37,931",2nd,New Delhi,"4,21,999"
299,2013,Maruti,Maruti Swift LXI,Petrol,MANUAL,,"53,244",1st,New Delhi,"3,76,899"
300,2016,Maruti,Maruti Baleno DELTA 1.2 K12,Petrol,MANUAL,,"40,459",2nd,New Delhi,"5,25,199"
301,2020,Hyundai,Hyundai GRAND I10 NIOS SPORTZ 1.2 AT,Petrol,AUTOMATIC,,"7,840",2nd,New Delhi,"7,25,699"
302,2019,Honda,Honda Civic ZX CVT PETROL,Petrol,AUTOMATIC,,"45,604",1st,New Delhi,"16,98,999"
303,2017,Maruti,Maruti Baleno ALPHA 1.2 K12,Petrol,MANUAL,,"23,204",1st,New Delhi,"6,27,149"
304,2017,Honda,Honda WR-V 1.2 i-VTEC VX MT,Petrol,MANUAL,,"18,954",1st,New Delhi,"7,58,499"
305,2019,Maruti,Maruti Baleno DELTA 1.2 K12,Petrol,MANUAL,,"31,923",2nd,New Delhi,"5,97,199"
306,2012,Toyota,Toyota Etios Liva G,Petrol,MANUAL,,"43,321",1st,New Delhi,"3,24,899"
307,2021,Mahindra,Mahindra XUV 3OO 1.2 W6,Petrol,MT,,"5,184",1st,New Delhi,"10,92,499"
308,2019,Maruti,Maruti Baleno DELTA 1.2 K12,Petrol,MANUAL,,"21,800",1st,New Delhi,"6,91,699"
309,2021,Skoda,Skoda Rapid STYLE 1.0TSI MT,Petrol,MANUAL,,"9,999",1st,New Delhi,"11,94,199"
310,2017,Maruti,Maruti Alto 800 LXI,Petrol,MANUAL,,"17,800",2nd,New Delhi,"3,00,099"
311,2015,Hyundai,Hyundai Creta 1.6 S,Petrol,MANUAL,,"49,814",1st,New Delhi,"8,57,499"
312,2016,Hyundai,Hyundai Grand i10 SPORTZ 1.2 KAPPA VTVT,Petrol,MANUAL,,"41,119",1st,New Delhi,"4,58,599"
313,2017,Maruti,Maruti Dzire VXI,Petrol,MANUAL,,"54,796",1st,New Delhi,"5,98,699"
314,2017,Maruti,Maruti IGNIS ZETA 1.2 K12,Petrol,MANUAL,,"21,204",1st,New Delhi,"5,19,499"
315,2019,Ford,Ford Ecosport 1.5 TREND TI VCT,Petrol,MANUAL,,"28,560",1st,New Delhi,"7,84,799"
316,2019,Maruti,Maruti Vitara Brezza ZDI,Diesel,MANUAL,,"23,602",1st,New Delhi,"8,98,599"
317,2016,Maruti,Maruti Baleno DELTA 1.2 K12,Petrol,MANUAL,,"40,552",1st,New Delhi,"5,25,199"
318,2018,Hyundai,Hyundai Elite i20 Magna Executive Diesel,Diesel,MANUAL,,"57,975",1st,New Delhi,"6,68,899"
319,2019,Honda,Honda Civic ZX CVT PETROL,Petrol,AUTOMATIC,,"19,930",1st,New Delhi,"18,60,099"
320,2017,Honda,Honda Brio 1.2 VX MT I VTEC,Petrol,MANUAL,,"30,553",1st,New Delhi,"4,65,799"
321,2018,Hyundai,Hyundai Grand i10 MAGNA 1.2 KAPPA VTVT,Petrol,MANUAL,,"43,049",1st,New Delhi,"4,96,699"
322,2021,Maruti,Maruti S PRESSO VXI PLUS,Petrol,MANUAL,,"4,409",1st,New Delhi,"4,91,899"
323,2020,MG,MG HECTOR SHARP DCT PETROL,Petrol,AUTOMATIC,,"34,236",1st,New Delhi,"17,37,199"
324,2015,Hyundai,Hyundai Xcent S 1.2,Petrol,MANUAL,,"41,535",1st,New Delhi,"4,49,799"
325,2019,Hyundai,Hyundai NEW SANTRO SPORTZ 1.1,Petrol,MANUAL,,"28,943",1st,New Delhi,"4,95,799"
326,2018,Maruti,Maruti Alto 800 LXI,Petrol,MANUAL,,"29,741",1st,New Delhi,"3,26,899"
327,2017,Renault,Renault Kwid CLIMBER 1.0 AT,Petrol,AUTOMATIC,,"55,609",1st,New Delhi,"3,56,499"
328,2014,Audi,Audi Q3 2.0 TDI MT S EDITION,Diesel,MANUAL,,"93,844",1st,New Delhi,"10,37,699"
329,2021,Maruti,Maruti Alto LXI CNG,Petrol,MANUAL,,"30,016",1st,New Delhi,"4,95,599"
330,2019,Maruti,Maruti XL6 ALPHA SHVS  MT,Petrol,MANUAL,,"17,952",1st,New Delhi,"10,82,499"
331,2018,Hyundai,Hyundai Elite i20 Magna Executive 1.2,Petrol,MANUAL,,"44,077",2nd,New Delhi,"5,46,899"
332,2018,Maruti,Maruti Wagon R 1.0 VXI PLUS,Petrol,MANUAL,,"60,264",2nd,New Delhi,"4,25,299"
333,2018,Hyundai,Hyundai Grand i10 SPORTZ 1.2 KAPPA VTVT,Petrol,MANUAL,,"52,793",1st,New Delhi,"4,86,349"
334,2021,Maruti,Maruti Ciaz ALPHA 1.5 MT VTVT SHVS,Petrol,MANUAL,,"9,758",1st,New Delhi,"11,26,649"
335,2016,Hyundai,Hyundai Grand i10 MAGNA 1.2 KAPPA VTVT,Petrol,MANUAL,,"66,329",1st,New Delhi,"4,38,999"
336,2017,Hyundai,Hyundai Grand i10 Sportz(O) 1.2 MT,Petrol,MANUAL,,"63,766",1st,New Delhi,"5,21,399"
337,2015,Maruti,Maruti Baleno ALPHA 1.2 K12,Petrol,MANUAL,,"65,636",1st,New Delhi,"5,59,999"
338,2021,Maruti,Maruti Alto VXI PLUS,Petrol,MANUAL,,"15,460",1st,New Delhi,"4,24,399"
339,2014,Hyundai,Hyundai i20 SPORTZ 1.2 VTVT,Petrol,MANUAL,,"83,811",1st,New Delhi,"3,99,699"
340,2016,Maruti,Maruti Baleno ZETA 1.2 K12,Petrol,MANUAL,,"52,677",1st,New Delhi,"5,54,599"
341,2016,Hyundai,Hyundai Elite i20 SPORTZ 1.2,Petrol,MANUAL,,"46,473",2nd,New Delhi,"5,44,699"
342,2019,Maruti,Maruti Vitara Brezza ZDI PLUS,Diesel,MANUAL,,"30,973",1st,New Delhi,"9,59,699"
343,2021,Maruti,Maruti Baleno ZETA 1.2 K12 CVT,Petrol,AUTOMATIC,,"14,407",1st,New Delhi,"9,42,499"
344,2017,Mahindra,Mahindra XUV500 W8 FWD AT,Diesel,AUTOMATIC,,"90,501",1st,New Delhi,"11,25,299"
345,2019,Toyota,Toyota YARIS J CVT,Petrol,AUTOMATIC,,"13,618",1st,New Delhi,"9,05,999"
346,2013,Ford,Ford Ecosport 1.5 TREND TDCI,Diesel,MANUAL,,"33,832",2nd,New Delhi,"4,20,199"
347,2016,Maruti,Maruti Vitara Brezza ZDI,Diesel,MANUAL,,"26,786",1st,New Delhi,"6,55,399"
348,2018,Maruti,Maruti Alto K10 VXI,Petrol,MANUAL,,"34,100",1st,New Delhi,"3,74,899"
349,2019,Maruti,Maruti Celerio VXI,Petrol,MANUAL,,"34,338",1st,New Delhi,"5,11,899"
350,2017,Honda,Honda WR-V 1.2 i-VTEC VX MT,Petrol,MANUAL,,"68,354",1st,New Delhi,"7,09,899"
351,2018,Maruti,Maruti Baleno DELTA 1.2 K12,Petrol,MANUAL,,"35,245",1st,New Delhi,"5,72,399"
352,2016,Maruti,Maruti Ciaz VXI PLUS,Petrol,MANUAL,,"99,521",1st,New Delhi,"5,86,799"
353,2017,Hyundai,Hyundai Grand i10 Sportz(O) 1.2 MT,Petrol,MANUAL,,"42,016",2nd,New Delhi,"4,71,299"
354,2019,Maruti,Maruti Baleno DELTA 1.2 K12,Petrol,MANUAL,,"45,522",1st,New Delhi,"6,62,399"
355,2019,Maruti,Maruti Alto K10 VXI,Petrol,MANUAL,,"11,145",1st,New Delhi,"4,13,599"
356,2015,Hyundai,Hyundai i20 Active 1.2 S,Petrol,MANUAL,,"70,259",1st,New Delhi,"5,41,299"
357,2020,Honda,Honda City VX CVT PETROL,Petrol,AUTOMATIC,,"31,419",1st,New Delhi,"11,62,899"
358,2016,Honda,Honda City VX MT DIESEL,Diesel,MANUAL,,"49,653",1st,New Delhi,"6,75,099"
359,2017,Hyundai,Hyundai Grand i10 ASTA 1.2 (O) VTVT,Petrol,MANUAL,,"49,271",3rd,New Delhi,"4,52,899"
360,2019,Maruti,Maruti Vitara Brezza ZDI,Diesel,MANUAL,,"31,516",1st,New Delhi,"8,83,799"
361,2016,Maruti,Maruti Baleno ZETA 1.2 K12,Petrol,MANUAL,,"59,676",1st,New Delhi,"5,59,099"
362,2020,Ford,Ford Ecosport 1.5 TITANIUM TI VCT AT,Petrol,AUTOMATIC,,"12,333",1st,New Delhi,"10,56,849"
363,2018,Mahindra,Mahindra Thar CRDE 4X4 BS IV,Diesel,MANUAL,,"19,767",1st,New Delhi,"8,76,399"
364,2017,Maruti,Maruti Alto K10 VXI OPT,Petrol,MANUAL,,"48,136",1st,New Delhi,"3,94,299"
365,2019,Hyundai,Hyundai GRAND I10 NIOS SPORTZ 1.2 AT,Petrol,AUTOMATIC,,"32,873",1st,New Delhi,"7,25,799"
366,2021,Toyota,Toyota YARIS G MT,Petrol,MANUAL,,"27,388",1st,New Delhi,"9,84,099"
367,2017,Ford,Ford Ecosport 1.5 TITANIUM TI VCT AT,Petrol,AUTOMATIC,,"39,026",2nd,New Delhi,"7,17,099"
368,2017,Hyundai,Hyundai Grand i10 Sportz(O) 1.2 MT,Petrol,MANUAL,,"34,652",1st,New Delhi,"5,15,599"
369,2019,Maruti,Maruti Vitara Brezza VDI,Diesel,MANUAL,,"41,437",1st,New Delhi,"7,96,599"
370,2019,Maruti,Maruti New  Wagon-R ZXI 1.2,Petrol,MANUAL,,"38,889",1st,New Delhi,"5,06,699"
371,2019,Maruti,Maruti Baleno DELTA 1.2 K12,Petrol,MANUAL,,"28,920",2nd,New Delhi,"6,39,799"
372,2014,Audi,Audi A3 35TDI PREMIUM,Diesel,AUTOMATIC,,"91,772",2nd,New Delhi,"13,48,599"
373,2015,Hyundai,Hyundai Creta 1.6 S,Petrol,MANUAL,,"71,587",1st,New Delhi,"8,05,499"
374,2018,Maruti,Maruti Baleno DELTA 1.2 K12,Petrol,MANUAL,,"50,712",1st,New Delhi,"5,95,899"
375,2019,Maruti,Maruti Alto LXI,Petrol,MANUAL,,"71,314",1st,New Delhi,"3,21,699"
376,2017,Hyundai,Hyundai Grand i10 SPORTZ 1.2 KAPPA VTVT,Petrol,MANUAL,,"79,292",1st,New Delhi,"4,86,349"
377,2016,Hyundai,Hyundai Grand i10 SPORTZ 1.2 KAPPA VTVT,Petrol,MANUAL,,"68,268",1st,New Delhi,"4,58,799"
378,2021,Maruti,Maruti Alto LXI OPT,Petrol,MANUAL,,"5,145",1st,New Delhi,"4,07,699"
379,2018,Mahindra,Mahindra Scorpio S7 120 BHP 2WD,Diesel,MANUAL,,"42,162",1st,New Delhi,"10,93,699"
380,2018,Maruti,Maruti IGNIS DELTA 1.2 K12 AMT,Petrol,AUTOMATIC,,"44,161",1st,New Delhi,"5,67,899"
381,2009,Maruti,Maruti Ritz ZXI,Petrol,MANUAL,,"56,793",1st,New Delhi,"2,27,499"
382,2014,Audi,Audi A3 2.0 TDI  PREMIUM,Diesel,AUTOMATIC,,"52,439",1st,New Delhi,"12,63,899"
383,2018,Maruti,Maruti Vitara Brezza VDI,Diesel,MANUAL,,"49,770",2nd,New Delhi,"7,23,399"
384,2016,Maruti,Maruti Baleno DELTA 1.2 K12,Petrol,MANUAL,,"60,820",1st,New Delhi,"5,39,899"
385,2019,Maruti,Maruti Baleno ZETA 1.2 K12,Petrol,MANUAL,,"32,387",1st,New Delhi,"7,02,399"
386,2020,Maruti,Maruti S PRESSO VXI,Petrol,MANUAL,,"45,659",1st,New Delhi,"4,53,599"
387,2021,Toyota,Toyota YARIS J MT,Petrol,MANUAL,,"8,461",1st,New Delhi,"11,61,299"
388,2018,Maruti,Maruti Alto K10 VXI,Petrol,MANUAL,,"26,096",1st,New Delhi,"3,62,199"
389,2018,Hyundai,Hyundai Creta 1.6 SX CRDI,Diesel,MANUAL,,"40,640",1st,New Delhi,"10,28,899"
390,2015,Maruti,Maruti Ritz VDI,Diesel,MANUAL,,"60,623",1st,New Delhi,"3,60,499"
391,2019,Maruti,Maruti Baleno ZETA 1.2 K12,Petrol,MANUAL,,"80,741",2nd,New Delhi,"5,69,099"
392,2018,Hyundai,Hyundai Creta 1.4 E PLUS CRDI,Diesel,MANUAL,,"88,553",1st,New Delhi,"8,87,499"
393,2019,Maruti,Maruti Baleno DELTA 1.2 K12,Petrol,MANUAL,,"65,626",1st,New Delhi,"6,12,699"
394,2019,Maruti,Maruti Swift VXI AMT,Petrol,AUTOMATIC,,"36,424",1st,New Delhi,"6,86,099"
395,2014,Audi,Audi A3 35TDI PREMIUM,Diesel,AUTOMATIC,,"34,148",2nd,New Delhi,"13,17,299"
396,2016,Hyundai,Hyundai Elite i20 MAGNA 1.2,Petrol,MANUAL,,"91,525",1st,New Delhi,"5,07,699"
397,2020,Maruti,Maruti Alto VXI,Petrol,MANUAL,,"14,443",1st,New Delhi,"3,87,699"
398,2011,Maruti,Maruti Ritz LXI,Petrol,MANUAL,,"78,068",2nd,New Delhi,"2,33,899"
399,2019,Maruti,Maruti Vitara Brezza ZDI,Diesel,MANUAL,,"41,077",1st,New Delhi,"8,66,099"
400,2018,Mahindra,Mahindra Scorpio S5,Diesel,MANUAL,,"56,538",1st,New Delhi,"10,46,899"
401,2017,Maruti,Maruti Baleno ZETA 1.2 K12,Petrol,MANUAL,,"45,448",1st,New Delhi,"5,29,399"
402,2018,Maruti,Maruti Alto 800 LXI,Petrol,MANUAL,,"35,617",1st,New Delhi,"3,07,099"
403,2018,Maruti,Maruti Alto K10 VXI,Petrol,MANUAL,,"42,317",1st,New Delhi,"3,78,599"
404,2020,Maruti,Maruti Baleno DELTA 1.2 K12 AT,Petrol,AUTOMATIC,,"33,503",1st,New Delhi,"7,68,199"
405,2021,Mahindra,Mahindra XUV 3OO 1.2 W6,Petrol,MT,,"8,928",2nd,New Delhi,"9,62,499"
406,2020,Maruti,Maruti Alto VXI,Petrol,MANUAL,,"37,480",1st,New Delhi,"3,69,799"
407,2016,Maruti,Maruti Baleno DELTA 1.2 K12,Petrol,MANUAL,,"49,092",1st,New Delhi,"5,25,199"
408,2017,Maruti,Maruti Baleno ALPHA 1.2 K12,Petrol,MANUAL,,"44,978",1st,New Delhi,"6,16,999"
409,2017,Hyundai,Hyundai Creta 1.4 E PLUS CRDI,Diesel,MANUAL,,"68,765",1st,New Delhi,"8,01,199"
410,2018,Maruti,Maruti Vitara Brezza VDI,Diesel,MANUAL,,"28,057",1st,New Delhi,"7,20,899"
411,2018,Hyundai,Hyundai Creta 1.6 CRDI SX PLUS AUTO,Diesel,AUTOMATIC,,"79,950",2nd,New Delhi,"10,00,999"
412,2017,Ford,Ford Ecosport 1.5 TITANIUM TI VCT AT,Petrol,AUTOMATIC,,"19,159",1st,New Delhi,"7,84,199"
413,2017,Maruti,Maruti Ciaz ZDI+ SHVS,Diesel,MANUAL,,"57,281",2nd,New Delhi,"6,43,799"
414,2015,Audi,Audi Q3 35 TDI Quattro,Diesel,AUTOMATIC,,"52,533",1st,New Delhi,"14,86,499"
415,2013,Hyundai,Hyundai Verna FLUIDIC 1.6 SX CRDI,Diesel,MANUAL,,"33,450",1st,New Delhi,"4,50,499"
416,2019,Maruti,Maruti Alto K10 VXI,Petrol,MANUAL,,"38,225",1st,New Delhi,"3,58,799"
417,2020,Maruti,Maruti S PRESSO VXI PLUS,Petrol,MANUAL,,"14,860",1st,New Delhi,"4,55,999"
418,2021,Maruti,Maruti S PRESSO VXI PLUS,Petrol,MANUAL,,"14,050",1st,New Delhi,"4,72,199"
419,2021,Maruti,Maruti Alto LXI CNG,Petrol,MANUAL,,"21,829",1st,New Delhi,"5,20,399"
420,2016,Mahindra,Mahindra Scorpio S10,Diesel,MANUAL,,"43,901",1st,New Delhi,"11,32,999"
421,2016,Maruti,Maruti Baleno ZETA 1.2 K12,Petrol,MANUAL,,"61,060",1st,New Delhi,"5,35,499"
422,2016,Maruti,Maruti Vitara Brezza ZDI PLUS,Diesel,MANUAL,,"36,809",1st,New Delhi,"6,65,199"
423,2018,Maruti,Maruti Baleno DELTA 1.2 K12,Petrol,MANUAL,,"37,697",1st,New Delhi,"5,82,649"
424,2018,Ford,Ford Ecosport 1.5TITANIUM TDCI,Diesel,MANUAL,,"33,438",1st,New Delhi,"8,15,399"
425,2020,Maruti,Maruti S PRESSO VXI PLUS,Petrol,MANUAL,,"19,193",1st,New Delhi,"4,26,699"
426,2015,Mahindra,Mahindra Scorpio S10,Diesel,MANUAL,,"43,954",1st,New Delhi,"10,04,399"
427,2018,Maruti,Maruti Wagon R 1.0 LXI CNG,Petrol,MANUAL,,"56,254",1st,New Delhi,"4,37,599"
428,2017,Maruti,Maruti Baleno ZETA 1.2 K12,Petrol,MANUAL,,"57,436",1st,New Delhi,"5,60,499"
429,2017,Maruti,Maruti Baleno DELTA 1.2 K12,Petrol,MANUAL,,"42,903",1st,New Delhi,"5,29,099"
430,2017,Hyundai,Hyundai Creta 1.4 E PLUS CRDI,Diesel,MANUAL,,"42,720",1st,New Delhi,"8,72,799"
431,2017,Ford,Ford Ecosport 1.5 TDCI TITANIUM PLUS,Diesel,MANUAL,,"42,349",1st,New Delhi,"6,48,999"
432,2016,Audi,Audi Q3 35TDI PREMIUM,Diesel,AUTOMATIC,,"87,052",1st,New Delhi,"17,96,299"
433,2021,Ford,Ford Ecosport 1.5TITANIUM TDCI,Diesel,MANUAL,,"16,751",1st,New Delhi,"10,77,799"
434,2020,Maruti,Maruti Alto VXI,Petrol,MANUAL,,"18,261",1st,New Delhi,"3,95,899"
435,2018,Maruti,Maruti Alto K10 VXI,Petrol,MANUAL,,"28,287",2nd,New Delhi,"3,75,799"
436,2019,Maruti,Maruti S PRESSO VXI PLUS,Petrol,MANUAL,,"30,537",2nd,New Delhi,"3,90,399"
437,2018,Maruti,Maruti IGNIS DELTA 1.2 K12,Petrol,MANUAL,,"34,241",1st,New Delhi,"5,02,399"
438,2016,Skoda,Skoda Octavia 2.0 TDI STYLE PLUS AT,Diesel,AUTOMATIC,,"95,993",1st,New Delhi,"11,35,999"
439,2018,Maruti,Maruti Vitara Brezza VDI,Diesel,MANUAL,,"44,339",1st,New Delhi,"7,25,799"
440,2012,Maruti,Maruti Swift ZXI,Petrol,MANUAL,,"96,633",1st,New Delhi,"3,59,699"
441,2017,Maruti,Maruti Baleno ALPHA DDIS 190,Diesel,MANUAL,,"51,429",2nd,New Delhi,"5,93,999"
442,2015,Audi,Audi A6 2.0 TDI TECHNOLOGY,Diesel,AUTOMATIC,,"77,281",2nd,New Delhi,"19,57,899"
443,2017,Maruti,Maruti Baleno ZETA 1.2 K12 AMT,Petrol,AUTOMATIC,,"72,196",1st,New Delhi,"6,26,899"
444,2016,Maruti,Maruti Swift Dzire VDI ABS,Diesel,MANUAL,,"79,736",2nd,New Delhi,"5,01,899"
445,2015,Maruti,Maruti Ciaz ZDI,Diesel,MANUAL,,"62,245",2nd,New Delhi,"5,31,399"
446,2017,Hyundai,Hyundai Creta 1.4 E PLUS CRDI,Diesel,MANUAL,,"78,220",1st,New Delhi,"7,65,299"
447,2016,Maruti,Maruti Vitara Brezza VDI,Diesel,MANUAL,,"27,835",1st,New Delhi,"6,88,749"
448,2015,Hyundai,Hyundai Elite i20 SPORTZ 1.4,Diesel,MANUAL,,"45,778",1st,New Delhi,"4,51,999"
449,2017,Maruti,Maruti Baleno ZETA 1.2 K12 AMT,Petrol,AUTOMATIC,,"90,618",1st,New Delhi,"5,77,299"
450,2014,Honda,Honda City E MT DIESEL,Diesel,MANUAL,,"1,37,622",2nd,New Delhi,"3,96,099"
451,2016,BMW,BMW X1 SDRIVE 20D,Diesel,AUTOMATIC,,"31,705",2nd,New Delhi,"16,19,599"
452,2014,Audi,Audi Q3 2.0 TDI MT S EDITION,Diesel,MANUAL,,"68,368",1st,New Delhi,"10,89,449"
453,2019,Maruti,Maruti Alto 800 VXI,Petrol,MANUAL,,"42,236",2nd,New Delhi,"3,15,799"
454,2018,Maruti,Maruti S Cross ALPHA SHVS,Diesel,MANUAL,,"56,102",1st,New Delhi,"8,75,299"
455,2018,Ford,Ford Ecosport 1.5TITANIUM TDCI,Diesel,MANUAL,,"65,143",1st,New Delhi,"8,10,699"
456,2016,Maruti,Maruti Vitara Brezza VDI,Diesel,MANUAL,,"42,161",1st,New Delhi,"6,41,399"
457,2015,Maruti,Maruti Ciaz VDI+ SHVS,Diesel,MANUAL,,"1,21,686",2nd,New Delhi,"4,58,799"
458,2017,Maruti,Maruti Vitara Brezza VDI OPT,Diesel,MANUAL,,"51,167",2nd,New Delhi,"6,37,899"
459,2018,Ford,Ford Ecosport 1.5 TDCI TITANIUM PLUS,Diesel,MANUAL,,"59,508",1st,New Delhi,"8,22,599"
460,2017,Maruti,Maruti Vitara Brezza VDI,Diesel,MANUAL,,"47,851",1st,New Delhi,"6,82,199"
461,2020,Maruti,Maruti Alto VXI,Petrol,MANUAL,,"42,796",1st,New Delhi,"4,03,399"
462,2017,Maruti,Maruti Baleno ZETA 1.2 K12 AMT,Petrol,AUTOMATIC,,"79,004",1st,New Delhi,"6,07,499"
463,2015,Maruti,Maruti Ciaz VDI (O) SHVS HYBIRD,Diesel,MANUAL,,"1,22,884",1st,New Delhi,"4,49,699"
464,2021,Maruti,Maruti Alto LXI CNG,Petrol,MANUAL,,"26,773",1st,New Delhi,"4,98,899"
465,2017,Maruti,Maruti Swift VDI ABS,Diesel,MANUAL,,"47,283",1st,New Delhi,"5,34,899"
466,2019,Maruti,Maruti IGNIS DELTA 1.2 K12,Petrol,MANUAL,,"34,076",1st,New Delhi,"5,30,199"
467,2014,Toyota,Toyota Corolla Altis D 4D G,Diesel,MANUAL,,"1,27,926",1st,New Delhi,"6,43,399"
468,2014,Hyundai,Hyundai i20 SPORTZ 1.4 CRDI,Diesel,MANUAL,,"72,852",1st,New Delhi,"3,34,499"
469,2013,Maruti,Maruti Ertiga VDI ABS,Diesel,MANUAL,,"49,425",1st,New Delhi,"5,28,899"
470,2018,Maruti,Maruti Alto K10 VXI (O) AMT,Petrol,AUTOMATIC,,"59,822",2nd,New Delhi,"3,30,999"
471,2020,Maruti,Maruti S PRESSO VXI,Petrol,MANUAL,,"20,681",1st,New Delhi,"4,42,099"
472,2014,Maruti,Maruti Ritz VDI,Diesel,MANUAL,,"80,192",1st,New Delhi,"3,52,799"
473,2018,Renault,Renault Duster RXS 85 PS,Diesel,MANUAL,,"90,520",1st,New Delhi,"6,92,999"
474,2017,Honda,Honda WR-V 1.5 i-DTEC VX MT,Diesel,MANUAL,,"77,611",1st,New Delhi,"7,26,999"
475,2015,Hyundai,Hyundai Grand i10 ASTA 1.1 CRDI,Diesel,MANUAL,,"90,449",1st,New Delhi,"3,71,599"
476,2017,Ford,Ford Ecosport 1.5 TREND+ TDCI,Diesel,MANUAL,,"78,972",1st,New Delhi,"5,64,599"
477,2016,Maruti,Maruti Vitara Brezza ZDI,Diesel,MANUAL,,"44,427",1st,New Delhi,"6,31,599"
478,2017,Maruti,Maruti Baleno ZETA 1.2 K12 AMT,Petrol,AUTOMATIC,,"63,892",2nd,New Delhi,"5,91,899"
479,2019,Ford,Ford Ecosport 1.5TITANIUM TDCI,Diesel,MANUAL,,"51,765",2nd,New Delhi,"7,84,549"
480,2016,Maruti,Maruti Ciaz VDI+ SHVS,Diesel,MANUAL,,"88,616",1st,New Delhi,"5,34,599"
481,2013,Audi,Audi Q3 2.0 TDI QUATTRO,Diesel,AUTOMATIC,,"89,740",1st,New Delhi,"10,82,799"
482,2017,Maruti,Maruti Alto K10 VXI,Petrol,MANUAL,,"45,891",2nd,New Delhi,"3,72,099"
483,2017,Maruti,Maruti IGNIS ALPHA 1.3 DDIS,Diesel,MANUAL,,"79,796",2nd,New Delhi,"5,19,349"
484,2016,Maruti,Maruti Swift VDI ABS,Diesel,MANUAL,,"1,06,627",1st,New Delhi,"3,97,899"
485,2015,Hyundai,Hyundai Creta 1.4 S PLUS,Diesel,MANUAL,,"51,763",1st,New Delhi,"7,25,499"
486,2017,Maruti,Maruti Ciaz VDI+ SHVS,Diesel,MANUAL,,"83,350",1st,New Delhi,"6,39,999"
487,2017,Hyundai,Hyundai Tucson New 2WD AT GL DIESEL,Diesel,AUTOMATIC,,"88,655",1st,New Delhi,"13,81,299"
488,2017,Maruti,Maruti Swift ZDI,Diesel,MANUAL,,"51,088",2nd,New Delhi,"5,48,499"
489,2016,Mahindra,Mahindra Scorpio S10,Diesel,MANUAL,,"74,939",1st,New Delhi,"11,25,199"
490,2014,Renault,Renault Duster 85 PS RXL OPT,Diesel,MANUAL,,"84,717",1st,New Delhi,"3,83,799"
491,2017,Maruti,Maruti Alto K10 VXI,Petrol,MANUAL,,"56,783",1st,New Delhi,"3,76,399"
492,2014,Audi,Audi Q5 30 TDI PREMIUM PLUS,Diesel,AUTOMATIC,,"33,109",1st,New Delhi,"17,93,399"
493,2017,Maruti,Maruti Vitara Brezza VDI OPT,Diesel,MANUAL,,"67,116",2nd,New Delhi,"6,18,799"
494,2015,Maruti,Maruti S Cross ALPHA 1.3,Diesel,MANUAL,,"46,980",1st,New Delhi,"6,01,899"
495,2021,Maruti,Maruti Alto VXI,Petrol,MANUAL,,"31,642",1st,New Delhi,"3,78,849"
496,2017,Maruti,Maruti Vitara Brezza VDI OPT,Diesel,MANUAL,,"74,082",1st,New Delhi,"6,46,099"
497,2013,Mercedes,Mercedes Benz E Class E 220 CDI ELEGANCE,Diesel,AUTOMATIC,,"53,524",1st,New Delhi,"12,00,899"
498,2018,Ford,Ford Ecosport 1.5TITANIUM TDCI,Diesel,MANUAL,,"55,513",1st,New Delhi,"7,53,399"
499,2016,Maruti,Maruti Baleno DELTA DDIS 190,Diesel,MANUAL,,"69,270",1st,New Delhi,"5,55,999"
500,2017,Maruti,Maruti Vitara Brezza VDI OPT,Diesel,MANUAL,,"1,48,572",1st,New Delhi,"6,36,399"
501,2017,Renault,Renault Duster RXZ AMT 110 PS,Diesel,AUTOMATIC,,"89,143",2nd,New Delhi,"7,24,399"
502,2018,Ford,Ford Ecosport 1.5TITANIUM TDCI,Diesel,MANUAL,,"74,204",1st,New Delhi,"7,77,299"
503,2013,BMW,BMW 5 Series 520D LUXURY LINE,Diesel,AUTOMATIC,,"83,330",2nd,New Delhi,"13,71,599"
504,2017,Maruti,Maruti Vitara Brezza ZDI,Diesel,MANUAL,,"81,842",1st,New Delhi,"7,05,399"
505,2017,Maruti,Maruti Vitara Brezza ZDI PLUS,Diesel,MANUAL,,"75,754",2nd,New Delhi,"6,64,799"
506,2016,Hyundai,Hyundai Creta 1.6 SX CRDI,Diesel,MANUAL,,"85,776",1st,New Delhi,"7,56,599"
507,2014,Honda,Honda City SV MT DIESEL,Diesel,MANUAL,,"86,449",1st,New Delhi,"4,54,099"
508,2017,Maruti,Maruti Vitara Brezza ZDI PLUS DUAL TONE,Diesel,MANUAL,,"69,262",2nd,New Delhi,"6,49,099"
509,2014,Hyundai,Hyundai i20 ASTA 1.4 CRDI,Diesel,MANUAL,,"89,083",2nd,New Delhi,"3,99,799"
510,2017,Ford,Ford Ecosport 1.5 TREND+ TDCI,Diesel,MANUAL,,"1,13,206",1st,New Delhi,"5,42,999"
511,2014,Hyundai,Hyundai Elite i20 SPORTZ (O) 1.4,Diesel,MANUAL,,"73,924",1st,New Delhi,"4,21,099"
512,2018,Maruti,Maruti Alto K10 VXI,Petrol,MANUAL,,"68,078",1st,New Delhi,"3,53,599"
513,2015,Hyundai,Hyundai Grand i10 SPORTZ 1.1 CRDI,Diesel,MANUAL,,"73,894",1st,New Delhi,"3,82,199"
514,2017,Ford,Ford Ecosport 1.5TITANIUM TDCI,Diesel,MANUAL,,"71,633",1st,New Delhi,"6,49,099"
515,2017,Maruti,Maruti Vitara Brezza VDI OPT,Diesel,MANUAL,,"88,480",1st,New Delhi,"6,30,599"
516,2016,Ford,Ford Ecosport 1.5 TREND+ TDCI,Diesel,MANUAL,,"35,215",1st,New Delhi,"5,75,699"
517,2016,Maruti,Maruti Vitara Brezza VDI,Diesel,MANUAL,,"79,417",2nd,New Delhi,"5,72,799"
518,2013,Ford,Ford Ecosport 1.5 TITANIUMTDCI OPT,Diesel,MANUAL,,"81,227",2nd,New Delhi,"4,15,499"
519,2016,Renault,Renault Duster 85 PS RXL,Diesel,MANUAL,,"70,946",1st,New Delhi,"6,50,099"
520,2015,Maruti,Maruti Swift VDI ABS,Diesel,MANUAL,,"92,673",1st,New Delhi,"3,76,599"
521,2017,Maruti,Maruti Vitara Brezza ZDI PLUS,Diesel,MANUAL,,"90,969",1st,New Delhi,"7,16,599"
522,2013,Ford,Ford Ecosport 1.5 TITANIUMTDCI OPT,Diesel,MANUAL,,"76,208",1st,New Delhi,"4,25,899"
523,2014,Ford,Ford Ecosport 1.5TITANIUM TDCI,Diesel,MANUAL,,"51,221",2nd,New Delhi,"4,48,399"
524,2016,Maruti,Maruti Vitara Brezza VDI OPT,Diesel,MANUAL,,"62,861",1st,New Delhi,"6,35,399"
525,2015,Maruti,Maruti Baleno ZETA DDIS 190,Diesel,MANUAL,,"70,755",1st,New Delhi,"4,76,199"
526,2017,Ford,Ford Ecosport 1.5 TDCI TITANIUM PLUS,Diesel,MANUAL,,"26,892",1st,New Delhi,"7,63,499"
527,2015,Maruti,Maruti S Cross ALPHA 1.3,Diesel,MANUAL,,"75,945",1st,New Delhi,"6,04,599"
528,2014,Toyota,Toyota Etios CROSS VD,Diesel,MANUAL,,"83,974",2nd,New Delhi,"4,76,099"
529,2015,Maruti,Maruti Swift VDI ABS,Diesel,MANUAL,,"69,898",1st,New Delhi,"3,99,499"
530,2017,Maruti,Maruti Vitara Brezza ZDI,Diesel,MANUAL,,"82,051",1st,New Delhi,"6,20,799"
531,2016,Maruti,Maruti Vitara Brezza ZDI,Diesel,MANUAL,,"72,730",1st,New Delhi,"5,93,599"
532,2017,Maruti,Maruti Swift VDI ABS,Diesel,MANUAL,,"52,839",1st,New Delhi,"4,94,399"
533,2016,Maruti,Maruti Vitara Brezza ZDI PLUS,Diesel,MANUAL,,"72,183",1st,New Delhi,"6,39,899"
534,2018,Maruti,Maruti S Cross ALPHA SHVS,Diesel,MANUAL,,"38,780",2nd,New Delhi,"8,22,299"
535,2015,Maruti,Maruti Swift VDI ABS,Diesel,MANUAL,,"86,816",1st,New Delhi,"4,01,499"
536,2016,Maruti,Maruti Vitara Brezza ZDI,Diesel,MANUAL,,"54,904",1st,New Delhi,"6,49,099"
537,2017,Maruti,Maruti S Cross ZETA 1.3,Diesel,MANUAL,,"37,521",1st,New Delhi,"7,38,199"
538,2015,Maruti,Maruti Swift VDI ABS,Diesel,MANUAL,,"56,999",1st,New Delhi,"4,11,099"
539,2016,Maruti,Maruti Vitara Brezza ZDI PLUS,Diesel,MANUAL,,"57,707",1st,New Delhi,"6,74,199"
540,2017,Maruti,Maruti Vitara Brezza ZDI,Diesel,MANUAL,,"61,982",1st,New Delhi,"6,80,799"
541,2015,Maruti,Maruti Swift VDI ABS,Diesel,MANUAL,,"76,491",1st,New Delhi,"3,94,599"
542,2017,Ford,Ford Ecosport 1.5 TITANIUMTDCI OPT,Diesel,MANUAL,,"72,887",1st,New Delhi,"6,94,399"
543,2017,Maruti,Maruti S Cross ALPHA SHVS,Diesel,MANUAL,,"96,787",2nd,New Delhi,"7,09,199"
544,2016,Maruti,Maruti Vitara Brezza VDI OPT,Diesel,MANUAL,,"98,820",1st,New Delhi,"5,68,999"
545,2017,Maruti,Maruti S Cross ALPHA SHVS,Diesel,MANUAL,,"91,763",2nd,New Delhi,"6,95,599"
546,2013,Ford,Ford Ecosport 1.5 AMBIENTE TDCI,Diesel,MANUAL,,"1,14,858",1st,New Delhi,"3,52,699"
547,2016,Maruti,Maruti Vitara Brezza ZDI,Diesel,MANUAL,,"1,02,367",1st,New Delhi,"5,80,399"
548,2014,Toyota,Toyota Innova 2.5 VX 8 STR BS IV,Diesel,MANUAL,,"70,100",1st,New Delhi,"9,89,999"
549,2014,Hyundai,Hyundai i10 ERA 1.1 IRDE,Petrol,MANUAL,,"29,540",2nd,New Delhi,"2,66,199"
550,2018,Mahindra,Mahindra KUV 100 NXT K2 6 STR,Petrol,MANUAL,,"19,955",1st,New Delhi,"4,08,099"
551,2020,Maruti,Maruti Swift LXI,Petrol,MANUAL,,"9,371",1st,New Delhi,"5,86,699"
552,2021,MG,MG HECTOR PLUS SHARP HYBRID PETROL,Petrol,MANUAL,,"3,587",1st,New Delhi,"18,19,949"
553,2013,Maruti,Maruti Wagon R 1.0 VXI,Petrol,MANUAL,,"87,376",1st,New Delhi,"2,69,699"
554,2020,Maruti,Maruti Swift LXI,Petrol,MANUAL,,"17,435",1st,New Delhi,"5,92,499"
555,2018,Maruti,Maruti Dzire VXI AMT,Petrol,AUTOMATIC,,"12,545",1st,New Delhi,"6,64,999"
556,2020,Maruti,Maruti Baleno SIGMA 1.2 K12,Petrol,MANUAL,,"8,966",1st,New Delhi,"6,03,599"
557,2014,Maruti,Maruti Alto 800 LXI,Petrol,MANUAL,,"48,604",2nd,New Delhi,"2,37,899"
558,2011,Maruti,Maruti A Star VXI,Petrol,MANUAL,,"23,629",2nd,New Delhi,"2,31,699"
559,2009,Hyundai,Hyundai i10 ERA 1.1 IRDE,Petrol,MANUAL,,"21,723",1st,New Delhi,"2,10,249"
560,2014,Hyundai,Hyundai Eon ERA PLUS,Petrol,MANUAL,,"29,651",1st,New Delhi,"2,57,999"
561,2011,Maruti,Maruti Alto K10 VXI,Petrol,MANUAL,,"38,042",1st,New Delhi,"2,37,899"
562,2020,Maruti,Maruti Celerio VXI,Petrol,MANUAL,,"14,065",1st,New Delhi,"4,77,299"
563,2017,Mahindra,Mahindra Scorpio S10,Diesel,MANUAL,,"52,999",1st,New Delhi,"10,74,399"
564,2012,Maruti,Maruti Swift ZXI,Petrol,MANUAL,,"13,540",1st,New Delhi,"4,12,099"
565,2010,Maruti,Maruti Swift VXI,Petrol,MANUAL,,"20,730",1st,New Delhi,"2,80,999"
566,2019,Renault,Renault Kwid RXL,Petrol,MANUAL,,867,2nd,New Delhi,"3,78,299"
567,2018,Hyundai,Hyundai Elite i20 Magna Executive 1.2,Petrol,MANUAL,,"30,023",1st,New Delhi,"5,36,399"
568,2021,Maruti,Maruti Ciaz 1.5 SIGMA SHVS,Petrol,MANUAL,,"18,855",1st,New Delhi,"8,85,699"
569,2013,Maruti,Maruti Swift Dzire VXI,Petrol,MANUAL,,"37,291",2nd,New Delhi,"3,67,899"
570,2014,Ford,Ford Ecosport 1.5 TITANIUMTDCI OPT,Diesel,MANUAL,,"1,56,491",1st,New Delhi,"4,08,299"
571,2015,Maruti,Maruti Celerio LXI,Petrol,MANUAL,,"24,668",1st,New Delhi,"3,53,899"
572,2019,Maruti,Maruti Baleno SIGMA 1.2 K12,Petrol,MANUAL,,"25,009",2nd,New Delhi,"5,45,299"
573,2022,Maruti,Maruti New  Wagon-R 1.0 LXI (O),Petrol,MANUAL,,"6,943",1st,New Delhi,"5,87,199"
574,2014,Maruti,Maruti Swift VXI,Petrol,MANUAL,,"51,321",1st,New Delhi,"4,41,899"
575,2014,Honda,Honda City VX MT PETROL,Petrol,MANUAL,,"43,748",1st,New Delhi,"6,54,299"
576,2015,Hyundai,Hyundai i10 MAGNA 1.1 IRDE2,Petrol,MANUAL,,"72,272",2nd,New Delhi,"3,30,899"
577,2022,Tata,Tata PUNCH ADVENTURE,Petrol,AMT,,"8,964",1st,New Delhi,"7,81,399"
578,2016,Hyundai,Hyundai Eon MAGNA PLUS,Petrol,MANUAL,,"38,231",1st,New Delhi,"3,19,399"
579,2017,Maruti,Maruti Dzire VXI,Petrol,MANUAL,,"18,949",1st,New Delhi,"6,31,299"
580,2020,Maruti,Maruti New  Wagon-R VXI 1.0,Petrol,MANUAL,,"20,862",1st,New Delhi,"5,40,299"
581,2018,Hyundai,Hyundai Verna 1.6 CRDI SX + AT,Diesel,AUTOMATIC,,"74,743",1st,New Delhi,"9,87,399"
582,2017,Toyota,Toyota Corolla Altis J S,Petrol,MANUAL,,"1,28,020",2nd,New Delhi,"7,72,499"
583,2019,Honda,Honda City V MT PETROL,Petrol,MANUAL,,"41,236",1st,New Delhi,"8,31,039"
584,2019,Renault,Renault Kwid RXL,Petrol,MANUAL,,"5,660",1st,New Delhi,"4,04,099"
585,2017,Mahindra,Mahindra Thar CRDE 4X4 BS IV,Diesel,MANUAL,,"14,613",2nd,New Delhi,"7,10,699"
586,2019,Maruti,Maruti Dzire VXI,Petrol,MANUAL,,"41,332",1st,New Delhi,"6,34,799"
587,2013,Maruti,Maruti Swift Dzire LDI BS IV,Diesel,MANUAL,,"50,409",2nd,New Delhi,"3,03,099"
588,2014,Maruti,Maruti Wagon R 1.0 LXI CNG,Petrol,MANUAL,,"64,132",1st,New Delhi,"3,25,799"
589,2020,Hyundai,Hyundai Elite i20 1.2 SPORTS PLUS VTVT,Petrol,MANUAL,,"28,785",1st,New Delhi,"6,98,099"
590,2020,Tata,Tata ALTROZ XE,Petrol,RHYTM,,"26,584",1st,New Delhi,"5,71,699"
591,2017,Maruti,Maruti Wagon R 1.0 LXI CNG,Petrol,MANUAL,,"85,445",1st,New Delhi,"4,10,499"
592,2014,Maruti,Maruti Swift Dzire VXI 1.2 BS IV,Petrol,MANUAL,,"34,525",2nd,New Delhi,"4,17,299"
593,2020,Maruti,Maruti Swift ZXI+,Petrol,MANUAL,,"14,030",1st,New Delhi,"7,62,599"
594,2018,Maruti,Maruti Wagon R 1.0 VXI,Petrol,MANUAL,,"19,064",1st,New Delhi,"4,18,699"
595,2017,Renault,Renault Kwid 1.0 RXL,Petrol,MANUAL,,"56,833",1st,New Delhi,"3,07,199"
596,2021,Hyundai,Hyundai Creta S CRDI,Diesel,MANUAL,,"34,068",1st,New Delhi,"14,50,499"
597,2018,Honda,Honda Amaze 1.2 SAT I VTEC,Petrol,AUTOMATIC,,"21,952",1st,New Delhi,"7,20,399"
598,2017,Honda,Honda WR-V 1.2 i-VTEC VX MT,Petrol,MANUAL,,"18,472",1st,New Delhi,"7,19,499"
599,2017,Tata,Tata Tiago XZA 1.2 REVOTRON,Petrol,AUTOMATIC,,"36,134",2nd,New Delhi,"4,17,399"
600,2015,Hyundai,Hyundai Grand i10 MAGNA 1.2 VTVT,Petrol,MANUAL,,"46,249",1st,New Delhi,"3,93,599"
601,2014,Hyundai,Hyundai Verna FLUIDIC 1.6 SX VTVT,Petrol,MANUAL,,"78,904",1st,New Delhi,"5,16,599"
602,2018,Tata,Tata Tiago XE 1.2 REVOTRON,Petrol,MANUAL,,"33,114",1st,New Delhi,"4,25,099"
603,2017,Tata,Tata Tiago XM 1.2 REVOTRON,Petrol,MANUAL,,"77,099",1st,New Delhi,"3,78,799"
604,2018,Ford,Ford Ecosport 1.5 TITANIUM TI VCT,Petrol,MANUAL,,"89,846",1st,New Delhi,"7,19,499"
605,2016,Mahindra,Mahindra Kuv100 K8 5 STR,Petrol,MANUAL,,"71,807",1st,New Delhi,"3,53,499"
606,2014,Maruti,Maruti Swift VXI,Petrol,MANUAL,,"31,335",2nd,New Delhi,"3,78,899"
607,2016,Maruti,Maruti Ciaz VXI PLUS,Petrol,MANUAL,,"83,441",1st,New Delhi,"6,59,199"
608,2017,Maruti,Maruti Baleno DELTA 1.2 K12,Petrol,MANUAL,,"19,571",1st,New Delhi,"5,64,299"
609,2014,Hyundai,Hyundai Elite i20 SPORTZ 1.2,Petrol,MANUAL,,"74,012",1st,New Delhi,"4,48,499"
610,2013,Honda,Honda Amaze 1.5 EMT I DTEC,Diesel,MANUAL,,"48,160",1st,New Delhi,"2,96,499"
611,2015,Hyundai,Hyundai Elite i20 MAGNA 1.4 CRDI,Diesel,MANUAL,,"53,859",2nd,New Delhi,"4,28,399"
612,2014,Renault,Renault Duster 85 PS RXE,Diesel,MANUAL,,"1,59,515",1st,New Delhi,"3,83,499"
613,2018,Maruti,Maruti Dzire ZDI Plus AMT,Diesel,AUTOMATIC,,"28,447",3rd,New Delhi,"6,80,699"
614,2017,Hyundai,Hyundai Grand i10 Magna 1.2 AT  VTVT,Petrol,AUTOMATIC,,"37,536",1st,New Delhi,"5,21,299"
615,2017,Maruti,Maruti Ciaz DELTA 1.3 DDIS SHVS,Diesel,MANUAL,,"55,856",1st,New Delhi,"6,35,899"
616,2019,Mahindra,Mahindra XUV 3OO W8(O),Diesel,MANUAL,,"68,515",2nd,New Delhi,"8,97,899"
617,2013,Toyota,Toyota Etios Liva GD,Diesel,MANUAL,,"1,19,092",1st,New Delhi,"2,97,199"
618,2015,Hyundai,Hyundai Elite i20 SPORTZ 1.4,Diesel,MANUAL,,"94,365",3rd,New Delhi,"3,96,799"
619,2019,Maruti,Maruti Vitara Brezza VDI,Diesel,MANUAL,,"24,670",2nd,New Delhi,"7,78,999"
620,2018,Maruti,Maruti Swift VXI,Petrol,MANUAL,,"56,195",1st,New Delhi,"5,29,299"
621,2019,Maruti,Maruti XL6 ALPHA SHVS  MT,Petrol,MANUAL,,"38,885",1st,New Delhi,"9,78,599"
622,2017,Maruti,Maruti Ciaz DELTA 1.3 DDIS SHVS,Diesel,MANUAL,,"68,559",1st,New Delhi,"6,08,499"
623,2013,Mahindra,Mahindra XUV500 W8 FWD,Diesel,MANUAL,,"72,062",1st,New Delhi,"5,51,099"
624,2020,Maruti,Maruti Alto LXI CNG (O),Petrol,MANUAL,,"39,317",1st,New Delhi,"4,45,799"
625,2013,Maruti,Maruti Ertiga VDI ABS,Diesel,MANUAL,,"1,19,766",3rd,New Delhi,"4,19,799"
626,2014,Ford,Ford Ecosport 1.5 TREND TDCI,Diesel,MANUAL,,"38,666",1st,New Delhi,"4,26,399"
627,2013,Maruti,Maruti Ertiga VDI ABS,Diesel,MANUAL,,"1,61,137",1st,New Delhi,"4,65,899"
628,2018,Maruti,Maruti Celerio VXI CNG,Petrol,MANUAL,,"73,708",1st,New Delhi,"4,95,299"
629,2015,Maruti,Maruti Swift Dzire VDI BS IV,Diesel,MANUAL,,"76,009",1st,New Delhi,"4,91,799"
630,2015,Audi,Audi Q3 30 TDI MT S EDITION,Diesel,MANUAL,,"71,795",1st,New Delhi,"12,75,399"
631,2017,Volkswagen,Volkswagen Ameo HIGHLINE PLUS DSG 1.5,Diesel,AUTOMATIC,,"40,325",1st,New Delhi,"6,28,799"
632,2017,Hyundai,Hyundai Creta 1.4 E PLUS CRDI,Diesel,MANUAL,,"95,601",1st,New Delhi,"7,71,499"
633,2016,Maruti,Maruti Swift Dzire VDI ABS,Diesel,MANUAL,,"58,807",2nd,New Delhi,"4,63,199"
634,2015,Hyundai,Hyundai Grand i10 SPORTZ 1.1 CRDI,Diesel,MANUAL,,"87,019",2nd,New Delhi,"3,56,199"
635,2015,Maruti,Maruti Swift LDI BS IV,Diesel,MANUAL,,"46,867",1st,New Delhi,"3,90,899"
636,2014,Maruti,Maruti Swift LDI BS IV,Diesel,MANUAL,,"47,617",1st,New Delhi,"3,26,699"
637,2019,Ford,Ford Ecosport 1.5TITANIUM TDCI,Diesel,MANUAL,,"50,235",1st,New Delhi,"7,77,999"
638,2015,Maruti,Maruti Swift VDI,Diesel,MANUAL,,"30,528",1st,New Delhi,"4,08,499"
639,2019,Ford,Ford Ecosport 1.5TITANIUM TDCI,Diesel,MANUAL,,"42,949",1st,New Delhi,"8,17,199"
640,2013,Toyota,Toyota Fortuner 3.0 AT 4X2,Diesel,AUTOMATIC,,"76,155",1st,New Delhi,"12,26,199"
641,2016,Mahindra,Mahindra Scorpio S10,Diesel,MANUAL,,"87,784",2nd,New Delhi,"9,63,499"
642,2015,Maruti,Maruti Swift VDI ABS,Diesel,MANUAL,,"47,493",1st,New Delhi,"4,18,499"
643,2014,Ford,Ford Ecosport 1.5 TITANIUMTDCI OPT,Diesel,MANUAL,,"50,178",1st,New Delhi,"4,38,599"
644,2015,Maruti,Maruti Swift VDI ABS,Diesel,MANUAL,,"83,583",1st,New Delhi,"3,98,899"
645,2013,Maruti,Maruti Swift VDI,Diesel,MANUAL,,"76,978",1st,New Delhi,"3,19,699"
646,2014,Maruti,Maruti Swift ZDI,Diesel,MANUAL,,"73,654",1st,New Delhi,"3,85,499"
647,2016,Maruti,Maruti Vitara Brezza ZDI PLUS DUAL TONE,Diesel,MANUAL,,"90,492",1st,New Delhi,"6,85,599"
648,2016,Hyundai,Hyundai Grand i10 SPORTZ 1.2 KAPPA VTVT,Petrol,MANUAL,,"75,996",1st,New Delhi,"4,18,499"
649,2017,Maruti,Maruti Eeco 5 STR CNG WITH HTR,Petrol,MANUAL,,"54,315",1st,New Delhi,"3,27,399"
650,2011,Hyundai,Hyundai i10 MAGNA 1.2 KAPPA2,Petrol,MANUAL,,"47,021",1st,New Delhi,"2,38,699"
651,2015,Hyundai,Hyundai i20 Active 1.2 S,Petrol,MANUAL,,"73,080",1st,New Delhi,"5,43,399"
652,2016,Hyundai,Hyundai Creta 1.6 SX PLUS AUTO PETROL,Petrol,AUTOMATIC,,"87,345",2nd,New Delhi,"8,65,699"
653,2013,Hyundai,Hyundai i20 SPORTZ 1.2 VTVT,Petrol,MANUAL,,"31,793",1st,New Delhi,"3,34,799"
